
===========================================================================
report_checks -path_delay max (Setup)
============================================================================
======================= min_ss_100C_1v60 Corner ===================================

Startpoint: dsa[8]._8_ (rising edge-triggered flip-flop clocked by core_clock)
Endpoint: dsa[8]._8_ (rising edge-triggered flip-flop clocked by core_clock)
Path Group: core_clock
Path Type: max

Fanout         Cap        Slew       Delay        Time   Description
---------------------------------------------------------------------------------------------
                                  0.000000    0.000000   clock core_clock (rise edge)
                                  0.000000    0.000000   clock source latency
     1    0.014006    0.000000    0.000000    0.000000 ^ clk (in)
                                                         clk (net)
                      0.000547    0.000274    0.000274 ^ clkbuf_0_clk/A (sky130_fd_sc_hd__clkbuf_16)
     8    0.081141    0.149432    0.263842    0.264115 ^ clkbuf_0_clk/X (sky130_fd_sc_hd__clkbuf_16)
                                                         clknet_0_clk (net)
                      0.149605    0.003059    0.267174 ^ clkbuf_3_4__f_clk/A (sky130_fd_sc_hd__clkbuf_16)
     9    0.021963    0.069872    0.260919    0.528094 ^ clkbuf_3_4__f_clk/X (sky130_fd_sc_hd__clkbuf_16)
                                                         clknet_3_4__leaf_clk (net)
                      0.069895    0.000157    0.528251 ^ dsa[8]._8_/CLK (sky130_fd_sc_hd__dfrtp_1)
     2    0.005780    0.101500    0.764308    1.292559 v dsa[8]._8_/Q (sky130_fd_sc_hd__dfrtp_1)
                                                         dsa[8].last_carry (net)
                      0.101500    0.000018    1.292576 v dsa[8]._4_/B1 (sky130_fd_sc_hd__a21o_1)
     2    0.006951    0.092290    0.323690    1.616266 v dsa[8]._4_/X (sky130_fd_sc_hd__a21o_1)
                                                         dsa[8]._1_ (net)
                      0.092290    0.000077    1.616344 v dsa[8]._7_/A2 (sky130_fd_sc_hd__a21bo_1)
     1    0.002976    0.063359    0.346237    1.962581 v dsa[8]._7_/X (sky130_fd_sc_hd__a21bo_1)
                                                         dsa[8].last_carry_next (net)
                      0.063359    0.000036    1.962617 v dsa[8]._8_/D (sky130_fd_sc_hd__dfrtp_1)
                                              1.962617   data arrival time

                                 10.000000   10.000000   clock core_clock (rise edge)
                                  0.000000   10.000000   clock source latency
     1    0.014006    0.000000    0.000000   10.000000 ^ clk (in)
                                                         clk (net)
                      0.000547    0.000274   10.000274 ^ clkbuf_0_clk/A (sky130_fd_sc_hd__clkbuf_16)
     8    0.081141    0.149432    0.263842   10.264116 ^ clkbuf_0_clk/X (sky130_fd_sc_hd__clkbuf_16)
                                                         clknet_0_clk (net)
                      0.149605    0.003058   10.267174 ^ clkbuf_3_4__f_clk/A (sky130_fd_sc_hd__clkbuf_16)
     9    0.021963    0.069872    0.260920   10.528094 ^ clkbuf_3_4__f_clk/X (sky130_fd_sc_hd__clkbuf_16)
                                                         clknet_3_4__leaf_clk (net)
                      0.069895    0.000156   10.528251 ^ dsa[8]._8_/CLK (sky130_fd_sc_hd__dfrtp_1)
                                  0.000000   10.528251   clock reconvergence pessimism
                                 -0.273823   10.254428   library setup time
                                             10.254428   data required time
---------------------------------------------------------------------------------------------
                                             10.254428   data required time
                                             -1.962617   data arrival time
---------------------------------------------------------------------------------------------
                                              8.291811   slack (MET)


Startpoint: dsa[3]._8_ (rising edge-triggered flip-flop clocked by core_clock)
Endpoint: dsa[3]._8_ (rising edge-triggered flip-flop clocked by core_clock)
Path Group: core_clock
Path Type: max

Fanout         Cap        Slew       Delay        Time   Description
---------------------------------------------------------------------------------------------
                                  0.000000    0.000000   clock core_clock (rise edge)
                                  0.000000    0.000000   clock source latency
     1    0.014006    0.000000    0.000000    0.000000 ^ clk (in)
                                                         clk (net)
                      0.000547    0.000274    0.000274 ^ clkbuf_0_clk/A (sky130_fd_sc_hd__clkbuf_16)
     8    0.081141    0.149432    0.263842    0.264115 ^ clkbuf_0_clk/X (sky130_fd_sc_hd__clkbuf_16)
                                                         clknet_0_clk (net)
                      0.149457    0.002038    0.266154 ^ clkbuf_3_7__f_clk/A (sky130_fd_sc_hd__clkbuf_16)
    10    0.027845    0.077460    0.269165    0.535318 ^ clkbuf_3_7__f_clk/X (sky130_fd_sc_hd__clkbuf_16)
                                                         clknet_3_7__leaf_clk (net)
                      0.077460    0.000224    0.535542 ^ dsa[3]._8_/CLK (sky130_fd_sc_hd__dfrtp_1)
     2    0.006157    0.108386    0.771332    1.306874 v dsa[3]._8_/Q (sky130_fd_sc_hd__dfrtp_1)
                                                         dsa[3].last_carry (net)
                      0.108386    0.000039    1.306913 v dsa[3]._4_/B1 (sky130_fd_sc_hd__a21o_1)
     2    0.005803    0.083607    0.317632    1.624545 v dsa[3]._4_/X (sky130_fd_sc_hd__a21o_1)
                                                         dsa[3]._1_ (net)
                      0.083607    0.000029    1.624574 v dsa[3]._7_/A2 (sky130_fd_sc_hd__a21bo_1)
     1    0.002907    0.062780    0.341950    1.966524 v dsa[3]._7_/X (sky130_fd_sc_hd__a21bo_1)
                                                         dsa[3].last_carry_next (net)
                      0.062780    0.000026    1.966549 v dsa[3]._8_/D (sky130_fd_sc_hd__dfrtp_1)
                                              1.966549   data arrival time

                                 10.000000   10.000000   clock core_clock (rise edge)
                                  0.000000   10.000000   clock source latency
     1    0.014006    0.000000    0.000000   10.000000 ^ clk (in)
                                                         clk (net)
                      0.000547    0.000274   10.000274 ^ clkbuf_0_clk/A (sky130_fd_sc_hd__clkbuf_16)
     8    0.081141    0.149432    0.263842   10.264116 ^ clkbuf_0_clk/X (sky130_fd_sc_hd__clkbuf_16)
                                                         clknet_0_clk (net)
                      0.149457    0.002037   10.266153 ^ clkbuf_3_7__f_clk/A (sky130_fd_sc_hd__clkbuf_16)
    10    0.027845    0.077460    0.269165   10.535318 ^ clkbuf_3_7__f_clk/X (sky130_fd_sc_hd__clkbuf_16)
                                                         clknet_3_7__leaf_clk (net)
                      0.077460    0.000224   10.535542 ^ dsa[3]._8_/CLK (sky130_fd_sc_hd__dfrtp_1)
                                  0.000000   10.535542   clock reconvergence pessimism
                                 -0.271566   10.263977   library setup time
                                             10.263977   data required time
---------------------------------------------------------------------------------------------
                                             10.263977   data required time
                                             -1.966549   data arrival time
---------------------------------------------------------------------------------------------
                                              8.297427   slack (MET)


Startpoint: dsa[29]._8_ (rising edge-triggered flip-flop clocked by core_clock)
Endpoint: dsa[29]._8_ (rising edge-triggered flip-flop clocked by core_clock)
Path Group: core_clock
Path Type: max

Fanout         Cap        Slew       Delay        Time   Description
---------------------------------------------------------------------------------------------
                                  0.000000    0.000000   clock core_clock (rise edge)
                                  0.000000    0.000000   clock source latency
     1    0.014006    0.000000    0.000000    0.000000 ^ clk (in)
                                                         clk (net)
                      0.000547    0.000274    0.000274 ^ clkbuf_0_clk/A (sky130_fd_sc_hd__clkbuf_16)
     8    0.081141    0.149432    0.263842    0.264115 ^ clkbuf_0_clk/X (sky130_fd_sc_hd__clkbuf_16)
                                                         clknet_0_clk (net)
                      0.149646    0.003631    0.267746 ^ clkbuf_3_0__f_clk/A (sky130_fd_sc_hd__clkbuf_16)
    10    0.030493    0.081065    0.273023    0.540769 ^ clkbuf_3_0__f_clk/X (sky130_fd_sc_hd__clkbuf_16)
                                                         clknet_3_0__leaf_clk (net)
                      0.081065    0.000208    0.540977 ^ dsa[29]._8_/CLK (sky130_fd_sc_hd__dfrtp_1)
     2    0.005245    0.100848    0.764605    1.305582 v dsa[29]._8_/Q (sky130_fd_sc_hd__dfrtp_1)
                                                         dsa[29].last_carry (net)
                      0.100848    0.000035    1.305617 v dsa[29]._4_/B1 (sky130_fd_sc_hd__a21o_1)
     2    0.006385    0.087969    0.319074    1.624691 v dsa[29]._4_/X (sky130_fd_sc_hd__a21o_1)
                                                         dsa[29]._1_ (net)
                      0.087969    0.000045    1.624735 v dsa[29]._7_/A2 (sky130_fd_sc_hd__a21bo_1)
     1    0.003144    0.064821    0.346326    1.971062 v dsa[29]._7_/X (sky130_fd_sc_hd__a21bo_1)
                                                         dsa[29].last_carry_next (net)
                      0.064821    0.000038    1.971100 v dsa[29]._8_/D (sky130_fd_sc_hd__dfrtp_1)
                                              1.971100   data arrival time

                                 10.000000   10.000000   clock core_clock (rise edge)
                                  0.000000   10.000000   clock source latency
     1    0.014006    0.000000    0.000000   10.000000 ^ clk (in)
                                                         clk (net)
                      0.000547    0.000274   10.000274 ^ clkbuf_0_clk/A (sky130_fd_sc_hd__clkbuf_16)
     8    0.081141    0.149432    0.263842   10.264116 ^ clkbuf_0_clk/X (sky130_fd_sc_hd__clkbuf_16)
                                                         clknet_0_clk (net)
                      0.149646    0.003630   10.267746 ^ clkbuf_3_0__f_clk/A (sky130_fd_sc_hd__clkbuf_16)
    10    0.030493    0.081065    0.273023   10.540769 ^ clkbuf_3_0__f_clk/X (sky130_fd_sc_hd__clkbuf_16)
                                                         clknet_3_0__leaf_clk (net)
                      0.081065    0.000209   10.540977 ^ dsa[29]._8_/CLK (sky130_fd_sc_hd__dfrtp_1)
                                  0.000000   10.540977   clock reconvergence pessimism
                                 -0.271456   10.269522   library setup time
                                             10.269522   data required time
---------------------------------------------------------------------------------------------
                                             10.269522   data required time
                                             -1.971100   data arrival time
---------------------------------------------------------------------------------------------
                                              8.298422   slack (MET)


Startpoint: dsa[15]._8_ (rising edge-triggered flip-flop clocked by core_clock)
Endpoint: dsa[15]._8_ (rising edge-triggered flip-flop clocked by core_clock)
Path Group: core_clock
Path Type: max

Fanout         Cap        Slew       Delay        Time   Description
---------------------------------------------------------------------------------------------
                                  0.000000    0.000000   clock core_clock (rise edge)
                                  0.000000    0.000000   clock source latency
     1    0.014006    0.000000    0.000000    0.000000 ^ clk (in)
                                                         clk (net)
                      0.000547    0.000274    0.000274 ^ clkbuf_0_clk/A (sky130_fd_sc_hd__clkbuf_16)
     8    0.081141    0.149432    0.263842    0.264115 ^ clkbuf_0_clk/X (sky130_fd_sc_hd__clkbuf_16)
                                                         clknet_0_clk (net)
                      0.149437    0.001226    0.265341 ^ clkbuf_3_3__f_clk/A (sky130_fd_sc_hd__clkbuf_16)
     9    0.025819    0.074788    0.266297    0.531638 ^ clkbuf_3_3__f_clk/X (sky130_fd_sc_hd__clkbuf_16)
                                                         clknet_3_3__leaf_clk (net)
                      0.074788    0.000193    0.531830 ^ dsa[15]._8_/CLK (sky130_fd_sc_hd__dfrtp_1)
     2    0.005992    0.103180    0.768530    1.300360 v dsa[15]._8_/Q (sky130_fd_sc_hd__dfrtp_1)
                                                         dsa[15].last_carry (net)
                      0.103180    0.000051    1.300411 v dsa[15]._4_/B1 (sky130_fd_sc_hd__a21o_1)
     2    0.005301    0.079939    0.311654    1.612066 v dsa[15]._4_/X (sky130_fd_sc_hd__a21o_1)
                                                         dsa[15]._1_ (net)
                      0.079939    0.000018    1.612084 v dsa[15]._7_/A2 (sky130_fd_sc_hd__a21bo_1)
     1    0.003337    0.066609    0.345179    1.957263 v dsa[15]._7_/X (sky130_fd_sc_hd__a21bo_1)
                                                         dsa[15].last_carry_next (net)
                      0.066609    0.000048    1.957311 v dsa[15]._8_/D (sky130_fd_sc_hd__dfrtp_1)
                                              1.957311   data arrival time

                                 10.000000   10.000000   clock core_clock (rise edge)
                                  0.000000   10.000000   clock source latency
     1    0.014006    0.000000    0.000000   10.000000 ^ clk (in)
                                                         clk (net)
                      0.000547    0.000274   10.000274 ^ clkbuf_0_clk/A (sky130_fd_sc_hd__clkbuf_16)
     8    0.081141    0.149432    0.263842   10.264116 ^ clkbuf_0_clk/X (sky130_fd_sc_hd__clkbuf_16)
                                                         clknet_0_clk (net)
                      0.149437    0.001225   10.265341 ^ clkbuf_3_3__f_clk/A (sky130_fd_sc_hd__clkbuf_16)
     9    0.025819    0.074788    0.266297   10.531638 ^ clkbuf_3_3__f_clk/X (sky130_fd_sc_hd__clkbuf_16)
                                                         clknet_3_3__leaf_clk (net)
                      0.074788    0.000192   10.531830 ^ dsa[15]._8_/CLK (sky130_fd_sc_hd__dfrtp_1)
                                  0.000000   10.531830   clock reconvergence pessimism
                                 -0.273874   10.257956   library setup time
                                             10.257956   data required time
---------------------------------------------------------------------------------------------
                                             10.257956   data required time
                                             -1.957311   data arrival time
---------------------------------------------------------------------------------------------
                                              8.300645   slack (MET)


Startpoint: dsa[22]._8_ (rising edge-triggered flip-flop clocked by core_clock)
Endpoint: dsa[22]._8_ (rising edge-triggered flip-flop clocked by core_clock)
Path Group: core_clock
Path Type: max

Fanout         Cap        Slew       Delay        Time   Description
---------------------------------------------------------------------------------------------
                                  0.000000    0.000000   clock core_clock (rise edge)
                                  0.000000    0.000000   clock source latency
     1    0.014006    0.000000    0.000000    0.000000 ^ clk (in)
                                                         clk (net)
                      0.000547    0.000274    0.000274 ^ clkbuf_0_clk/A (sky130_fd_sc_hd__clkbuf_16)
     8    0.081141    0.149432    0.263842    0.264115 ^ clkbuf_0_clk/X (sky130_fd_sc_hd__clkbuf_16)
                                                         clknet_0_clk (net)
                      0.149439    0.001325    0.265441 ^ clkbuf_3_2__f_clk/A (sky130_fd_sc_hd__clkbuf_16)
    10    0.029386    0.079527    0.271344    0.536785 ^ clkbuf_3_2__f_clk/X (sky130_fd_sc_hd__clkbuf_16)
                                                         clknet_3_2__leaf_clk (net)
                      0.079527    0.000146    0.536931 ^ dsa[22]._8_/CLK (sky130_fd_sc_hd__dfrtp_1)
     2    0.005821    0.105605    0.769206    1.306137 v dsa[22]._8_/Q (sky130_fd_sc_hd__dfrtp_1)
                                                         dsa[22].last_carry (net)
                      0.105605    0.000036    1.306173 v dsa[22]._4_/B1 (sky130_fd_sc_hd__a21o_1)
     2    0.005560    0.081820    0.314633    1.620806 v dsa[22]._4_/X (sky130_fd_sc_hd__a21o_1)
                                                         dsa[22]._1_ (net)
                      0.081820    0.000039    1.620845 v dsa[22]._7_/A2 (sky130_fd_sc_hd__a21bo_1)
     1    0.003021    0.063761    0.342474    1.963319 v dsa[22]._7_/X (sky130_fd_sc_hd__a21bo_1)
                                                         dsa[22].last_carry_next (net)
                      0.063761    0.000034    1.963353 v dsa[22]._8_/D (sky130_fd_sc_hd__dfrtp_1)
                                              1.963353   data arrival time

                                 10.000000   10.000000   clock core_clock (rise edge)
                                  0.000000   10.000000   clock source latency
     1    0.014006    0.000000    0.000000   10.000000 ^ clk (in)
                                                         clk (net)
                      0.000547    0.000274   10.000274 ^ clkbuf_0_clk/A (sky130_fd_sc_hd__clkbuf_16)
     8    0.081141    0.149432    0.263842   10.264116 ^ clkbuf_0_clk/X (sky130_fd_sc_hd__clkbuf_16)
                                                         clknet_0_clk (net)
                      0.149439    0.001325   10.265441 ^ clkbuf_3_2__f_clk/A (sky130_fd_sc_hd__clkbuf_16)
    10    0.029386    0.079527    0.271344   10.536785 ^ clkbuf_3_2__f_clk/X (sky130_fd_sc_hd__clkbuf_16)
                                                         clknet_3_2__leaf_clk (net)
                      0.079527    0.000147   10.536932 ^ dsa[22]._8_/CLK (sky130_fd_sc_hd__dfrtp_1)
                                  0.000000   10.536932   clock reconvergence pessimism
                                 -0.271424   10.265508   library setup time
                                             10.265508   data required time
---------------------------------------------------------------------------------------------
                                             10.265508   data required time
                                             -1.963353   data arrival time
---------------------------------------------------------------------------------------------
                                              8.302155   slack (MET)


Startpoint: dsa[23]._8_ (rising edge-triggered flip-flop clocked by core_clock)
Endpoint: dsa[23]._8_ (rising edge-triggered flip-flop clocked by core_clock)
Path Group: core_clock
Path Type: max

Fanout         Cap        Slew       Delay        Time   Description
---------------------------------------------------------------------------------------------
                                  0.000000    0.000000   clock core_clock (rise edge)
                                  0.000000    0.000000   clock source latency
     1    0.014006    0.000000    0.000000    0.000000 ^ clk (in)
                                                         clk (net)
                      0.000547    0.000274    0.000274 ^ clkbuf_0_clk/A (sky130_fd_sc_hd__clkbuf_16)
     8    0.081141    0.149432    0.263842    0.264115 ^ clkbuf_0_clk/X (sky130_fd_sc_hd__clkbuf_16)
                                                         clknet_0_clk (net)
                      0.149439    0.001325    0.265441 ^ clkbuf_3_2__f_clk/A (sky130_fd_sc_hd__clkbuf_16)
    10    0.029386    0.079527    0.271344    0.536785 ^ clkbuf_3_2__f_clk/X (sky130_fd_sc_hd__clkbuf_16)
                                                         clknet_3_2__leaf_clk (net)
                      0.079527    0.000266    0.537051 ^ dsa[23]._8_/CLK (sky130_fd_sc_hd__dfrtp_1)
     2    0.006123    0.104221    0.771962    1.309013 v dsa[23]._8_/Q (sky130_fd_sc_hd__dfrtp_1)
                                                         dsa[23].last_carry (net)
                      0.104221    0.000047    1.309060 v dsa[23]._4_/B1 (sky130_fd_sc_hd__a21o_1)
     2    0.005700    0.082853    0.315140    1.624200 v dsa[23]._4_/X (sky130_fd_sc_hd__a21o_1)
                                                         dsa[23]._1_ (net)
                      0.082853    0.000056    1.624256 v dsa[23]._7_/A2 (sky130_fd_sc_hd__a21bo_1)
     1    0.002726    0.061254    0.339646    1.963902 v dsa[23]._7_/X (sky130_fd_sc_hd__a21bo_1)
                                                         dsa[23].last_carry_next (net)
                      0.061254    0.000022    1.963924 v dsa[23]._8_/D (sky130_fd_sc_hd__dfrtp_1)
                                              1.963924   data arrival time

                                 10.000000   10.000000   clock core_clock (rise edge)
                                  0.000000   10.000000   clock source latency
     1    0.014006    0.000000    0.000000   10.000000 ^ clk (in)
                                                         clk (net)
                      0.000547    0.000274   10.000274 ^ clkbuf_0_clk/A (sky130_fd_sc_hd__clkbuf_16)
     8    0.081141    0.149432    0.263842   10.264116 ^ clkbuf_0_clk/X (sky130_fd_sc_hd__clkbuf_16)
                                                         clknet_0_clk (net)
                      0.149439    0.001325   10.265441 ^ clkbuf_3_2__f_clk/A (sky130_fd_sc_hd__clkbuf_16)
    10    0.029386    0.079527    0.271344   10.536785 ^ clkbuf_3_2__f_clk/X (sky130_fd_sc_hd__clkbuf_16)
                                                         clknet_3_2__leaf_clk (net)
                      0.079527    0.000266   10.537051 ^ dsa[23]._8_/CLK (sky130_fd_sc_hd__dfrtp_1)
                                  0.000000   10.537051   clock reconvergence pessimism
                                 -0.270378   10.266673   library setup time
                                             10.266673   data required time
---------------------------------------------------------------------------------------------
                                             10.266673   data required time
                                             -1.963924   data arrival time
---------------------------------------------------------------------------------------------
                                              8.302749   slack (MET)


Startpoint: dsa[2]._8_ (rising edge-triggered flip-flop clocked by core_clock)
Endpoint: dsa[2]._8_ (rising edge-triggered flip-flop clocked by core_clock)
Path Group: core_clock
Path Type: max

Fanout         Cap        Slew       Delay        Time   Description
---------------------------------------------------------------------------------------------
                                  0.000000    0.000000   clock core_clock (rise edge)
                                  0.000000    0.000000   clock source latency
     1    0.014006    0.000000    0.000000    0.000000 ^ clk (in)
                                                         clk (net)
                      0.000547    0.000274    0.000274 ^ clkbuf_0_clk/A (sky130_fd_sc_hd__clkbuf_16)
     8    0.081141    0.149432    0.263842    0.264115 ^ clkbuf_0_clk/X (sky130_fd_sc_hd__clkbuf_16)
                                                         clknet_0_clk (net)
                      0.149455    0.001954    0.266069 ^ clkbuf_3_6__f_clk/A (sky130_fd_sc_hd__clkbuf_16)
     8    0.025818    0.074785    0.266332    0.532401 ^ clkbuf_3_6__f_clk/X (sky130_fd_sc_hd__clkbuf_16)
                                                         clknet_3_6__leaf_clk (net)
                      0.074785    0.000262    0.532663 ^ dsa[2]._8_/CLK (sky130_fd_sc_hd__dfrtp_1)
     2    0.006148    0.104450    0.769960    1.302623 v dsa[2]._8_/Q (sky130_fd_sc_hd__dfrtp_1)
                                                         dsa[2].last_carry (net)
                      0.104450    0.000072    1.302695 v dsa[2]._4_/B1 (sky130_fd_sc_hd__a21o_1)
     2    0.005789    0.083516    0.315925    1.618620 v dsa[2]._4_/X (sky130_fd_sc_hd__a21o_1)
                                                         dsa[2]._1_ (net)
                      0.083516    0.000053    1.618673 v dsa[2]._7_/A2 (sky130_fd_sc_hd__a21bo_1)
     1    0.002670    0.060796    0.339300    1.957973 v dsa[2]._7_/X (sky130_fd_sc_hd__a21bo_1)
                                                         dsa[2].last_carry_next (net)
                      0.060796    0.000030    1.958003 v dsa[2]._8_/D (sky130_fd_sc_hd__dfrtp_1)
                                              1.958003   data arrival time

                                 10.000000   10.000000   clock core_clock (rise edge)
                                  0.000000   10.000000   clock source latency
     1    0.014006    0.000000    0.000000   10.000000 ^ clk (in)
                                                         clk (net)
                      0.000547    0.000274   10.000274 ^ clkbuf_0_clk/A (sky130_fd_sc_hd__clkbuf_16)
     8    0.081141    0.149432    0.263842   10.264116 ^ clkbuf_0_clk/X (sky130_fd_sc_hd__clkbuf_16)
                                                         clknet_0_clk (net)
                      0.149455    0.001953   10.266069 ^ clkbuf_3_6__f_clk/A (sky130_fd_sc_hd__clkbuf_16)
     8    0.025818    0.074785    0.266332   10.532401 ^ clkbuf_3_6__f_clk/X (sky130_fd_sc_hd__clkbuf_16)
                                                         clknet_3_6__leaf_clk (net)
                      0.074785    0.000262   10.532663 ^ dsa[2]._8_/CLK (sky130_fd_sc_hd__dfrtp_1)
                                  0.000000   10.532663   clock reconvergence pessimism
                                 -0.271451   10.261212   library setup time
                                             10.261212   data required time
---------------------------------------------------------------------------------------------
                                             10.261212   data required time
                                             -1.958003   data arrival time
---------------------------------------------------------------------------------------------
                                              8.303210   slack (MET)


Startpoint: dsa[18]._8_ (rising edge-triggered flip-flop clocked by core_clock)
Endpoint: dsa[18]._8_ (rising edge-triggered flip-flop clocked by core_clock)
Path Group: core_clock
Path Type: max

Fanout         Cap        Slew       Delay        Time   Description
---------------------------------------------------------------------------------------------
                                  0.000000    0.000000   clock core_clock (rise edge)
                                  0.000000    0.000000   clock source latency
     1    0.014006    0.000000    0.000000    0.000000 ^ clk (in)
                                                         clk (net)
                      0.000547    0.000274    0.000274 ^ clkbuf_0_clk/A (sky130_fd_sc_hd__clkbuf_16)
     8    0.081141    0.149432    0.263842    0.264115 ^ clkbuf_0_clk/X (sky130_fd_sc_hd__clkbuf_16)
                                                         clknet_0_clk (net)
                      0.149643    0.003591    0.267706 ^ clkbuf_3_1__f_clk/A (sky130_fd_sc_hd__clkbuf_16)
     7    0.023612    0.071959    0.263288    0.530994 ^ clkbuf_3_1__f_clk/X (sky130_fd_sc_hd__clkbuf_16)
                                                         clknet_3_1__leaf_clk (net)
                      0.071959    0.000067    0.531061 ^ dsa[18]._8_/CLK (sky130_fd_sc_hd__dfrtp_1)
     2    0.005323    0.101506    0.761071    1.292132 v dsa[18]._8_/Q (sky130_fd_sc_hd__dfrtp_1)
                                                         dsa[18].last_carry (net)
                      0.101506    0.000032    1.292164 v dsa[18]._4_/B1 (sky130_fd_sc_hd__a21o_1)
     2    0.005830    0.083818    0.315048    1.607212 v dsa[18]._4_/X (sky130_fd_sc_hd__a21o_1)
                                                         dsa[18]._1_ (net)
                      0.083818    0.000065    1.607277 v dsa[18]._7_/A2 (sky130_fd_sc_hd__a21bo_1)
     1    0.003219    0.065491    0.345464    1.952741 v dsa[18]._7_/X (sky130_fd_sc_hd__a21bo_1)
                                                         dsa[18].last_carry_next (net)
                      0.065491    0.000039    1.952780 v dsa[18]._8_/D (sky130_fd_sc_hd__dfrtp_1)
                                              1.952780   data arrival time

                                 10.000000   10.000000   clock core_clock (rise edge)
                                  0.000000   10.000000   clock source latency
     1    0.014006    0.000000    0.000000   10.000000 ^ clk (in)
                                                         clk (net)
                      0.000547    0.000274   10.000274 ^ clkbuf_0_clk/A (sky130_fd_sc_hd__clkbuf_16)
     8    0.081141    0.149432    0.263842   10.264116 ^ clkbuf_0_clk/X (sky130_fd_sc_hd__clkbuf_16)
                                                         clknet_0_clk (net)
                      0.149643    0.003591   10.267707 ^ clkbuf_3_1__f_clk/A (sky130_fd_sc_hd__clkbuf_16)
     7    0.023612    0.071959    0.263287   10.530994 ^ clkbuf_3_1__f_clk/X (sky130_fd_sc_hd__clkbuf_16)
                                                         clknet_3_1__leaf_clk (net)
                      0.071959    0.000067   10.531061 ^ dsa[18]._8_/CLK (sky130_fd_sc_hd__dfrtp_1)
                                  0.000000   10.531061   clock reconvergence pessimism
                                 -0.274162   10.256899   library setup time
                                             10.256899   data required time
---------------------------------------------------------------------------------------------
                                             10.256899   data required time
                                             -1.952780   data arrival time
---------------------------------------------------------------------------------------------
                                              8.304118   slack (MET)


Startpoint: dsa[25]._8_ (rising edge-triggered flip-flop clocked by core_clock)
Endpoint: dsa[25]._8_ (rising edge-triggered flip-flop clocked by core_clock)
Path Group: core_clock
Path Type: max

Fanout         Cap        Slew       Delay        Time   Description
---------------------------------------------------------------------------------------------
                                  0.000000    0.000000   clock core_clock (rise edge)
                                  0.000000    0.000000   clock source latency
     1    0.014006    0.000000    0.000000    0.000000 ^ clk (in)
                                                         clk (net)
                      0.000547    0.000274    0.000274 ^ clkbuf_0_clk/A (sky130_fd_sc_hd__clkbuf_16)
     8    0.081141    0.149432    0.263842    0.264115 ^ clkbuf_0_clk/X (sky130_fd_sc_hd__clkbuf_16)
                                                         clknet_0_clk (net)
                      0.149439    0.001325    0.265441 ^ clkbuf_3_2__f_clk/A (sky130_fd_sc_hd__clkbuf_16)
    10    0.029386    0.079527    0.271344    0.536785 ^ clkbuf_3_2__f_clk/X (sky130_fd_sc_hd__clkbuf_16)
                                                         clknet_3_2__leaf_clk (net)
                      0.079528    0.000410    0.537194 ^ dsa[25]._8_/CLK (sky130_fd_sc_hd__dfrtp_1)
     2    0.005778    0.101451    0.768776    1.305970 v dsa[25]._8_/Q (sky130_fd_sc_hd__dfrtp_1)
                                                         dsa[25].last_carry (net)
                      0.101451    0.000045    1.306015 v dsa[25]._4_/B1 (sky130_fd_sc_hd__a21o_1)
     2    0.006240    0.086872    0.318199    1.624215 v dsa[25]._4_/X (sky130_fd_sc_hd__a21o_1)
                                                         dsa[25]._1_ (net)
                      0.086872    0.000023    1.624238 v dsa[25]._7_/A2 (sky130_fd_sc_hd__a21bo_1)
     1    0.002505    0.059475    0.338853    1.963091 v dsa[25]._7_/X (sky130_fd_sc_hd__a21bo_1)
                                                         dsa[25].last_carry_next (net)
                      0.059475    0.000024    1.963115 v dsa[25]._8_/D (sky130_fd_sc_hd__dfrtp_1)
                                              1.963115   data arrival time

                                 10.000000   10.000000   clock core_clock (rise edge)
                                  0.000000   10.000000   clock source latency
     1    0.014006    0.000000    0.000000   10.000000 ^ clk (in)
                                                         clk (net)
                      0.000547    0.000274   10.000274 ^ clkbuf_0_clk/A (sky130_fd_sc_hd__clkbuf_16)
     8    0.081141    0.149432    0.263842   10.264116 ^ clkbuf_0_clk/X (sky130_fd_sc_hd__clkbuf_16)
                                                         clknet_0_clk (net)
                      0.149439    0.001325   10.265441 ^ clkbuf_3_2__f_clk/A (sky130_fd_sc_hd__clkbuf_16)
    10    0.029386    0.079527    0.271344   10.536785 ^ clkbuf_3_2__f_clk/X (sky130_fd_sc_hd__clkbuf_16)
                                                         clknet_3_2__leaf_clk (net)
                      0.079528    0.000409   10.537194 ^ dsa[25]._8_/CLK (sky130_fd_sc_hd__dfrtp_1)
                                  0.000000   10.537194   clock reconvergence pessimism
                                 -0.269637   10.267558   library setup time
                                             10.267558   data required time
---------------------------------------------------------------------------------------------
                                             10.267558   data required time
                                             -1.963115   data arrival time
---------------------------------------------------------------------------------------------
                                              8.304442   slack (MET)


Startpoint: dsa[5]._8_ (rising edge-triggered flip-flop clocked by core_clock)
Endpoint: dsa[5]._8_ (rising edge-triggered flip-flop clocked by core_clock)
Path Group: core_clock
Path Type: max

Fanout         Cap        Slew       Delay        Time   Description
---------------------------------------------------------------------------------------------
                                  0.000000    0.000000   clock core_clock (rise edge)
                                  0.000000    0.000000   clock source latency
     1    0.014006    0.000000    0.000000    0.000000 ^ clk (in)
                                                         clk (net)
                      0.000547    0.000274    0.000274 ^ clkbuf_0_clk/A (sky130_fd_sc_hd__clkbuf_16)
     8    0.081141    0.149432    0.263842    0.264115 ^ clkbuf_0_clk/X (sky130_fd_sc_hd__clkbuf_16)
                                                         clknet_0_clk (net)
                      0.149607    0.003091    0.267206 ^ clkbuf_3_5__f_clk/A (sky130_fd_sc_hd__clkbuf_16)
     8    0.027850    0.077464    0.269254    0.536461 ^ clkbuf_3_5__f_clk/X (sky130_fd_sc_hd__clkbuf_16)
                                                         clknet_3_5__leaf_clk (net)
                      0.077464    0.000296    0.536756 ^ dsa[5]._8_/CLK (sky130_fd_sc_hd__dfrtp_1)
     2    0.005866    0.102160    0.768633    1.305389 v dsa[5]._8_/Q (sky130_fd_sc_hd__dfrtp_1)
                                                         dsa[5].last_carry (net)
                      0.102160    0.000039    1.305428 v dsa[5]._4_/B1 (sky130_fd_sc_hd__a21o_1)
     2    0.005747    0.083203    0.314671    1.620099 v dsa[5]._4_/X (sky130_fd_sc_hd__a21o_1)
                                                         dsa[5]._1_ (net)
                      0.083203    0.000051    1.620150 v dsa[5]._7_/A2 (sky130_fd_sc_hd__a21bo_1)
     1    0.002787    0.061759    0.340460    1.960610 v dsa[5]._7_/X (sky130_fd_sc_hd__a21bo_1)
                                                         dsa[5].last_carry_next (net)
                      0.061759    0.000023    1.960633 v dsa[5]._8_/D (sky130_fd_sc_hd__dfrtp_1)
                                              1.960633   data arrival time

                                 10.000000   10.000000   clock core_clock (rise edge)
                                  0.000000   10.000000   clock source latency
     1    0.014006    0.000000    0.000000   10.000000 ^ clk (in)
                                                         clk (net)
                      0.000547    0.000274   10.000274 ^ clkbuf_0_clk/A (sky130_fd_sc_hd__clkbuf_16)
     8    0.081141    0.149432    0.263842   10.264116 ^ clkbuf_0_clk/X (sky130_fd_sc_hd__clkbuf_16)
                                                         clknet_0_clk (net)
                      0.149607    0.003091   10.267207 ^ clkbuf_3_5__f_clk/A (sky130_fd_sc_hd__clkbuf_16)
     8    0.027850    0.077464    0.269254   10.536461 ^ clkbuf_3_5__f_clk/X (sky130_fd_sc_hd__clkbuf_16)
                                                         clknet_3_5__leaf_clk (net)
                      0.077464    0.000296   10.536757 ^ dsa[5]._8_/CLK (sky130_fd_sc_hd__dfrtp_1)
                                  0.000000   10.536757   clock reconvergence pessimism
                                 -0.271139   10.265618   library setup time
                                             10.265618   data required time
---------------------------------------------------------------------------------------------
                                             10.265618   data required time
                                             -1.960633   data arrival time
---------------------------------------------------------------------------------------------
                                              8.304985   slack (MET)


Startpoint: dsa[11]._8_ (rising edge-triggered flip-flop clocked by core_clock)
Endpoint: dsa[11]._8_ (rising edge-triggered flip-flop clocked by core_clock)
Path Group: core_clock
Path Type: max

Fanout         Cap        Slew       Delay        Time   Description
---------------------------------------------------------------------------------------------
                                  0.000000    0.000000   clock core_clock (rise edge)
                                  0.000000    0.000000   clock source latency
     1    0.014006    0.000000    0.000000    0.000000 ^ clk (in)
                                                         clk (net)
                      0.000547    0.000274    0.000274 ^ clkbuf_0_clk/A (sky130_fd_sc_hd__clkbuf_16)
     8    0.081141    0.149432    0.263842    0.264115 ^ clkbuf_0_clk/X (sky130_fd_sc_hd__clkbuf_16)
                                                         clknet_0_clk (net)
                      0.149455    0.001954    0.266069 ^ clkbuf_3_6__f_clk/A (sky130_fd_sc_hd__clkbuf_16)
     8    0.025818    0.074785    0.266332    0.532401 ^ clkbuf_3_6__f_clk/X (sky130_fd_sc_hd__clkbuf_16)
                                                         clknet_3_6__leaf_clk (net)
                      0.074785    0.000183    0.532584 ^ dsa[11]._8_/CLK (sky130_fd_sc_hd__dfrtp_1)
     2    0.005446    0.098850    0.763506    1.296090 v dsa[11]._8_/Q (sky130_fd_sc_hd__dfrtp_1)
                                                         dsa[11].last_carry (net)
                      0.098850    0.000053    1.296143 v dsa[11]._4_/B1 (sky130_fd_sc_hd__a21o_1)
     2    0.006480    0.088695    0.318990    1.615133 v dsa[11]._4_/X (sky130_fd_sc_hd__a21o_1)
                                                         dsa[11]._1_ (net)
                      0.088695    0.000064    1.615197 v dsa[11]._7_/A2 (sky130_fd_sc_hd__a21bo_1)
     1    0.002635    0.060501    0.341020    1.956217 v dsa[11]._7_/X (sky130_fd_sc_hd__a21bo_1)
                                                         dsa[11].last_carry_next (net)
                      0.060501    0.000029    1.956246 v dsa[11]._8_/D (sky130_fd_sc_hd__dfrtp_1)
                                              1.956246   data arrival time

                                 10.000000   10.000000   clock core_clock (rise edge)
                                  0.000000   10.000000   clock source latency
     1    0.014006    0.000000    0.000000   10.000000 ^ clk (in)
                                                         clk (net)
                      0.000547    0.000274   10.000274 ^ clkbuf_0_clk/A (sky130_fd_sc_hd__clkbuf_16)
     8    0.081141    0.149432    0.263842   10.264116 ^ clkbuf_0_clk/X (sky130_fd_sc_hd__clkbuf_16)
                                                         clknet_0_clk (net)
                      0.149455    0.001953   10.266069 ^ clkbuf_3_6__f_clk/A (sky130_fd_sc_hd__clkbuf_16)
     8    0.025818    0.074785    0.266332   10.532401 ^ clkbuf_3_6__f_clk/X (sky130_fd_sc_hd__clkbuf_16)
                                                         clknet_3_6__leaf_clk (net)
                      0.074785    0.000183   10.532584 ^ dsa[11]._8_/CLK (sky130_fd_sc_hd__dfrtp_1)
                                  0.000000   10.532584   clock reconvergence pessimism
                                 -0.271328   10.261256   library setup time
                                             10.261256   data required time
---------------------------------------------------------------------------------------------
                                             10.261256   data required time
                                             -1.956246   data arrival time
---------------------------------------------------------------------------------------------
                                              8.305010   slack (MET)


Startpoint: dsa[30]._8_ (rising edge-triggered flip-flop clocked by core_clock)
Endpoint: dsa[30]._8_ (rising edge-triggered flip-flop clocked by core_clock)
Path Group: core_clock
Path Type: max

Fanout         Cap        Slew       Delay        Time   Description
---------------------------------------------------------------------------------------------
                                  0.000000    0.000000   clock core_clock (rise edge)
                                  0.000000    0.000000   clock source latency
     1    0.014006    0.000000    0.000000    0.000000 ^ clk (in)
                                                         clk (net)
                      0.000547    0.000274    0.000274 ^ clkbuf_0_clk/A (sky130_fd_sc_hd__clkbuf_16)
     8    0.081141    0.149432    0.263842    0.264115 ^ clkbuf_0_clk/X (sky130_fd_sc_hd__clkbuf_16)
                                                         clknet_0_clk (net)
                      0.149646    0.003631    0.267746 ^ clkbuf_3_0__f_clk/A (sky130_fd_sc_hd__clkbuf_16)
    10    0.030493    0.081065    0.273023    0.540769 ^ clkbuf_3_0__f_clk/X (sky130_fd_sc_hd__clkbuf_16)
                                                         clknet_3_0__leaf_clk (net)
                      0.081067    0.000468    0.541237 ^ dsa[30]._8_/CLK (sky130_fd_sc_hd__dfrtp_1)
     2    0.006146    0.104411    0.772870    1.314107 v dsa[30]._8_/Q (sky130_fd_sc_hd__dfrtp_1)
                                                         dsa[30].last_carry (net)
                      0.104411    0.000069    1.314176 v dsa[30]._4_/B1 (sky130_fd_sc_hd__a21o_1)
     2    0.005481    0.084229    0.313553    1.627729 v dsa[30]._4_/X (sky130_fd_sc_hd__a21o_1)
                                                         dsa[30]._1_ (net)
                      0.084229    0.000020    1.627749 v dsa[30]._7_/A2 (sky130_fd_sc_hd__a21bo_1)
     1    0.002576    0.060040    0.338558    1.966307 v dsa[30]._7_/X (sky130_fd_sc_hd__a21bo_1)
                                                         dsa[30].last_carry_next (net)
                      0.060040    0.000028    1.966335 v dsa[30]._8_/D (sky130_fd_sc_hd__dfrtp_1)
                                              1.966335   data arrival time

                                 10.000000   10.000000   clock core_clock (rise edge)
                                  0.000000   10.000000   clock source latency
     1    0.014006    0.000000    0.000000   10.000000 ^ clk (in)
                                                         clk (net)
                      0.000547    0.000274   10.000274 ^ clkbuf_0_clk/A (sky130_fd_sc_hd__clkbuf_16)
     8    0.081141    0.149432    0.263842   10.264116 ^ clkbuf_0_clk/X (sky130_fd_sc_hd__clkbuf_16)
                                                         clknet_0_clk (net)
                      0.149646    0.003630   10.267746 ^ clkbuf_3_0__f_clk/A (sky130_fd_sc_hd__clkbuf_16)
    10    0.030493    0.081065    0.273023   10.540769 ^ clkbuf_3_0__f_clk/X (sky130_fd_sc_hd__clkbuf_16)
                                                         clknet_3_0__leaf_clk (net)
                      0.081067    0.000469   10.541238 ^ dsa[30]._8_/CLK (sky130_fd_sc_hd__dfrtp_1)
                                  0.000000   10.541238   clock reconvergence pessimism
                                 -0.269462   10.271775   library setup time
                                             10.271775   data required time
---------------------------------------------------------------------------------------------
                                             10.271775   data required time
                                             -1.966335   data arrival time
---------------------------------------------------------------------------------------------
                                              8.305441   slack (MET)


Startpoint: dsa[19]._8_ (rising edge-triggered flip-flop clocked by core_clock)
Endpoint: dsa[19]._8_ (rising edge-triggered flip-flop clocked by core_clock)
Path Group: core_clock
Path Type: max

Fanout         Cap        Slew       Delay        Time   Description
---------------------------------------------------------------------------------------------
                                  0.000000    0.000000   clock core_clock (rise edge)
                                  0.000000    0.000000   clock source latency
     1    0.014006    0.000000    0.000000    0.000000 ^ clk (in)
                                                         clk (net)
                      0.000547    0.000274    0.000274 ^ clkbuf_0_clk/A (sky130_fd_sc_hd__clkbuf_16)
     8    0.081141    0.149432    0.263842    0.264115 ^ clkbuf_0_clk/X (sky130_fd_sc_hd__clkbuf_16)
                                                         clknet_0_clk (net)
                      0.149646    0.003631    0.267746 ^ clkbuf_3_0__f_clk/A (sky130_fd_sc_hd__clkbuf_16)
    10    0.030493    0.081065    0.273023    0.540769 ^ clkbuf_3_0__f_clk/X (sky130_fd_sc_hd__clkbuf_16)
                                                         clknet_3_0__leaf_clk (net)
                      0.081066    0.000377    0.541146 ^ dsa[19]._8_/CLK (sky130_fd_sc_hd__dfrtp_1)
     2    0.005972    0.103002    0.771276    1.312421 v dsa[19]._8_/Q (sky130_fd_sc_hd__dfrtp_1)
                                                         dsa[19].last_carry (net)
                      0.103002    0.000052    1.312473 v dsa[19]._4_/B1 (sky130_fd_sc_hd__a21o_1)
     2    0.005421    0.080813    0.312516    1.624990 v dsa[19]._4_/X (sky130_fd_sc_hd__a21o_1)
                                                         dsa[19]._1_ (net)
                      0.080813    0.000032    1.625021 v dsa[19]._7_/A2 (sky130_fd_sc_hd__a21bo_1)
     1    0.002839    0.062204    0.340057    1.965078 v dsa[19]._7_/X (sky130_fd_sc_hd__a21bo_1)
                                                         dsa[19].last_carry_next (net)
                      0.062204    0.000024    1.965103 v dsa[19]._8_/D (sky130_fd_sc_hd__dfrtp_1)
                                              1.965103   data arrival time

                                 10.000000   10.000000   clock core_clock (rise edge)
                                  0.000000   10.000000   clock source latency
     1    0.014006    0.000000    0.000000   10.000000 ^ clk (in)
                                                         clk (net)
                      0.000547    0.000274   10.000274 ^ clkbuf_0_clk/A (sky130_fd_sc_hd__clkbuf_16)
     8    0.081141    0.149432    0.263842   10.264116 ^ clkbuf_0_clk/X (sky130_fd_sc_hd__clkbuf_16)
                                                         clknet_0_clk (net)
                      0.149646    0.003630   10.267746 ^ clkbuf_3_0__f_clk/A (sky130_fd_sc_hd__clkbuf_16)
    10    0.030493    0.081065    0.273023   10.540769 ^ clkbuf_3_0__f_clk/X (sky130_fd_sc_hd__clkbuf_16)
                                                         clknet_3_0__leaf_clk (net)
                      0.081066    0.000377   10.541146 ^ dsa[19]._8_/CLK (sky130_fd_sc_hd__dfrtp_1)
                                  0.000000   10.541146   clock reconvergence pessimism
                                 -0.270365   10.270782   library setup time
                                             10.270782   data required time
---------------------------------------------------------------------------------------------
                                             10.270782   data required time
                                             -1.965103   data arrival time
---------------------------------------------------------------------------------------------
                                              8.305679   slack (MET)


Startpoint: dsa[16]._8_ (rising edge-triggered flip-flop clocked by core_clock)
Endpoint: dsa[16]._8_ (rising edge-triggered flip-flop clocked by core_clock)
Path Group: core_clock
Path Type: max

Fanout         Cap        Slew       Delay        Time   Description
---------------------------------------------------------------------------------------------
                                  0.000000    0.000000   clock core_clock (rise edge)
                                  0.000000    0.000000   clock source latency
     1    0.014006    0.000000    0.000000    0.000000 ^ clk (in)
                                                         clk (net)
                      0.000547    0.000274    0.000274 ^ clkbuf_0_clk/A (sky130_fd_sc_hd__clkbuf_16)
     8    0.081141    0.149432    0.263842    0.264115 ^ clkbuf_0_clk/X (sky130_fd_sc_hd__clkbuf_16)
                                                         clknet_0_clk (net)
                      0.149643    0.003591    0.267706 ^ clkbuf_3_1__f_clk/A (sky130_fd_sc_hd__clkbuf_16)
     7    0.023612    0.071959    0.263288    0.530994 ^ clkbuf_3_1__f_clk/X (sky130_fd_sc_hd__clkbuf_16)
                                                         clknet_3_1__leaf_clk (net)
                      0.071959    0.000217    0.531211 ^ dsa[16]._8_/CLK (sky130_fd_sc_hd__dfrtp_1)
     2    0.005825    0.105664    0.765700    1.296911 v dsa[16]._8_/Q (sky130_fd_sc_hd__dfrtp_1)
                                                         dsa[16].last_carry (net)
                      0.105664    0.000035    1.296945 v dsa[16]._4_/B1 (sky130_fd_sc_hd__a21o_1)
     2    0.005645    0.082452    0.315311    1.612256 v dsa[16]._4_/X (sky130_fd_sc_hd__a21o_1)
                                                         dsa[16]._1_ (net)
                      0.082452    0.000042    1.612298 v dsa[16]._7_/A2 (sky130_fd_sc_hd__a21bo_1)
     1    0.002726    0.061256    0.339486    1.951784 v dsa[16]._7_/X (sky130_fd_sc_hd__a21bo_1)
                                                         dsa[16].last_carry_next (net)
                      0.061256    0.000021    1.951805 v dsa[16]._8_/D (sky130_fd_sc_hd__dfrtp_1)
                                              1.951805   data arrival time

                                 10.000000   10.000000   clock core_clock (rise edge)
                                  0.000000   10.000000   clock source latency
     1    0.014006    0.000000    0.000000   10.000000 ^ clk (in)
                                                         clk (net)
                      0.000547    0.000274   10.000274 ^ clkbuf_0_clk/A (sky130_fd_sc_hd__clkbuf_16)
     8    0.081141    0.149432    0.263842   10.264116 ^ clkbuf_0_clk/X (sky130_fd_sc_hd__clkbuf_16)
                                                         clknet_0_clk (net)
                      0.149643    0.003591   10.267707 ^ clkbuf_3_1__f_clk/A (sky130_fd_sc_hd__clkbuf_16)
     7    0.023612    0.071959    0.263287   10.530994 ^ clkbuf_3_1__f_clk/X (sky130_fd_sc_hd__clkbuf_16)
                                                         clknet_3_1__leaf_clk (net)
                      0.071959    0.000218   10.531212 ^ dsa[16]._8_/CLK (sky130_fd_sc_hd__dfrtp_1)
                                  0.000000   10.531212   clock reconvergence pessimism
                                 -0.272395   10.258817   library setup time
                                             10.258817   data required time
---------------------------------------------------------------------------------------------
                                             10.258817   data required time
                                             -1.951805   data arrival time
---------------------------------------------------------------------------------------------
                                              8.307012   slack (MET)


Startpoint: dsa[26]._8_ (rising edge-triggered flip-flop clocked by core_clock)
Endpoint: dsa[26]._8_ (rising edge-triggered flip-flop clocked by core_clock)
Path Group: core_clock
Path Type: max

Fanout         Cap        Slew       Delay        Time   Description
---------------------------------------------------------------------------------------------
                                  0.000000    0.000000   clock core_clock (rise edge)
                                  0.000000    0.000000   clock source latency
     1    0.014006    0.000000    0.000000    0.000000 ^ clk (in)
                                                         clk (net)
                      0.000547    0.000274    0.000274 ^ clkbuf_0_clk/A (sky130_fd_sc_hd__clkbuf_16)
     8    0.081141    0.149432    0.263842    0.264115 ^ clkbuf_0_clk/X (sky130_fd_sc_hd__clkbuf_16)
                                                         clknet_0_clk (net)
                      0.149439    0.001325    0.265441 ^ clkbuf_3_2__f_clk/A (sky130_fd_sc_hd__clkbuf_16)
    10    0.029386    0.079527    0.271344    0.536785 ^ clkbuf_3_2__f_clk/X (sky130_fd_sc_hd__clkbuf_16)
                                                         clknet_3_2__leaf_clk (net)
                      0.079528    0.000432    0.537217 ^ dsa[26]._8_/CLK (sky130_fd_sc_hd__dfrtp_1)
     2    0.005844    0.101971    0.769389    1.306606 v dsa[26]._8_/Q (sky130_fd_sc_hd__dfrtp_1)
                                                         dsa[26].last_carry (net)
                      0.101971    0.000040    1.306645 v dsa[26]._4_/B1 (sky130_fd_sc_hd__a21o_1)
     2    0.006249    0.086945    0.318463    1.625108 v dsa[26]._4_/X (sky130_fd_sc_hd__a21o_1)
                                                         dsa[26]._1_ (net)
                      0.086945    0.000064    1.625172 v dsa[26]._7_/A2 (sky130_fd_sc_hd__a21bo_1)
     1    0.002227    0.057291    0.335830    1.961002 v dsa[26]._7_/X (sky130_fd_sc_hd__a21bo_1)
                                                         dsa[26].last_carry_next (net)
                      0.057291    0.000020    1.961021 v dsa[26]._8_/D (sky130_fd_sc_hd__dfrtp_1)
                                              1.961021   data arrival time

                                 10.000000   10.000000   clock core_clock (rise edge)
                                  0.000000   10.000000   clock source latency
     1    0.014006    0.000000    0.000000   10.000000 ^ clk (in)
                                                         clk (net)
                      0.000547    0.000274   10.000274 ^ clkbuf_0_clk/A (sky130_fd_sc_hd__clkbuf_16)
     8    0.081141    0.149432    0.263842   10.264116 ^ clkbuf_0_clk/X (sky130_fd_sc_hd__clkbuf_16)
                                                         clknet_0_clk (net)
                      0.149439    0.001325   10.265441 ^ clkbuf_3_2__f_clk/A (sky130_fd_sc_hd__clkbuf_16)
    10    0.029386    0.079527    0.271344   10.536785 ^ clkbuf_3_2__f_clk/X (sky130_fd_sc_hd__clkbuf_16)
                                                         clknet_3_2__leaf_clk (net)
                      0.079528    0.000432   10.537217 ^ dsa[26]._8_/CLK (sky130_fd_sc_hd__dfrtp_1)
                                  0.000000   10.537217   clock reconvergence pessimism
                                 -0.268726   10.268491   library setup time
                                             10.268491   data required time
---------------------------------------------------------------------------------------------
                                             10.268491   data required time
                                             -1.961021   data arrival time
---------------------------------------------------------------------------------------------
                                              8.307469   slack (MET)


Startpoint: dsa[28]._8_ (rising edge-triggered flip-flop clocked by core_clock)
Endpoint: dsa[28]._8_ (rising edge-triggered flip-flop clocked by core_clock)
Path Group: core_clock
Path Type: max

Fanout         Cap        Slew       Delay        Time   Description
---------------------------------------------------------------------------------------------
                                  0.000000    0.000000   clock core_clock (rise edge)
                                  0.000000    0.000000   clock source latency
     1    0.014006    0.000000    0.000000    0.000000 ^ clk (in)
                                                         clk (net)
                      0.000547    0.000274    0.000274 ^ clkbuf_0_clk/A (sky130_fd_sc_hd__clkbuf_16)
     8    0.081141    0.149432    0.263842    0.264115 ^ clkbuf_0_clk/X (sky130_fd_sc_hd__clkbuf_16)
                                                         clknet_0_clk (net)
                      0.149439    0.001325    0.265441 ^ clkbuf_3_2__f_clk/A (sky130_fd_sc_hd__clkbuf_16)
    10    0.029386    0.079527    0.271344    0.536785 ^ clkbuf_3_2__f_clk/X (sky130_fd_sc_hd__clkbuf_16)
                                                         clknet_3_2__leaf_clk (net)
                      0.079528    0.000392    0.537177 ^ dsa[28]._8_/CLK (sky130_fd_sc_hd__dfrtp_1)
     2    0.005834    0.101898    0.769306    1.306483 v dsa[28]._8_/Q (sky130_fd_sc_hd__dfrtp_1)
                                                         dsa[28].last_carry (net)
                      0.101898    0.000039    1.306523 v dsa[28]._4_/B1 (sky130_fd_sc_hd__a21o_1)
     2    0.005847    0.083942    0.315345    1.621868 v dsa[28]._4_/X (sky130_fd_sc_hd__a21o_1)
                                                         dsa[28]._1_ (net)
                      0.083942    0.000051    1.621919 v dsa[28]._7_/A2 (sky130_fd_sc_hd__a21bo_1)
     1    0.002414    0.058767    0.336663    1.958582 v dsa[28]._7_/X (sky130_fd_sc_hd__a21bo_1)
                                                         dsa[28].last_carry_next (net)
                      0.058767    0.000024    1.958606 v dsa[28]._8_/D (sky130_fd_sc_hd__dfrtp_1)
                                              1.958606   data arrival time

                                 10.000000   10.000000   clock core_clock (rise edge)
                                  0.000000   10.000000   clock source latency
     1    0.014006    0.000000    0.000000   10.000000 ^ clk (in)
                                                         clk (net)
                      0.000547    0.000274   10.000274 ^ clkbuf_0_clk/A (sky130_fd_sc_hd__clkbuf_16)
     8    0.081141    0.149432    0.263842   10.264116 ^ clkbuf_0_clk/X (sky130_fd_sc_hd__clkbuf_16)
                                                         clknet_0_clk (net)
                      0.149439    0.001325   10.265441 ^ clkbuf_3_2__f_clk/A (sky130_fd_sc_hd__clkbuf_16)
    10    0.029386    0.079527    0.271344   10.536785 ^ clkbuf_3_2__f_clk/X (sky130_fd_sc_hd__clkbuf_16)
                                                         clknet_3_2__leaf_clk (net)
                      0.079528    0.000393   10.537178 ^ dsa[28]._8_/CLK (sky130_fd_sc_hd__dfrtp_1)
                                  0.000000   10.537178   clock reconvergence pessimism
                                 -0.269341   10.267837   library setup time
                                             10.267837   data required time
---------------------------------------------------------------------------------------------
                                             10.267837   data required time
                                             -1.958606   data arrival time
---------------------------------------------------------------------------------------------
                                              8.309231   slack (MET)


Startpoint: dsa[6]._8_ (rising edge-triggered flip-flop clocked by core_clock)
Endpoint: dsa[6]._8_ (rising edge-triggered flip-flop clocked by core_clock)
Path Group: core_clock
Path Type: max

Fanout         Cap        Slew       Delay        Time   Description
---------------------------------------------------------------------------------------------
                                  0.000000    0.000000   clock core_clock (rise edge)
                                  0.000000    0.000000   clock source latency
     1    0.014006    0.000000    0.000000    0.000000 ^ clk (in)
                                                         clk (net)
                      0.000547    0.000274    0.000274 ^ clkbuf_0_clk/A (sky130_fd_sc_hd__clkbuf_16)
     8    0.081141    0.149432    0.263842    0.264115 ^ clkbuf_0_clk/X (sky130_fd_sc_hd__clkbuf_16)
                                                         clknet_0_clk (net)
                      0.149607    0.003091    0.267206 ^ clkbuf_3_5__f_clk/A (sky130_fd_sc_hd__clkbuf_16)
     8    0.027850    0.077464    0.269254    0.536461 ^ clkbuf_3_5__f_clk/X (sky130_fd_sc_hd__clkbuf_16)
                                                         clknet_3_5__leaf_clk (net)
                      0.077464    0.000327    0.536788 ^ dsa[6]._8_/CLK (sky130_fd_sc_hd__dfrtp_1)
     2    0.005809    0.101701    0.768104    1.304892 v dsa[6]._8_/Q (sky130_fd_sc_hd__dfrtp_1)
                                                         dsa[6].last_carry (net)
                      0.101701    0.000039    1.304931 v dsa[6]._4_/B1 (sky130_fd_sc_hd__a21o_1)
     2    0.006014    0.085180    0.316559    1.621490 v dsa[6]._4_/X (sky130_fd_sc_hd__a21o_1)
                                                         dsa[6]._1_ (net)
                      0.085180    0.000050    1.621539 v dsa[6]._7_/A2 (sky130_fd_sc_hd__a21bo_1)
     1    0.002335    0.058152    0.336292    1.957831 v dsa[6]._7_/X (sky130_fd_sc_hd__a21bo_1)
                                                         dsa[6].last_carry_next (net)
                      0.058152    0.000023    1.957854 v dsa[6]._8_/D (sky130_fd_sc_hd__dfrtp_1)
                                              1.957854   data arrival time

                                 10.000000   10.000000   clock core_clock (rise edge)
                                  0.000000   10.000000   clock source latency
     1    0.014006    0.000000    0.000000   10.000000 ^ clk (in)
                                                         clk (net)
                      0.000547    0.000274   10.000274 ^ clkbuf_0_clk/A (sky130_fd_sc_hd__clkbuf_16)
     8    0.081141    0.149432    0.263842   10.264116 ^ clkbuf_0_clk/X (sky130_fd_sc_hd__clkbuf_16)
                                                         clknet_0_clk (net)
                      0.149607    0.003091   10.267207 ^ clkbuf_3_5__f_clk/A (sky130_fd_sc_hd__clkbuf_16)
     8    0.027850    0.077464    0.269254   10.536461 ^ clkbuf_3_5__f_clk/X (sky130_fd_sc_hd__clkbuf_16)
                                                         clknet_3_5__leaf_clk (net)
                      0.077464    0.000327   10.536788 ^ dsa[6]._8_/CLK (sky130_fd_sc_hd__dfrtp_1)
                                  0.000000   10.536788   clock reconvergence pessimism
                                 -0.269635   10.267153   library setup time
                                             10.267153   data required time
---------------------------------------------------------------------------------------------
                                             10.267153   data required time
                                             -1.957854   data arrival time
---------------------------------------------------------------------------------------------
                                              8.309299   slack (MET)


Startpoint: dsa[1]._8_ (rising edge-triggered flip-flop clocked by core_clock)
Endpoint: dsa[1]._8_ (rising edge-triggered flip-flop clocked by core_clock)
Path Group: core_clock
Path Type: max

Fanout         Cap        Slew       Delay        Time   Description
---------------------------------------------------------------------------------------------
                                  0.000000    0.000000   clock core_clock (rise edge)
                                  0.000000    0.000000   clock source latency
     1    0.014006    0.000000    0.000000    0.000000 ^ clk (in)
                                                         clk (net)
                      0.000547    0.000274    0.000274 ^ clkbuf_0_clk/A (sky130_fd_sc_hd__clkbuf_16)
     8    0.081141    0.149432    0.263842    0.264115 ^ clkbuf_0_clk/X (sky130_fd_sc_hd__clkbuf_16)
                                                         clknet_0_clk (net)
                      0.149457    0.002038    0.266154 ^ clkbuf_3_7__f_clk/A (sky130_fd_sc_hd__clkbuf_16)
    10    0.027845    0.077460    0.269165    0.535318 ^ clkbuf_3_7__f_clk/X (sky130_fd_sc_hd__clkbuf_16)
                                                         clknet_3_7__leaf_clk (net)
                      0.077461    0.000444    0.535762 ^ dsa[1]._8_/CLK (sky130_fd_sc_hd__dfrtp_1)
     2    0.005961    0.106769    0.769530    1.305292 v dsa[1]._8_/Q (sky130_fd_sc_hd__dfrtp_1)
                                                         dsa[1].last_carry (net)
                      0.106769    0.000036    1.305328 v dsa[1]._4_/B1 (sky130_fd_sc_hd__a21o_1)
     2    0.005423    0.080828    0.314041    1.619369 v dsa[1]._4_/X (sky130_fd_sc_hd__a21o_1)
                                                         dsa[1]._1_ (net)
                      0.080828    0.000047    1.619416 v dsa[1]._7_/A2 (sky130_fd_sc_hd__a21bo_1)
     1    0.002481    0.059301    0.336134    1.955550 v dsa[1]._7_/X (sky130_fd_sc_hd__a21bo_1)
                                                         dsa[1].last_carry_next (net)
                      0.059301    0.000024    1.955574 v dsa[1]._8_/D (sky130_fd_sc_hd__dfrtp_1)
                                              1.955574   data arrival time

                                 10.000000   10.000000   clock core_clock (rise edge)
                                  0.000000   10.000000   clock source latency
     1    0.014006    0.000000    0.000000   10.000000 ^ clk (in)
                                                         clk (net)
                      0.000547    0.000274   10.000274 ^ clkbuf_0_clk/A (sky130_fd_sc_hd__clkbuf_16)
     8    0.081141    0.149432    0.263842   10.264116 ^ clkbuf_0_clk/X (sky130_fd_sc_hd__clkbuf_16)
                                                         clknet_0_clk (net)
                      0.149457    0.002037   10.266153 ^ clkbuf_3_7__f_clk/A (sky130_fd_sc_hd__clkbuf_16)
    10    0.027845    0.077460    0.269165   10.535318 ^ clkbuf_3_7__f_clk/X (sky130_fd_sc_hd__clkbuf_16)
                                                         clknet_3_7__leaf_clk (net)
                      0.077461    0.000444   10.535763 ^ dsa[1]._8_/CLK (sky130_fd_sc_hd__dfrtp_1)
                                  0.000000   10.535763   clock reconvergence pessimism
                                 -0.270115   10.265648   library setup time
                                             10.265648   data required time
---------------------------------------------------------------------------------------------
                                             10.265648   data required time
                                             -1.955574   data arrival time
---------------------------------------------------------------------------------------------
                                              8.310075   slack (MET)


Startpoint: dsa[20]._8_ (rising edge-triggered flip-flop clocked by core_clock)
Endpoint: dsa[20]._8_ (rising edge-triggered flip-flop clocked by core_clock)
Path Group: core_clock
Path Type: max

Fanout         Cap        Slew       Delay        Time   Description
---------------------------------------------------------------------------------------------
                                  0.000000    0.000000   clock core_clock (rise edge)
                                  0.000000    0.000000   clock source latency
     1    0.014006    0.000000    0.000000    0.000000 ^ clk (in)
                                                         clk (net)
                      0.000547    0.000274    0.000274 ^ clkbuf_0_clk/A (sky130_fd_sc_hd__clkbuf_16)
     8    0.081141    0.149432    0.263842    0.264115 ^ clkbuf_0_clk/X (sky130_fd_sc_hd__clkbuf_16)
                                                         clknet_0_clk (net)
                      0.149643    0.003591    0.267706 ^ clkbuf_3_1__f_clk/A (sky130_fd_sc_hd__clkbuf_16)
     7    0.023612    0.071959    0.263288    0.530994 ^ clkbuf_3_1__f_clk/X (sky130_fd_sc_hd__clkbuf_16)
                                                         clknet_3_1__leaf_clk (net)
                      0.071959    0.000162    0.531156 ^ dsa[20]._8_/CLK (sky130_fd_sc_hd__dfrtp_1)
     2    0.005717    0.100994    0.764672    1.295828 v dsa[20]._8_/Q (sky130_fd_sc_hd__dfrtp_1)
                                                         dsa[20].last_carry (net)
                      0.100994    0.000061    1.295889 v dsa[20]._4_/B1 (sky130_fd_sc_hd__a21o_1)
     2    0.005385    0.080547    0.311418    1.607307 v dsa[20]._4_/X (sky130_fd_sc_hd__a21o_1)
                                                         dsa[20]._1_ (net)
                      0.080547    0.000027    1.607334 v dsa[20]._7_/A2 (sky130_fd_sc_hd__a21bo_1)
     1    0.002860    0.062384    0.340179    1.947513 v dsa[20]._7_/X (sky130_fd_sc_hd__a21bo_1)
                                                         dsa[20].last_carry_next (net)
                      0.062384    0.000032    1.947546 v dsa[20]._8_/D (sky130_fd_sc_hd__dfrtp_1)
                                              1.947546   data arrival time

                                 10.000000   10.000000   clock core_clock (rise edge)
                                  0.000000   10.000000   clock source latency
     1    0.014006    0.000000    0.000000   10.000000 ^ clk (in)
                                                         clk (net)
                      0.000547    0.000274   10.000274 ^ clkbuf_0_clk/A (sky130_fd_sc_hd__clkbuf_16)
     8    0.081141    0.149432    0.263842   10.264116 ^ clkbuf_0_clk/X (sky130_fd_sc_hd__clkbuf_16)
                                                         clknet_0_clk (net)
                      0.149643    0.003591   10.267707 ^ clkbuf_3_1__f_clk/A (sky130_fd_sc_hd__clkbuf_16)
     7    0.023612    0.071959    0.263287   10.530994 ^ clkbuf_3_1__f_clk/X (sky130_fd_sc_hd__clkbuf_16)
                                                         clknet_3_1__leaf_clk (net)
                      0.071959    0.000162   10.531156 ^ dsa[20]._8_/CLK (sky130_fd_sc_hd__dfrtp_1)
                                  0.000000   10.531156   clock reconvergence pessimism
                                 -0.272866   10.258289   library setup time
                                             10.258289   data required time
---------------------------------------------------------------------------------------------
                                             10.258289   data required time
                                             -1.947546   data arrival time
---------------------------------------------------------------------------------------------
                                              8.310744   slack (MET)


Startpoint: dsa[27]._8_ (rising edge-triggered flip-flop clocked by core_clock)
Endpoint: dsa[27]._8_ (rising edge-triggered flip-flop clocked by core_clock)
Path Group: core_clock
Path Type: max

Fanout         Cap        Slew       Delay        Time   Description
---------------------------------------------------------------------------------------------
                                  0.000000    0.000000   clock core_clock (rise edge)
                                  0.000000    0.000000   clock source latency
     1    0.014006    0.000000    0.000000    0.000000 ^ clk (in)
                                                         clk (net)
                      0.000547    0.000274    0.000274 ^ clkbuf_0_clk/A (sky130_fd_sc_hd__clkbuf_16)
     8    0.081141    0.149432    0.263842    0.264115 ^ clkbuf_0_clk/X (sky130_fd_sc_hd__clkbuf_16)
                                                         clknet_0_clk (net)
                      0.149439    0.001325    0.265441 ^ clkbuf_3_2__f_clk/A (sky130_fd_sc_hd__clkbuf_16)
    10    0.029386    0.079527    0.271344    0.536785 ^ clkbuf_3_2__f_clk/X (sky130_fd_sc_hd__clkbuf_16)
                                                         clknet_3_2__leaf_clk (net)
                      0.079527    0.000370    0.537154 ^ dsa[27]._8_/CLK (sky130_fd_sc_hd__dfrtp_1)
     2    0.005805    0.101661    0.769032    1.306186 v dsa[27]._8_/Q (sky130_fd_sc_hd__dfrtp_1)
                                                         dsa[27].last_carry (net)
                      0.101661    0.000047    1.306233 v dsa[27]._4_/B1 (sky130_fd_sc_hd__a21o_1)
     2    0.005692    0.085828    0.314072    1.620305 v dsa[27]._4_/X (sky130_fd_sc_hd__a21o_1)
                                                         dsa[27]._1_ (net)
                      0.085828    0.000021    1.620326 v dsa[27]._7_/A2 (sky130_fd_sc_hd__a21bo_1)
     1    0.002283    0.057760    0.335991    1.956317 v dsa[27]._7_/X (sky130_fd_sc_hd__a21bo_1)
                                                         dsa[27].last_carry_next (net)
                      0.057760    0.000021    1.956338 v dsa[27]._8_/D (sky130_fd_sc_hd__dfrtp_1)
                                              1.956338   data arrival time

                                 10.000000   10.000000   clock core_clock (rise edge)
                                  0.000000   10.000000   clock source latency
     1    0.014006    0.000000    0.000000   10.000000 ^ clk (in)
                                                         clk (net)
                      0.000547    0.000274   10.000274 ^ clkbuf_0_clk/A (sky130_fd_sc_hd__clkbuf_16)
     8    0.081141    0.149432    0.263842   10.264116 ^ clkbuf_0_clk/X (sky130_fd_sc_hd__clkbuf_16)
                                                         clknet_0_clk (net)
                      0.149439    0.001325   10.265441 ^ clkbuf_3_2__f_clk/A (sky130_fd_sc_hd__clkbuf_16)
    10    0.029386    0.079527    0.271344   10.536785 ^ clkbuf_3_2__f_clk/X (sky130_fd_sc_hd__clkbuf_16)
                                                         clknet_3_2__leaf_clk (net)
                      0.079527    0.000369   10.537154 ^ dsa[27]._8_/CLK (sky130_fd_sc_hd__dfrtp_1)
                                  0.000000   10.537154   clock reconvergence pessimism
                                 -0.268921   10.268233   library setup time
                                             10.268233   data required time
---------------------------------------------------------------------------------------------
                                             10.268233   data required time
                                             -1.956338   data arrival time
---------------------------------------------------------------------------------------------
                                              8.311896   slack (MET)


Startpoint: dsa[10]._8_ (rising edge-triggered flip-flop clocked by core_clock)
Endpoint: dsa[10]._8_ (rising edge-triggered flip-flop clocked by core_clock)
Path Group: core_clock
Path Type: max

Fanout         Cap        Slew       Delay        Time   Description
---------------------------------------------------------------------------------------------
                                  0.000000    0.000000   clock core_clock (rise edge)
                                  0.000000    0.000000   clock source latency
     1    0.014006    0.000000    0.000000    0.000000 ^ clk (in)
                                                         clk (net)
                      0.000547    0.000274    0.000274 ^ clkbuf_0_clk/A (sky130_fd_sc_hd__clkbuf_16)
     8    0.081141    0.149432    0.263842    0.264115 ^ clkbuf_0_clk/X (sky130_fd_sc_hd__clkbuf_16)
                                                         clknet_0_clk (net)
                      0.149455    0.001954    0.266069 ^ clkbuf_3_6__f_clk/A (sky130_fd_sc_hd__clkbuf_16)
     8    0.025818    0.074785    0.266332    0.532401 ^ clkbuf_3_6__f_clk/X (sky130_fd_sc_hd__clkbuf_16)
                                                         clknet_3_6__leaf_clk (net)
                      0.074785    0.000252    0.532653 ^ dsa[10]._8_/CLK (sky130_fd_sc_hd__dfrtp_1)
     2    0.005601    0.100068    0.764935    1.297588 v dsa[10]._8_/Q (sky130_fd_sc_hd__dfrtp_1)
                                                         dsa[10].last_carry (net)
                      0.100068    0.000058    1.297646 v dsa[10]._4_/B1 (sky130_fd_sc_hd__a21o_1)
     2    0.005260    0.079649    0.310077    1.607723 v dsa[10]._4_/X (sky130_fd_sc_hd__a21o_1)
                                                         dsa[10]._1_ (net)
                      0.079649    0.000047    1.607770 v dsa[10]._7_/A2 (sky130_fd_sc_hd__a21bo_1)
     1    0.002929    0.062970    0.340574    1.948343 v dsa[10]._7_/X (sky130_fd_sc_hd__a21bo_1)
                                                         dsa[10].last_carry_next (net)
                      0.062970    0.000032    1.948375 v dsa[10]._8_/D (sky130_fd_sc_hd__dfrtp_1)
                                              1.948375   data arrival time

                                 10.000000   10.000000   clock core_clock (rise edge)
                                  0.000000   10.000000   clock source latency
     1    0.014006    0.000000    0.000000   10.000000 ^ clk (in)
                                                         clk (net)
                      0.000547    0.000274   10.000274 ^ clkbuf_0_clk/A (sky130_fd_sc_hd__clkbuf_16)
     8    0.081141    0.149432    0.263842   10.264116 ^ clkbuf_0_clk/X (sky130_fd_sc_hd__clkbuf_16)
                                                         clknet_0_clk (net)
                      0.149455    0.001953   10.266069 ^ clkbuf_3_6__f_clk/A (sky130_fd_sc_hd__clkbuf_16)
     8    0.025818    0.074785    0.266332   10.532401 ^ clkbuf_3_6__f_clk/X (sky130_fd_sc_hd__clkbuf_16)
                                                         clknet_3_6__leaf_clk (net)
                      0.074785    0.000252   10.532653 ^ dsa[10]._8_/CLK (sky130_fd_sc_hd__dfrtp_1)
                                  0.000000   10.532653   clock reconvergence pessimism
                                 -0.272358   10.260296   library setup time
                                             10.260296   data required time
---------------------------------------------------------------------------------------------
                                             10.260296   data required time
                                             -1.948375   data arrival time
---------------------------------------------------------------------------------------------
                                              8.311921   slack (MET)


Startpoint: dsa[21]._8_ (rising edge-triggered flip-flop clocked by core_clock)
Endpoint: dsa[21]._8_ (rising edge-triggered flip-flop clocked by core_clock)
Path Group: core_clock
Path Type: max

Fanout         Cap        Slew       Delay        Time   Description
---------------------------------------------------------------------------------------------
                                  0.000000    0.000000   clock core_clock (rise edge)
                                  0.000000    0.000000   clock source latency
     1    0.014006    0.000000    0.000000    0.000000 ^ clk (in)
                                                         clk (net)
                      0.000547    0.000274    0.000274 ^ clkbuf_0_clk/A (sky130_fd_sc_hd__clkbuf_16)
     8    0.081141    0.149432    0.263842    0.264115 ^ clkbuf_0_clk/X (sky130_fd_sc_hd__clkbuf_16)
                                                         clknet_0_clk (net)
                      0.149646    0.003631    0.267746 ^ clkbuf_3_0__f_clk/A (sky130_fd_sc_hd__clkbuf_16)
    10    0.030493    0.081065    0.273023    0.540769 ^ clkbuf_3_0__f_clk/X (sky130_fd_sc_hd__clkbuf_16)
                                                         clknet_3_0__leaf_clk (net)
                      0.081065    0.000174    0.540942 ^ dsa[21]._8_/CLK (sky130_fd_sc_hd__dfrtp_1)
     2    0.005249    0.097299    0.764622    1.305564 v dsa[21]._8_/Q (sky130_fd_sc_hd__dfrtp_1)
                                                         dsa[21].last_carry (net)
                      0.097299    0.000036    1.305600 v dsa[21]._4_/B1 (sky130_fd_sc_hd__a21o_1)
     2    0.005750    0.083230    0.312736    1.618336 v dsa[21]._4_/X (sky130_fd_sc_hd__a21o_1)
                                                         dsa[21]._1_ (net)
                      0.083230    0.000046    1.618382 v dsa[21]._7_/A2 (sky130_fd_sc_hd__a21bo_1)
     1    0.002704    0.061077    0.339564    1.957946 v dsa[21]._7_/X (sky130_fd_sc_hd__a21bo_1)
                                                         dsa[21].last_carry_next (net)
                      0.061077    0.000022    1.957967 v dsa[21]._8_/D (sky130_fd_sc_hd__dfrtp_1)
                                              1.957967   data arrival time

                                 10.000000   10.000000   clock core_clock (rise edge)
                                  0.000000   10.000000   clock source latency
     1    0.014006    0.000000    0.000000   10.000000 ^ clk (in)
                                                         clk (net)
                      0.000547    0.000274   10.000274 ^ clkbuf_0_clk/A (sky130_fd_sc_hd__clkbuf_16)
     8    0.081141    0.149432    0.263842   10.264116 ^ clkbuf_0_clk/X (sky130_fd_sc_hd__clkbuf_16)
                                                         clknet_0_clk (net)
                      0.149646    0.003630   10.267746 ^ clkbuf_3_0__f_clk/A (sky130_fd_sc_hd__clkbuf_16)
    10    0.030493    0.081065    0.273023   10.540769 ^ clkbuf_3_0__f_clk/X (sky130_fd_sc_hd__clkbuf_16)
                                                         clknet_3_0__leaf_clk (net)
                      0.081065    0.000174   10.540942 ^ dsa[21]._8_/CLK (sky130_fd_sc_hd__dfrtp_1)
                                  0.000000   10.540942   clock reconvergence pessimism
                                 -0.269895   10.271049   library setup time
                                             10.271049   data required time
---------------------------------------------------------------------------------------------
                                             10.271049   data required time
                                             -1.957967   data arrival time
---------------------------------------------------------------------------------------------
                                              8.313081   slack (MET)


Startpoint: dsa[17]._8_ (rising edge-triggered flip-flop clocked by core_clock)
Endpoint: dsa[17]._8_ (rising edge-triggered flip-flop clocked by core_clock)
Path Group: core_clock
Path Type: max

Fanout         Cap        Slew       Delay        Time   Description
---------------------------------------------------------------------------------------------
                                  0.000000    0.000000   clock core_clock (rise edge)
                                  0.000000    0.000000   clock source latency
     1    0.014006    0.000000    0.000000    0.000000 ^ clk (in)
                                                         clk (net)
                      0.000547    0.000274    0.000274 ^ clkbuf_0_clk/A (sky130_fd_sc_hd__clkbuf_16)
     8    0.081141    0.149432    0.263842    0.264115 ^ clkbuf_0_clk/X (sky130_fd_sc_hd__clkbuf_16)
                                                         clknet_0_clk (net)
                      0.149643    0.003591    0.267706 ^ clkbuf_3_1__f_clk/A (sky130_fd_sc_hd__clkbuf_16)
     7    0.023612    0.071959    0.263288    0.530994 ^ clkbuf_3_1__f_clk/X (sky130_fd_sc_hd__clkbuf_16)
                                                         clknet_3_1__leaf_clk (net)
                      0.071959    0.000205    0.531199 ^ dsa[17]._8_/CLK (sky130_fd_sc_hd__dfrtp_1)
     2    0.006232    0.105141    0.769425    1.300624 v dsa[17]._8_/Q (sky130_fd_sc_hd__dfrtp_1)
                                                         dsa[17].last_carry (net)
                      0.105141    0.000046    1.300669 v dsa[17]._4_/B1 (sky130_fd_sc_hd__a21o_1)
     2    0.005475    0.084188    0.313807    1.614476 v dsa[17]._4_/X (sky130_fd_sc_hd__a21o_1)
                                                         dsa[17]._1_ (net)
                      0.084188    0.000026    1.614502 v dsa[17]._7_/A2 (sky130_fd_sc_hd__a21bo_1)
     1    0.002096    0.056261    0.333259    1.947761 v dsa[17]._7_/X (sky130_fd_sc_hd__a21bo_1)
                                                         dsa[17].last_carry_next (net)
                      0.056261    0.000018    1.947779 v dsa[17]._8_/D (sky130_fd_sc_hd__dfrtp_1)
                                              1.947779   data arrival time

                                 10.000000   10.000000   clock core_clock (rise edge)
                                  0.000000   10.000000   clock source latency
     1    0.014006    0.000000    0.000000   10.000000 ^ clk (in)
                                                         clk (net)
                      0.000547    0.000274   10.000274 ^ clkbuf_0_clk/A (sky130_fd_sc_hd__clkbuf_16)
     8    0.081141    0.149432    0.263842   10.264116 ^ clkbuf_0_clk/X (sky130_fd_sc_hd__clkbuf_16)
                                                         clknet_0_clk (net)
                      0.149643    0.003591   10.267707 ^ clkbuf_3_1__f_clk/A (sky130_fd_sc_hd__clkbuf_16)
     7    0.023612    0.071959    0.263287   10.530994 ^ clkbuf_3_1__f_clk/X (sky130_fd_sc_hd__clkbuf_16)
                                                         clknet_3_1__leaf_clk (net)
                      0.071959    0.000205   10.531199 ^ dsa[17]._8_/CLK (sky130_fd_sc_hd__dfrtp_1)
                                  0.000000   10.531199   clock reconvergence pessimism
                                 -0.270312   10.260886   library setup time
                                             10.260886   data required time
---------------------------------------------------------------------------------------------
                                             10.260886   data required time
                                             -1.947779   data arrival time
---------------------------------------------------------------------------------------------
                                              8.313107   slack (MET)


Startpoint: dsa[14]._8_ (rising edge-triggered flip-flop clocked by core_clock)
Endpoint: dsa[14]._8_ (rising edge-triggered flip-flop clocked by core_clock)
Path Group: core_clock
Path Type: max

Fanout         Cap        Slew       Delay        Time   Description
---------------------------------------------------------------------------------------------
                                  0.000000    0.000000   clock core_clock (rise edge)
                                  0.000000    0.000000   clock source latency
     1    0.014006    0.000000    0.000000    0.000000 ^ clk (in)
                                                         clk (net)
                      0.000547    0.000274    0.000274 ^ clkbuf_0_clk/A (sky130_fd_sc_hd__clkbuf_16)
     8    0.081141    0.149432    0.263842    0.264115 ^ clkbuf_0_clk/X (sky130_fd_sc_hd__clkbuf_16)
                                                         clknet_0_clk (net)
                      0.149437    0.001226    0.265341 ^ clkbuf_3_3__f_clk/A (sky130_fd_sc_hd__clkbuf_16)
     9    0.025819    0.074788    0.266297    0.531638 ^ clkbuf_3_3__f_clk/X (sky130_fd_sc_hd__clkbuf_16)
                                                         clknet_3_3__leaf_clk (net)
                      0.074788    0.000266    0.531904 ^ dsa[14]._8_/CLK (sky130_fd_sc_hd__dfrtp_1)
     2    0.005614    0.100167    0.765049    1.296953 v dsa[14]._8_/Q (sky130_fd_sc_hd__dfrtp_1)
                                                         dsa[14].last_carry (net)
                      0.100167    0.000048    1.297001 v dsa[14]._4_/B1 (sky130_fd_sc_hd__a21o_1)
     2    0.005280    0.079796    0.310275    1.607276 v dsa[14]._4_/X (sky130_fd_sc_hd__a21o_1)
                                                         dsa[14]._1_ (net)
                      0.079796    0.000038    1.607314 v dsa[14]._7_/A2 (sky130_fd_sc_hd__a21bo_1)
     1    0.002753    0.061481    0.338698    1.946012 v dsa[14]._7_/X (sky130_fd_sc_hd__a21bo_1)
                                                         dsa[14].last_carry_next (net)
                      0.061481    0.000022    1.946034 v dsa[14]._8_/D (sky130_fd_sc_hd__dfrtp_1)
                                              1.946034   data arrival time

                                 10.000000   10.000000   clock core_clock (rise edge)
                                  0.000000   10.000000   clock source latency
     1    0.014006    0.000000    0.000000   10.000000 ^ clk (in)
                                                         clk (net)
                      0.000547    0.000274   10.000274 ^ clkbuf_0_clk/A (sky130_fd_sc_hd__clkbuf_16)
     8    0.081141    0.149432    0.263842   10.264116 ^ clkbuf_0_clk/X (sky130_fd_sc_hd__clkbuf_16)
                                                         clknet_0_clk (net)
                      0.149437    0.001225   10.265341 ^ clkbuf_3_3__f_clk/A (sky130_fd_sc_hd__clkbuf_16)
     9    0.025819    0.074788    0.266297   10.531638 ^ clkbuf_3_3__f_clk/X (sky130_fd_sc_hd__clkbuf_16)
                                                         clknet_3_3__leaf_clk (net)
                      0.074788    0.000266   10.531903 ^ dsa[14]._8_/CLK (sky130_fd_sc_hd__dfrtp_1)
                                  0.000000   10.531903   clock reconvergence pessimism
                                 -0.271736   10.260168   library setup time
                                             10.260168   data required time
---------------------------------------------------------------------------------------------
                                             10.260168   data required time
                                             -1.946034   data arrival time
---------------------------------------------------------------------------------------------
                                              8.314134   slack (MET)


Startpoint: dsa[12]._8_ (rising edge-triggered flip-flop clocked by core_clock)
Endpoint: dsa[12]._8_ (rising edge-triggered flip-flop clocked by core_clock)
Path Group: core_clock
Path Type: max

Fanout         Cap        Slew       Delay        Time   Description
---------------------------------------------------------------------------------------------
                                  0.000000    0.000000   clock core_clock (rise edge)
                                  0.000000    0.000000   clock source latency
     1    0.014006    0.000000    0.000000    0.000000 ^ clk (in)
                                                         clk (net)
                      0.000547    0.000274    0.000274 ^ clkbuf_0_clk/A (sky130_fd_sc_hd__clkbuf_16)
     8    0.081141    0.149432    0.263842    0.264115 ^ clkbuf_0_clk/X (sky130_fd_sc_hd__clkbuf_16)
                                                         clknet_0_clk (net)
                      0.149455    0.001954    0.266069 ^ clkbuf_3_6__f_clk/A (sky130_fd_sc_hd__clkbuf_16)
     8    0.025818    0.074785    0.266332    0.532401 ^ clkbuf_3_6__f_clk/X (sky130_fd_sc_hd__clkbuf_16)
                                                         clknet_3_6__leaf_clk (net)
                      0.074785    0.000207    0.532608 ^ dsa[12]._8_/CLK (sky130_fd_sc_hd__dfrtp_1)
     2    0.005411    0.098575    0.763183    1.295791 v dsa[12]._8_/Q (sky130_fd_sc_hd__dfrtp_1)
                                                         dsa[12].last_carry (net)
                      0.098575    0.000045    1.295836 v dsa[12]._4_/B1 (sky130_fd_sc_hd__a21o_1)
     2    0.005984    0.084957    0.315061    1.610896 v dsa[12]._4_/X (sky130_fd_sc_hd__a21o_1)
                                                         dsa[12]._1_ (net)
                      0.084957    0.000023    1.610920 v dsa[12]._7_/A2 (sky130_fd_sc_hd__a21bo_1)
     1    0.002377    0.058471    0.336665    1.947585 v dsa[12]._7_/X (sky130_fd_sc_hd__a21bo_1)
                                                         dsa[12].last_carry_next (net)
                      0.058471    0.000024    1.947609 v dsa[12]._8_/D (sky130_fd_sc_hd__dfrtp_1)
                                              1.947609   data arrival time

                                 10.000000   10.000000   clock core_clock (rise edge)
                                  0.000000   10.000000   clock source latency
     1    0.014006    0.000000    0.000000   10.000000 ^ clk (in)
                                                         clk (net)
                      0.000547    0.000274   10.000274 ^ clkbuf_0_clk/A (sky130_fd_sc_hd__clkbuf_16)
     8    0.081141    0.149432    0.263842   10.264116 ^ clkbuf_0_clk/X (sky130_fd_sc_hd__clkbuf_16)
                                                         clknet_0_clk (net)
                      0.149455    0.001953   10.266069 ^ clkbuf_3_6__f_clk/A (sky130_fd_sc_hd__clkbuf_16)
     8    0.025818    0.074785    0.266332   10.532401 ^ clkbuf_3_6__f_clk/X (sky130_fd_sc_hd__clkbuf_16)
                                                         clknet_3_6__leaf_clk (net)
                      0.074785    0.000207   10.532608 ^ dsa[12]._8_/CLK (sky130_fd_sc_hd__dfrtp_1)
                                  0.000000   10.532608   clock reconvergence pessimism
                                 -0.270481   10.262127   library setup time
                                             10.262127   data required time
---------------------------------------------------------------------------------------------
                                             10.262127   data required time
                                             -1.947609   data arrival time
---------------------------------------------------------------------------------------------
                                              8.314517   slack (MET)


Startpoint: dsa[9]._8_ (rising edge-triggered flip-flop clocked by core_clock)
Endpoint: dsa[9]._8_ (rising edge-triggered flip-flop clocked by core_clock)
Path Group: core_clock
Path Type: max

Fanout         Cap        Slew       Delay        Time   Description
---------------------------------------------------------------------------------------------
                                  0.000000    0.000000   clock core_clock (rise edge)
                                  0.000000    0.000000   clock source latency
     1    0.014006    0.000000    0.000000    0.000000 ^ clk (in)
                                                         clk (net)
                      0.000547    0.000274    0.000274 ^ clkbuf_0_clk/A (sky130_fd_sc_hd__clkbuf_16)
     8    0.081141    0.149432    0.263842    0.264115 ^ clkbuf_0_clk/X (sky130_fd_sc_hd__clkbuf_16)
                                                         clknet_0_clk (net)
                      0.149455    0.001954    0.266069 ^ clkbuf_3_6__f_clk/A (sky130_fd_sc_hd__clkbuf_16)
     8    0.025818    0.074785    0.266332    0.532401 ^ clkbuf_3_6__f_clk/X (sky130_fd_sc_hd__clkbuf_16)
                                                         clknet_3_6__leaf_clk (net)
                      0.074785    0.000263    0.532664 ^ dsa[9]._8_/CLK (sky130_fd_sc_hd__dfrtp_1)
     2    0.005374    0.098284    0.762846    1.295510 v dsa[9]._8_/Q (sky130_fd_sc_hd__dfrtp_1)
                                                         dsa[9].last_carry (net)
                      0.098284    0.000039    1.295550 v dsa[9]._4_/B1 (sky130_fd_sc_hd__a21o_1)
     2    0.005500    0.081392    0.311206    1.606756 v dsa[9]._4_/X (sky130_fd_sc_hd__a21o_1)
                                                         dsa[9]._1_ (net)
                      0.081392    0.000047    1.606803 v dsa[9]._7_/A2 (sky130_fd_sc_hd__a21bo_1)
     1    0.002693    0.060986    0.338690    1.945493 v dsa[9]._7_/X (sky130_fd_sc_hd__a21bo_1)
                                                         dsa[9].last_carry_next (net)
                      0.060986    0.000021    1.945514 v dsa[9]._8_/D (sky130_fd_sc_hd__dfrtp_1)
                                              1.945514   data arrival time

                                 10.000000   10.000000   clock core_clock (rise edge)
                                  0.000000   10.000000   clock source latency
     1    0.014006    0.000000    0.000000   10.000000 ^ clk (in)
                                                         clk (net)
                      0.000547    0.000274   10.000274 ^ clkbuf_0_clk/A (sky130_fd_sc_hd__clkbuf_16)
     8    0.081141    0.149432    0.263842   10.264116 ^ clkbuf_0_clk/X (sky130_fd_sc_hd__clkbuf_16)
                                                         clknet_0_clk (net)
                      0.149455    0.001953   10.266069 ^ clkbuf_3_6__f_clk/A (sky130_fd_sc_hd__clkbuf_16)
     8    0.025818    0.074785    0.266332   10.532401 ^ clkbuf_3_6__f_clk/X (sky130_fd_sc_hd__clkbuf_16)
                                                         clknet_3_6__leaf_clk (net)
                      0.074785    0.000264   10.532665 ^ dsa[9]._8_/CLK (sky130_fd_sc_hd__dfrtp_1)
                                  0.000000   10.532665   clock reconvergence pessimism
                                 -0.271530   10.261134   library setup time
                                             10.261134   data required time
---------------------------------------------------------------------------------------------
                                             10.261134   data required time
                                             -1.945514   data arrival time
---------------------------------------------------------------------------------------------
                                              8.315620   slack (MET)


Startpoint: dsa[31]._8_ (rising edge-triggered flip-flop clocked by core_clock)
Endpoint: dsa[31]._8_ (rising edge-triggered flip-flop clocked by core_clock)
Path Group: core_clock
Path Type: max

Fanout         Cap        Slew       Delay        Time   Description
---------------------------------------------------------------------------------------------
                                  0.000000    0.000000   clock core_clock (rise edge)
                                  0.000000    0.000000   clock source latency
     1    0.014006    0.000000    0.000000    0.000000 ^ clk (in)
                                                         clk (net)
                      0.000547    0.000274    0.000274 ^ clkbuf_0_clk/A (sky130_fd_sc_hd__clkbuf_16)
     8    0.081141    0.149432    0.263842    0.264115 ^ clkbuf_0_clk/X (sky130_fd_sc_hd__clkbuf_16)
                                                         clknet_0_clk (net)
                      0.149646    0.003631    0.267746 ^ clkbuf_3_0__f_clk/A (sky130_fd_sc_hd__clkbuf_16)
    10    0.030493    0.081065    0.273023    0.540769 ^ clkbuf_3_0__f_clk/X (sky130_fd_sc_hd__clkbuf_16)
                                                         clknet_3_0__leaf_clk (net)
                      0.081066    0.000453    0.541222 ^ dsa[31]._8_/CLK (sky130_fd_sc_hd__dfrtp_1)
     2    0.005343    0.101653    0.765503    1.306725 v dsa[31]._8_/Q (sky130_fd_sc_hd__dfrtp_1)
                                                         dsa[31].last_carry (net)
                      0.101653    0.000033    1.306758 v dsa[31]._4_/B1 (sky130_fd_sc_hd__a21o_1)
     2    0.005752    0.083236    0.314504    1.621262 v dsa[31]._4_/X (sky130_fd_sc_hd__a21o_1)
                                                         dsa[31]._1_ (net)
                      0.083236    0.000060    1.621322 v dsa[31]._7_/A2 (sky130_fd_sc_hd__a21bo_1)
     1    0.002262    0.057572    0.334704    1.956026 v dsa[31]._7_/X (sky130_fd_sc_hd__a21bo_1)
                                                         dsa[31].last_carry_next (net)
                      0.057572    0.000021    1.956047 v dsa[31]._8_/D (sky130_fd_sc_hd__dfrtp_1)
                                              1.956047   data arrival time

                                 10.000000   10.000000   clock core_clock (rise edge)
                                  0.000000   10.000000   clock source latency
     1    0.014006    0.000000    0.000000   10.000000 ^ clk (in)
                                                         clk (net)
                      0.000547    0.000274   10.000274 ^ clkbuf_0_clk/A (sky130_fd_sc_hd__clkbuf_16)
     8    0.081141    0.149432    0.263842   10.264116 ^ clkbuf_0_clk/X (sky130_fd_sc_hd__clkbuf_16)
                                                         clknet_0_clk (net)
                      0.149646    0.003630   10.267746 ^ clkbuf_3_0__f_clk/A (sky130_fd_sc_hd__clkbuf_16)
    10    0.030493    0.081065    0.273023   10.540769 ^ clkbuf_3_0__f_clk/X (sky130_fd_sc_hd__clkbuf_16)
                                                         clknet_3_0__leaf_clk (net)
                      0.081066    0.000454   10.541223 ^ dsa[31]._8_/CLK (sky130_fd_sc_hd__dfrtp_1)
                                  0.000000   10.541223   clock reconvergence pessimism
                                 -0.268433   10.272789   library setup time
                                             10.272789   data required time
---------------------------------------------------------------------------------------------
                                             10.272789   data required time
                                             -1.956047   data arrival time
---------------------------------------------------------------------------------------------
                                              8.316742   slack (MET)


Startpoint: dsa[4]._8_ (rising edge-triggered flip-flop clocked by core_clock)
Endpoint: dsa[4]._8_ (rising edge-triggered flip-flop clocked by core_clock)
Path Group: core_clock
Path Type: max

Fanout         Cap        Slew       Delay        Time   Description
---------------------------------------------------------------------------------------------
                                  0.000000    0.000000   clock core_clock (rise edge)
                                  0.000000    0.000000   clock source latency
     1    0.014006    0.000000    0.000000    0.000000 ^ clk (in)
                                                         clk (net)
                      0.000547    0.000274    0.000274 ^ clkbuf_0_clk/A (sky130_fd_sc_hd__clkbuf_16)
     8    0.081141    0.149432    0.263842    0.264115 ^ clkbuf_0_clk/X (sky130_fd_sc_hd__clkbuf_16)
                                                         clknet_0_clk (net)
                      0.149607    0.003091    0.267206 ^ clkbuf_3_5__f_clk/A (sky130_fd_sc_hd__clkbuf_16)
     8    0.027850    0.077464    0.269254    0.536461 ^ clkbuf_3_5__f_clk/X (sky130_fd_sc_hd__clkbuf_16)
                                                         clknet_3_5__leaf_clk (net)
                      0.077464    0.000354    0.536815 ^ dsa[4]._8_/CLK (sky130_fd_sc_hd__dfrtp_1)
     2    0.005361    0.101811    0.764003    1.300817 v dsa[4]._8_/Q (sky130_fd_sc_hd__dfrtp_1)
                                                         dsa[4].last_carry (net)
                      0.101811    0.000017    1.300835 v dsa[4]._4_/B1 (sky130_fd_sc_hd__a21o_1)
     2    0.005600    0.082125    0.313403    1.614238 v dsa[4]._4_/X (sky130_fd_sc_hd__a21o_1)
                                                         dsa[4]._1_ (net)
                      0.082125    0.000058    1.614296 v dsa[4]._7_/A2 (sky130_fd_sc_hd__a21bo_1)
     1    0.002320    0.058026    0.334883    1.949179 v dsa[4]._7_/X (sky130_fd_sc_hd__a21bo_1)
                                                         dsa[4].last_carry_next (net)
                      0.058026    0.000022    1.949201 v dsa[4]._8_/D (sky130_fd_sc_hd__dfrtp_1)
                                              1.949201   data arrival time

                                 10.000000   10.000000   clock core_clock (rise edge)
                                  0.000000   10.000000   clock source latency
     1    0.014006    0.000000    0.000000   10.000000 ^ clk (in)
                                                         clk (net)
                      0.000547    0.000274   10.000274 ^ clkbuf_0_clk/A (sky130_fd_sc_hd__clkbuf_16)
     8    0.081141    0.149432    0.263842   10.264116 ^ clkbuf_0_clk/X (sky130_fd_sc_hd__clkbuf_16)
                                                         clknet_0_clk (net)
                      0.149607    0.003091   10.267207 ^ clkbuf_3_5__f_clk/A (sky130_fd_sc_hd__clkbuf_16)
     8    0.027850    0.077464    0.269254   10.536461 ^ clkbuf_3_5__f_clk/X (sky130_fd_sc_hd__clkbuf_16)
                                                         clknet_3_5__leaf_clk (net)
                      0.077464    0.000353   10.536815 ^ dsa[4]._8_/CLK (sky130_fd_sc_hd__dfrtp_1)
                                  0.000000   10.536815   clock reconvergence pessimism
                                 -0.269582   10.267233   library setup time
                                             10.267233   data required time
---------------------------------------------------------------------------------------------
                                             10.267233   data required time
                                             -1.949201   data arrival time
---------------------------------------------------------------------------------------------
                                              8.318032   slack (MET)


Startpoint: dsa[13]._8_ (rising edge-triggered flip-flop clocked by core_clock)
Endpoint: dsa[13]._8_ (rising edge-triggered flip-flop clocked by core_clock)
Path Group: core_clock
Path Type: max

Fanout         Cap        Slew       Delay        Time   Description
---------------------------------------------------------------------------------------------
                                  0.000000    0.000000   clock core_clock (rise edge)
                                  0.000000    0.000000   clock source latency
     1    0.014006    0.000000    0.000000    0.000000 ^ clk (in)
                                                         clk (net)
                      0.000547    0.000274    0.000274 ^ clkbuf_0_clk/A (sky130_fd_sc_hd__clkbuf_16)
     8    0.081141    0.149432    0.263842    0.264115 ^ clkbuf_0_clk/X (sky130_fd_sc_hd__clkbuf_16)
                                                         clknet_0_clk (net)
                      0.149437    0.001226    0.265341 ^ clkbuf_3_3__f_clk/A (sky130_fd_sc_hd__clkbuf_16)
     9    0.025819    0.074788    0.266297    0.531638 ^ clkbuf_3_3__f_clk/X (sky130_fd_sc_hd__clkbuf_16)
                                                         clknet_3_3__leaf_clk (net)
                      0.074789    0.000324    0.531961 ^ dsa[13]._8_/CLK (sky130_fd_sc_hd__dfrtp_1)
     2    0.005451    0.098885    0.763564    1.295525 v dsa[13]._8_/Q (sky130_fd_sc_hd__dfrtp_1)
                                                         dsa[13].last_carry (net)
                      0.098885    0.000019    1.295544 v dsa[13]._4_/B1 (sky130_fd_sc_hd__a21o_1)
     2    0.005387    0.080568    0.310576    1.606120 v dsa[13]._4_/X (sky130_fd_sc_hd__a21o_1)
                                                         dsa[13]._1_ (net)
                      0.080568    0.000051    1.606171 v dsa[13]._7_/A2 (sky130_fd_sc_hd__a21bo_1)
     1    0.002496    0.059414    0.336185    1.942356 v dsa[13]._7_/X (sky130_fd_sc_hd__a21bo_1)
                                                         dsa[13].last_carry_next (net)
                      0.059414    0.000025    1.942381 v dsa[13]._8_/D (sky130_fd_sc_hd__dfrtp_1)
                                              1.942381   data arrival time

                                 10.000000   10.000000   clock core_clock (rise edge)
                                  0.000000   10.000000   clock source latency
     1    0.014006    0.000000    0.000000   10.000000 ^ clk (in)
                                                         clk (net)
                      0.000547    0.000274   10.000274 ^ clkbuf_0_clk/A (sky130_fd_sc_hd__clkbuf_16)
     8    0.081141    0.149432    0.263842   10.264116 ^ clkbuf_0_clk/X (sky130_fd_sc_hd__clkbuf_16)
                                                         clknet_0_clk (net)
                      0.149437    0.001225   10.265341 ^ clkbuf_3_3__f_clk/A (sky130_fd_sc_hd__clkbuf_16)
     9    0.025819    0.074788    0.266297   10.531638 ^ clkbuf_3_3__f_clk/X (sky130_fd_sc_hd__clkbuf_16)
                                                         clknet_3_3__leaf_clk (net)
                      0.074789    0.000323   10.531961 ^ dsa[13]._8_/CLK (sky130_fd_sc_hd__dfrtp_1)
                                  0.000000   10.531961   clock reconvergence pessimism
                                 -0.270873   10.261088   library setup time
                                             10.261088   data required time
---------------------------------------------------------------------------------------------
                                             10.261088   data required time
                                             -1.942381   data arrival time
---------------------------------------------------------------------------------------------
                                              8.318707   slack (MET)


Startpoint: dsa[24]._8_ (rising edge-triggered flip-flop clocked by core_clock)
Endpoint: dsa[24]._8_ (rising edge-triggered flip-flop clocked by core_clock)
Path Group: core_clock
Path Type: max

Fanout         Cap        Slew       Delay        Time   Description
---------------------------------------------------------------------------------------------
                                  0.000000    0.000000   clock core_clock (rise edge)
                                  0.000000    0.000000   clock source latency
     1    0.014006    0.000000    0.000000    0.000000 ^ clk (in)
                                                         clk (net)
                      0.000547    0.000274    0.000274 ^ clkbuf_0_clk/A (sky130_fd_sc_hd__clkbuf_16)
     8    0.081141    0.149432    0.263842    0.264115 ^ clkbuf_0_clk/X (sky130_fd_sc_hd__clkbuf_16)
                                                         clknet_0_clk (net)
                      0.149439    0.001325    0.265441 ^ clkbuf_3_2__f_clk/A (sky130_fd_sc_hd__clkbuf_16)
    10    0.029386    0.079527    0.271344    0.536785 ^ clkbuf_3_2__f_clk/X (sky130_fd_sc_hd__clkbuf_16)
                                                         clknet_3_2__leaf_clk (net)
                      0.079527    0.000359    0.537144 ^ dsa[24]._8_/CLK (sky130_fd_sc_hd__dfrtp_1)
     2    0.005141    0.096472    0.762919    1.300062 v dsa[24]._8_/Q (sky130_fd_sc_hd__dfrtp_1)
                                                         dsa[24].last_carry (net)
                      0.096472    0.000044    1.300106 v dsa[24]._4_/B1 (sky130_fd_sc_hd__a21o_1)
     2    0.005605    0.082160    0.311277    1.611383 v dsa[24]._4_/X (sky130_fd_sc_hd__a21o_1)
                                                         dsa[24]._1_ (net)
                      0.082160    0.000060    1.611443 v dsa[24]._7_/A2 (sky130_fd_sc_hd__a21bo_1)
     1    0.002473    0.059236    0.336589    1.948032 v dsa[24]._7_/X (sky130_fd_sc_hd__a21bo_1)
                                                         dsa[24].last_carry_next (net)
                      0.059236    0.000024    1.948056 v dsa[24]._8_/D (sky130_fd_sc_hd__dfrtp_1)
                                              1.948056   data arrival time

                                 10.000000   10.000000   clock core_clock (rise edge)
                                  0.000000   10.000000   clock source latency
     1    0.014006    0.000000    0.000000   10.000000 ^ clk (in)
                                                         clk (net)
                      0.000547    0.000274   10.000274 ^ clkbuf_0_clk/A (sky130_fd_sc_hd__clkbuf_16)
     8    0.081141    0.149432    0.263842   10.264116 ^ clkbuf_0_clk/X (sky130_fd_sc_hd__clkbuf_16)
                                                         clknet_0_clk (net)
                      0.149439    0.001325   10.265441 ^ clkbuf_3_2__f_clk/A (sky130_fd_sc_hd__clkbuf_16)
    10    0.029386    0.079527    0.271344   10.536785 ^ clkbuf_3_2__f_clk/X (sky130_fd_sc_hd__clkbuf_16)
                                                         clknet_3_2__leaf_clk (net)
                      0.079527    0.000359   10.537144 ^ dsa[24]._8_/CLK (sky130_fd_sc_hd__dfrtp_1)
                                  0.000000   10.537144   clock reconvergence pessimism
                                 -0.269537   10.267607   library setup time
                                             10.267607   data required time
---------------------------------------------------------------------------------------------
                                             10.267607   data required time
                                             -1.948056   data arrival time
---------------------------------------------------------------------------------------------
                                              8.319551   slack (MET)


Startpoint: dsa[7]._8_ (rising edge-triggered flip-flop clocked by core_clock)
Endpoint: dsa[7]._8_ (rising edge-triggered flip-flop clocked by core_clock)
Path Group: core_clock
Path Type: max

Fanout         Cap        Slew       Delay        Time   Description
---------------------------------------------------------------------------------------------
                                  0.000000    0.000000   clock core_clock (rise edge)
                                  0.000000    0.000000   clock source latency
     1    0.014006    0.000000    0.000000    0.000000 ^ clk (in)
                                                         clk (net)
                      0.000547    0.000274    0.000274 ^ clkbuf_0_clk/A (sky130_fd_sc_hd__clkbuf_16)
     8    0.081141    0.149432    0.263842    0.264115 ^ clkbuf_0_clk/X (sky130_fd_sc_hd__clkbuf_16)
                                                         clknet_0_clk (net)
                      0.149605    0.003059    0.267174 ^ clkbuf_3_4__f_clk/A (sky130_fd_sc_hd__clkbuf_16)
     9    0.021963    0.069872    0.260919    0.528094 ^ clkbuf_3_4__f_clk/X (sky130_fd_sc_hd__clkbuf_16)
                                                         clknet_3_4__leaf_clk (net)
                      0.069895    0.000194    0.528287 ^ dsa[7]._8_/CLK (sky130_fd_sc_hd__dfrtp_1)
     2    0.005179    0.096788    0.758767    1.287054 v dsa[7]._8_/Q (sky130_fd_sc_hd__dfrtp_1)
                                                         dsa[7].last_carry (net)
                      0.096788    0.000040    1.287095 v dsa[7]._4_/B1 (sky130_fd_sc_hd__a21o_1)
     2    0.005276    0.082687    0.308897    1.595991 v dsa[7]._4_/X (sky130_fd_sc_hd__a21o_1)
                                                         dsa[7]._1_ (net)
                      0.082687    0.000022    1.596013 v dsa[7]._7_/A2 (sky130_fd_sc_hd__a21bo_1)
     1    0.002358    0.058326    0.335533    1.931547 v dsa[7]._7_/X (sky130_fd_sc_hd__a21bo_1)
                                                         dsa[7].last_carry_next (net)
                      0.058326    0.000022    1.931569 v dsa[7]._8_/D (sky130_fd_sc_hd__dfrtp_1)
                                              1.931569   data arrival time

                                 10.000000   10.000000   clock core_clock (rise edge)
                                  0.000000   10.000000   clock source latency
     1    0.014006    0.000000    0.000000   10.000000 ^ clk (in)
                                                         clk (net)
                      0.000547    0.000274   10.000274 ^ clkbuf_0_clk/A (sky130_fd_sc_hd__clkbuf_16)
     8    0.081141    0.149432    0.263842   10.264116 ^ clkbuf_0_clk/X (sky130_fd_sc_hd__clkbuf_16)
                                                         clknet_0_clk (net)
                      0.149605    0.003058   10.267174 ^ clkbuf_3_4__f_clk/A (sky130_fd_sc_hd__clkbuf_16)
     9    0.021963    0.069872    0.260920   10.528094 ^ clkbuf_3_4__f_clk/X (sky130_fd_sc_hd__clkbuf_16)
                                                         clknet_3_4__leaf_clk (net)
                      0.069895    0.000194   10.528288 ^ dsa[7]._8_/CLK (sky130_fd_sc_hd__dfrtp_1)
                                  0.000000   10.528288   clock reconvergence pessimism
                                 -0.271724   10.256564   library setup time
                                             10.256564   data required time
---------------------------------------------------------------------------------------------
                                             10.256564   data required time
                                             -1.931569   data arrival time
---------------------------------------------------------------------------------------------
                                              8.324995   slack (MET)


Startpoint: dsa[21]._8_ (rising edge-triggered flip-flop clocked by core_clock)
Endpoint: dsa[21]._9_ (rising edge-triggered flip-flop clocked by core_clock)
Path Group: core_clock
Path Type: max

Fanout         Cap        Slew       Delay        Time   Description
---------------------------------------------------------------------------------------------
                                  0.000000    0.000000   clock core_clock (rise edge)
                                  0.000000    0.000000   clock source latency
     1    0.014006    0.000000    0.000000    0.000000 ^ clk (in)
                                                         clk (net)
                      0.000547    0.000274    0.000274 ^ clkbuf_0_clk/A (sky130_fd_sc_hd__clkbuf_16)
     8    0.081141    0.149432    0.263842    0.264115 ^ clkbuf_0_clk/X (sky130_fd_sc_hd__clkbuf_16)
                                                         clknet_0_clk (net)
                      0.149646    0.003631    0.267746 ^ clkbuf_3_0__f_clk/A (sky130_fd_sc_hd__clkbuf_16)
    10    0.030493    0.081065    0.273023    0.540769 ^ clkbuf_3_0__f_clk/X (sky130_fd_sc_hd__clkbuf_16)
                                                         clknet_3_0__leaf_clk (net)
                      0.081065    0.000174    0.540942 ^ dsa[21]._8_/CLK (sky130_fd_sc_hd__dfrtp_1)
     2    0.005249    0.097299    0.764622    1.305564 v dsa[21]._8_/Q (sky130_fd_sc_hd__dfrtp_1)
                                                         dsa[21].last_carry (net)
                      0.097299    0.000036    1.305600 v dsa[21]._4_/B1 (sky130_fd_sc_hd__a21o_1)
     2    0.005750    0.083230    0.312736    1.618336 v dsa[21]._4_/X (sky130_fd_sc_hd__a21o_1)
                                                         dsa[21]._1_ (net)
                      0.083230    0.000060    1.618396 v dsa[21]._5_/B (sky130_fd_sc_hd__nand2_1)
     1    0.005412    0.106882    0.132337    1.750733 ^ dsa[21]._5_/Y (sky130_fd_sc_hd__nand2_1)
                                                         dsa[21]._2_ (net)
                      0.106882    0.000059    1.750792 ^ dsa[21]._6_/B (sky130_fd_sc_hd__xnor2_1)
     1    0.003732    0.104360    0.141866    1.892658 v dsa[21]._6_/Y (sky130_fd_sc_hd__xnor2_1)
                                                         dsa[21].y_out_next (net)
                      0.104360    0.000057    1.892715 v dsa[21]._9_/D (sky130_fd_sc_hd__dfrtp_1)
                                              1.892715   data arrival time

                                 10.000000   10.000000   clock core_clock (rise edge)
                                  0.000000   10.000000   clock source latency
     1    0.014006    0.000000    0.000000   10.000000 ^ clk (in)
                                                         clk (net)
                      0.000547    0.000274   10.000274 ^ clkbuf_0_clk/A (sky130_fd_sc_hd__clkbuf_16)
     8    0.081141    0.149432    0.263842   10.264116 ^ clkbuf_0_clk/X (sky130_fd_sc_hd__clkbuf_16)
                                                         clknet_0_clk (net)
                      0.149437    0.001225   10.265341 ^ clkbuf_3_3__f_clk/A (sky130_fd_sc_hd__clkbuf_16)
     9    0.025819    0.074788    0.266297   10.531638 ^ clkbuf_3_3__f_clk/X (sky130_fd_sc_hd__clkbuf_16)
                                                         clknet_3_3__leaf_clk (net)
                      0.074788    0.000188   10.531826 ^ dsa[21]._9_/CLK (sky130_fd_sc_hd__dfrtp_1)
                                  0.000000   10.531826   clock reconvergence pessimism
                                 -0.289617   10.242209   library setup time
                                             10.242209   data required time
---------------------------------------------------------------------------------------------
                                             10.242209   data required time
                                             -1.892715   data arrival time
---------------------------------------------------------------------------------------------
                                              8.349494   slack (MET)


Startpoint: dsa[30]._8_ (rising edge-triggered flip-flop clocked by core_clock)
Endpoint: dsa[30]._9_ (rising edge-triggered flip-flop clocked by core_clock)
Path Group: core_clock
Path Type: max

Fanout         Cap        Slew       Delay        Time   Description
---------------------------------------------------------------------------------------------
                                  0.000000    0.000000   clock core_clock (rise edge)
                                  0.000000    0.000000   clock source latency
     1    0.014006    0.000000    0.000000    0.000000 ^ clk (in)
                                                         clk (net)
                      0.000547    0.000274    0.000274 ^ clkbuf_0_clk/A (sky130_fd_sc_hd__clkbuf_16)
     8    0.081141    0.149432    0.263842    0.264115 ^ clkbuf_0_clk/X (sky130_fd_sc_hd__clkbuf_16)
                                                         clknet_0_clk (net)
                      0.149646    0.003631    0.267746 ^ clkbuf_3_0__f_clk/A (sky130_fd_sc_hd__clkbuf_16)
    10    0.030493    0.081065    0.273023    0.540769 ^ clkbuf_3_0__f_clk/X (sky130_fd_sc_hd__clkbuf_16)
                                                         clknet_3_0__leaf_clk (net)
                      0.081067    0.000468    0.541237 ^ dsa[30]._8_/CLK (sky130_fd_sc_hd__dfrtp_1)
     2    0.006146    0.104411    0.772870    1.314107 v dsa[30]._8_/Q (sky130_fd_sc_hd__dfrtp_1)
                                                         dsa[30].last_carry (net)
                      0.104411    0.000069    1.314176 v dsa[30]._4_/B1 (sky130_fd_sc_hd__a21o_1)
     2    0.005481    0.084229    0.313553    1.627729 v dsa[30]._4_/X (sky130_fd_sc_hd__a21o_1)
                                                         dsa[30]._1_ (net)
                      0.084229    0.000029    1.627758 v dsa[30]._5_/B (sky130_fd_sc_hd__nand2_1)
     1    0.004840    0.103346    0.127116    1.754874 ^ dsa[30]._5_/Y (sky130_fd_sc_hd__nand2_1)
                                                         dsa[30]._2_ (net)
                      0.103346    0.000026    1.754900 ^ dsa[30]._6_/B (sky130_fd_sc_hd__xnor2_1)
     1    0.003297    0.098181    0.135431    1.890331 v dsa[30]._6_/Y (sky130_fd_sc_hd__xnor2_1)
                                                         dsa[30].y_out_next (net)
                      0.098181    0.000042    1.890373 v dsa[30]._9_/D (sky130_fd_sc_hd__dfrtp_1)
                                              1.890373   data arrival time

                                 10.000000   10.000000   clock core_clock (rise edge)
                                  0.000000   10.000000   clock source latency
     1    0.014006    0.000000    0.000000   10.000000 ^ clk (in)
                                                         clk (net)
                      0.000547    0.000274   10.000274 ^ clkbuf_0_clk/A (sky130_fd_sc_hd__clkbuf_16)
     8    0.081141    0.149432    0.263842   10.264116 ^ clkbuf_0_clk/X (sky130_fd_sc_hd__clkbuf_16)
                                                         clknet_0_clk (net)
                      0.149643    0.003591   10.267707 ^ clkbuf_3_1__f_clk/A (sky130_fd_sc_hd__clkbuf_16)
     7    0.023612    0.071959    0.263287   10.530994 ^ clkbuf_3_1__f_clk/X (sky130_fd_sc_hd__clkbuf_16)
                                                         clknet_3_1__leaf_clk (net)
                      0.071959    0.000165   10.531159 ^ dsa[30]._9_/CLK (sky130_fd_sc_hd__dfrtp_1)
                                  0.000000   10.531159   clock reconvergence pessimism
                                 -0.287795   10.243364   library setup time
                                             10.243364   data required time
---------------------------------------------------------------------------------------------
                                             10.243364   data required time
                                             -1.890373   data arrival time
---------------------------------------------------------------------------------------------
                                              8.352991   slack (MET)


Startpoint: dsa[31]._8_ (rising edge-triggered flip-flop clocked by core_clock)
Endpoint: dsa[31]._9_ (rising edge-triggered flip-flop clocked by core_clock)
Path Group: core_clock
Path Type: max

Fanout         Cap        Slew       Delay        Time   Description
---------------------------------------------------------------------------------------------
                                  0.000000    0.000000   clock core_clock (rise edge)
                                  0.000000    0.000000   clock source latency
     1    0.014006    0.000000    0.000000    0.000000 ^ clk (in)
                                                         clk (net)
                      0.000547    0.000274    0.000274 ^ clkbuf_0_clk/A (sky130_fd_sc_hd__clkbuf_16)
     8    0.081141    0.149432    0.263842    0.264115 ^ clkbuf_0_clk/X (sky130_fd_sc_hd__clkbuf_16)
                                                         clknet_0_clk (net)
                      0.149646    0.003631    0.267746 ^ clkbuf_3_0__f_clk/A (sky130_fd_sc_hd__clkbuf_16)
    10    0.030493    0.081065    0.273023    0.540769 ^ clkbuf_3_0__f_clk/X (sky130_fd_sc_hd__clkbuf_16)
                                                         clknet_3_0__leaf_clk (net)
                      0.081066    0.000453    0.541222 ^ dsa[31]._8_/CLK (sky130_fd_sc_hd__dfrtp_1)
     2    0.005343    0.101653    0.765503    1.306725 v dsa[31]._8_/Q (sky130_fd_sc_hd__dfrtp_1)
                                                         dsa[31].last_carry (net)
                      0.101653    0.000033    1.306758 v dsa[31]._4_/B1 (sky130_fd_sc_hd__a21o_1)
     2    0.005752    0.083236    0.314504    1.621262 v dsa[31]._4_/X (sky130_fd_sc_hd__a21o_1)
                                                         dsa[31]._1_ (net)
                      0.083236    0.000049    1.621311 v dsa[31]._5_/B (sky130_fd_sc_hd__nand2_1)
     1    0.004946    0.099887    0.127680    1.748990 ^ dsa[31]._5_/Y (sky130_fd_sc_hd__nand2_1)
                                                         dsa[31]._2_ (net)
                      0.099887    0.000048    1.749038 ^ dsa[31]._6_/B (sky130_fd_sc_hd__xnor2_1)
     1    0.004125    0.109925    0.143793    1.892831 v dsa[31]._6_/Y (sky130_fd_sc_hd__xnor2_1)
                                                         dsa[31].y_out_next (net)
                      0.109925    0.000063    1.892895 v dsa[31]._9_/D (sky130_fd_sc_hd__dfrtp_1)
                                              1.892895   data arrival time

                                 10.000000   10.000000   clock core_clock (rise edge)
                                  0.000000   10.000000   clock source latency
     1    0.014006    0.000000    0.000000   10.000000 ^ clk (in)
                                                         clk (net)
                      0.000547    0.000274   10.000274 ^ clkbuf_0_clk/A (sky130_fd_sc_hd__clkbuf_16)
     8    0.081141    0.149432    0.263842   10.264116 ^ clkbuf_0_clk/X (sky130_fd_sc_hd__clkbuf_16)
                                                         clknet_0_clk (net)
                      0.149646    0.003630   10.267746 ^ clkbuf_3_0__f_clk/A (sky130_fd_sc_hd__clkbuf_16)
    10    0.030493    0.081065    0.273023   10.540769 ^ clkbuf_3_0__f_clk/X (sky130_fd_sc_hd__clkbuf_16)
                                                         clknet_3_0__leaf_clk (net)
                      0.081065    0.000349   10.541118 ^ dsa[31]._9_/CLK (sky130_fd_sc_hd__dfrtp_1)
                                  0.000000   10.541118   clock reconvergence pessimism
                                 -0.290263   10.250854   library setup time
                                             10.250854   data required time
---------------------------------------------------------------------------------------------
                                             10.250854   data required time
                                             -1.892895   data arrival time
---------------------------------------------------------------------------------------------
                                              8.357960   slack (MET)


Startpoint: dsa[19]._8_ (rising edge-triggered flip-flop clocked by core_clock)
Endpoint: dsa[19]._9_ (rising edge-triggered flip-flop clocked by core_clock)
Path Group: core_clock
Path Type: max

Fanout         Cap        Slew       Delay        Time   Description
---------------------------------------------------------------------------------------------
                                  0.000000    0.000000   clock core_clock (rise edge)
                                  0.000000    0.000000   clock source latency
     1    0.014006    0.000000    0.000000    0.000000 ^ clk (in)
                                                         clk (net)
                      0.000547    0.000274    0.000274 ^ clkbuf_0_clk/A (sky130_fd_sc_hd__clkbuf_16)
     8    0.081141    0.149432    0.263842    0.264115 ^ clkbuf_0_clk/X (sky130_fd_sc_hd__clkbuf_16)
                                                         clknet_0_clk (net)
                      0.149646    0.003631    0.267746 ^ clkbuf_3_0__f_clk/A (sky130_fd_sc_hd__clkbuf_16)
    10    0.030493    0.081065    0.273023    0.540769 ^ clkbuf_3_0__f_clk/X (sky130_fd_sc_hd__clkbuf_16)
                                                         clknet_3_0__leaf_clk (net)
                      0.081066    0.000377    0.541146 ^ dsa[19]._8_/CLK (sky130_fd_sc_hd__dfrtp_1)
     2    0.005972    0.103002    0.771276    1.312421 v dsa[19]._8_/Q (sky130_fd_sc_hd__dfrtp_1)
                                                         dsa[19].last_carry (net)
                      0.103002    0.000052    1.312473 v dsa[19]._4_/B1 (sky130_fd_sc_hd__a21o_1)
     2    0.005421    0.080813    0.312516    1.624990 v dsa[19]._4_/X (sky130_fd_sc_hd__a21o_1)
                                                         dsa[19]._1_ (net)
                      0.080813    0.000017    1.625007 v dsa[19]._5_/B (sky130_fd_sc_hd__nand2_1)
     1    0.005610    0.108391    0.133160    1.758167 ^ dsa[19]._5_/Y (sky130_fd_sc_hd__nand2_1)
                                                         dsa[19]._2_ (net)
                      0.108391    0.000071    1.758238 ^ dsa[19]._6_/B (sky130_fd_sc_hd__xnor2_1)
     1    0.003164    0.096304    0.135683    1.893921 v dsa[19]._6_/Y (sky130_fd_sc_hd__xnor2_1)
                                                         dsa[19].y_out_next (net)
                      0.096304    0.000026    1.893947 v dsa[19]._9_/D (sky130_fd_sc_hd__dfrtp_1)
                                              1.893947   data arrival time

                                 10.000000   10.000000   clock core_clock (rise edge)
                                  0.000000   10.000000   clock source latency
     1    0.014006    0.000000    0.000000   10.000000 ^ clk (in)
                                                         clk (net)
                      0.000547    0.000274   10.000274 ^ clkbuf_0_clk/A (sky130_fd_sc_hd__clkbuf_16)
     8    0.081141    0.149432    0.263842   10.264116 ^ clkbuf_0_clk/X (sky130_fd_sc_hd__clkbuf_16)
                                                         clknet_0_clk (net)
                      0.149646    0.003630   10.267746 ^ clkbuf_3_0__f_clk/A (sky130_fd_sc_hd__clkbuf_16)
    10    0.030493    0.081065    0.273023   10.540769 ^ clkbuf_3_0__f_clk/X (sky130_fd_sc_hd__clkbuf_16)
                                                         clknet_3_0__leaf_clk (net)
                      0.081066    0.000376   10.541144 ^ dsa[19]._9_/CLK (sky130_fd_sc_hd__dfrtp_1)
                                  0.000000   10.541144   clock reconvergence pessimism
                                 -0.284584   10.256560   library setup time
                                             10.256560   data required time
---------------------------------------------------------------------------------------------
                                             10.256560   data required time
                                             -1.893947   data arrival time
---------------------------------------------------------------------------------------------
                                              8.362614   slack (MET)


Startpoint: dsa[22]._8_ (rising edge-triggered flip-flop clocked by core_clock)
Endpoint: dsa[22]._9_ (rising edge-triggered flip-flop clocked by core_clock)
Path Group: core_clock
Path Type: max

Fanout         Cap        Slew       Delay        Time   Description
---------------------------------------------------------------------------------------------
                                  0.000000    0.000000   clock core_clock (rise edge)
                                  0.000000    0.000000   clock source latency
     1    0.014006    0.000000    0.000000    0.000000 ^ clk (in)
                                                         clk (net)
                      0.000547    0.000274    0.000274 ^ clkbuf_0_clk/A (sky130_fd_sc_hd__clkbuf_16)
     8    0.081141    0.149432    0.263842    0.264115 ^ clkbuf_0_clk/X (sky130_fd_sc_hd__clkbuf_16)
                                                         clknet_0_clk (net)
                      0.149439    0.001325    0.265441 ^ clkbuf_3_2__f_clk/A (sky130_fd_sc_hd__clkbuf_16)
    10    0.029386    0.079527    0.271344    0.536785 ^ clkbuf_3_2__f_clk/X (sky130_fd_sc_hd__clkbuf_16)
                                                         clknet_3_2__leaf_clk (net)
                      0.079527    0.000146    0.536931 ^ dsa[22]._8_/CLK (sky130_fd_sc_hd__dfrtp_1)
     2    0.005821    0.105605    0.769206    1.306137 v dsa[22]._8_/Q (sky130_fd_sc_hd__dfrtp_1)
                                                         dsa[22].last_carry (net)
                      0.105605    0.000036    1.306173 v dsa[22]._4_/B1 (sky130_fd_sc_hd__a21o_1)
     2    0.005560    0.081820    0.314633    1.620806 v dsa[22]._4_/X (sky130_fd_sc_hd__a21o_1)
                                                         dsa[22]._1_ (net)
                      0.081820    0.000016    1.620821 v dsa[22]._5_/B (sky130_fd_sc_hd__nand2_1)
     1    0.004735    0.098004    0.124902    1.745724 ^ dsa[22]._5_/Y (sky130_fd_sc_hd__nand2_1)
                                                         dsa[22]._2_ (net)
                      0.098004    0.000040    1.745764 ^ dsa[22]._6_/B (sky130_fd_sc_hd__xnor2_1)
     1    0.003338    0.098757    0.133905    1.879669 v dsa[22]._6_/Y (sky130_fd_sc_hd__xnor2_1)
                                                         dsa[22].y_out_next (net)
                      0.098757    0.000044    1.879714 v dsa[22]._9_/D (sky130_fd_sc_hd__dfrtp_1)
                                              1.879714   data arrival time

                                 10.000000   10.000000   clock core_clock (rise edge)
                                  0.000000   10.000000   clock source latency
     1    0.014006    0.000000    0.000000   10.000000 ^ clk (in)
                                                         clk (net)
                      0.000547    0.000274   10.000274 ^ clkbuf_0_clk/A (sky130_fd_sc_hd__clkbuf_16)
     8    0.081141    0.149432    0.263842   10.264116 ^ clkbuf_0_clk/X (sky130_fd_sc_hd__clkbuf_16)
                                                         clknet_0_clk (net)
                      0.149437    0.001225   10.265341 ^ clkbuf_3_3__f_clk/A (sky130_fd_sc_hd__clkbuf_16)
     9    0.025819    0.074788    0.266297   10.531638 ^ clkbuf_3_3__f_clk/X (sky130_fd_sc_hd__clkbuf_16)
                                                         clknet_3_3__leaf_clk (net)
                      0.074788    0.000228   10.531866 ^ dsa[22]._9_/CLK (sky130_fd_sc_hd__dfrtp_1)
                                  0.000000   10.531866   clock reconvergence pessimism
                                 -0.287281   10.244586   library setup time
                                             10.244586   data required time
---------------------------------------------------------------------------------------------
                                             10.244586   data required time
                                             -1.879714   data arrival time
---------------------------------------------------------------------------------------------
                                              8.364872   slack (MET)


Startpoint: dsa[3]._8_ (rising edge-triggered flip-flop clocked by core_clock)
Endpoint: dsa[3]._9_ (rising edge-triggered flip-flop clocked by core_clock)
Path Group: core_clock
Path Type: max

Fanout         Cap        Slew       Delay        Time   Description
---------------------------------------------------------------------------------------------
                                  0.000000    0.000000   clock core_clock (rise edge)
                                  0.000000    0.000000   clock source latency
     1    0.014006    0.000000    0.000000    0.000000 ^ clk (in)
                                                         clk (net)
                      0.000547    0.000274    0.000274 ^ clkbuf_0_clk/A (sky130_fd_sc_hd__clkbuf_16)
     8    0.081141    0.149432    0.263842    0.264115 ^ clkbuf_0_clk/X (sky130_fd_sc_hd__clkbuf_16)
                                                         clknet_0_clk (net)
                      0.149457    0.002038    0.266154 ^ clkbuf_3_7__f_clk/A (sky130_fd_sc_hd__clkbuf_16)
    10    0.027845    0.077460    0.269165    0.535318 ^ clkbuf_3_7__f_clk/X (sky130_fd_sc_hd__clkbuf_16)
                                                         clknet_3_7__leaf_clk (net)
                      0.077460    0.000224    0.535542 ^ dsa[3]._8_/CLK (sky130_fd_sc_hd__dfrtp_1)
     2    0.006157    0.108386    0.771332    1.306874 v dsa[3]._8_/Q (sky130_fd_sc_hd__dfrtp_1)
                                                         dsa[3].last_carry (net)
                      0.108386    0.000039    1.306913 v dsa[3]._4_/B1 (sky130_fd_sc_hd__a21o_1)
     2    0.005803    0.083607    0.317632    1.624545 v dsa[3]._4_/X (sky130_fd_sc_hd__a21o_1)
                                                         dsa[3]._1_ (net)
                      0.083607    0.000034    1.624578 v dsa[3]._5_/B (sky130_fd_sc_hd__nand2_1)
     1    0.004857    0.103051    0.126996    1.751574 ^ dsa[3]._5_/Y (sky130_fd_sc_hd__nand2_1)
                                                         dsa[3]._2_ (net)
                      0.103051    0.000024    1.751598 ^ dsa[3]._6_/B (sky130_fd_sc_hd__xnor2_1)
     1    0.003159    0.096218    0.133599    1.885197 v dsa[3]._6_/Y (sky130_fd_sc_hd__xnor2_1)
                                                         dsa[3].y_out_next (net)
                      0.096218    0.000044    1.885241 v dsa[3]._9_/D (sky130_fd_sc_hd__dfrtp_1)
                                              1.885241   data arrival time

                                 10.000000   10.000000   clock core_clock (rise edge)
                                  0.000000   10.000000   clock source latency
     1    0.014006    0.000000    0.000000   10.000000 ^ clk (in)
                                                         clk (net)
                      0.000547    0.000274   10.000274 ^ clkbuf_0_clk/A (sky130_fd_sc_hd__clkbuf_16)
     8    0.081141    0.149432    0.263842   10.264116 ^ clkbuf_0_clk/X (sky130_fd_sc_hd__clkbuf_16)
                                                         clknet_0_clk (net)
                      0.149607    0.003091   10.267207 ^ clkbuf_3_5__f_clk/A (sky130_fd_sc_hd__clkbuf_16)
     8    0.027850    0.077464    0.269254   10.536461 ^ clkbuf_3_5__f_clk/X (sky130_fd_sc_hd__clkbuf_16)
                                                         clknet_3_5__leaf_clk (net)
                      0.077464    0.000103   10.536564 ^ dsa[3]._9_/CLK (sky130_fd_sc_hd__dfrtp_1)
                                  0.000000   10.536564   clock reconvergence pessimism
                                 -0.285508   10.251056   library setup time
                                             10.251056   data required time
---------------------------------------------------------------------------------------------
                                             10.251056   data required time
                                             -1.885241   data arrival time
---------------------------------------------------------------------------------------------
                                              8.365815   slack (MET)


Startpoint: dsa[18]._8_ (rising edge-triggered flip-flop clocked by core_clock)
Endpoint: dsa[18]._9_ (rising edge-triggered flip-flop clocked by core_clock)
Path Group: core_clock
Path Type: max

Fanout         Cap        Slew       Delay        Time   Description
---------------------------------------------------------------------------------------------
                                  0.000000    0.000000   clock core_clock (rise edge)
                                  0.000000    0.000000   clock source latency
     1    0.014006    0.000000    0.000000    0.000000 ^ clk (in)
                                                         clk (net)
                      0.000547    0.000274    0.000274 ^ clkbuf_0_clk/A (sky130_fd_sc_hd__clkbuf_16)
     8    0.081141    0.149432    0.263842    0.264115 ^ clkbuf_0_clk/X (sky130_fd_sc_hd__clkbuf_16)
                                                         clknet_0_clk (net)
                      0.149643    0.003591    0.267706 ^ clkbuf_3_1__f_clk/A (sky130_fd_sc_hd__clkbuf_16)
     7    0.023612    0.071959    0.263288    0.530994 ^ clkbuf_3_1__f_clk/X (sky130_fd_sc_hd__clkbuf_16)
                                                         clknet_3_1__leaf_clk (net)
                      0.071959    0.000067    0.531061 ^ dsa[18]._8_/CLK (sky130_fd_sc_hd__dfrtp_1)
     2    0.005323    0.101506    0.761071    1.292132 v dsa[18]._8_/Q (sky130_fd_sc_hd__dfrtp_1)
                                                         dsa[18].last_carry (net)
                      0.101506    0.000032    1.292164 v dsa[18]._4_/B1 (sky130_fd_sc_hd__a21o_1)
     2    0.005830    0.083818    0.315048    1.607212 v dsa[18]._4_/X (sky130_fd_sc_hd__a21o_1)
                                                         dsa[18]._1_ (net)
                      0.083818    0.000059    1.607271 v dsa[18]._5_/B (sky130_fd_sc_hd__nand2_1)
     1    0.005549    0.107567    0.133975    1.741246 ^ dsa[18]._5_/Y (sky130_fd_sc_hd__nand2_1)
                                                         dsa[18]._2_ (net)
                      0.107567    0.000068    1.741314 ^ dsa[18]._6_/B (sky130_fd_sc_hd__xnor2_1)
     1    0.003029    0.094383    0.133680    1.874994 v dsa[18]._6_/Y (sky130_fd_sc_hd__xnor2_1)
                                                         dsa[18].y_out_next (net)
                      0.094383    0.000034    1.875028 v dsa[18]._9_/D (sky130_fd_sc_hd__dfrtp_1)
                                              1.875028   data arrival time

                                 10.000000   10.000000   clock core_clock (rise edge)
                                  0.000000   10.000000   clock source latency
     1    0.014006    0.000000    0.000000   10.000000 ^ clk (in)
                                                         clk (net)
                      0.000547    0.000274   10.000274 ^ clkbuf_0_clk/A (sky130_fd_sc_hd__clkbuf_16)
     8    0.081141    0.149432    0.263842   10.264116 ^ clkbuf_0_clk/X (sky130_fd_sc_hd__clkbuf_16)
                                                         clknet_0_clk (net)
                      0.149605    0.003058   10.267174 ^ clkbuf_3_4__f_clk/A (sky130_fd_sc_hd__clkbuf_16)
     9    0.021963    0.069872    0.260920   10.528094 ^ clkbuf_3_4__f_clk/X (sky130_fd_sc_hd__clkbuf_16)
                                                         clknet_3_4__leaf_clk (net)
                      0.069895    0.000190   10.528284 ^ dsa[18]._9_/CLK (sky130_fd_sc_hd__dfrtp_1)
                                  0.000000   10.528284   clock reconvergence pessimism
                                 -0.286761   10.241523   library setup time
                                             10.241523   data required time
---------------------------------------------------------------------------------------------
                                             10.241523   data required time
                                             -1.875028   data arrival time
---------------------------------------------------------------------------------------------
                                              8.366494   slack (MET)


Startpoint: dsa[26]._8_ (rising edge-triggered flip-flop clocked by core_clock)
Endpoint: dsa[26]._9_ (rising edge-triggered flip-flop clocked by core_clock)
Path Group: core_clock
Path Type: max

Fanout         Cap        Slew       Delay        Time   Description
---------------------------------------------------------------------------------------------
                                  0.000000    0.000000   clock core_clock (rise edge)
                                  0.000000    0.000000   clock source latency
     1    0.014006    0.000000    0.000000    0.000000 ^ clk (in)
                                                         clk (net)
                      0.000547    0.000274    0.000274 ^ clkbuf_0_clk/A (sky130_fd_sc_hd__clkbuf_16)
     8    0.081141    0.149432    0.263842    0.264115 ^ clkbuf_0_clk/X (sky130_fd_sc_hd__clkbuf_16)
                                                         clknet_0_clk (net)
                      0.149439    0.001325    0.265441 ^ clkbuf_3_2__f_clk/A (sky130_fd_sc_hd__clkbuf_16)
    10    0.029386    0.079527    0.271344    0.536785 ^ clkbuf_3_2__f_clk/X (sky130_fd_sc_hd__clkbuf_16)
                                                         clknet_3_2__leaf_clk (net)
                      0.079528    0.000432    0.537217 ^ dsa[26]._8_/CLK (sky130_fd_sc_hd__dfrtp_1)
     2    0.005844    0.101971    0.769389    1.306606 v dsa[26]._8_/Q (sky130_fd_sc_hd__dfrtp_1)
                                                         dsa[26].last_carry (net)
                      0.101971    0.000040    1.306645 v dsa[26]._4_/B1 (sky130_fd_sc_hd__a21o_1)
     2    0.006249    0.086945    0.318463    1.625108 v dsa[26]._4_/X (sky130_fd_sc_hd__a21o_1)
                                                         dsa[26]._1_ (net)
                      0.086945    0.000070    1.625178 v dsa[26]._5_/B (sky130_fd_sc_hd__nand2_1)
     1    0.005947    0.111728    0.139439    1.764616 ^ dsa[26]._5_/Y (sky130_fd_sc_hd__nand2_1)
                                                         dsa[26]._2_ (net)
                      0.111728    0.000092    1.764708 ^ dsa[26]._6_/B (sky130_fd_sc_hd__xnor2_1)
     1    0.002225    0.082999    0.125132    1.889840 v dsa[26]._6_/Y (sky130_fd_sc_hd__xnor2_1)
                                                         dsa[26].y_out_next (net)
                      0.082999    0.000020    1.889859 v dsa[26]._9_/D (sky130_fd_sc_hd__dfrtp_1)
                                              1.889859   data arrival time

                                 10.000000   10.000000   clock core_clock (rise edge)
                                  0.000000   10.000000   clock source latency
     1    0.014006    0.000000    0.000000   10.000000 ^ clk (in)
                                                         clk (net)
                      0.000547    0.000274   10.000274 ^ clkbuf_0_clk/A (sky130_fd_sc_hd__clkbuf_16)
     8    0.081141    0.149432    0.263842   10.264116 ^ clkbuf_0_clk/X (sky130_fd_sc_hd__clkbuf_16)
                                                         clknet_0_clk (net)
                      0.149439    0.001325   10.265441 ^ clkbuf_3_2__f_clk/A (sky130_fd_sc_hd__clkbuf_16)
    10    0.029386    0.079527    0.271344   10.536785 ^ clkbuf_3_2__f_clk/X (sky130_fd_sc_hd__clkbuf_16)
                                                         clknet_3_2__leaf_clk (net)
                      0.079527    0.000353   10.537139 ^ dsa[26]._9_/CLK (sky130_fd_sc_hd__dfrtp_1)
                                  0.000000   10.537139   clock reconvergence pessimism
                                 -0.279446   10.257692   library setup time
                                             10.257692   data required time
---------------------------------------------------------------------------------------------
                                             10.257692   data required time
                                             -1.889859   data arrival time
---------------------------------------------------------------------------------------------
                                              8.367833   slack (MET)


Startpoint: dsa[29]._8_ (rising edge-triggered flip-flop clocked by core_clock)
Endpoint: dsa[29]._9_ (rising edge-triggered flip-flop clocked by core_clock)
Path Group: core_clock
Path Type: max

Fanout         Cap        Slew       Delay        Time   Description
---------------------------------------------------------------------------------------------
                                  0.000000    0.000000   clock core_clock (rise edge)
                                  0.000000    0.000000   clock source latency
     1    0.014006    0.000000    0.000000    0.000000 ^ clk (in)
                                                         clk (net)
                      0.000547    0.000274    0.000274 ^ clkbuf_0_clk/A (sky130_fd_sc_hd__clkbuf_16)
     8    0.081141    0.149432    0.263842    0.264115 ^ clkbuf_0_clk/X (sky130_fd_sc_hd__clkbuf_16)
                                                         clknet_0_clk (net)
                      0.149646    0.003631    0.267746 ^ clkbuf_3_0__f_clk/A (sky130_fd_sc_hd__clkbuf_16)
    10    0.030493    0.081065    0.273023    0.540769 ^ clkbuf_3_0__f_clk/X (sky130_fd_sc_hd__clkbuf_16)
                                                         clknet_3_0__leaf_clk (net)
                      0.081065    0.000208    0.540977 ^ dsa[29]._8_/CLK (sky130_fd_sc_hd__dfrtp_1)
     2    0.005245    0.100848    0.764605    1.305582 v dsa[29]._8_/Q (sky130_fd_sc_hd__dfrtp_1)
                                                         dsa[29].last_carry (net)
                      0.100848    0.000035    1.305617 v dsa[29]._4_/B1 (sky130_fd_sc_hd__a21o_1)
     2    0.006385    0.087969    0.319074    1.624691 v dsa[29]._4_/X (sky130_fd_sc_hd__a21o_1)
                                                         dsa[29]._1_ (net)
                      0.087969    0.000041    1.624732 v dsa[29]._5_/B (sky130_fd_sc_hd__nand2_1)
     1    0.004735    0.097025    0.127836    1.752568 ^ dsa[29]._5_/Y (sky130_fd_sc_hd__nand2_1)
                                                         dsa[29]._2_ (net)
                      0.097025    0.000041    1.752609 ^ dsa[29]._6_/B (sky130_fd_sc_hd__xnor2_1)
     1    0.002727    0.090047    0.125953    1.878562 v dsa[29]._6_/Y (sky130_fd_sc_hd__xnor2_1)
                                                         dsa[29].y_out_next (net)
                      0.090047    0.000022    1.878584 v dsa[29]._9_/D (sky130_fd_sc_hd__dfrtp_1)
                                              1.878584   data arrival time

                                 10.000000   10.000000   clock core_clock (rise edge)
                                  0.000000   10.000000   clock source latency
     1    0.014006    0.000000    0.000000   10.000000 ^ clk (in)
                                                         clk (net)
                      0.000547    0.000274   10.000274 ^ clkbuf_0_clk/A (sky130_fd_sc_hd__clkbuf_16)
     8    0.081141    0.149432    0.263842   10.264116 ^ clkbuf_0_clk/X (sky130_fd_sc_hd__clkbuf_16)
                                                         clknet_0_clk (net)
                      0.149643    0.003591   10.267707 ^ clkbuf_3_1__f_clk/A (sky130_fd_sc_hd__clkbuf_16)
     7    0.023612    0.071959    0.263287   10.530994 ^ clkbuf_3_1__f_clk/X (sky130_fd_sc_hd__clkbuf_16)
                                                         clknet_3_1__leaf_clk (net)
                      0.071959    0.000218   10.531212 ^ dsa[29]._9_/CLK (sky130_fd_sc_hd__dfrtp_1)
                                  0.000000   10.531212   clock reconvergence pessimism
                                 -0.284403   10.246809   library setup time
                                             10.246809   data required time
---------------------------------------------------------------------------------------------
                                             10.246809   data required time
                                             -1.878584   data arrival time
---------------------------------------------------------------------------------------------
                                              8.368224   slack (MET)


Startpoint: dsa[15]._8_ (rising edge-triggered flip-flop clocked by core_clock)
Endpoint: dsa[15]._9_ (rising edge-triggered flip-flop clocked by core_clock)
Path Group: core_clock
Path Type: max

Fanout         Cap        Slew       Delay        Time   Description
---------------------------------------------------------------------------------------------
                                  0.000000    0.000000   clock core_clock (rise edge)
                                  0.000000    0.000000   clock source latency
     1    0.014006    0.000000    0.000000    0.000000 ^ clk (in)
                                                         clk (net)
                      0.000547    0.000274    0.000274 ^ clkbuf_0_clk/A (sky130_fd_sc_hd__clkbuf_16)
     8    0.081141    0.149432    0.263842    0.264115 ^ clkbuf_0_clk/X (sky130_fd_sc_hd__clkbuf_16)
                                                         clknet_0_clk (net)
                      0.149437    0.001226    0.265341 ^ clkbuf_3_3__f_clk/A (sky130_fd_sc_hd__clkbuf_16)
     9    0.025819    0.074788    0.266297    0.531638 ^ clkbuf_3_3__f_clk/X (sky130_fd_sc_hd__clkbuf_16)
                                                         clknet_3_3__leaf_clk (net)
                      0.074788    0.000193    0.531830 ^ dsa[15]._8_/CLK (sky130_fd_sc_hd__dfrtp_1)
     2    0.005992    0.103180    0.768530    1.300360 v dsa[15]._8_/Q (sky130_fd_sc_hd__dfrtp_1)
                                                         dsa[15].last_carry (net)
                      0.103180    0.000051    1.300411 v dsa[15]._4_/B1 (sky130_fd_sc_hd__a21o_1)
     2    0.005301    0.079939    0.311654    1.612066 v dsa[15]._4_/X (sky130_fd_sc_hd__a21o_1)
                                                         dsa[15]._1_ (net)
                      0.079939    0.000038    1.612104 v dsa[15]._5_/B (sky130_fd_sc_hd__nand2_1)
     1    0.005098    0.101441    0.127630    1.739734 ^ dsa[15]._5_/Y (sky130_fd_sc_hd__nand2_1)
                                                         dsa[15]._2_ (net)
                      0.101441    0.000054    1.739788 ^ dsa[15]._6_/B (sky130_fd_sc_hd__xnor2_1)
     1    0.003130    0.095805    0.132632    1.872420 v dsa[15]._6_/Y (sky130_fd_sc_hd__xnor2_1)
                                                         dsa[15].y_out_next (net)
                      0.095805    0.000039    1.872458 v dsa[15]._9_/D (sky130_fd_sc_hd__dfrtp_1)
                                              1.872458   data arrival time

                                 10.000000   10.000000   clock core_clock (rise edge)
                                  0.000000   10.000000   clock source latency
     1    0.014006    0.000000    0.000000   10.000000 ^ clk (in)
                                                         clk (net)
                      0.000547    0.000274   10.000274 ^ clkbuf_0_clk/A (sky130_fd_sc_hd__clkbuf_16)
     8    0.081141    0.149432    0.263842   10.264116 ^ clkbuf_0_clk/X (sky130_fd_sc_hd__clkbuf_16)
                                                         clknet_0_clk (net)
                      0.149605    0.003058   10.267174 ^ clkbuf_3_4__f_clk/A (sky130_fd_sc_hd__clkbuf_16)
     9    0.021963    0.069872    0.260920   10.528094 ^ clkbuf_3_4__f_clk/X (sky130_fd_sc_hd__clkbuf_16)
                                                         clknet_3_4__leaf_clk (net)
                      0.069895    0.000231   10.528325 ^ dsa[15]._9_/CLK (sky130_fd_sc_hd__dfrtp_1)
                                  0.000000   10.528325   clock reconvergence pessimism
                                 -0.287355   10.240971   library setup time
                                             10.240971   data required time
---------------------------------------------------------------------------------------------
                                             10.240971   data required time
                                             -1.872458   data arrival time
---------------------------------------------------------------------------------------------
                                              8.368511   slack (MET)


Startpoint: dsa[2]._8_ (rising edge-triggered flip-flop clocked by core_clock)
Endpoint: dsa[2]._9_ (rising edge-triggered flip-flop clocked by core_clock)
Path Group: core_clock
Path Type: max

Fanout         Cap        Slew       Delay        Time   Description
---------------------------------------------------------------------------------------------
                                  0.000000    0.000000   clock core_clock (rise edge)
                                  0.000000    0.000000   clock source latency
     1    0.014006    0.000000    0.000000    0.000000 ^ clk (in)
                                                         clk (net)
                      0.000547    0.000274    0.000274 ^ clkbuf_0_clk/A (sky130_fd_sc_hd__clkbuf_16)
     8    0.081141    0.149432    0.263842    0.264115 ^ clkbuf_0_clk/X (sky130_fd_sc_hd__clkbuf_16)
                                                         clknet_0_clk (net)
                      0.149455    0.001954    0.266069 ^ clkbuf_3_6__f_clk/A (sky130_fd_sc_hd__clkbuf_16)
     8    0.025818    0.074785    0.266332    0.532401 ^ clkbuf_3_6__f_clk/X (sky130_fd_sc_hd__clkbuf_16)
                                                         clknet_3_6__leaf_clk (net)
                      0.074785    0.000262    0.532663 ^ dsa[2]._8_/CLK (sky130_fd_sc_hd__dfrtp_1)
     2    0.006148    0.104450    0.769960    1.302623 v dsa[2]._8_/Q (sky130_fd_sc_hd__dfrtp_1)
                                                         dsa[2].last_carry (net)
                      0.104450    0.000072    1.302695 v dsa[2]._4_/B1 (sky130_fd_sc_hd__a21o_1)
     2    0.005789    0.083516    0.315925    1.618620 v dsa[2]._4_/X (sky130_fd_sc_hd__a21o_1)
                                                         dsa[2]._1_ (net)
                      0.083516    0.000067    1.618687 v dsa[2]._5_/B (sky130_fd_sc_hd__nand2_1)
     1    0.005352    0.106421    0.131875    1.750562 ^ dsa[2]._5_/Y (sky130_fd_sc_hd__nand2_1)
                                                         dsa[2]._2_ (net)
                      0.106421    0.000058    1.750619 ^ dsa[2]._6_/B (sky130_fd_sc_hd__xnor2_1)
     1    0.002796    0.091045    0.130319    1.880939 v dsa[2]._6_/Y (sky130_fd_sc_hd__xnor2_1)
                                                         dsa[2].y_out_next (net)
                      0.091045    0.000035    1.880974 v dsa[2]._9_/D (sky130_fd_sc_hd__dfrtp_1)
                                              1.880974   data arrival time

                                 10.000000   10.000000   clock core_clock (rise edge)
                                  0.000000   10.000000   clock source latency
     1    0.014006    0.000000    0.000000   10.000000 ^ clk (in)
                                                         clk (net)
                      0.000547    0.000274   10.000274 ^ clkbuf_0_clk/A (sky130_fd_sc_hd__clkbuf_16)
     8    0.081141    0.149432    0.263842   10.264116 ^ clkbuf_0_clk/X (sky130_fd_sc_hd__clkbuf_16)
                                                         clknet_0_clk (net)
                      0.149457    0.002037   10.266153 ^ clkbuf_3_7__f_clk/A (sky130_fd_sc_hd__clkbuf_16)
    10    0.027845    0.077460    0.269165   10.535318 ^ clkbuf_3_7__f_clk/X (sky130_fd_sc_hd__clkbuf_16)
                                                         clknet_3_7__leaf_clk (net)
                      0.077460    0.000230   10.535549 ^ dsa[2]._9_/CLK (sky130_fd_sc_hd__dfrtp_1)
                                  0.000000   10.535549   clock reconvergence pessimism
                                 -0.283352   10.252196   library setup time
                                             10.252196   data required time
---------------------------------------------------------------------------------------------
                                             10.252196   data required time
                                             -1.880974   data arrival time
---------------------------------------------------------------------------------------------
                                              8.371223   slack (MET)


Startpoint: dsa[27]._8_ (rising edge-triggered flip-flop clocked by core_clock)
Endpoint: dsa[27]._9_ (rising edge-triggered flip-flop clocked by core_clock)
Path Group: core_clock
Path Type: max

Fanout         Cap        Slew       Delay        Time   Description
---------------------------------------------------------------------------------------------
                                  0.000000    0.000000   clock core_clock (rise edge)
                                  0.000000    0.000000   clock source latency
     1    0.014006    0.000000    0.000000    0.000000 ^ clk (in)
                                                         clk (net)
                      0.000547    0.000274    0.000274 ^ clkbuf_0_clk/A (sky130_fd_sc_hd__clkbuf_16)
     8    0.081141    0.149432    0.263842    0.264115 ^ clkbuf_0_clk/X (sky130_fd_sc_hd__clkbuf_16)
                                                         clknet_0_clk (net)
                      0.149439    0.001325    0.265441 ^ clkbuf_3_2__f_clk/A (sky130_fd_sc_hd__clkbuf_16)
    10    0.029386    0.079527    0.271344    0.536785 ^ clkbuf_3_2__f_clk/X (sky130_fd_sc_hd__clkbuf_16)
                                                         clknet_3_2__leaf_clk (net)
                      0.079527    0.000370    0.537154 ^ dsa[27]._8_/CLK (sky130_fd_sc_hd__dfrtp_1)
     2    0.005805    0.101661    0.769032    1.306186 v dsa[27]._8_/Q (sky130_fd_sc_hd__dfrtp_1)
                                                         dsa[27].last_carry (net)
                      0.101661    0.000047    1.306233 v dsa[27]._4_/B1 (sky130_fd_sc_hd__a21o_1)
     2    0.005692    0.085828    0.314072    1.620305 v dsa[27]._4_/X (sky130_fd_sc_hd__a21o_1)
                                                         dsa[27]._1_ (net)
                      0.085828    0.000030    1.620334 v dsa[27]._5_/B (sky130_fd_sc_hd__nand2_1)
     1    0.004768    0.101077    0.127146    1.747480 ^ dsa[27]._5_/Y (sky130_fd_sc_hd__nand2_1)
                                                         dsa[27]._2_ (net)
                      0.101077    0.000041    1.747521 ^ dsa[27]._6_/B (sky130_fd_sc_hd__xnor2_1)
     1    0.003134    0.095847    0.132537    1.880057 v dsa[27]._6_/Y (sky130_fd_sc_hd__xnor2_1)
                                                         dsa[27].y_out_next (net)
                      0.095847    0.000042    1.880099 v dsa[27]._9_/D (sky130_fd_sc_hd__dfrtp_1)
                                              1.880099   data arrival time

                                 10.000000   10.000000   clock core_clock (rise edge)
                                  0.000000   10.000000   clock source latency
     1    0.014006    0.000000    0.000000   10.000000 ^ clk (in)
                                                         clk (net)
                      0.000547    0.000274   10.000274 ^ clkbuf_0_clk/A (sky130_fd_sc_hd__clkbuf_16)
     8    0.081141    0.149432    0.263842   10.264116 ^ clkbuf_0_clk/X (sky130_fd_sc_hd__clkbuf_16)
                                                         clknet_0_clk (net)
                      0.149439    0.001325   10.265441 ^ clkbuf_3_2__f_clk/A (sky130_fd_sc_hd__clkbuf_16)
    10    0.029386    0.079527    0.271344   10.536785 ^ clkbuf_3_2__f_clk/X (sky130_fd_sc_hd__clkbuf_16)
                                                         clknet_3_2__leaf_clk (net)
                      0.079527    0.000155   10.536941 ^ dsa[27]._9_/CLK (sky130_fd_sc_hd__dfrtp_1)
                                  0.000000   10.536941   clock reconvergence pessimism
                                 -0.284803   10.252137   library setup time
                                             10.252137   data required time
---------------------------------------------------------------------------------------------
                                             10.252137   data required time
                                             -1.880099   data arrival time
---------------------------------------------------------------------------------------------
                                              8.372039   slack (MET)


Startpoint: dsa[23]._8_ (rising edge-triggered flip-flop clocked by core_clock)
Endpoint: dsa[23]._9_ (rising edge-triggered flip-flop clocked by core_clock)
Path Group: core_clock
Path Type: max

Fanout         Cap        Slew       Delay        Time   Description
---------------------------------------------------------------------------------------------
                                  0.000000    0.000000   clock core_clock (rise edge)
                                  0.000000    0.000000   clock source latency
     1    0.014006    0.000000    0.000000    0.000000 ^ clk (in)
                                                         clk (net)
                      0.000547    0.000274    0.000274 ^ clkbuf_0_clk/A (sky130_fd_sc_hd__clkbuf_16)
     8    0.081141    0.149432    0.263842    0.264115 ^ clkbuf_0_clk/X (sky130_fd_sc_hd__clkbuf_16)
                                                         clknet_0_clk (net)
                      0.149439    0.001325    0.265441 ^ clkbuf_3_2__f_clk/A (sky130_fd_sc_hd__clkbuf_16)
    10    0.029386    0.079527    0.271344    0.536785 ^ clkbuf_3_2__f_clk/X (sky130_fd_sc_hd__clkbuf_16)
                                                         clknet_3_2__leaf_clk (net)
                      0.079527    0.000266    0.537051 ^ dsa[23]._8_/CLK (sky130_fd_sc_hd__dfrtp_1)
     2    0.006123    0.104221    0.771962    1.309013 v dsa[23]._8_/Q (sky130_fd_sc_hd__dfrtp_1)
                                                         dsa[23].last_carry (net)
                      0.104221    0.000047    1.309060 v dsa[23]._4_/B1 (sky130_fd_sc_hd__a21o_1)
     2    0.005700    0.082853    0.315140    1.624200 v dsa[23]._4_/X (sky130_fd_sc_hd__a21o_1)
                                                         dsa[23]._1_ (net)
                      0.082853    0.000063    1.624263 v dsa[23]._5_/B (sky130_fd_sc_hd__nand2_1)
     1    0.004803    0.102069    0.126095    1.750358 ^ dsa[23]._5_/Y (sky130_fd_sc_hd__nand2_1)
                                                         dsa[23]._2_ (net)
                      0.102069    0.000022    1.750380 ^ dsa[23]._6_/B (sky130_fd_sc_hd__xnor2_1)
     1    0.002613    0.088447    0.126418    1.876798 v dsa[23]._6_/Y (sky130_fd_sc_hd__xnor2_1)
                                                         dsa[23].y_out_next (net)
                      0.088447    0.000026    1.876824 v dsa[23]._9_/D (sky130_fd_sc_hd__dfrtp_1)
                                              1.876824   data arrival time

                                 10.000000   10.000000   clock core_clock (rise edge)
                                  0.000000   10.000000   clock source latency
     1    0.014006    0.000000    0.000000   10.000000 ^ clk (in)
                                                         clk (net)
                      0.000547    0.000274   10.000274 ^ clkbuf_0_clk/A (sky130_fd_sc_hd__clkbuf_16)
     8    0.081141    0.149432    0.263842   10.264116 ^ clkbuf_0_clk/X (sky130_fd_sc_hd__clkbuf_16)
                                                         clknet_0_clk (net)
                      0.149437    0.001225   10.265341 ^ clkbuf_3_3__f_clk/A (sky130_fd_sc_hd__clkbuf_16)
     9    0.025819    0.074788    0.266297   10.531638 ^ clkbuf_3_3__f_clk/X (sky130_fd_sc_hd__clkbuf_16)
                                                         clknet_3_3__leaf_clk (net)
                      0.074788    0.000278   10.531916 ^ dsa[23]._9_/CLK (sky130_fd_sc_hd__dfrtp_1)
                                  0.000000   10.531916   clock reconvergence pessimism
                                 -0.282981   10.248936   library setup time
                                             10.248936   data required time
---------------------------------------------------------------------------------------------
                                             10.248936   data required time
                                             -1.876824   data arrival time
---------------------------------------------------------------------------------------------
                                              8.372111   slack (MET)


Startpoint: dsa[11]._8_ (rising edge-triggered flip-flop clocked by core_clock)
Endpoint: dsa[11]._9_ (rising edge-triggered flip-flop clocked by core_clock)
Path Group: core_clock
Path Type: max

Fanout         Cap        Slew       Delay        Time   Description
---------------------------------------------------------------------------------------------
                                  0.000000    0.000000   clock core_clock (rise edge)
                                  0.000000    0.000000   clock source latency
     1    0.014006    0.000000    0.000000    0.000000 ^ clk (in)
                                                         clk (net)
                      0.000547    0.000274    0.000274 ^ clkbuf_0_clk/A (sky130_fd_sc_hd__clkbuf_16)
     8    0.081141    0.149432    0.263842    0.264115 ^ clkbuf_0_clk/X (sky130_fd_sc_hd__clkbuf_16)
                                                         clknet_0_clk (net)
                      0.149455    0.001954    0.266069 ^ clkbuf_3_6__f_clk/A (sky130_fd_sc_hd__clkbuf_16)
     8    0.025818    0.074785    0.266332    0.532401 ^ clkbuf_3_6__f_clk/X (sky130_fd_sc_hd__clkbuf_16)
                                                         clknet_3_6__leaf_clk (net)
                      0.074785    0.000183    0.532584 ^ dsa[11]._8_/CLK (sky130_fd_sc_hd__dfrtp_1)
     2    0.005446    0.098850    0.763506    1.296090 v dsa[11]._8_/Q (sky130_fd_sc_hd__dfrtp_1)
                                                         dsa[11].last_carry (net)
                      0.098850    0.000053    1.296143 v dsa[11]._4_/B1 (sky130_fd_sc_hd__a21o_1)
     2    0.006480    0.088695    0.318990    1.615133 v dsa[11]._4_/X (sky130_fd_sc_hd__a21o_1)
                                                         dsa[11]._1_ (net)
                      0.088695    0.000062    1.615194 v dsa[11]._5_/B (sky130_fd_sc_hd__nand2_1)
     1    0.004807    0.100585    0.128898    1.744092 ^ dsa[11]._5_/Y (sky130_fd_sc_hd__nand2_1)
                                                         dsa[11]._2_ (net)
                      0.100585    0.000042    1.744134 ^ dsa[11]._6_/B (sky130_fd_sc_hd__xnor2_1)
     1    0.003219    0.097063    0.133418    1.877552 v dsa[11]._6_/Y (sky130_fd_sc_hd__xnor2_1)
                                                         dsa[11].y_out_next (net)
                      0.097063    0.000029    1.877581 v dsa[11]._9_/D (sky130_fd_sc_hd__dfrtp_1)
                                              1.877581   data arrival time

                                 10.000000   10.000000   clock core_clock (rise edge)
                                  0.000000   10.000000   clock source latency
     1    0.014006    0.000000    0.000000   10.000000 ^ clk (in)
                                                         clk (net)
                      0.000547    0.000274   10.000274 ^ clkbuf_0_clk/A (sky130_fd_sc_hd__clkbuf_16)
     8    0.081141    0.149432    0.263842   10.264116 ^ clkbuf_0_clk/X (sky130_fd_sc_hd__clkbuf_16)
                                                         clknet_0_clk (net)
                      0.149457    0.002037   10.266153 ^ clkbuf_3_7__f_clk/A (sky130_fd_sc_hd__clkbuf_16)
    10    0.027845    0.077460    0.269165   10.535318 ^ clkbuf_3_7__f_clk/X (sky130_fd_sc_hd__clkbuf_16)
                                                         clknet_3_7__leaf_clk (net)
                      0.077460    0.000298   10.535616 ^ dsa[11]._9_/CLK (sky130_fd_sc_hd__dfrtp_1)
                                  0.000000   10.535616   clock reconvergence pessimism
                                 -0.285861   10.249755   library setup time
                                             10.249755   data required time
---------------------------------------------------------------------------------------------
                                             10.249755   data required time
                                             -1.877581   data arrival time
---------------------------------------------------------------------------------------------
                                              8.372174   slack (MET)


Startpoint: dsa[16]._8_ (rising edge-triggered flip-flop clocked by core_clock)
Endpoint: dsa[16]._9_ (rising edge-triggered flip-flop clocked by core_clock)
Path Group: core_clock
Path Type: max

Fanout         Cap        Slew       Delay        Time   Description
---------------------------------------------------------------------------------------------
                                  0.000000    0.000000   clock core_clock (rise edge)
                                  0.000000    0.000000   clock source latency
     1    0.014006    0.000000    0.000000    0.000000 ^ clk (in)
                                                         clk (net)
                      0.000547    0.000274    0.000274 ^ clkbuf_0_clk/A (sky130_fd_sc_hd__clkbuf_16)
     8    0.081141    0.149432    0.263842    0.264115 ^ clkbuf_0_clk/X (sky130_fd_sc_hd__clkbuf_16)
                                                         clknet_0_clk (net)
                      0.149643    0.003591    0.267706 ^ clkbuf_3_1__f_clk/A (sky130_fd_sc_hd__clkbuf_16)
     7    0.023612    0.071959    0.263288    0.530994 ^ clkbuf_3_1__f_clk/X (sky130_fd_sc_hd__clkbuf_16)
                                                         clknet_3_1__leaf_clk (net)
                      0.071959    0.000217    0.531211 ^ dsa[16]._8_/CLK (sky130_fd_sc_hd__dfrtp_1)
     2    0.005825    0.105664    0.765700    1.296911 v dsa[16]._8_/Q (sky130_fd_sc_hd__dfrtp_1)
                                                         dsa[16].last_carry (net)
                      0.105664    0.000035    1.296945 v dsa[16]._4_/B1 (sky130_fd_sc_hd__a21o_1)
     2    0.005645    0.082452    0.315311    1.612256 v dsa[16]._4_/X (sky130_fd_sc_hd__a21o_1)
                                                         dsa[16]._1_ (net)
                      0.082452    0.000051    1.612307 v dsa[16]._5_/B (sky130_fd_sc_hd__nand2_1)
     1    0.004949    0.100022    0.127341    1.739648 ^ dsa[16]._5_/Y (sky130_fd_sc_hd__nand2_1)
                                                         dsa[16]._2_ (net)
                      0.100022    0.000047    1.739696 ^ dsa[16]._6_/B (sky130_fd_sc_hd__xnor2_1)
     1    0.002960    0.093377    0.129975    1.869671 v dsa[16]._6_/Y (sky130_fd_sc_hd__xnor2_1)
                                                         dsa[16].y_out_next (net)
                      0.093377    0.000038    1.869708 v dsa[16]._9_/D (sky130_fd_sc_hd__dfrtp_1)
                                              1.869708   data arrival time

                                 10.000000   10.000000   clock core_clock (rise edge)
                                  0.000000   10.000000   clock source latency
     1    0.014006    0.000000    0.000000   10.000000 ^ clk (in)
                                                         clk (net)
                      0.000547    0.000274   10.000274 ^ clkbuf_0_clk/A (sky130_fd_sc_hd__clkbuf_16)
     8    0.081141    0.149432    0.263842   10.264116 ^ clkbuf_0_clk/X (sky130_fd_sc_hd__clkbuf_16)
                                                         clknet_0_clk (net)
                      0.149605    0.003058   10.267174 ^ clkbuf_3_4__f_clk/A (sky130_fd_sc_hd__clkbuf_16)
     9    0.021963    0.069872    0.260920   10.528094 ^ clkbuf_3_4__f_clk/X (sky130_fd_sc_hd__clkbuf_16)
                                                         clknet_3_4__leaf_clk (net)
                      0.069895    0.000157   10.528252 ^ dsa[16]._9_/CLK (sky130_fd_sc_hd__dfrtp_1)
                                  0.000000   10.528252   clock reconvergence pessimism
                                 -0.286342   10.241910   library setup time
                                             10.241910   data required time
---------------------------------------------------------------------------------------------
                                             10.241910   data required time
                                             -1.869708   data arrival time
---------------------------------------------------------------------------------------------
                                              8.372201   slack (MET)


Startpoint: dsa[24]._8_ (rising edge-triggered flip-flop clocked by core_clock)
Endpoint: dsa[24]._9_ (rising edge-triggered flip-flop clocked by core_clock)
Path Group: core_clock
Path Type: max

Fanout         Cap        Slew       Delay        Time   Description
---------------------------------------------------------------------------------------------
                                  0.000000    0.000000   clock core_clock (rise edge)
                                  0.000000    0.000000   clock source latency
     1    0.014006    0.000000    0.000000    0.000000 ^ clk (in)
                                                         clk (net)
                      0.000547    0.000274    0.000274 ^ clkbuf_0_clk/A (sky130_fd_sc_hd__clkbuf_16)
     8    0.081141    0.149432    0.263842    0.264115 ^ clkbuf_0_clk/X (sky130_fd_sc_hd__clkbuf_16)
                                                         clknet_0_clk (net)
                      0.149439    0.001325    0.265441 ^ clkbuf_3_2__f_clk/A (sky130_fd_sc_hd__clkbuf_16)
    10    0.029386    0.079527    0.271344    0.536785 ^ clkbuf_3_2__f_clk/X (sky130_fd_sc_hd__clkbuf_16)
                                                         clknet_3_2__leaf_clk (net)
                      0.079527    0.000359    0.537144 ^ dsa[24]._8_/CLK (sky130_fd_sc_hd__dfrtp_1)
     2    0.005141    0.096472    0.762919    1.300062 v dsa[24]._8_/Q (sky130_fd_sc_hd__dfrtp_1)
                                                         dsa[24].last_carry (net)
                      0.096472    0.000044    1.300106 v dsa[24]._4_/B1 (sky130_fd_sc_hd__a21o_1)
     2    0.005605    0.082160    0.311277    1.611383 v dsa[24]._4_/X (sky130_fd_sc_hd__a21o_1)
                                                         dsa[24]._1_ (net)
                      0.082160    0.000053    1.611437 v dsa[24]._5_/B (sky130_fd_sc_hd__nand2_1)
     1    0.005126    0.102925    0.128969    1.740405 ^ dsa[24]._5_/Y (sky130_fd_sc_hd__nand2_1)
                                                         dsa[24]._2_ (net)
                      0.102925    0.000053    1.740458 ^ dsa[24]._6_/B (sky130_fd_sc_hd__xnor2_1)
     1    0.003090    0.095227    0.132688    1.873146 v dsa[24]._6_/Y (sky130_fd_sc_hd__xnor2_1)
                                                         dsa[24].y_out_next (net)
                      0.095227    0.000024    1.873170 v dsa[24]._9_/D (sky130_fd_sc_hd__dfrtp_1)
                                              1.873170   data arrival time

                                 10.000000   10.000000   clock core_clock (rise edge)
                                  0.000000   10.000000   clock source latency
     1    0.014006    0.000000    0.000000   10.000000 ^ clk (in)
                                                         clk (net)
                      0.000547    0.000274   10.000274 ^ clkbuf_0_clk/A (sky130_fd_sc_hd__clkbuf_16)
     8    0.081141    0.149432    0.263842   10.264116 ^ clkbuf_0_clk/X (sky130_fd_sc_hd__clkbuf_16)
                                                         clknet_0_clk (net)
                      0.149437    0.001225   10.265341 ^ clkbuf_3_3__f_clk/A (sky130_fd_sc_hd__clkbuf_16)
     9    0.025819    0.074788    0.266297   10.531638 ^ clkbuf_3_3__f_clk/X (sky130_fd_sc_hd__clkbuf_16)
                                                         clknet_3_3__leaf_clk (net)
                      0.074789    0.000325   10.531963 ^ dsa[24]._9_/CLK (sky130_fd_sc_hd__dfrtp_1)
                                  0.000000   10.531963   clock reconvergence pessimism
                                 -0.285808   10.246155   library setup time
                                             10.246155   data required time
---------------------------------------------------------------------------------------------
                                             10.246155   data required time
                                             -1.873170   data arrival time
---------------------------------------------------------------------------------------------
                                              8.372984   slack (MET)


Startpoint: dsa[28]._8_ (rising edge-triggered flip-flop clocked by core_clock)
Endpoint: dsa[28]._9_ (rising edge-triggered flip-flop clocked by core_clock)
Path Group: core_clock
Path Type: max

Fanout         Cap        Slew       Delay        Time   Description
---------------------------------------------------------------------------------------------
                                  0.000000    0.000000   clock core_clock (rise edge)
                                  0.000000    0.000000   clock source latency
     1    0.014006    0.000000    0.000000    0.000000 ^ clk (in)
                                                         clk (net)
                      0.000547    0.000274    0.000274 ^ clkbuf_0_clk/A (sky130_fd_sc_hd__clkbuf_16)
     8    0.081141    0.149432    0.263842    0.264115 ^ clkbuf_0_clk/X (sky130_fd_sc_hd__clkbuf_16)
                                                         clknet_0_clk (net)
                      0.149439    0.001325    0.265441 ^ clkbuf_3_2__f_clk/A (sky130_fd_sc_hd__clkbuf_16)
    10    0.029386    0.079527    0.271344    0.536785 ^ clkbuf_3_2__f_clk/X (sky130_fd_sc_hd__clkbuf_16)
                                                         clknet_3_2__leaf_clk (net)
                      0.079528    0.000392    0.537177 ^ dsa[28]._8_/CLK (sky130_fd_sc_hd__dfrtp_1)
     2    0.005834    0.101898    0.769306    1.306483 v dsa[28]._8_/Q (sky130_fd_sc_hd__dfrtp_1)
                                                         dsa[28].last_carry (net)
                      0.101898    0.000039    1.306523 v dsa[28]._4_/B1 (sky130_fd_sc_hd__a21o_1)
     2    0.005847    0.083942    0.315345    1.621868 v dsa[28]._4_/X (sky130_fd_sc_hd__a21o_1)
                                                         dsa[28]._1_ (net)
                      0.083942    0.000041    1.621908 v dsa[28]._5_/B (sky130_fd_sc_hd__nand2_1)
     1    0.004773    0.101814    0.126310    1.748219 ^ dsa[28]._5_/Y (sky130_fd_sc_hd__nand2_1)
                                                         dsa[28]._2_ (net)
                      0.101814    0.000021    1.748239 ^ dsa[28]._6_/B (sky130_fd_sc_hd__xnor2_1)
     1    0.003153    0.096120    0.133050    1.881289 v dsa[28]._6_/Y (sky130_fd_sc_hd__xnor2_1)
                                                         dsa[28].y_out_next (net)
                      0.096120    0.000041    1.881330 v dsa[28]._9_/D (sky130_fd_sc_hd__dfrtp_1)
                                              1.881330   data arrival time

                                 10.000000   10.000000   clock core_clock (rise edge)
                                  0.000000   10.000000   clock source latency
     1    0.014006    0.000000    0.000000   10.000000 ^ clk (in)
                                                         clk (net)
                      0.000547    0.000274   10.000274 ^ clkbuf_0_clk/A (sky130_fd_sc_hd__clkbuf_16)
     8    0.081141    0.149432    0.263842   10.264116 ^ clkbuf_0_clk/X (sky130_fd_sc_hd__clkbuf_16)
                                                         clknet_0_clk (net)
                      0.149646    0.003630   10.267746 ^ clkbuf_3_0__f_clk/A (sky130_fd_sc_hd__clkbuf_16)
    10    0.030493    0.081065    0.273023   10.540769 ^ clkbuf_3_0__f_clk/X (sky130_fd_sc_hd__clkbuf_16)
                                                         clknet_3_0__leaf_clk (net)
                      0.081065    0.000174   10.540942 ^ dsa[28]._9_/CLK (sky130_fd_sc_hd__dfrtp_1)
                                  0.000000   10.540942   clock reconvergence pessimism
                                 -0.284507   10.256436   library setup time
                                             10.256436   data required time
---------------------------------------------------------------------------------------------
                                             10.256436   data required time
                                             -1.881330   data arrival time
---------------------------------------------------------------------------------------------
                                              8.375105   slack (MET)


Startpoint: dsa[8]._8_ (rising edge-triggered flip-flop clocked by core_clock)
Endpoint: dsa[8]._9_ (rising edge-triggered flip-flop clocked by core_clock)
Path Group: core_clock
Path Type: max

Fanout         Cap        Slew       Delay        Time   Description
---------------------------------------------------------------------------------------------
                                  0.000000    0.000000   clock core_clock (rise edge)
                                  0.000000    0.000000   clock source latency
     1    0.014006    0.000000    0.000000    0.000000 ^ clk (in)
                                                         clk (net)
                      0.000547    0.000274    0.000274 ^ clkbuf_0_clk/A (sky130_fd_sc_hd__clkbuf_16)
     8    0.081141    0.149432    0.263842    0.264115 ^ clkbuf_0_clk/X (sky130_fd_sc_hd__clkbuf_16)
                                                         clknet_0_clk (net)
                      0.149605    0.003059    0.267174 ^ clkbuf_3_4__f_clk/A (sky130_fd_sc_hd__clkbuf_16)
     9    0.021963    0.069872    0.260919    0.528094 ^ clkbuf_3_4__f_clk/X (sky130_fd_sc_hd__clkbuf_16)
                                                         clknet_3_4__leaf_clk (net)
                      0.069895    0.000157    0.528251 ^ dsa[8]._8_/CLK (sky130_fd_sc_hd__dfrtp_1)
     2    0.005780    0.101500    0.764308    1.292559 v dsa[8]._8_/Q (sky130_fd_sc_hd__dfrtp_1)
                                                         dsa[8].last_carry (net)
                      0.101500    0.000018    1.292576 v dsa[8]._4_/B1 (sky130_fd_sc_hd__a21o_1)
     2    0.006951    0.092290    0.323690    1.616266 v dsa[8]._4_/X (sky130_fd_sc_hd__a21o_1)
                                                         dsa[8]._1_ (net)
                      0.092290    0.000047    1.616313 v dsa[8]._5_/B (sky130_fd_sc_hd__nand2_1)
     1    0.005109    0.105017    0.133622    1.749935 ^ dsa[8]._5_/Y (sky130_fd_sc_hd__nand2_1)
                                                         dsa[8]._2_ (net)
                      0.105017    0.000053    1.749987 ^ dsa[8]._6_/B (sky130_fd_sc_hd__xnor2_1)
     1    0.002082    0.080967    0.120870    1.870857 v dsa[8]._6_/Y (sky130_fd_sc_hd__xnor2_1)
                                                         dsa[8].y_out_next (net)
                      0.080967    0.000018    1.870875 v dsa[8]._9_/D (sky130_fd_sc_hd__dfrtp_1)
                                              1.870875   data arrival time

                                 10.000000   10.000000   clock core_clock (rise edge)
                                  0.000000   10.000000   clock source latency
     1    0.014006    0.000000    0.000000   10.000000 ^ clk (in)
                                                         clk (net)
                      0.000547    0.000274   10.000274 ^ clkbuf_0_clk/A (sky130_fd_sc_hd__clkbuf_16)
     8    0.081141    0.149432    0.263842   10.264116 ^ clkbuf_0_clk/X (sky130_fd_sc_hd__clkbuf_16)
                                                         clknet_0_clk (net)
                      0.149605    0.003058   10.267174 ^ clkbuf_3_4__f_clk/A (sky130_fd_sc_hd__clkbuf_16)
     9    0.021963    0.069872    0.260920   10.528094 ^ clkbuf_3_4__f_clk/X (sky130_fd_sc_hd__clkbuf_16)
                                                         clknet_3_4__leaf_clk (net)
                      0.069895    0.000238   10.528333 ^ dsa[8]._9_/CLK (sky130_fd_sc_hd__dfrtp_1)
                                  0.000000   10.528333   clock reconvergence pessimism
                                 -0.281166   10.247166   library setup time
                                             10.247166   data required time
---------------------------------------------------------------------------------------------
                                             10.247166   data required time
                                             -1.870875   data arrival time
---------------------------------------------------------------------------------------------
                                              8.376291   slack (MET)


Startpoint: dsa[5]._8_ (rising edge-triggered flip-flop clocked by core_clock)
Endpoint: dsa[5]._9_ (rising edge-triggered flip-flop clocked by core_clock)
Path Group: core_clock
Path Type: max

Fanout         Cap        Slew       Delay        Time   Description
---------------------------------------------------------------------------------------------
                                  0.000000    0.000000   clock core_clock (rise edge)
                                  0.000000    0.000000   clock source latency
     1    0.014006    0.000000    0.000000    0.000000 ^ clk (in)
                                                         clk (net)
                      0.000547    0.000274    0.000274 ^ clkbuf_0_clk/A (sky130_fd_sc_hd__clkbuf_16)
     8    0.081141    0.149432    0.263842    0.264115 ^ clkbuf_0_clk/X (sky130_fd_sc_hd__clkbuf_16)
                                                         clknet_0_clk (net)
                      0.149607    0.003091    0.267206 ^ clkbuf_3_5__f_clk/A (sky130_fd_sc_hd__clkbuf_16)
     8    0.027850    0.077464    0.269254    0.536461 ^ clkbuf_3_5__f_clk/X (sky130_fd_sc_hd__clkbuf_16)
                                                         clknet_3_5__leaf_clk (net)
                      0.077464    0.000296    0.536756 ^ dsa[5]._8_/CLK (sky130_fd_sc_hd__dfrtp_1)
     2    0.005866    0.102160    0.768633    1.305389 v dsa[5]._8_/Q (sky130_fd_sc_hd__dfrtp_1)
                                                         dsa[5].last_carry (net)
                      0.102160    0.000039    1.305428 v dsa[5]._4_/B1 (sky130_fd_sc_hd__a21o_1)
     2    0.005747    0.083203    0.314671    1.620099 v dsa[5]._4_/X (sky130_fd_sc_hd__a21o_1)
                                                         dsa[5]._1_ (net)
                      0.083203    0.000071    1.620170 v dsa[5]._5_/B (sky130_fd_sc_hd__nand2_1)
     1    0.005092    0.102081    0.129122    1.749292 ^ dsa[5]._5_/Y (sky130_fd_sc_hd__nand2_1)
                                                         dsa[5]._2_ (net)
                      0.102081    0.000053    1.749345 ^ dsa[5]._6_/B (sky130_fd_sc_hd__xnor2_1)
     1    0.002487    0.086657    0.124843    1.874188 v dsa[5]._6_/Y (sky130_fd_sc_hd__xnor2_1)
                                                         dsa[5].y_out_next (net)
                      0.086657    0.000026    1.874214 v dsa[5]._9_/D (sky130_fd_sc_hd__dfrtp_1)
                                              1.874214   data arrival time

                                 10.000000   10.000000   clock core_clock (rise edge)
                                  0.000000   10.000000   clock source latency
     1    0.014006    0.000000    0.000000   10.000000 ^ clk (in)
                                                         clk (net)
                      0.000547    0.000274   10.000274 ^ clkbuf_0_clk/A (sky130_fd_sc_hd__clkbuf_16)
     8    0.081141    0.149432    0.263842   10.264116 ^ clkbuf_0_clk/X (sky130_fd_sc_hd__clkbuf_16)
                                                         clknet_0_clk (net)
                      0.149607    0.003091   10.267207 ^ clkbuf_3_5__f_clk/A (sky130_fd_sc_hd__clkbuf_16)
     8    0.027850    0.077464    0.269254   10.536461 ^ clkbuf_3_5__f_clk/X (sky130_fd_sc_hd__clkbuf_16)
                                                         clknet_3_5__leaf_clk (net)
                      0.077464    0.000295   10.536756 ^ dsa[5]._9_/CLK (sky130_fd_sc_hd__dfrtp_1)
                                  0.000000   10.536756   clock reconvergence pessimism
                                 -0.281521   10.255235   library setup time
                                             10.255235   data required time
---------------------------------------------------------------------------------------------
                                             10.255235   data required time
                                             -1.874214   data arrival time
---------------------------------------------------------------------------------------------
                                              8.381021   slack (MET)


Startpoint: dsa[17]._8_ (rising edge-triggered flip-flop clocked by core_clock)
Endpoint: dsa[17]._9_ (rising edge-triggered flip-flop clocked by core_clock)
Path Group: core_clock
Path Type: max

Fanout         Cap        Slew       Delay        Time   Description
---------------------------------------------------------------------------------------------
                                  0.000000    0.000000   clock core_clock (rise edge)
                                  0.000000    0.000000   clock source latency
     1    0.014006    0.000000    0.000000    0.000000 ^ clk (in)
                                                         clk (net)
                      0.000547    0.000274    0.000274 ^ clkbuf_0_clk/A (sky130_fd_sc_hd__clkbuf_16)
     8    0.081141    0.149432    0.263842    0.264115 ^ clkbuf_0_clk/X (sky130_fd_sc_hd__clkbuf_16)
                                                         clknet_0_clk (net)
                      0.149643    0.003591    0.267706 ^ clkbuf_3_1__f_clk/A (sky130_fd_sc_hd__clkbuf_16)
     7    0.023612    0.071959    0.263288    0.530994 ^ clkbuf_3_1__f_clk/X (sky130_fd_sc_hd__clkbuf_16)
                                                         clknet_3_1__leaf_clk (net)
                      0.071959    0.000205    0.531199 ^ dsa[17]._8_/CLK (sky130_fd_sc_hd__dfrtp_1)
     2    0.006232    0.105141    0.769425    1.300624 v dsa[17]._8_/Q (sky130_fd_sc_hd__dfrtp_1)
                                                         dsa[17].last_carry (net)
                      0.105141    0.000046    1.300669 v dsa[17]._4_/B1 (sky130_fd_sc_hd__a21o_1)
     2    0.005475    0.084188    0.313807    1.614476 v dsa[17]._4_/X (sky130_fd_sc_hd__a21o_1)
                                                         dsa[17]._1_ (net)
                      0.084188    0.000014    1.614490 v dsa[17]._5_/B (sky130_fd_sc_hd__nand2_1)
     1    0.004896    0.100745    0.127642    1.742132 ^ dsa[17]._5_/Y (sky130_fd_sc_hd__nand2_1)
                                                         dsa[17]._2_ (net)
                      0.100745    0.000045    1.742177 ^ dsa[17]._6_/B (sky130_fd_sc_hd__xnor2_1)
     1    0.002303    0.084046    0.122050    1.864227 v dsa[17]._6_/Y (sky130_fd_sc_hd__xnor2_1)
                                                         dsa[17].y_out_next (net)
                      0.084046    0.000023    1.864249 v dsa[17]._9_/D (sky130_fd_sc_hd__dfrtp_1)
                                              1.864249   data arrival time

                                 10.000000   10.000000   clock core_clock (rise edge)
                                  0.000000   10.000000   clock source latency
     1    0.014006    0.000000    0.000000   10.000000 ^ clk (in)
                                                         clk (net)
                      0.000547    0.000274   10.000274 ^ clkbuf_0_clk/A (sky130_fd_sc_hd__clkbuf_16)
     8    0.081141    0.149432    0.263842   10.264116 ^ clkbuf_0_clk/X (sky130_fd_sc_hd__clkbuf_16)
                                                         clknet_0_clk (net)
                      0.149605    0.003058   10.267174 ^ clkbuf_3_4__f_clk/A (sky130_fd_sc_hd__clkbuf_16)
     9    0.021963    0.069872    0.260920   10.528094 ^ clkbuf_3_4__f_clk/X (sky130_fd_sc_hd__clkbuf_16)
                                                         clknet_3_4__leaf_clk (net)
                      0.069895    0.000173   10.528268 ^ dsa[17]._9_/CLK (sky130_fd_sc_hd__dfrtp_1)
                                  0.000000   10.528268   clock reconvergence pessimism
                                 -0.282450   10.245817   library setup time
                                             10.245817   data required time
---------------------------------------------------------------------------------------------
                                             10.245817   data required time
                                             -1.864249   data arrival time
---------------------------------------------------------------------------------------------
                                              8.381568   slack (MET)


Startpoint: dsa[14]._8_ (rising edge-triggered flip-flop clocked by core_clock)
Endpoint: dsa[14]._9_ (rising edge-triggered flip-flop clocked by core_clock)
Path Group: core_clock
Path Type: max

Fanout         Cap        Slew       Delay        Time   Description
---------------------------------------------------------------------------------------------
                                  0.000000    0.000000   clock core_clock (rise edge)
                                  0.000000    0.000000   clock source latency
     1    0.014006    0.000000    0.000000    0.000000 ^ clk (in)
                                                         clk (net)
                      0.000547    0.000274    0.000274 ^ clkbuf_0_clk/A (sky130_fd_sc_hd__clkbuf_16)
     8    0.081141    0.149432    0.263842    0.264115 ^ clkbuf_0_clk/X (sky130_fd_sc_hd__clkbuf_16)
                                                         clknet_0_clk (net)
                      0.149437    0.001226    0.265341 ^ clkbuf_3_3__f_clk/A (sky130_fd_sc_hd__clkbuf_16)
     9    0.025819    0.074788    0.266297    0.531638 ^ clkbuf_3_3__f_clk/X (sky130_fd_sc_hd__clkbuf_16)
                                                         clknet_3_3__leaf_clk (net)
                      0.074788    0.000266    0.531904 ^ dsa[14]._8_/CLK (sky130_fd_sc_hd__dfrtp_1)
     2    0.005614    0.100167    0.765049    1.296953 v dsa[14]._8_/Q (sky130_fd_sc_hd__dfrtp_1)
                                                         dsa[14].last_carry (net)
                      0.100167    0.000048    1.297001 v dsa[14]._4_/B1 (sky130_fd_sc_hd__a21o_1)
     2    0.005280    0.079796    0.310275    1.607276 v dsa[14]._4_/X (sky130_fd_sc_hd__a21o_1)
                                                         dsa[14]._1_ (net)
                      0.079796    0.000044    1.607321 v dsa[14]._5_/B (sky130_fd_sc_hd__nand2_1)
     1    0.005298    0.104450    0.129563    1.736884 ^ dsa[14]._5_/Y (sky130_fd_sc_hd__nand2_1)
                                                         dsa[14]._2_ (net)
                      0.104450    0.000057    1.736941 ^ dsa[14]._6_/B (sky130_fd_sc_hd__xnor2_1)
     1    0.002812    0.091270    0.129783    1.866725 v dsa[14]._6_/Y (sky130_fd_sc_hd__xnor2_1)
                                                         dsa[14].y_out_next (net)
                      0.091270    0.000034    1.866758 v dsa[14]._9_/D (sky130_fd_sc_hd__dfrtp_1)
                                              1.866758   data arrival time

                                 10.000000   10.000000   clock core_clock (rise edge)
                                  0.000000   10.000000   clock source latency
     1    0.014006    0.000000    0.000000   10.000000 ^ clk (in)
                                                         clk (net)
                      0.000547    0.000274   10.000274 ^ clkbuf_0_clk/A (sky130_fd_sc_hd__clkbuf_16)
     8    0.081141    0.149432    0.263842   10.264116 ^ clkbuf_0_clk/X (sky130_fd_sc_hd__clkbuf_16)
                                                         clknet_0_clk (net)
                      0.149455    0.001953   10.266069 ^ clkbuf_3_6__f_clk/A (sky130_fd_sc_hd__clkbuf_16)
     8    0.025818    0.074785    0.266332   10.532401 ^ clkbuf_3_6__f_clk/X (sky130_fd_sc_hd__clkbuf_16)
                                                         clknet_3_6__leaf_clk (net)
                      0.074785    0.000213   10.532614 ^ dsa[14]._9_/CLK (sky130_fd_sc_hd__dfrtp_1)
                                  0.000000   10.532614   clock reconvergence pessimism
                                 -0.284159   10.248455   library setup time
                                             10.248455   data required time
---------------------------------------------------------------------------------------------
                                             10.248455   data required time
                                             -1.866758   data arrival time
---------------------------------------------------------------------------------------------
                                              8.381697   slack (MET)


Startpoint: dsa[25]._8_ (rising edge-triggered flip-flop clocked by core_clock)
Endpoint: dsa[25]._9_ (rising edge-triggered flip-flop clocked by core_clock)
Path Group: core_clock
Path Type: max

Fanout         Cap        Slew       Delay        Time   Description
---------------------------------------------------------------------------------------------
                                  0.000000    0.000000   clock core_clock (rise edge)
                                  0.000000    0.000000   clock source latency
     1    0.014006    0.000000    0.000000    0.000000 ^ clk (in)
                                                         clk (net)
                      0.000547    0.000274    0.000274 ^ clkbuf_0_clk/A (sky130_fd_sc_hd__clkbuf_16)
     8    0.081141    0.149432    0.263842    0.264115 ^ clkbuf_0_clk/X (sky130_fd_sc_hd__clkbuf_16)
                                                         clknet_0_clk (net)
                      0.149439    0.001325    0.265441 ^ clkbuf_3_2__f_clk/A (sky130_fd_sc_hd__clkbuf_16)
    10    0.029386    0.079527    0.271344    0.536785 ^ clkbuf_3_2__f_clk/X (sky130_fd_sc_hd__clkbuf_16)
                                                         clknet_3_2__leaf_clk (net)
                      0.079528    0.000410    0.537194 ^ dsa[25]._8_/CLK (sky130_fd_sc_hd__dfrtp_1)
     2    0.005778    0.101451    0.768776    1.305970 v dsa[25]._8_/Q (sky130_fd_sc_hd__dfrtp_1)
                                                         dsa[25].last_carry (net)
                      0.101451    0.000045    1.306015 v dsa[25]._4_/B1 (sky130_fd_sc_hd__a21o_1)
     2    0.006240    0.086872    0.318199    1.624215 v dsa[25]._4_/X (sky130_fd_sc_hd__a21o_1)
                                                         dsa[25]._1_ (net)
                      0.086872    0.000051    1.624266 v dsa[25]._5_/B (sky130_fd_sc_hd__nand2_1)
     1    0.004910    0.099645    0.129053    1.753319 ^ dsa[25]._5_/Y (sky130_fd_sc_hd__nand2_1)
                                                         dsa[25]._2_ (net)
                      0.099645    0.000045    1.753364 ^ dsa[25]._6_/B (sky130_fd_sc_hd__xnor2_1)
     1    0.002245    0.083232    0.120921    1.874285 v dsa[25]._6_/Y (sky130_fd_sc_hd__xnor2_1)
                                                         dsa[25].y_out_next (net)
                      0.083232    0.000020    1.874306 v dsa[25]._9_/D (sky130_fd_sc_hd__dfrtp_1)
                                              1.874306   data arrival time

                                 10.000000   10.000000   clock core_clock (rise edge)
                                  0.000000   10.000000   clock source latency
     1    0.014006    0.000000    0.000000   10.000000 ^ clk (in)
                                                         clk (net)
                      0.000547    0.000274   10.000274 ^ clkbuf_0_clk/A (sky130_fd_sc_hd__clkbuf_16)
     8    0.081141    0.149432    0.263842   10.264116 ^ clkbuf_0_clk/X (sky130_fd_sc_hd__clkbuf_16)
                                                         clknet_0_clk (net)
                      0.149439    0.001325   10.265441 ^ clkbuf_3_2__f_clk/A (sky130_fd_sc_hd__clkbuf_16)
    10    0.029386    0.079527    0.271344   10.536785 ^ clkbuf_3_2__f_clk/X (sky130_fd_sc_hd__clkbuf_16)
                                                         clknet_3_2__leaf_clk (net)
                      0.079527    0.000259   10.537045 ^ dsa[25]._9_/CLK (sky130_fd_sc_hd__dfrtp_1)
                                  0.000000   10.537045   clock reconvergence pessimism
                                 -0.279543   10.257502   library setup time
                                             10.257502   data required time
---------------------------------------------------------------------------------------------
                                             10.257502   data required time
                                             -1.874306   data arrival time
---------------------------------------------------------------------------------------------
                                              8.383197   slack (MET)


Startpoint: dsa[4]._8_ (rising edge-triggered flip-flop clocked by core_clock)
Endpoint: dsa[4]._9_ (rising edge-triggered flip-flop clocked by core_clock)
Path Group: core_clock
Path Type: max

Fanout         Cap        Slew       Delay        Time   Description
---------------------------------------------------------------------------------------------
                                  0.000000    0.000000   clock core_clock (rise edge)
                                  0.000000    0.000000   clock source latency
     1    0.014006    0.000000    0.000000    0.000000 ^ clk (in)
                                                         clk (net)
                      0.000547    0.000274    0.000274 ^ clkbuf_0_clk/A (sky130_fd_sc_hd__clkbuf_16)
     8    0.081141    0.149432    0.263842    0.264115 ^ clkbuf_0_clk/X (sky130_fd_sc_hd__clkbuf_16)
                                                         clknet_0_clk (net)
                      0.149607    0.003091    0.267206 ^ clkbuf_3_5__f_clk/A (sky130_fd_sc_hd__clkbuf_16)
     8    0.027850    0.077464    0.269254    0.536461 ^ clkbuf_3_5__f_clk/X (sky130_fd_sc_hd__clkbuf_16)
                                                         clknet_3_5__leaf_clk (net)
                      0.077464    0.000354    0.536815 ^ dsa[4]._8_/CLK (sky130_fd_sc_hd__dfrtp_1)
     2    0.005361    0.101811    0.764003    1.300817 v dsa[4]._8_/Q (sky130_fd_sc_hd__dfrtp_1)
                                                         dsa[4].last_carry (net)
                      0.101811    0.000017    1.300835 v dsa[4]._4_/B1 (sky130_fd_sc_hd__a21o_1)
     2    0.005600    0.082125    0.313403    1.614238 v dsa[4]._4_/X (sky130_fd_sc_hd__a21o_1)
                                                         dsa[4]._1_ (net)
                      0.082125    0.000047    1.614285 v dsa[4]._5_/B (sky130_fd_sc_hd__nand2_1)
     1    0.005595    0.108179    0.133634    1.747919 ^ dsa[4]._5_/Y (sky130_fd_sc_hd__nand2_1)
                                                         dsa[4]._2_ (net)
                      0.108179    0.000070    1.747989 ^ dsa[4]._6_/B (sky130_fd_sc_hd__xnor2_1)
     1    0.002286    0.083840    0.124589    1.872578 v dsa[4]._6_/Y (sky130_fd_sc_hd__xnor2_1)
                                                         dsa[4].y_out_next (net)
                      0.083840    0.000022    1.872600 v dsa[4]._9_/D (sky130_fd_sc_hd__dfrtp_1)
                                              1.872600   data arrival time

                                 10.000000   10.000000   clock core_clock (rise edge)
                                  0.000000   10.000000   clock source latency
     1    0.014006    0.000000    0.000000   10.000000 ^ clk (in)
                                                         clk (net)
                      0.000547    0.000274   10.000274 ^ clkbuf_0_clk/A (sky130_fd_sc_hd__clkbuf_16)
     8    0.081141    0.149432    0.263842   10.264116 ^ clkbuf_0_clk/X (sky130_fd_sc_hd__clkbuf_16)
                                                         clknet_0_clk (net)
                      0.149607    0.003091   10.267207 ^ clkbuf_3_5__f_clk/A (sky130_fd_sc_hd__clkbuf_16)
     8    0.027850    0.077464    0.269254   10.536461 ^ clkbuf_3_5__f_clk/X (sky130_fd_sc_hd__clkbuf_16)
                                                         clknet_3_5__leaf_clk (net)
                      0.077464    0.000106   10.536567 ^ dsa[4]._9_/CLK (sky130_fd_sc_hd__dfrtp_1)
                                  0.000000   10.536567   clock reconvergence pessimism
                                 -0.280347   10.256220   library setup time
                                             10.256220   data required time
---------------------------------------------------------------------------------------------
                                             10.256220   data required time
                                             -1.872600   data arrival time
---------------------------------------------------------------------------------------------
                                              8.383620   slack (MET)


Startpoint: dsa[12]._8_ (rising edge-triggered flip-flop clocked by core_clock)
Endpoint: dsa[12]._9_ (rising edge-triggered flip-flop clocked by core_clock)
Path Group: core_clock
Path Type: max

Fanout         Cap        Slew       Delay        Time   Description
---------------------------------------------------------------------------------------------
                                  0.000000    0.000000   clock core_clock (rise edge)
                                  0.000000    0.000000   clock source latency
     1    0.014006    0.000000    0.000000    0.000000 ^ clk (in)
                                                         clk (net)
                      0.000547    0.000274    0.000274 ^ clkbuf_0_clk/A (sky130_fd_sc_hd__clkbuf_16)
     8    0.081141    0.149432    0.263842    0.264115 ^ clkbuf_0_clk/X (sky130_fd_sc_hd__clkbuf_16)
                                                         clknet_0_clk (net)
                      0.149455    0.001954    0.266069 ^ clkbuf_3_6__f_clk/A (sky130_fd_sc_hd__clkbuf_16)
     8    0.025818    0.074785    0.266332    0.532401 ^ clkbuf_3_6__f_clk/X (sky130_fd_sc_hd__clkbuf_16)
                                                         clknet_3_6__leaf_clk (net)
                      0.074785    0.000207    0.532608 ^ dsa[12]._8_/CLK (sky130_fd_sc_hd__dfrtp_1)
     2    0.005411    0.098575    0.763183    1.295791 v dsa[12]._8_/Q (sky130_fd_sc_hd__dfrtp_1)
                                                         dsa[12].last_carry (net)
                      0.098575    0.000045    1.295836 v dsa[12]._4_/B1 (sky130_fd_sc_hd__a21o_1)
     2    0.005984    0.084957    0.315061    1.610896 v dsa[12]._4_/X (sky130_fd_sc_hd__a21o_1)
                                                         dsa[12]._1_ (net)
                      0.084957    0.000052    1.610948 v dsa[12]._5_/B (sky130_fd_sc_hd__nand2_1)
     1    0.005001    0.102488    0.129059    1.740007 ^ dsa[12]._5_/Y (sky130_fd_sc_hd__nand2_1)
                                                         dsa[12]._2_ (net)
                      0.102488    0.000047    1.740054 ^ dsa[12]._6_/B (sky130_fd_sc_hd__xnor2_1)
     1    0.002777    0.090775    0.128625    1.868680 v dsa[12]._6_/Y (sky130_fd_sc_hd__xnor2_1)
                                                         dsa[12].y_out_next (net)
                      0.090775    0.000023    1.868702 v dsa[12]._9_/D (sky130_fd_sc_hd__dfrtp_1)
                                              1.868702   data arrival time

                                 10.000000   10.000000   clock core_clock (rise edge)
                                  0.000000   10.000000   clock source latency
     1    0.014006    0.000000    0.000000   10.000000 ^ clk (in)
                                                         clk (net)
                      0.000547    0.000274   10.000274 ^ clkbuf_0_clk/A (sky130_fd_sc_hd__clkbuf_16)
     8    0.081141    0.149432    0.263842   10.264116 ^ clkbuf_0_clk/X (sky130_fd_sc_hd__clkbuf_16)
                                                         clknet_0_clk (net)
                      0.149457    0.002037   10.266153 ^ clkbuf_3_7__f_clk/A (sky130_fd_sc_hd__clkbuf_16)
    10    0.027845    0.077460    0.269165   10.535318 ^ clkbuf_3_7__f_clk/X (sky130_fd_sc_hd__clkbuf_16)
                                                         clknet_3_7__leaf_clk (net)
                      0.077461    0.000401   10.535719 ^ dsa[12]._9_/CLK (sky130_fd_sc_hd__dfrtp_1)
                                  0.000000   10.535719   clock reconvergence pessimism
                                 -0.283239   10.252481   library setup time
                                             10.252481   data required time
---------------------------------------------------------------------------------------------
                                             10.252481   data required time
                                             -1.868702   data arrival time
---------------------------------------------------------------------------------------------
                                              8.383778   slack (MET)


Startpoint: dsa[9]._8_ (rising edge-triggered flip-flop clocked by core_clock)
Endpoint: dsa[9]._9_ (rising edge-triggered flip-flop clocked by core_clock)
Path Group: core_clock
Path Type: max

Fanout         Cap        Slew       Delay        Time   Description
---------------------------------------------------------------------------------------------
                                  0.000000    0.000000   clock core_clock (rise edge)
                                  0.000000    0.000000   clock source latency
     1    0.014006    0.000000    0.000000    0.000000 ^ clk (in)
                                                         clk (net)
                      0.000547    0.000274    0.000274 ^ clkbuf_0_clk/A (sky130_fd_sc_hd__clkbuf_16)
     8    0.081141    0.149432    0.263842    0.264115 ^ clkbuf_0_clk/X (sky130_fd_sc_hd__clkbuf_16)
                                                         clknet_0_clk (net)
                      0.149455    0.001954    0.266069 ^ clkbuf_3_6__f_clk/A (sky130_fd_sc_hd__clkbuf_16)
     8    0.025818    0.074785    0.266332    0.532401 ^ clkbuf_3_6__f_clk/X (sky130_fd_sc_hd__clkbuf_16)
                                                         clknet_3_6__leaf_clk (net)
                      0.074785    0.000263    0.532664 ^ dsa[9]._8_/CLK (sky130_fd_sc_hd__dfrtp_1)
     2    0.005374    0.098284    0.762846    1.295510 v dsa[9]._8_/Q (sky130_fd_sc_hd__dfrtp_1)
                                                         dsa[9].last_carry (net)
                      0.098284    0.000039    1.295550 v dsa[9]._4_/B1 (sky130_fd_sc_hd__a21o_1)
     2    0.005500    0.081392    0.311206    1.606756 v dsa[9]._4_/X (sky130_fd_sc_hd__a21o_1)
                                                         dsa[9]._1_ (net)
                      0.081392    0.000050    1.606806 v dsa[9]._5_/B (sky130_fd_sc_hd__nand2_1)
     1    0.004811    0.102445    0.125480    1.732286 ^ dsa[9]._5_/Y (sky130_fd_sc_hd__nand2_1)
                                                         dsa[9]._2_ (net)
                      0.102445    0.000022    1.732308 ^ dsa[9]._6_/B (sky130_fd_sc_hd__xnor2_1)
     1    0.003112    0.095546    0.132785    1.865094 v dsa[9]._6_/Y (sky130_fd_sc_hd__xnor2_1)
                                                         dsa[9].y_out_next (net)
                      0.095546    0.000037    1.865131 v dsa[9]._9_/D (sky130_fd_sc_hd__dfrtp_1)
                                              1.865131   data arrival time

                                 10.000000   10.000000   clock core_clock (rise edge)
                                  0.000000   10.000000   clock source latency
     1    0.014006    0.000000    0.000000   10.000000 ^ clk (in)
                                                         clk (net)
                      0.000547    0.000274   10.000274 ^ clkbuf_0_clk/A (sky130_fd_sc_hd__clkbuf_16)
     8    0.081141    0.149432    0.263842   10.264116 ^ clkbuf_0_clk/X (sky130_fd_sc_hd__clkbuf_16)
                                                         clknet_0_clk (net)
                      0.149457    0.002037   10.266153 ^ clkbuf_3_7__f_clk/A (sky130_fd_sc_hd__clkbuf_16)
    10    0.027845    0.077460    0.269165   10.535318 ^ clkbuf_3_7__f_clk/X (sky130_fd_sc_hd__clkbuf_16)
                                                         clknet_3_7__leaf_clk (net)
                      0.077460    0.000227   10.535546 ^ dsa[9]._9_/CLK (sky130_fd_sc_hd__dfrtp_1)
                                  0.000000   10.535546   clock reconvergence pessimism
                                 -0.285229   10.250317   library setup time
                                             10.250317   data required time
---------------------------------------------------------------------------------------------
                                             10.250317   data required time
                                             -1.865131   data arrival time
---------------------------------------------------------------------------------------------
                                              8.385186   slack (MET)


Startpoint: dsa[6]._8_ (rising edge-triggered flip-flop clocked by core_clock)
Endpoint: dsa[6]._9_ (rising edge-triggered flip-flop clocked by core_clock)
Path Group: core_clock
Path Type: max

Fanout         Cap        Slew       Delay        Time   Description
---------------------------------------------------------------------------------------------
                                  0.000000    0.000000   clock core_clock (rise edge)
                                  0.000000    0.000000   clock source latency
     1    0.014006    0.000000    0.000000    0.000000 ^ clk (in)
                                                         clk (net)
                      0.000547    0.000274    0.000274 ^ clkbuf_0_clk/A (sky130_fd_sc_hd__clkbuf_16)
     8    0.081141    0.149432    0.263842    0.264115 ^ clkbuf_0_clk/X (sky130_fd_sc_hd__clkbuf_16)
                                                         clknet_0_clk (net)
                      0.149607    0.003091    0.267206 ^ clkbuf_3_5__f_clk/A (sky130_fd_sc_hd__clkbuf_16)
     8    0.027850    0.077464    0.269254    0.536461 ^ clkbuf_3_5__f_clk/X (sky130_fd_sc_hd__clkbuf_16)
                                                         clknet_3_5__leaf_clk (net)
                      0.077464    0.000327    0.536788 ^ dsa[6]._8_/CLK (sky130_fd_sc_hd__dfrtp_1)
     2    0.005809    0.101701    0.768104    1.304892 v dsa[6]._8_/Q (sky130_fd_sc_hd__dfrtp_1)
                                                         dsa[6].last_carry (net)
                      0.101701    0.000039    1.304931 v dsa[6]._4_/B1 (sky130_fd_sc_hd__a21o_1)
     2    0.006014    0.085180    0.316559    1.621490 v dsa[6]._4_/X (sky130_fd_sc_hd__a21o_1)
                                                         dsa[6]._1_ (net)
                      0.085180    0.000016    1.621506 v dsa[6]._5_/B (sky130_fd_sc_hd__nand2_1)
     1    0.004844    0.100461    0.127596    1.749102 ^ dsa[6]._5_/Y (sky130_fd_sc_hd__nand2_1)
                                                         dsa[6]._2_ (net)
                      0.100461    0.000043    1.749145 ^ dsa[6]._6_/B (sky130_fd_sc_hd__xnor2_1)
     1    0.002175    0.082260    0.120357    1.869502 v dsa[6]._6_/Y (sky130_fd_sc_hd__xnor2_1)
                                                         dsa[6].y_out_next (net)
                      0.082260    0.000019    1.869521 v dsa[6]._9_/D (sky130_fd_sc_hd__dfrtp_1)
                                              1.869521   data arrival time

                                 10.000000   10.000000   clock core_clock (rise edge)
                                  0.000000   10.000000   clock source latency
     1    0.014006    0.000000    0.000000   10.000000 ^ clk (in)
                                                         clk (net)
                      0.000547    0.000274   10.000274 ^ clkbuf_0_clk/A (sky130_fd_sc_hd__clkbuf_16)
     8    0.081141    0.149432    0.263842   10.264116 ^ clkbuf_0_clk/X (sky130_fd_sc_hd__clkbuf_16)
                                                         clknet_0_clk (net)
                      0.149607    0.003091   10.267207 ^ clkbuf_3_5__f_clk/A (sky130_fd_sc_hd__clkbuf_16)
     8    0.027850    0.077464    0.269254   10.536461 ^ clkbuf_3_5__f_clk/X (sky130_fd_sc_hd__clkbuf_16)
                                                         clknet_3_5__leaf_clk (net)
                      0.077464    0.000317   10.536777 ^ dsa[6]._9_/CLK (sky130_fd_sc_hd__dfrtp_1)
                                  0.000000   10.536777   clock reconvergence pessimism
                                 -0.279688   10.257091   library setup time
                                             10.257091   data required time
---------------------------------------------------------------------------------------------
                                             10.257091   data required time
                                             -1.869521   data arrival time
---------------------------------------------------------------------------------------------
                                              8.387570   slack (MET)


Startpoint: dsa[1]._8_ (rising edge-triggered flip-flop clocked by core_clock)
Endpoint: dsa[1]._9_ (rising edge-triggered flip-flop clocked by core_clock)
Path Group: core_clock
Path Type: max

Fanout         Cap        Slew       Delay        Time   Description
---------------------------------------------------------------------------------------------
                                  0.000000    0.000000   clock core_clock (rise edge)
                                  0.000000    0.000000   clock source latency
     1    0.014006    0.000000    0.000000    0.000000 ^ clk (in)
                                                         clk (net)
                      0.000547    0.000274    0.000274 ^ clkbuf_0_clk/A (sky130_fd_sc_hd__clkbuf_16)
     8    0.081141    0.149432    0.263842    0.264115 ^ clkbuf_0_clk/X (sky130_fd_sc_hd__clkbuf_16)
                                                         clknet_0_clk (net)
                      0.149457    0.002038    0.266154 ^ clkbuf_3_7__f_clk/A (sky130_fd_sc_hd__clkbuf_16)
    10    0.027845    0.077460    0.269165    0.535318 ^ clkbuf_3_7__f_clk/X (sky130_fd_sc_hd__clkbuf_16)
                                                         clknet_3_7__leaf_clk (net)
                      0.077461    0.000444    0.535762 ^ dsa[1]._8_/CLK (sky130_fd_sc_hd__dfrtp_1)
     2    0.005961    0.106769    0.769530    1.305292 v dsa[1]._8_/Q (sky130_fd_sc_hd__dfrtp_1)
                                                         dsa[1].last_carry (net)
                      0.106769    0.000036    1.305328 v dsa[1]._4_/B1 (sky130_fd_sc_hd__a21o_1)
     2    0.005423    0.080828    0.314041    1.619369 v dsa[1]._4_/X (sky130_fd_sc_hd__a21o_1)
                                                         dsa[1]._1_ (net)
                      0.080828    0.000053    1.619422 v dsa[1]._5_/B (sky130_fd_sc_hd__nand2_1)
     1    0.004768    0.098404    0.124765    1.744187 ^ dsa[1]._5_/Y (sky130_fd_sc_hd__nand2_1)
                                                         dsa[1]._2_ (net)
                      0.098404    0.000042    1.744228 ^ dsa[1]._6_/B (sky130_fd_sc_hd__xnor2_1)
     1    0.002281    0.083737    0.120917    1.865146 v dsa[1]._6_/Y (sky130_fd_sc_hd__xnor2_1)
                                                         dsa[1].y_out_next (net)
                      0.083737    0.000022    1.865167 v dsa[1]._9_/D (sky130_fd_sc_hd__dfrtp_1)
                                              1.865167   data arrival time

                                 10.000000   10.000000   clock core_clock (rise edge)
                                  0.000000   10.000000   clock source latency
     1    0.014006    0.000000    0.000000   10.000000 ^ clk (in)
                                                         clk (net)
                      0.000547    0.000274   10.000274 ^ clkbuf_0_clk/A (sky130_fd_sc_hd__clkbuf_16)
     8    0.081141    0.149432    0.263842   10.264116 ^ clkbuf_0_clk/X (sky130_fd_sc_hd__clkbuf_16)
                                                         clknet_0_clk (net)
                      0.149457    0.002037   10.266153 ^ clkbuf_3_7__f_clk/A (sky130_fd_sc_hd__clkbuf_16)
    10    0.027845    0.077460    0.269165   10.535318 ^ clkbuf_3_7__f_clk/X (sky130_fd_sc_hd__clkbuf_16)
                                                         clknet_3_7__leaf_clk (net)
                      0.077460    0.000300   10.535619 ^ dsa[1]._9_/CLK (sky130_fd_sc_hd__dfrtp_1)
                                  0.000000   10.535619   clock reconvergence pessimism
                                 -0.280305   10.255314   library setup time
                                             10.255314   data required time
---------------------------------------------------------------------------------------------
                                             10.255314   data required time
                                             -1.865167   data arrival time
---------------------------------------------------------------------------------------------
                                              8.390146   slack (MET)


Startpoint: dsa[7]._8_ (rising edge-triggered flip-flop clocked by core_clock)
Endpoint: dsa[7]._9_ (rising edge-triggered flip-flop clocked by core_clock)
Path Group: core_clock
Path Type: max

Fanout         Cap        Slew       Delay        Time   Description
---------------------------------------------------------------------------------------------
                                  0.000000    0.000000   clock core_clock (rise edge)
                                  0.000000    0.000000   clock source latency
     1    0.014006    0.000000    0.000000    0.000000 ^ clk (in)
                                                         clk (net)
                      0.000547    0.000274    0.000274 ^ clkbuf_0_clk/A (sky130_fd_sc_hd__clkbuf_16)
     8    0.081141    0.149432    0.263842    0.264115 ^ clkbuf_0_clk/X (sky130_fd_sc_hd__clkbuf_16)
                                                         clknet_0_clk (net)
                      0.149605    0.003059    0.267174 ^ clkbuf_3_4__f_clk/A (sky130_fd_sc_hd__clkbuf_16)
     9    0.021963    0.069872    0.260919    0.528094 ^ clkbuf_3_4__f_clk/X (sky130_fd_sc_hd__clkbuf_16)
                                                         clknet_3_4__leaf_clk (net)
                      0.069895    0.000194    0.528287 ^ dsa[7]._8_/CLK (sky130_fd_sc_hd__dfrtp_1)
     2    0.005179    0.096788    0.758767    1.287054 v dsa[7]._8_/Q (sky130_fd_sc_hd__dfrtp_1)
                                                         dsa[7].last_carry (net)
                      0.096788    0.000040    1.287095 v dsa[7]._4_/B1 (sky130_fd_sc_hd__a21o_1)
     2    0.005276    0.082687    0.308897    1.595991 v dsa[7]._4_/X (sky130_fd_sc_hd__a21o_1)
                                                         dsa[7]._1_ (net)
                      0.082687    0.000028    1.596019 v dsa[7]._5_/B (sky130_fd_sc_hd__nand2_1)
     1    0.004664    0.100545    0.124628    1.720647 ^ dsa[7]._5_/Y (sky130_fd_sc_hd__nand2_1)
                                                         dsa[7]._2_ (net)
                      0.100545    0.000020    1.720667 ^ dsa[7]._6_/B (sky130_fd_sc_hd__xnor2_1)
     1    0.002703    0.089719    0.126971    1.847638 v dsa[7]._6_/Y (sky130_fd_sc_hd__xnor2_1)
                                                         dsa[7].y_out_next (net)
                      0.089719    0.000031    1.847669 v dsa[7]._9_/D (sky130_fd_sc_hd__dfrtp_1)
                                              1.847669   data arrival time

                                 10.000000   10.000000   clock core_clock (rise edge)
                                  0.000000   10.000000   clock source latency
     1    0.014006    0.000000    0.000000   10.000000 ^ clk (in)
                                                         clk (net)
                      0.000547    0.000274   10.000274 ^ clkbuf_0_clk/A (sky130_fd_sc_hd__clkbuf_16)
     8    0.081141    0.149432    0.263842   10.264116 ^ clkbuf_0_clk/X (sky130_fd_sc_hd__clkbuf_16)
                                                         clknet_0_clk (net)
                      0.149605    0.003058   10.267174 ^ clkbuf_3_4__f_clk/A (sky130_fd_sc_hd__clkbuf_16)
     9    0.021963    0.069872    0.260920   10.528094 ^ clkbuf_3_4__f_clk/X (sky130_fd_sc_hd__clkbuf_16)
                                                         clknet_3_4__leaf_clk (net)
                      0.069895    0.000155   10.528249 ^ dsa[7]._9_/CLK (sky130_fd_sc_hd__dfrtp_1)
                                  0.000000   10.528249   clock reconvergence pessimism
                                 -0.284817   10.243432   library setup time
                                             10.243432   data required time
---------------------------------------------------------------------------------------------
                                             10.243432   data required time
                                             -1.847669   data arrival time
---------------------------------------------------------------------------------------------
                                              8.395763   slack (MET)


Startpoint: dsa[10]._8_ (rising edge-triggered flip-flop clocked by core_clock)
Endpoint: dsa[10]._9_ (rising edge-triggered flip-flop clocked by core_clock)
Path Group: core_clock
Path Type: max

Fanout         Cap        Slew       Delay        Time   Description
---------------------------------------------------------------------------------------------
                                  0.000000    0.000000   clock core_clock (rise edge)
                                  0.000000    0.000000   clock source latency
     1    0.014006    0.000000    0.000000    0.000000 ^ clk (in)
                                                         clk (net)
                      0.000547    0.000274    0.000274 ^ clkbuf_0_clk/A (sky130_fd_sc_hd__clkbuf_16)
     8    0.081141    0.149432    0.263842    0.264115 ^ clkbuf_0_clk/X (sky130_fd_sc_hd__clkbuf_16)
                                                         clknet_0_clk (net)
                      0.149455    0.001954    0.266069 ^ clkbuf_3_6__f_clk/A (sky130_fd_sc_hd__clkbuf_16)
     8    0.025818    0.074785    0.266332    0.532401 ^ clkbuf_3_6__f_clk/X (sky130_fd_sc_hd__clkbuf_16)
                                                         clknet_3_6__leaf_clk (net)
                      0.074785    0.000252    0.532653 ^ dsa[10]._8_/CLK (sky130_fd_sc_hd__dfrtp_1)
     2    0.005601    0.100068    0.764935    1.297588 v dsa[10]._8_/Q (sky130_fd_sc_hd__dfrtp_1)
                                                         dsa[10].last_carry (net)
                      0.100068    0.000058    1.297646 v dsa[10]._4_/B1 (sky130_fd_sc_hd__a21o_1)
     2    0.005260    0.079649    0.310077    1.607723 v dsa[10]._4_/X (sky130_fd_sc_hd__a21o_1)
                                                         dsa[10]._1_ (net)
                      0.079649    0.000040    1.607763 v dsa[10]._5_/B (sky130_fd_sc_hd__nand2_1)
     1    0.004781    0.098236    0.124333    1.732095 ^ dsa[10]._5_/Y (sky130_fd_sc_hd__nand2_1)
                                                         dsa[10]._2_ (net)
                      0.098236    0.000042    1.732137 ^ dsa[10]._6_/B (sky130_fd_sc_hd__xnor2_1)
     1    0.002409    0.085540    0.122446    1.854583 v dsa[10]._6_/Y (sky130_fd_sc_hd__xnor2_1)
                                                         dsa[10].y_out_next (net)
                      0.085540    0.000022    1.854605 v dsa[10]._9_/D (sky130_fd_sc_hd__dfrtp_1)
                                              1.854605   data arrival time

                                 10.000000   10.000000   clock core_clock (rise edge)
                                  0.000000   10.000000   clock source latency
     1    0.014006    0.000000    0.000000   10.000000 ^ clk (in)
                                                         clk (net)
                      0.000547    0.000274   10.000274 ^ clkbuf_0_clk/A (sky130_fd_sc_hd__clkbuf_16)
     8    0.081141    0.149432    0.263842   10.264116 ^ clkbuf_0_clk/X (sky130_fd_sc_hd__clkbuf_16)
                                                         clknet_0_clk (net)
                      0.149455    0.001953   10.266069 ^ clkbuf_3_6__f_clk/A (sky130_fd_sc_hd__clkbuf_16)
     8    0.025818    0.074785    0.266332   10.532401 ^ clkbuf_3_6__f_clk/X (sky130_fd_sc_hd__clkbuf_16)
                                                         clknet_3_6__leaf_clk (net)
                      0.074785    0.000240   10.532640 ^ dsa[10]._9_/CLK (sky130_fd_sc_hd__dfrtp_1)
                                  0.000000   10.532640   clock reconvergence pessimism
                                 -0.281770   10.250872   library setup time
                                             10.250872   data required time
---------------------------------------------------------------------------------------------
                                             10.250872   data required time
                                             -1.854605   data arrival time
---------------------------------------------------------------------------------------------
                                              8.396267   slack (MET)


Startpoint: dsa[0]._8_ (rising edge-triggered flip-flop clocked by core_clock)
Endpoint: dsa[0]._9_ (rising edge-triggered flip-flop clocked by core_clock)
Path Group: core_clock
Path Type: max

Fanout         Cap        Slew       Delay        Time   Description
---------------------------------------------------------------------------------------------
                                  0.000000    0.000000   clock core_clock (rise edge)
                                  0.000000    0.000000   clock source latency
     1    0.014006    0.000000    0.000000    0.000000 ^ clk (in)
                                                         clk (net)
                      0.000547    0.000274    0.000274 ^ clkbuf_0_clk/A (sky130_fd_sc_hd__clkbuf_16)
     8    0.081141    0.149432    0.263842    0.264115 ^ clkbuf_0_clk/X (sky130_fd_sc_hd__clkbuf_16)
                                                         clknet_0_clk (net)
                      0.149457    0.002038    0.266154 ^ clkbuf_3_7__f_clk/A (sky130_fd_sc_hd__clkbuf_16)
    10    0.027845    0.077460    0.269165    0.535318 ^ clkbuf_3_7__f_clk/X (sky130_fd_sc_hd__clkbuf_16)
                                                         clknet_3_7__leaf_clk (net)
                      0.077461    0.000430    0.535749 ^ dsa[0]._8_/CLK (sky130_fd_sc_hd__dfrtp_1)
     2    0.005083    0.099512    0.761439    1.297187 v dsa[0]._8_/Q (sky130_fd_sc_hd__dfrtp_1)
                                                         dsa[0].last_carry (net)
                      0.099512    0.000018    1.297206 v dsa[0]._4_/B1 (sky130_fd_sc_hd__a21o_1)
     2    0.005530    0.081612    0.311933    1.609138 v dsa[0]._4_/X (sky130_fd_sc_hd__a21o_1)
                                                         dsa[0]._1_ (net)
                      0.081612    0.000047    1.609186 v dsa[0]._5_/B (sky130_fd_sc_hd__nand2_1)
     1    0.005160    0.103267    0.129043    1.738229 ^ dsa[0]._5_/Y (sky130_fd_sc_hd__nand2_1)
                                                         dsa[0]._2_ (net)
                      0.103267    0.000058    1.738287 ^ dsa[0]._6_/B (sky130_fd_sc_hd__xnor2_1)
     1    0.002136    0.081719    0.120899    1.859186 v dsa[0]._6_/Y (sky130_fd_sc_hd__xnor2_1)
                                                         dsa[0].y_out_next (net)
                      0.081719    0.000018    1.859204 v dsa[0]._9_/D (sky130_fd_sc_hd__dfrtp_1)
                                              1.859204   data arrival time

                                 10.000000   10.000000   clock core_clock (rise edge)
                                  0.000000   10.000000   clock source latency
     1    0.014006    0.000000    0.000000   10.000000 ^ clk (in)
                                                         clk (net)
                      0.000547    0.000274   10.000274 ^ clkbuf_0_clk/A (sky130_fd_sc_hd__clkbuf_16)
     8    0.081141    0.149432    0.263842   10.264116 ^ clkbuf_0_clk/X (sky130_fd_sc_hd__clkbuf_16)
                                                         clknet_0_clk (net)
                      0.149457    0.002037   10.266153 ^ clkbuf_3_7__f_clk/A (sky130_fd_sc_hd__clkbuf_16)
    10    0.027845    0.077460    0.269165   10.535318 ^ clkbuf_3_7__f_clk/X (sky130_fd_sc_hd__clkbuf_16)
                                                         clknet_3_7__leaf_clk (net)
                      0.077460    0.000315   10.535634 ^ dsa[0]._9_/CLK (sky130_fd_sc_hd__dfrtp_1)
                                  0.000000   10.535634   clock reconvergence pessimism
                                 -0.279463   10.256170   library setup time
                                             10.256170   data required time
---------------------------------------------------------------------------------------------
                                             10.256170   data required time
                                             -1.859204   data arrival time
---------------------------------------------------------------------------------------------
                                              8.396966   slack (MET)


Startpoint: dsa[13]._8_ (rising edge-triggered flip-flop clocked by core_clock)
Endpoint: dsa[13]._9_ (rising edge-triggered flip-flop clocked by core_clock)
Path Group: core_clock
Path Type: max

Fanout         Cap        Slew       Delay        Time   Description
---------------------------------------------------------------------------------------------
                                  0.000000    0.000000   clock core_clock (rise edge)
                                  0.000000    0.000000   clock source latency
     1    0.014006    0.000000    0.000000    0.000000 ^ clk (in)
                                                         clk (net)
                      0.000547    0.000274    0.000274 ^ clkbuf_0_clk/A (sky130_fd_sc_hd__clkbuf_16)
     8    0.081141    0.149432    0.263842    0.264115 ^ clkbuf_0_clk/X (sky130_fd_sc_hd__clkbuf_16)
                                                         clknet_0_clk (net)
                      0.149437    0.001226    0.265341 ^ clkbuf_3_3__f_clk/A (sky130_fd_sc_hd__clkbuf_16)
     9    0.025819    0.074788    0.266297    0.531638 ^ clkbuf_3_3__f_clk/X (sky130_fd_sc_hd__clkbuf_16)
                                                         clknet_3_3__leaf_clk (net)
                      0.074789    0.000324    0.531961 ^ dsa[13]._8_/CLK (sky130_fd_sc_hd__dfrtp_1)
     2    0.005451    0.098885    0.763564    1.295525 v dsa[13]._8_/Q (sky130_fd_sc_hd__dfrtp_1)
                                                         dsa[13].last_carry (net)
                      0.098885    0.000019    1.295544 v dsa[13]._4_/B1 (sky130_fd_sc_hd__a21o_1)
     2    0.005387    0.080568    0.310576    1.606120 v dsa[13]._4_/X (sky130_fd_sc_hd__a21o_1)
                                                         dsa[13]._1_ (net)
                      0.080568    0.000042    1.606162 v dsa[13]._5_/B (sky130_fd_sc_hd__nand2_1)
     1    0.005033    0.101509    0.127284    1.733446 ^ dsa[13]._5_/Y (sky130_fd_sc_hd__nand2_1)
                                                         dsa[13]._2_ (net)
                      0.101509    0.000052    1.733498 ^ dsa[13]._6_/B (sky130_fd_sc_hd__xnor2_1)
     1    0.002193    0.082506    0.120958    1.854456 v dsa[13]._6_/Y (sky130_fd_sc_hd__xnor2_1)
                                                         dsa[13].y_out_next (net)
                      0.082506    0.000019    1.854475 v dsa[13]._9_/D (sky130_fd_sc_hd__dfrtp_1)
                                              1.854475   data arrival time

                                 10.000000   10.000000   clock core_clock (rise edge)
                                  0.000000   10.000000   clock source latency
     1    0.014006    0.000000    0.000000   10.000000 ^ clk (in)
                                                         clk (net)
                      0.000547    0.000274   10.000274 ^ clkbuf_0_clk/A (sky130_fd_sc_hd__clkbuf_16)
     8    0.081141    0.149432    0.263842   10.264116 ^ clkbuf_0_clk/X (sky130_fd_sc_hd__clkbuf_16)
                                                         clknet_0_clk (net)
                      0.149437    0.001225   10.265341 ^ clkbuf_3_3__f_clk/A (sky130_fd_sc_hd__clkbuf_16)
     9    0.025819    0.074788    0.266297   10.531638 ^ clkbuf_3_3__f_clk/X (sky130_fd_sc_hd__clkbuf_16)
                                                         clknet_3_3__leaf_clk (net)
                      0.074789    0.000330   10.531967 ^ dsa[13]._9_/CLK (sky130_fd_sc_hd__dfrtp_1)
                                  0.000000   10.531967   clock reconvergence pessimism
                                 -0.280503   10.251464   library setup time
                                             10.251464   data required time
---------------------------------------------------------------------------------------------
                                             10.251464   data required time
                                             -1.854475   data arrival time
---------------------------------------------------------------------------------------------
                                              8.396989   slack (MET)


Startpoint: dsa[20]._8_ (rising edge-triggered flip-flop clocked by core_clock)
Endpoint: dsa[20]._9_ (rising edge-triggered flip-flop clocked by core_clock)
Path Group: core_clock
Path Type: max

Fanout         Cap        Slew       Delay        Time   Description
---------------------------------------------------------------------------------------------
                                  0.000000    0.000000   clock core_clock (rise edge)
                                  0.000000    0.000000   clock source latency
     1    0.014006    0.000000    0.000000    0.000000 ^ clk (in)
                                                         clk (net)
                      0.000547    0.000274    0.000274 ^ clkbuf_0_clk/A (sky130_fd_sc_hd__clkbuf_16)
     8    0.081141    0.149432    0.263842    0.264115 ^ clkbuf_0_clk/X (sky130_fd_sc_hd__clkbuf_16)
                                                         clknet_0_clk (net)
                      0.149643    0.003591    0.267706 ^ clkbuf_3_1__f_clk/A (sky130_fd_sc_hd__clkbuf_16)
     7    0.023612    0.071959    0.263288    0.530994 ^ clkbuf_3_1__f_clk/X (sky130_fd_sc_hd__clkbuf_16)
                                                         clknet_3_1__leaf_clk (net)
                      0.071959    0.000162    0.531156 ^ dsa[20]._8_/CLK (sky130_fd_sc_hd__dfrtp_1)
     2    0.005717    0.100994    0.764672    1.295828 v dsa[20]._8_/Q (sky130_fd_sc_hd__dfrtp_1)
                                                         dsa[20].last_carry (net)
                      0.100994    0.000061    1.295889 v dsa[20]._4_/B1 (sky130_fd_sc_hd__a21o_1)
     2    0.005385    0.080547    0.311418    1.607307 v dsa[20]._4_/X (sky130_fd_sc_hd__a21o_1)
                                                         dsa[20]._1_ (net)
                      0.080547    0.000033    1.607340 v dsa[20]._5_/B (sky130_fd_sc_hd__nand2_1)
     1    0.004769    0.099259    0.124635    1.731975 ^ dsa[20]._5_/Y (sky130_fd_sc_hd__nand2_1)
                                                         dsa[20]._2_ (net)
                      0.099259    0.000042    1.732017 ^ dsa[20]._6_/B (sky130_fd_sc_hd__xnor2_1)
     1    0.002277    0.083685    0.121185    1.853202 v dsa[20]._6_/Y (sky130_fd_sc_hd__xnor2_1)
                                                         dsa[20].y_out_next (net)
                      0.083685    0.000020    1.853222 v dsa[20]._9_/D (sky130_fd_sc_hd__dfrtp_1)
                                              1.853222   data arrival time

                                 10.000000   10.000000   clock core_clock (rise edge)
                                  0.000000   10.000000   clock source latency
     1    0.014006    0.000000    0.000000   10.000000 ^ clk (in)
                                                         clk (net)
                      0.000547    0.000274   10.000274 ^ clkbuf_0_clk/A (sky130_fd_sc_hd__clkbuf_16)
     8    0.081141    0.149432    0.263842   10.264116 ^ clkbuf_0_clk/X (sky130_fd_sc_hd__clkbuf_16)
                                                         clknet_0_clk (net)
                      0.149646    0.003630   10.267746 ^ clkbuf_3_0__f_clk/A (sky130_fd_sc_hd__clkbuf_16)
    10    0.030493    0.081065    0.273023   10.540769 ^ clkbuf_3_0__f_clk/X (sky130_fd_sc_hd__clkbuf_16)
                                                         clknet_3_0__leaf_clk (net)
                      0.081065    0.000154   10.540922 ^ dsa[20]._9_/CLK (sky130_fd_sc_hd__dfrtp_1)
                                  0.000000   10.540922   clock reconvergence pessimism
                                 -0.279322   10.261600   library setup time
                                             10.261600   data required time
---------------------------------------------------------------------------------------------
                                             10.261600   data required time
                                             -1.853222   data arrival time
---------------------------------------------------------------------------------------------
                                              8.408379   slack (MET)


Startpoint: dsa[0]._8_ (rising edge-triggered flip-flop clocked by core_clock)
Endpoint: dsa[0]._8_ (rising edge-triggered flip-flop clocked by core_clock)
Path Group: core_clock
Path Type: max

Fanout         Cap        Slew       Delay        Time   Description
---------------------------------------------------------------------------------------------
                                  0.000000    0.000000   clock core_clock (rise edge)
                                  0.000000    0.000000   clock source latency
     1    0.014006    0.000000    0.000000    0.000000 ^ clk (in)
                                                         clk (net)
                      0.000547    0.000274    0.000274 ^ clkbuf_0_clk/A (sky130_fd_sc_hd__clkbuf_16)
     8    0.081141    0.149432    0.263842    0.264115 ^ clkbuf_0_clk/X (sky130_fd_sc_hd__clkbuf_16)
                                                         clknet_0_clk (net)
                      0.149457    0.002038    0.266154 ^ clkbuf_3_7__f_clk/A (sky130_fd_sc_hd__clkbuf_16)
    10    0.027845    0.077460    0.269165    0.535318 ^ clkbuf_3_7__f_clk/X (sky130_fd_sc_hd__clkbuf_16)
                                                         clknet_3_7__leaf_clk (net)
                      0.077461    0.000430    0.535749 ^ dsa[0]._8_/CLK (sky130_fd_sc_hd__dfrtp_1)
     2    0.005083    0.099512    0.761439    1.297187 v dsa[0]._8_/Q (sky130_fd_sc_hd__dfrtp_1)
                                                         dsa[0].last_carry (net)
                      0.099512    0.000022    1.297210 v dsa[0]._3_/A (sky130_fd_sc_hd__nand3_1)
     2    0.005105    0.129321    0.141334    1.438544 ^ dsa[0]._3_/Y (sky130_fd_sc_hd__nand3_1)
                                                         dsa[0]._0_ (net)
                      0.129321    0.000057    1.438602 ^ dsa[0]._7_/B1_N (sky130_fd_sc_hd__a21bo_1)
     1    0.002339    0.058134    0.377816    1.816418 v dsa[0]._7_/X (sky130_fd_sc_hd__a21bo_1)
                                                         dsa[0].last_carry_next (net)
                      0.058134    0.000023    1.816441 v dsa[0]._8_/D (sky130_fd_sc_hd__dfrtp_1)
                                              1.816441   data arrival time

                                 10.000000   10.000000   clock core_clock (rise edge)
                                  0.000000   10.000000   clock source latency
     1    0.014006    0.000000    0.000000   10.000000 ^ clk (in)
                                                         clk (net)
                      0.000547    0.000274   10.000274 ^ clkbuf_0_clk/A (sky130_fd_sc_hd__clkbuf_16)
     8    0.081141    0.149432    0.263842   10.264116 ^ clkbuf_0_clk/X (sky130_fd_sc_hd__clkbuf_16)
                                                         clknet_0_clk (net)
                      0.149457    0.002037   10.266153 ^ clkbuf_3_7__f_clk/A (sky130_fd_sc_hd__clkbuf_16)
    10    0.027845    0.077460    0.269165   10.535318 ^ clkbuf_3_7__f_clk/X (sky130_fd_sc_hd__clkbuf_16)
                                                         clknet_3_7__leaf_clk (net)
                      0.077461    0.000430   10.535748 ^ dsa[0]._8_/CLK (sky130_fd_sc_hd__dfrtp_1)
                                  0.000000   10.535748   clock reconvergence pessimism
                                 -0.269628   10.266121   library setup time
                                             10.266121   data required time
---------------------------------------------------------------------------------------------
                                             10.266121   data required time
                                             -1.816441   data arrival time
---------------------------------------------------------------------------------------------
                                              8.449680   slack (MET)



