
===========================================================================
report_checks -path_delay min (Hold)
============================================================================
======================= min_ss_100C_1v60 Corner ===================================

Startpoint: dsa[25]._9_ (rising edge-triggered flip-flop clocked by core_clock)
Endpoint: dsa[26]._9_ (rising edge-triggered flip-flop clocked by core_clock)
Path Group: core_clock
Path Type: min

Fanout         Cap        Slew       Delay        Time   Description
---------------------------------------------------------------------------------------------
                                  0.000000    0.000000   clock core_clock (rise edge)
                                  0.000000    0.000000   clock source latency
     1    0.014006    0.000000    0.000000    0.000000 ^ clk (in)
                                                         clk (net)
                      0.000547    0.000274    0.000274 ^ clkbuf_0_clk/A (sky130_fd_sc_hd__clkbuf_16)
     8    0.081141    0.149432    0.263842    0.264115 ^ clkbuf_0_clk/X (sky130_fd_sc_hd__clkbuf_16)
                                                         clknet_0_clk (net)
                      0.149439    0.001325    0.265441 ^ clkbuf_3_2__f_clk/A (sky130_fd_sc_hd__clkbuf_16)
    10    0.029386    0.079527    0.271344    0.536785 ^ clkbuf_3_2__f_clk/X (sky130_fd_sc_hd__clkbuf_16)
                                                         clknet_3_2__leaf_clk (net)
                      0.079527    0.000260    0.537044 ^ dsa[25]._9_/CLK (sky130_fd_sc_hd__dfrtp_1)
     2    0.008166    0.147014    0.701441    1.238486 ^ dsa[25]._9_/Q (sky130_fd_sc_hd__dfrtp_1)
                                                         dsa[25].y_out (net)
                      0.147014    0.000038    1.238523 ^ dsa[26]._6_/A (sky130_fd_sc_hd__xnor2_1)
     1    0.002225    0.064768    0.156608    1.395132 v dsa[26]._6_/Y (sky130_fd_sc_hd__xnor2_1)
                                                         dsa[26].y_out_next (net)
                      0.064768    0.000020    1.395151 v dsa[26]._9_/D (sky130_fd_sc_hd__dfrtp_1)
                                              1.395151   data arrival time

                                  0.000000    0.000000   clock core_clock (rise edge)
                                  0.000000    0.000000   clock source latency
     1    0.014006    0.000000    0.000000    0.000000 ^ clk (in)
                                                         clk (net)
                      0.000547    0.000274    0.000274 ^ clkbuf_0_clk/A (sky130_fd_sc_hd__clkbuf_16)
     8    0.081141    0.149432    0.263842    0.264115 ^ clkbuf_0_clk/X (sky130_fd_sc_hd__clkbuf_16)
                                                         clknet_0_clk (net)
                      0.149439    0.001325    0.265441 ^ clkbuf_3_2__f_clk/A (sky130_fd_sc_hd__clkbuf_16)
    10    0.029386    0.079527    0.271344    0.536785 ^ clkbuf_3_2__f_clk/X (sky130_fd_sc_hd__clkbuf_16)
                                                         clknet_3_2__leaf_clk (net)
                      0.079527    0.000354    0.537138 ^ dsa[26]._9_/CLK (sky130_fd_sc_hd__dfrtp_1)
                                  0.000000    0.537138   clock reconvergence pessimism
                                 -0.092974    0.444165   library hold time
                                              0.444165   data required time
---------------------------------------------------------------------------------------------
                                              0.444165   data required time
                                             -1.395151   data arrival time
---------------------------------------------------------------------------------------------
                                              0.950987   slack (MET)


Startpoint: dsa[0]._9_ (rising edge-triggered flip-flop clocked by core_clock)
Endpoint: dsa[1]._9_ (rising edge-triggered flip-flop clocked by core_clock)
Path Group: core_clock
Path Type: min

Fanout         Cap        Slew       Delay        Time   Description
---------------------------------------------------------------------------------------------
                                  0.000000    0.000000   clock core_clock (rise edge)
                                  0.000000    0.000000   clock source latency
     1    0.014006    0.000000    0.000000    0.000000 ^ clk (in)
                                                         clk (net)
                      0.000547    0.000274    0.000274 ^ clkbuf_0_clk/A (sky130_fd_sc_hd__clkbuf_16)
     8    0.081141    0.149432    0.263842    0.264115 ^ clkbuf_0_clk/X (sky130_fd_sc_hd__clkbuf_16)
                                                         clknet_0_clk (net)
                      0.149457    0.002038    0.266154 ^ clkbuf_3_7__f_clk/A (sky130_fd_sc_hd__clkbuf_16)
    10    0.027845    0.077460    0.269165    0.535318 ^ clkbuf_3_7__f_clk/X (sky130_fd_sc_hd__clkbuf_16)
                                                         clknet_3_7__leaf_clk (net)
                      0.077460    0.000315    0.535634 ^ dsa[0]._9_/CLK (sky130_fd_sc_hd__dfrtp_1)
     2    0.008159    0.146937    0.700403    1.236036 ^ dsa[0]._9_/Q (sky130_fd_sc_hd__dfrtp_1)
                                                         dsa[0].y_out (net)
                      0.146937    0.000040    1.236077 ^ dsa[1]._6_/A (sky130_fd_sc_hd__xnor2_1)
     1    0.002281    0.064766    0.157292    1.393368 v dsa[1]._6_/Y (sky130_fd_sc_hd__xnor2_1)
                                                         dsa[1].y_out_next (net)
                      0.064766    0.000021    1.393390 v dsa[1]._9_/D (sky130_fd_sc_hd__dfrtp_1)
                                              1.393390   data arrival time

                                  0.000000    0.000000   clock core_clock (rise edge)
                                  0.000000    0.000000   clock source latency
     1    0.014006    0.000000    0.000000    0.000000 ^ clk (in)
                                                         clk (net)
                      0.000547    0.000274    0.000274 ^ clkbuf_0_clk/A (sky130_fd_sc_hd__clkbuf_16)
     8    0.081141    0.149432    0.263842    0.264115 ^ clkbuf_0_clk/X (sky130_fd_sc_hd__clkbuf_16)
                                                         clknet_0_clk (net)
                      0.149457    0.002038    0.266154 ^ clkbuf_3_7__f_clk/A (sky130_fd_sc_hd__clkbuf_16)
    10    0.027845    0.077460    0.269165    0.535318 ^ clkbuf_3_7__f_clk/X (sky130_fd_sc_hd__clkbuf_16)
                                                         clknet_3_7__leaf_clk (net)
                      0.077460    0.000300    0.535618 ^ dsa[1]._9_/CLK (sky130_fd_sc_hd__dfrtp_1)
                                  0.000000    0.535618   clock reconvergence pessimism
                                 -0.093476    0.442142   library hold time
                                              0.442142   data required time
---------------------------------------------------------------------------------------------
                                              0.442142   data required time
                                             -1.393390   data arrival time
---------------------------------------------------------------------------------------------
                                              0.951248   slack (MET)


Startpoint: dsa[4]._9_ (rising edge-triggered flip-flop clocked by core_clock)
Endpoint: dsa[5]._9_ (rising edge-triggered flip-flop clocked by core_clock)
Path Group: core_clock
Path Type: min

Fanout         Cap        Slew       Delay        Time   Description
---------------------------------------------------------------------------------------------
                                  0.000000    0.000000   clock core_clock (rise edge)
                                  0.000000    0.000000   clock source latency
     1    0.014006    0.000000    0.000000    0.000000 ^ clk (in)
                                                         clk (net)
                      0.000547    0.000274    0.000274 ^ clkbuf_0_clk/A (sky130_fd_sc_hd__clkbuf_16)
     8    0.081141    0.149432    0.263842    0.264115 ^ clkbuf_0_clk/X (sky130_fd_sc_hd__clkbuf_16)
                                                         clknet_0_clk (net)
                      0.149607    0.003091    0.267206 ^ clkbuf_3_5__f_clk/A (sky130_fd_sc_hd__clkbuf_16)
     8    0.027850    0.077464    0.269254    0.536461 ^ clkbuf_3_5__f_clk/X (sky130_fd_sc_hd__clkbuf_16)
                                                         clknet_3_5__leaf_clk (net)
                      0.077464    0.000105    0.536566 ^ dsa[4]._9_/CLK (sky130_fd_sc_hd__dfrtp_1)
     2    0.008198    0.143116    0.700773    1.237339 ^ dsa[4]._9_/Q (sky130_fd_sc_hd__dfrtp_1)
                                                         dsa[4].y_out (net)
                      0.143116    0.000078    1.237417 ^ dsa[5]._6_/A (sky130_fd_sc_hd__xnor2_1)
     1    0.002487    0.067861    0.158447    1.395864 v dsa[5]._6_/Y (sky130_fd_sc_hd__xnor2_1)
                                                         dsa[5].y_out_next (net)
                      0.067861    0.000025    1.395889 v dsa[5]._9_/D (sky130_fd_sc_hd__dfrtp_1)
                                              1.395889   data arrival time

                                  0.000000    0.000000   clock core_clock (rise edge)
                                  0.000000    0.000000   clock source latency
     1    0.014006    0.000000    0.000000    0.000000 ^ clk (in)
                                                         clk (net)
                      0.000547    0.000274    0.000274 ^ clkbuf_0_clk/A (sky130_fd_sc_hd__clkbuf_16)
     8    0.081141    0.149432    0.263842    0.264115 ^ clkbuf_0_clk/X (sky130_fd_sc_hd__clkbuf_16)
                                                         clknet_0_clk (net)
                      0.149607    0.003091    0.267206 ^ clkbuf_3_5__f_clk/A (sky130_fd_sc_hd__clkbuf_16)
     8    0.027850    0.077464    0.269254    0.536461 ^ clkbuf_3_5__f_clk/X (sky130_fd_sc_hd__clkbuf_16)
                                                         clknet_3_5__leaf_clk (net)
                      0.077464    0.000295    0.536755 ^ dsa[5]._9_/CLK (sky130_fd_sc_hd__dfrtp_1)
                                  0.000000    0.536755   clock reconvergence pessimism
                                 -0.094624    0.442131   library hold time
                                              0.442131   data required time
---------------------------------------------------------------------------------------------
                                              0.442131   data required time
                                             -1.395889   data arrival time
---------------------------------------------------------------------------------------------
                                              0.953758   slack (MET)


Startpoint: dsa[16]._9_ (rising edge-triggered flip-flop clocked by core_clock)
Endpoint: dsa[17]._9_ (rising edge-triggered flip-flop clocked by core_clock)
Path Group: core_clock
Path Type: min

Fanout         Cap        Slew       Delay        Time   Description
---------------------------------------------------------------------------------------------
                                  0.000000    0.000000   clock core_clock (rise edge)
                                  0.000000    0.000000   clock source latency
     1    0.014006    0.000000    0.000000    0.000000 ^ clk (in)
                                                         clk (net)
                      0.000547    0.000274    0.000274 ^ clkbuf_0_clk/A (sky130_fd_sc_hd__clkbuf_16)
     8    0.081141    0.149432    0.263842    0.264115 ^ clkbuf_0_clk/X (sky130_fd_sc_hd__clkbuf_16)
                                                         clknet_0_clk (net)
                      0.149605    0.003059    0.267174 ^ clkbuf_3_4__f_clk/A (sky130_fd_sc_hd__clkbuf_16)
     9    0.021963    0.069872    0.260919    0.528094 ^ clkbuf_3_4__f_clk/X (sky130_fd_sc_hd__clkbuf_16)
                                                         clknet_3_4__leaf_clk (net)
                      0.069895    0.000158    0.528251 ^ dsa[16]._9_/CLK (sky130_fd_sc_hd__dfrtp_1)
     2    0.008707    0.149458    0.702622    1.230873 ^ dsa[16]._9_/Q (sky130_fd_sc_hd__dfrtp_1)
                                                         dsa[16].y_out (net)
                      0.149458    0.000099    1.230973 ^ dsa[17]._6_/A (sky130_fd_sc_hd__xnor2_1)
     1    0.002303    0.065158    0.158532    1.389505 v dsa[17]._6_/Y (sky130_fd_sc_hd__xnor2_1)
                                                         dsa[17].y_out_next (net)
                      0.065158    0.000023    1.389527 v dsa[17]._9_/D (sky130_fd_sc_hd__dfrtp_1)
                                              1.389527   data arrival time

                                  0.000000    0.000000   clock core_clock (rise edge)
                                  0.000000    0.000000   clock source latency
     1    0.014006    0.000000    0.000000    0.000000 ^ clk (in)
                                                         clk (net)
                      0.000547    0.000274    0.000274 ^ clkbuf_0_clk/A (sky130_fd_sc_hd__clkbuf_16)
     8    0.081141    0.149432    0.263842    0.264115 ^ clkbuf_0_clk/X (sky130_fd_sc_hd__clkbuf_16)
                                                         clknet_0_clk (net)
                      0.149605    0.003059    0.267174 ^ clkbuf_3_4__f_clk/A (sky130_fd_sc_hd__clkbuf_16)
     9    0.021963    0.069872    0.260919    0.528094 ^ clkbuf_3_4__f_clk/X (sky130_fd_sc_hd__clkbuf_16)
                                                         clknet_3_4__leaf_clk (net)
                      0.069895    0.000173    0.528267 ^ dsa[17]._9_/CLK (sky130_fd_sc_hd__dfrtp_1)
                                  0.000000    0.528267   clock reconvergence pessimism
                                 -0.095461    0.432806   library hold time
                                              0.432806   data required time
---------------------------------------------------------------------------------------------
                                              0.432806   data required time
                                             -1.389527   data arrival time
---------------------------------------------------------------------------------------------
                                              0.956721   slack (MET)


Startpoint: dsa[19]._9_ (rising edge-triggered flip-flop clocked by core_clock)
Endpoint: dsa[20]._9_ (rising edge-triggered flip-flop clocked by core_clock)
Path Group: core_clock
Path Type: min

Fanout         Cap        Slew       Delay        Time   Description
---------------------------------------------------------------------------------------------
                                  0.000000    0.000000   clock core_clock (rise edge)
                                  0.000000    0.000000   clock source latency
     1    0.014006    0.000000    0.000000    0.000000 ^ clk (in)
                                                         clk (net)
                      0.000547    0.000274    0.000274 ^ clkbuf_0_clk/A (sky130_fd_sc_hd__clkbuf_16)
     8    0.081141    0.149432    0.263842    0.264115 ^ clkbuf_0_clk/X (sky130_fd_sc_hd__clkbuf_16)
                                                         clknet_0_clk (net)
                      0.149646    0.003631    0.267746 ^ clkbuf_3_0__f_clk/A (sky130_fd_sc_hd__clkbuf_16)
    10    0.030493    0.081065    0.273023    0.540769 ^ clkbuf_3_0__f_clk/X (sky130_fd_sc_hd__clkbuf_16)
                                                         clknet_3_0__leaf_clk (net)
                      0.081066    0.000375    0.541144 ^ dsa[19]._9_/CLK (sky130_fd_sc_hd__dfrtp_1)
     2    0.008640    0.148573    0.707090    1.248234 ^ dsa[19]._9_/Q (sky130_fd_sc_hd__dfrtp_1)
                                                         dsa[19].y_out (net)
                      0.148573    0.000131    1.248365 ^ dsa[20]._6_/A (sky130_fd_sc_hd__xnor2_1)
     1    0.002277    0.064713    0.157869    1.406234 v dsa[20]._6_/Y (sky130_fd_sc_hd__xnor2_1)
                                                         dsa[20].y_out_next (net)
                      0.064713    0.000020    1.406254 v dsa[20]._9_/D (sky130_fd_sc_hd__dfrtp_1)
                                              1.406254   data arrival time

                                  0.000000    0.000000   clock core_clock (rise edge)
                                  0.000000    0.000000   clock source latency
     1    0.014006    0.000000    0.000000    0.000000 ^ clk (in)
                                                         clk (net)
                      0.000547    0.000274    0.000274 ^ clkbuf_0_clk/A (sky130_fd_sc_hd__clkbuf_16)
     8    0.081141    0.149432    0.263842    0.264115 ^ clkbuf_0_clk/X (sky130_fd_sc_hd__clkbuf_16)
                                                         clknet_0_clk (net)
                      0.149646    0.003631    0.267746 ^ clkbuf_3_0__f_clk/A (sky130_fd_sc_hd__clkbuf_16)
    10    0.030493    0.081065    0.273023    0.540769 ^ clkbuf_3_0__f_clk/X (sky130_fd_sc_hd__clkbuf_16)
                                                         clknet_3_0__leaf_clk (net)
                      0.081065    0.000153    0.540922 ^ dsa[20]._9_/CLK (sky130_fd_sc_hd__dfrtp_1)
                                  0.000000    0.540922   clock reconvergence pessimism
                                 -0.092579    0.448343   library hold time
                                              0.448343   data required time
---------------------------------------------------------------------------------------------
                                              0.448343   data required time
                                             -1.406254   data arrival time
---------------------------------------------------------------------------------------------
                                              0.957912   slack (MET)


Startpoint: dsa[15]._9_ (rising edge-triggered flip-flop clocked by core_clock)
Endpoint: dsa[16]._9_ (rising edge-triggered flip-flop clocked by core_clock)
Path Group: core_clock
Path Type: min

Fanout         Cap        Slew       Delay        Time   Description
---------------------------------------------------------------------------------------------
                                  0.000000    0.000000   clock core_clock (rise edge)
                                  0.000000    0.000000   clock source latency
     1    0.014006    0.000000    0.000000    0.000000 ^ clk (in)
                                                         clk (net)
                      0.000547    0.000274    0.000274 ^ clkbuf_0_clk/A (sky130_fd_sc_hd__clkbuf_16)
     8    0.081141    0.149432    0.263842    0.264115 ^ clkbuf_0_clk/X (sky130_fd_sc_hd__clkbuf_16)
                                                         clknet_0_clk (net)
                      0.149605    0.003059    0.267174 ^ clkbuf_3_4__f_clk/A (sky130_fd_sc_hd__clkbuf_16)
     9    0.021963    0.069872    0.260919    0.528094 ^ clkbuf_3_4__f_clk/X (sky130_fd_sc_hd__clkbuf_16)
                                                         clknet_3_4__leaf_clk (net)
                      0.069895    0.000231    0.528325 ^ dsa[15]._9_/CLK (sky130_fd_sc_hd__dfrtp_1)
     2    0.008023    0.141022    0.695409    1.223734 ^ dsa[15]._9_/Q (sky130_fd_sc_hd__dfrtp_1)
                                                         dsa[15].y_out (net)
                      0.141022    0.000078    1.223811 ^ dsa[16]._6_/A (sky130_fd_sc_hd__xnor2_1)
     1    0.002960    0.074458    0.163660    1.387472 v dsa[16]._6_/Y (sky130_fd_sc_hd__xnor2_1)
                                                         dsa[16].y_out_next (net)
                      0.074458    0.000038    1.387510 v dsa[16]._9_/D (sky130_fd_sc_hd__dfrtp_1)
                                              1.387510   data arrival time

                                  0.000000    0.000000   clock core_clock (rise edge)
                                  0.000000    0.000000   clock source latency
     1    0.014006    0.000000    0.000000    0.000000 ^ clk (in)
                                                         clk (net)
                      0.000547    0.000274    0.000274 ^ clkbuf_0_clk/A (sky130_fd_sc_hd__clkbuf_16)
     8    0.081141    0.149432    0.263842    0.264115 ^ clkbuf_0_clk/X (sky130_fd_sc_hd__clkbuf_16)
                                                         clknet_0_clk (net)
                      0.149605    0.003059    0.267174 ^ clkbuf_3_4__f_clk/A (sky130_fd_sc_hd__clkbuf_16)
     9    0.021963    0.069872    0.260919    0.528094 ^ clkbuf_3_4__f_clk/X (sky130_fd_sc_hd__clkbuf_16)
                                                         clknet_3_4__leaf_clk (net)
                      0.069895    0.000158    0.528251 ^ dsa[16]._9_/CLK (sky130_fd_sc_hd__dfrtp_1)
                                  0.000000    0.528251   clock reconvergence pessimism
                                 -0.098914    0.429338   library hold time
                                              0.429338   data required time
---------------------------------------------------------------------------------------------
                                              0.429338   data required time
                                             -1.387510   data arrival time
---------------------------------------------------------------------------------------------
                                              0.958172   slack (MET)


Startpoint: dsa[3]._9_ (rising edge-triggered flip-flop clocked by core_clock)
Endpoint: dsa[4]._9_ (rising edge-triggered flip-flop clocked by core_clock)
Path Group: core_clock
Path Type: min

Fanout         Cap        Slew       Delay        Time   Description
---------------------------------------------------------------------------------------------
                                  0.000000    0.000000   clock core_clock (rise edge)
                                  0.000000    0.000000   clock source latency
     1    0.014006    0.000000    0.000000    0.000000 ^ clk (in)
                                                         clk (net)
                      0.000547    0.000274    0.000274 ^ clkbuf_0_clk/A (sky130_fd_sc_hd__clkbuf_16)
     8    0.081141    0.149432    0.263842    0.264115 ^ clkbuf_0_clk/X (sky130_fd_sc_hd__clkbuf_16)
                                                         clknet_0_clk (net)
                      0.149607    0.003091    0.267206 ^ clkbuf_3_5__f_clk/A (sky130_fd_sc_hd__clkbuf_16)
     8    0.027850    0.077464    0.269254    0.536461 ^ clkbuf_3_5__f_clk/X (sky130_fd_sc_hd__clkbuf_16)
                                                         clknet_3_5__leaf_clk (net)
                      0.077464    0.000103    0.536564 ^ dsa[3]._9_/CLK (sky130_fd_sc_hd__dfrtp_1)
     2    0.008760    0.150059    0.706722    1.243286 ^ dsa[3]._9_/Q (sky130_fd_sc_hd__dfrtp_1)
                                                         dsa[3].y_out (net)
                      0.150059    0.000069    1.243355 ^ dsa[4]._6_/A (sky130_fd_sc_hd__xnor2_1)
     1    0.002286    0.065370    0.158552    1.401907 v dsa[4]._6_/Y (sky130_fd_sc_hd__xnor2_1)
                                                         dsa[4].y_out_next (net)
                      0.065370    0.000022    1.401929 v dsa[4]._9_/D (sky130_fd_sc_hd__dfrtp_1)
                                              1.401929   data arrival time

                                  0.000000    0.000000   clock core_clock (rise edge)
                                  0.000000    0.000000   clock source latency
     1    0.014006    0.000000    0.000000    0.000000 ^ clk (in)
                                                         clk (net)
                      0.000547    0.000274    0.000274 ^ clkbuf_0_clk/A (sky130_fd_sc_hd__clkbuf_16)
     8    0.081141    0.149432    0.263842    0.264115 ^ clkbuf_0_clk/X (sky130_fd_sc_hd__clkbuf_16)
                                                         clknet_0_clk (net)
                      0.149607    0.003091    0.267206 ^ clkbuf_3_5__f_clk/A (sky130_fd_sc_hd__clkbuf_16)
     8    0.027850    0.077464    0.269254    0.536461 ^ clkbuf_3_5__f_clk/X (sky130_fd_sc_hd__clkbuf_16)
                                                         clknet_3_5__leaf_clk (net)
                      0.077464    0.000105    0.536566 ^ dsa[4]._9_/CLK (sky130_fd_sc_hd__dfrtp_1)
                                  0.000000    0.536566   clock reconvergence pessimism
                                 -0.093699    0.442867   library hold time
                                              0.442867   data required time
---------------------------------------------------------------------------------------------
                                              0.442867   data required time
                                             -1.401929   data arrival time
---------------------------------------------------------------------------------------------
                                              0.959062   slack (MET)


Startpoint: dsa[22]._9_ (rising edge-triggered flip-flop clocked by core_clock)
Endpoint: dsa[23]._9_ (rising edge-triggered flip-flop clocked by core_clock)
Path Group: core_clock
Path Type: min

Fanout         Cap        Slew       Delay        Time   Description
---------------------------------------------------------------------------------------------
                                  0.000000    0.000000   clock core_clock (rise edge)
                                  0.000000    0.000000   clock source latency
     1    0.014006    0.000000    0.000000    0.000000 ^ clk (in)
                                                         clk (net)
                      0.000547    0.000274    0.000274 ^ clkbuf_0_clk/A (sky130_fd_sc_hd__clkbuf_16)
     8    0.081141    0.149432    0.263842    0.264115 ^ clkbuf_0_clk/X (sky130_fd_sc_hd__clkbuf_16)
                                                         clknet_0_clk (net)
                      0.149437    0.001226    0.265341 ^ clkbuf_3_3__f_clk/A (sky130_fd_sc_hd__clkbuf_16)
     9    0.025819    0.074788    0.266297    0.531638 ^ clkbuf_3_3__f_clk/X (sky130_fd_sc_hd__clkbuf_16)
                                                         clknet_3_3__leaf_clk (net)
                      0.074788    0.000228    0.531866 ^ dsa[22]._9_/CLK (sky130_fd_sc_hd__dfrtp_1)
     2    0.008507    0.146947    0.702789    1.234655 ^ dsa[22]._9_/Q (sky130_fd_sc_hd__dfrtp_1)
                                                         dsa[22].y_out (net)
                      0.146947    0.000074    1.234729 ^ dsa[23]._6_/A (sky130_fd_sc_hd__xnor2_1)
     1    0.002613    0.069625    0.161528    1.396256 v dsa[23]._6_/Y (sky130_fd_sc_hd__xnor2_1)
                                                         dsa[23].y_out_next (net)
                      0.069625    0.000026    1.396283 v dsa[23]._9_/D (sky130_fd_sc_hd__dfrtp_1)
                                              1.396283   data arrival time

                                  0.000000    0.000000   clock core_clock (rise edge)
                                  0.000000    0.000000   clock source latency
     1    0.014006    0.000000    0.000000    0.000000 ^ clk (in)
                                                         clk (net)
                      0.000547    0.000274    0.000274 ^ clkbuf_0_clk/A (sky130_fd_sc_hd__clkbuf_16)
     8    0.081141    0.149432    0.263842    0.264115 ^ clkbuf_0_clk/X (sky130_fd_sc_hd__clkbuf_16)
                                                         clknet_0_clk (net)
                      0.149437    0.001226    0.265341 ^ clkbuf_3_3__f_clk/A (sky130_fd_sc_hd__clkbuf_16)
     9    0.025819    0.074788    0.266297    0.531638 ^ clkbuf_3_3__f_clk/X (sky130_fd_sc_hd__clkbuf_16)
                                                         clknet_3_3__leaf_clk (net)
                      0.074788    0.000278    0.531916 ^ dsa[23]._9_/CLK (sky130_fd_sc_hd__dfrtp_1)
                                  0.000000    0.531916   clock reconvergence pessimism
                                 -0.095929    0.435986   library hold time
                                              0.435986   data required time
---------------------------------------------------------------------------------------------
                                              0.435986   data required time
                                             -1.396283   data arrival time
---------------------------------------------------------------------------------------------
                                              0.960296   slack (MET)


Startpoint: dsa[17]._9_ (rising edge-triggered flip-flop clocked by core_clock)
Endpoint: dsa[18]._9_ (rising edge-triggered flip-flop clocked by core_clock)
Path Group: core_clock
Path Type: min

Fanout         Cap        Slew       Delay        Time   Description
---------------------------------------------------------------------------------------------
                                  0.000000    0.000000   clock core_clock (rise edge)
                                  0.000000    0.000000   clock source latency
     1    0.014006    0.000000    0.000000    0.000000 ^ clk (in)
                                                         clk (net)
                      0.000547    0.000274    0.000274 ^ clkbuf_0_clk/A (sky130_fd_sc_hd__clkbuf_16)
     8    0.081141    0.149432    0.263842    0.264115 ^ clkbuf_0_clk/X (sky130_fd_sc_hd__clkbuf_16)
                                                         clknet_0_clk (net)
                      0.149605    0.003059    0.267174 ^ clkbuf_3_4__f_clk/A (sky130_fd_sc_hd__clkbuf_16)
     9    0.021963    0.069872    0.260919    0.528094 ^ clkbuf_3_4__f_clk/X (sky130_fd_sc_hd__clkbuf_16)
                                                         clknet_3_4__leaf_clk (net)
                      0.069895    0.000173    0.528267 ^ dsa[17]._9_/CLK (sky130_fd_sc_hd__dfrtp_1)
     2    0.008243    0.143733    0.697729    1.225996 ^ dsa[17]._9_/Q (sky130_fd_sc_hd__dfrtp_1)
                                                         dsa[17].y_out (net)
                      0.143733    0.000078    1.226073 ^ dsa[18]._6_/A (sky130_fd_sc_hd__xnor2_1)
     1    0.003029    0.075767    0.165587    1.391660 v dsa[18]._6_/Y (sky130_fd_sc_hd__xnor2_1)
                                                         dsa[18].y_out_next (net)
                      0.075767    0.000034    1.391694 v dsa[18]._9_/D (sky130_fd_sc_hd__dfrtp_1)
                                              1.391694   data arrival time

                                  0.000000    0.000000   clock core_clock (rise edge)
                                  0.000000    0.000000   clock source latency
     1    0.014006    0.000000    0.000000    0.000000 ^ clk (in)
                                                         clk (net)
                      0.000547    0.000274    0.000274 ^ clkbuf_0_clk/A (sky130_fd_sc_hd__clkbuf_16)
     8    0.081141    0.149432    0.263842    0.264115 ^ clkbuf_0_clk/X (sky130_fd_sc_hd__clkbuf_16)
                                                         clknet_0_clk (net)
                      0.149605    0.003059    0.267174 ^ clkbuf_3_4__f_clk/A (sky130_fd_sc_hd__clkbuf_16)
     9    0.021963    0.069872    0.260919    0.528094 ^ clkbuf_3_4__f_clk/X (sky130_fd_sc_hd__clkbuf_16)
                                                         clknet_3_4__leaf_clk (net)
                      0.069895    0.000191    0.528284 ^ dsa[18]._9_/CLK (sky130_fd_sc_hd__dfrtp_1)
                                  0.000000    0.528284   clock reconvergence pessimism
                                 -0.099400    0.428885   library hold time
                                              0.428885   data required time
---------------------------------------------------------------------------------------------
                                              0.428885   data required time
                                             -1.391694   data arrival time
---------------------------------------------------------------------------------------------
                                              0.962810   slack (MET)


Startpoint: dsa[13]._9_ (rising edge-triggered flip-flop clocked by core_clock)
Endpoint: dsa[14]._9_ (rising edge-triggered flip-flop clocked by core_clock)
Path Group: core_clock
Path Type: min

Fanout         Cap        Slew       Delay        Time   Description
---------------------------------------------------------------------------------------------
                                  0.000000    0.000000   clock core_clock (rise edge)
                                  0.000000    0.000000   clock source latency
     1    0.014006    0.000000    0.000000    0.000000 ^ clk (in)
                                                         clk (net)
                      0.000547    0.000274    0.000274 ^ clkbuf_0_clk/A (sky130_fd_sc_hd__clkbuf_16)
     8    0.081141    0.149432    0.263842    0.264115 ^ clkbuf_0_clk/X (sky130_fd_sc_hd__clkbuf_16)
                                                         clknet_0_clk (net)
                      0.149437    0.001226    0.265341 ^ clkbuf_3_3__f_clk/A (sky130_fd_sc_hd__clkbuf_16)
     9    0.025819    0.074788    0.266297    0.531638 ^ clkbuf_3_3__f_clk/X (sky130_fd_sc_hd__clkbuf_16)
                                                         clknet_3_3__leaf_clk (net)
                      0.074789    0.000330    0.531967 ^ dsa[13]._9_/CLK (sky130_fd_sc_hd__dfrtp_1)
     2    0.008556    0.147566    0.703295    1.235262 ^ dsa[13]._9_/Q (sky130_fd_sc_hd__dfrtp_1)
                                                         dsa[13].y_out (net)
                      0.147566    0.000103    1.235365 ^ dsa[14]._6_/A (sky130_fd_sc_hd__xnor2_1)
     1    0.002812    0.072549    0.164291    1.399656 v dsa[14]._6_/Y (sky130_fd_sc_hd__xnor2_1)
                                                         dsa[14].y_out_next (net)
                      0.072549    0.000034    1.399690 v dsa[14]._9_/D (sky130_fd_sc_hd__dfrtp_1)
                                              1.399690   data arrival time

                                  0.000000    0.000000   clock core_clock (rise edge)
                                  0.000000    0.000000   clock source latency
     1    0.014006    0.000000    0.000000    0.000000 ^ clk (in)
                                                         clk (net)
                      0.000547    0.000274    0.000274 ^ clkbuf_0_clk/A (sky130_fd_sc_hd__clkbuf_16)
     8    0.081141    0.149432    0.263842    0.264115 ^ clkbuf_0_clk/X (sky130_fd_sc_hd__clkbuf_16)
                                                         clknet_0_clk (net)
                      0.149455    0.001954    0.266069 ^ clkbuf_3_6__f_clk/A (sky130_fd_sc_hd__clkbuf_16)
     8    0.025818    0.074785    0.266332    0.532401 ^ clkbuf_3_6__f_clk/X (sky130_fd_sc_hd__clkbuf_16)
                                                         clknet_3_6__leaf_clk (net)
                      0.074785    0.000213    0.532614 ^ dsa[14]._9_/CLK (sky130_fd_sc_hd__dfrtp_1)
                                  0.000000    0.532614   clock reconvergence pessimism
                                 -0.097016    0.435598   library hold time
                                              0.435598   data required time
---------------------------------------------------------------------------------------------
                                              0.435598   data required time
                                             -1.399690   data arrival time
---------------------------------------------------------------------------------------------
                                              0.964092   slack (MET)


Startpoint: dsa[21]._9_ (rising edge-triggered flip-flop clocked by core_clock)
Endpoint: dsa[22]._9_ (rising edge-triggered flip-flop clocked by core_clock)
Path Group: core_clock
Path Type: min

Fanout         Cap        Slew       Delay        Time   Description
---------------------------------------------------------------------------------------------
                                  0.000000    0.000000   clock core_clock (rise edge)
                                  0.000000    0.000000   clock source latency
     1    0.014006    0.000000    0.000000    0.000000 ^ clk (in)
                                                         clk (net)
                      0.000547    0.000274    0.000274 ^ clkbuf_0_clk/A (sky130_fd_sc_hd__clkbuf_16)
     8    0.081141    0.149432    0.263842    0.264115 ^ clkbuf_0_clk/X (sky130_fd_sc_hd__clkbuf_16)
                                                         clknet_0_clk (net)
                      0.149437    0.001226    0.265341 ^ clkbuf_3_3__f_clk/A (sky130_fd_sc_hd__clkbuf_16)
     9    0.025819    0.074788    0.266297    0.531638 ^ clkbuf_3_3__f_clk/X (sky130_fd_sc_hd__clkbuf_16)
                                                         clknet_3_3__leaf_clk (net)
                      0.074788    0.000188    0.531826 ^ dsa[21]._9_/CLK (sky130_fd_sc_hd__dfrtp_1)
     2    0.007925    0.139786    0.696663    1.228489 ^ dsa[21]._9_/Q (sky130_fd_sc_hd__dfrtp_1)
                                                         dsa[21].y_out (net)
                      0.139786    0.000071    1.228560 ^ dsa[22]._6_/A (sky130_fd_sc_hd__xnor2_1)
     1    0.003338    0.079753    0.167978    1.396538 v dsa[22]._6_/Y (sky130_fd_sc_hd__xnor2_1)
                                                         dsa[22].y_out_next (net)
                      0.079753    0.000044    1.396583 v dsa[22]._9_/D (sky130_fd_sc_hd__dfrtp_1)
                                              1.396583   data arrival time

                                  0.000000    0.000000   clock core_clock (rise edge)
                                  0.000000    0.000000   clock source latency
     1    0.014006    0.000000    0.000000    0.000000 ^ clk (in)
                                                         clk (net)
                      0.000547    0.000274    0.000274 ^ clkbuf_0_clk/A (sky130_fd_sc_hd__clkbuf_16)
     8    0.081141    0.149432    0.263842    0.264115 ^ clkbuf_0_clk/X (sky130_fd_sc_hd__clkbuf_16)
                                                         clknet_0_clk (net)
                      0.149437    0.001226    0.265341 ^ clkbuf_3_3__f_clk/A (sky130_fd_sc_hd__clkbuf_16)
     9    0.025819    0.074788    0.266297    0.531638 ^ clkbuf_3_3__f_clk/X (sky130_fd_sc_hd__clkbuf_16)
                                                         clknet_3_3__leaf_clk (net)
                      0.074788    0.000228    0.531866 ^ dsa[22]._9_/CLK (sky130_fd_sc_hd__dfrtp_1)
                                  0.000000    0.531866   clock reconvergence pessimism
                                 -0.099689    0.432177   library hold time
                                              0.432177   data required time
---------------------------------------------------------------------------------------------
                                              0.432177   data required time
                                             -1.396583   data arrival time
---------------------------------------------------------------------------------------------
                                              0.964406   slack (MET)


Startpoint: dsa[24]._9_ (rising edge-triggered flip-flop clocked by core_clock)
Endpoint: dsa[25]._9_ (rising edge-triggered flip-flop clocked by core_clock)
Path Group: core_clock
Path Type: min

Fanout         Cap        Slew       Delay        Time   Description
---------------------------------------------------------------------------------------------
                                  0.000000    0.000000   clock core_clock (rise edge)
                                  0.000000    0.000000   clock source latency
     1    0.014006    0.000000    0.000000    0.000000 ^ clk (in)
                                                         clk (net)
                      0.000547    0.000274    0.000274 ^ clkbuf_0_clk/A (sky130_fd_sc_hd__clkbuf_16)
     8    0.081141    0.149432    0.263842    0.264115 ^ clkbuf_0_clk/X (sky130_fd_sc_hd__clkbuf_16)
                                                         clknet_0_clk (net)
                      0.149437    0.001226    0.265341 ^ clkbuf_3_3__f_clk/A (sky130_fd_sc_hd__clkbuf_16)
     9    0.025819    0.074788    0.266297    0.531638 ^ clkbuf_3_3__f_clk/X (sky130_fd_sc_hd__clkbuf_16)
                                                         clknet_3_3__leaf_clk (net)
                      0.074789    0.000325    0.531963 ^ dsa[24]._9_/CLK (sky130_fd_sc_hd__dfrtp_1)
     2    0.009678    0.161496    0.715129    1.247092 ^ dsa[24]._9_/Q (sky130_fd_sc_hd__dfrtp_1)
                                                         dsa[24].y_out (net)
                      0.161496    0.000104    1.247196 ^ dsa[25]._6_/A (sky130_fd_sc_hd__xnor2_1)
     1    0.002245    0.064374    0.162401    1.409597 v dsa[25]._6_/Y (sky130_fd_sc_hd__xnor2_1)
                                                         dsa[25].y_out_next (net)
                      0.064374    0.000020    1.409617 v dsa[25]._9_/D (sky130_fd_sc_hd__dfrtp_1)
                                              1.409617   data arrival time

                                  0.000000    0.000000   clock core_clock (rise edge)
                                  0.000000    0.000000   clock source latency
     1    0.014006    0.000000    0.000000    0.000000 ^ clk (in)
                                                         clk (net)
                      0.000547    0.000274    0.000274 ^ clkbuf_0_clk/A (sky130_fd_sc_hd__clkbuf_16)
     8    0.081141    0.149432    0.263842    0.264115 ^ clkbuf_0_clk/X (sky130_fd_sc_hd__clkbuf_16)
                                                         clknet_0_clk (net)
                      0.149439    0.001325    0.265441 ^ clkbuf_3_2__f_clk/A (sky130_fd_sc_hd__clkbuf_16)
    10    0.029386    0.079527    0.271344    0.536785 ^ clkbuf_3_2__f_clk/X (sky130_fd_sc_hd__clkbuf_16)
                                                         clknet_3_2__leaf_clk (net)
                      0.079527    0.000260    0.537044 ^ dsa[25]._9_/CLK (sky130_fd_sc_hd__dfrtp_1)
                                  0.000000    0.537044   clock reconvergence pessimism
                                 -0.092828    0.444217   library hold time
                                              0.444217   data required time
---------------------------------------------------------------------------------------------
                                              0.444217   data required time
                                             -1.409617   data arrival time
---------------------------------------------------------------------------------------------
                                              0.965401   slack (MET)


Startpoint: dsa[2]._9_ (rising edge-triggered flip-flop clocked by core_clock)
Endpoint: dsa[3]._9_ (rising edge-triggered flip-flop clocked by core_clock)
Path Group: core_clock
Path Type: min

Fanout         Cap        Slew       Delay        Time   Description
---------------------------------------------------------------------------------------------
                                  0.000000    0.000000   clock core_clock (rise edge)
                                  0.000000    0.000000   clock source latency
     1    0.014006    0.000000    0.000000    0.000000 ^ clk (in)
                                                         clk (net)
                      0.000547    0.000274    0.000274 ^ clkbuf_0_clk/A (sky130_fd_sc_hd__clkbuf_16)
     8    0.081141    0.149432    0.263842    0.264115 ^ clkbuf_0_clk/X (sky130_fd_sc_hd__clkbuf_16)
                                                         clknet_0_clk (net)
                      0.149457    0.002038    0.266154 ^ clkbuf_3_7__f_clk/A (sky130_fd_sc_hd__clkbuf_16)
    10    0.027845    0.077460    0.269165    0.535318 ^ clkbuf_3_7__f_clk/X (sky130_fd_sc_hd__clkbuf_16)
                                                         clknet_3_7__leaf_clk (net)
                      0.077460    0.000230    0.535548 ^ dsa[2]._9_/CLK (sky130_fd_sc_hd__dfrtp_1)
     2    0.008430    0.145989    0.703217    1.238766 ^ dsa[2]._9_/Q (sky130_fd_sc_hd__dfrtp_1)
                                                         dsa[2].y_out (net)
                      0.145989    0.000098    1.238863 ^ dsa[3]._6_/A (sky130_fd_sc_hd__xnor2_1)
     1    0.003159    0.077390    0.168108    1.406971 v dsa[3]._6_/Y (sky130_fd_sc_hd__xnor2_1)
                                                         dsa[3].y_out_next (net)
                      0.077390    0.000044    1.407015 v dsa[3]._9_/D (sky130_fd_sc_hd__dfrtp_1)
                                              1.407015   data arrival time

                                  0.000000    0.000000   clock core_clock (rise edge)
                                  0.000000    0.000000   clock source latency
     1    0.014006    0.000000    0.000000    0.000000 ^ clk (in)
                                                         clk (net)
                      0.000547    0.000274    0.000274 ^ clkbuf_0_clk/A (sky130_fd_sc_hd__clkbuf_16)
     8    0.081141    0.149432    0.263842    0.264115 ^ clkbuf_0_clk/X (sky130_fd_sc_hd__clkbuf_16)
                                                         clknet_0_clk (net)
                      0.149607    0.003091    0.267206 ^ clkbuf_3_5__f_clk/A (sky130_fd_sc_hd__clkbuf_16)
     8    0.027850    0.077464    0.269254    0.536461 ^ clkbuf_3_5__f_clk/X (sky130_fd_sc_hd__clkbuf_16)
                                                         clknet_3_5__leaf_clk (net)
                      0.077464    0.000103    0.536564 ^ dsa[3]._9_/CLK (sky130_fd_sc_hd__dfrtp_1)
                                  0.000000    0.536564   clock reconvergence pessimism
                                 -0.098162    0.438403   library hold time
                                              0.438403   data required time
---------------------------------------------------------------------------------------------
                                              0.438403   data required time
                                             -1.407015   data arrival time
---------------------------------------------------------------------------------------------
                                              0.968612   slack (MET)


Startpoint: dsa[9]._9_ (rising edge-triggered flip-flop clocked by core_clock)
Endpoint: dsa[10]._9_ (rising edge-triggered flip-flop clocked by core_clock)
Path Group: core_clock
Path Type: min

Fanout         Cap        Slew       Delay        Time   Description
---------------------------------------------------------------------------------------------
                                  0.000000    0.000000   clock core_clock (rise edge)
                                  0.000000    0.000000   clock source latency
     1    0.014006    0.000000    0.000000    0.000000 ^ clk (in)
                                                         clk (net)
                      0.000547    0.000274    0.000274 ^ clkbuf_0_clk/A (sky130_fd_sc_hd__clkbuf_16)
     8    0.081141    0.149432    0.263842    0.264115 ^ clkbuf_0_clk/X (sky130_fd_sc_hd__clkbuf_16)
                                                         clknet_0_clk (net)
                      0.149457    0.002038    0.266154 ^ clkbuf_3_7__f_clk/A (sky130_fd_sc_hd__clkbuf_16)
    10    0.027845    0.077460    0.269165    0.535318 ^ clkbuf_3_7__f_clk/X (sky130_fd_sc_hd__clkbuf_16)
                                                         clknet_3_7__leaf_clk (net)
                      0.077460    0.000228    0.535546 ^ dsa[9]._9_/CLK (sky130_fd_sc_hd__dfrtp_1)
     2    0.009048    0.153634    0.709724    1.245270 ^ dsa[9]._9_/Q (sky130_fd_sc_hd__dfrtp_1)
                                                         dsa[10].y_in (net)
                      0.153634    0.000112    1.245381 ^ dsa[10]._6_/A (sky130_fd_sc_hd__xnor2_1)
     1    0.002409    0.066565    0.161487    1.406868 v dsa[10]._6_/Y (sky130_fd_sc_hd__xnor2_1)
                                                         dsa[10].y_out_next (net)
                      0.066565    0.000022    1.406890 v dsa[10]._9_/D (sky130_fd_sc_hd__dfrtp_1)
                                              1.406890   data arrival time

                                  0.000000    0.000000   clock core_clock (rise edge)
                                  0.000000    0.000000   clock source latency
     1    0.014006    0.000000    0.000000    0.000000 ^ clk (in)
                                                         clk (net)
                      0.000547    0.000274    0.000274 ^ clkbuf_0_clk/A (sky130_fd_sc_hd__clkbuf_16)
     8    0.081141    0.149432    0.263842    0.264115 ^ clkbuf_0_clk/X (sky130_fd_sc_hd__clkbuf_16)
                                                         clknet_0_clk (net)
                      0.149455    0.001954    0.266069 ^ clkbuf_3_6__f_clk/A (sky130_fd_sc_hd__clkbuf_16)
     8    0.025818    0.074785    0.266332    0.532401 ^ clkbuf_3_6__f_clk/X (sky130_fd_sc_hd__clkbuf_16)
                                                         clknet_3_6__leaf_clk (net)
                      0.074785    0.000239    0.532640 ^ dsa[10]._9_/CLK (sky130_fd_sc_hd__dfrtp_1)
                                  0.000000    0.532640   clock reconvergence pessimism
                                 -0.094794    0.437846   library hold time
                                              0.437846   data required time
---------------------------------------------------------------------------------------------
                                              0.437846   data required time
                                             -1.406890   data arrival time
---------------------------------------------------------------------------------------------
                                              0.969044   slack (MET)


Startpoint: dsa[12]._9_ (rising edge-triggered flip-flop clocked by core_clock)
Endpoint: dsa[13]._9_ (rising edge-triggered flip-flop clocked by core_clock)
Path Group: core_clock
Path Type: min

Fanout         Cap        Slew       Delay        Time   Description
---------------------------------------------------------------------------------------------
                                  0.000000    0.000000   clock core_clock (rise edge)
                                  0.000000    0.000000   clock source latency
     1    0.014006    0.000000    0.000000    0.000000 ^ clk (in)
                                                         clk (net)
                      0.000547    0.000274    0.000274 ^ clkbuf_0_clk/A (sky130_fd_sc_hd__clkbuf_16)
     8    0.081141    0.149432    0.263842    0.264115 ^ clkbuf_0_clk/X (sky130_fd_sc_hd__clkbuf_16)
                                                         clknet_0_clk (net)
                      0.149457    0.002038    0.266154 ^ clkbuf_3_7__f_clk/A (sky130_fd_sc_hd__clkbuf_16)
    10    0.027845    0.077460    0.269165    0.535318 ^ clkbuf_3_7__f_clk/X (sky130_fd_sc_hd__clkbuf_16)
                                                         clknet_3_7__leaf_clk (net)
                      0.077461    0.000401    0.535719 ^ dsa[12]._9_/CLK (sky130_fd_sc_hd__dfrtp_1)
     2    0.009271    0.156406    0.712068    1.247787 ^ dsa[12]._9_/Q (sky130_fd_sc_hd__dfrtp_1)
                                                         dsa[12].y_out (net)
                      0.156406    0.000122    1.247909 ^ dsa[13]._6_/A (sky130_fd_sc_hd__xnor2_1)
     1    0.002193    0.063711    0.159786    1.407695 v dsa[13]._6_/Y (sky130_fd_sc_hd__xnor2_1)
                                                         dsa[13].y_out_next (net)
                      0.063711    0.000019    1.407714 v dsa[13]._9_/D (sky130_fd_sc_hd__dfrtp_1)
                                              1.407714   data arrival time

                                  0.000000    0.000000   clock core_clock (rise edge)
                                  0.000000    0.000000   clock source latency
     1    0.014006    0.000000    0.000000    0.000000 ^ clk (in)
                                                         clk (net)
                      0.000547    0.000274    0.000274 ^ clkbuf_0_clk/A (sky130_fd_sc_hd__clkbuf_16)
     8    0.081141    0.149432    0.263842    0.264115 ^ clkbuf_0_clk/X (sky130_fd_sc_hd__clkbuf_16)
                                                         clknet_0_clk (net)
                      0.149437    0.001226    0.265341 ^ clkbuf_3_3__f_clk/A (sky130_fd_sc_hd__clkbuf_16)
     9    0.025819    0.074788    0.266297    0.531638 ^ clkbuf_3_3__f_clk/X (sky130_fd_sc_hd__clkbuf_16)
                                                         clknet_3_3__leaf_clk (net)
                      0.074789    0.000330    0.531967 ^ dsa[13]._9_/CLK (sky130_fd_sc_hd__dfrtp_1)
                                  0.000000    0.531967   clock reconvergence pessimism
                                 -0.093734    0.438234   library hold time
                                              0.438234   data required time
---------------------------------------------------------------------------------------------
                                              0.438234   data required time
                                             -1.407714   data arrival time
---------------------------------------------------------------------------------------------
                                              0.969481   slack (MET)


Startpoint: dsa[8]._9_ (rising edge-triggered flip-flop clocked by core_clock)
Endpoint: dsa[9]._9_ (rising edge-triggered flip-flop clocked by core_clock)
Path Group: core_clock
Path Type: min

Fanout         Cap        Slew       Delay        Time   Description
---------------------------------------------------------------------------------------------
                                  0.000000    0.000000   clock core_clock (rise edge)
                                  0.000000    0.000000   clock source latency
     1    0.014006    0.000000    0.000000    0.000000 ^ clk (in)
                                                         clk (net)
                      0.000547    0.000274    0.000274 ^ clkbuf_0_clk/A (sky130_fd_sc_hd__clkbuf_16)
     8    0.081141    0.149432    0.263842    0.264115 ^ clkbuf_0_clk/X (sky130_fd_sc_hd__clkbuf_16)
                                                         clknet_0_clk (net)
                      0.149605    0.003059    0.267174 ^ clkbuf_3_4__f_clk/A (sky130_fd_sc_hd__clkbuf_16)
     9    0.021963    0.069872    0.260919    0.528094 ^ clkbuf_3_4__f_clk/X (sky130_fd_sc_hd__clkbuf_16)
                                                         clknet_3_4__leaf_clk (net)
                      0.069895    0.000238    0.528332 ^ dsa[8]._9_/CLK (sky130_fd_sc_hd__dfrtp_1)
     2    0.009181    0.155349    0.707616    1.235947 ^ dsa[8]._9_/Q (sky130_fd_sc_hd__dfrtp_1)
                                                         dsa[8].y_out (net)
                      0.155349    0.000110    1.236057 ^ dsa[9]._6_/A (sky130_fd_sc_hd__xnor2_1)
     1    0.003112    0.076688    0.171121    1.407179 v dsa[9]._6_/Y (sky130_fd_sc_hd__xnor2_1)
                                                         dsa[9].y_out_next (net)
                      0.076688    0.000037    1.407216 v dsa[9]._9_/D (sky130_fd_sc_hd__dfrtp_1)
                                              1.407216   data arrival time

                                  0.000000    0.000000   clock core_clock (rise edge)
                                  0.000000    0.000000   clock source latency
     1    0.014006    0.000000    0.000000    0.000000 ^ clk (in)
                                                         clk (net)
                      0.000547    0.000274    0.000274 ^ clkbuf_0_clk/A (sky130_fd_sc_hd__clkbuf_16)
     8    0.081141    0.149432    0.263842    0.264115 ^ clkbuf_0_clk/X (sky130_fd_sc_hd__clkbuf_16)
                                                         clknet_0_clk (net)
                      0.149457    0.002038    0.266154 ^ clkbuf_3_7__f_clk/A (sky130_fd_sc_hd__clkbuf_16)
    10    0.027845    0.077460    0.269165    0.535318 ^ clkbuf_3_7__f_clk/X (sky130_fd_sc_hd__clkbuf_16)
                                                         clknet_3_7__leaf_clk (net)
                      0.077460    0.000228    0.535546 ^ dsa[9]._9_/CLK (sky130_fd_sc_hd__dfrtp_1)
                                  0.000000    0.535546   clock reconvergence pessimism
                                 -0.097902    0.437644   library hold time
                                              0.437644   data required time
---------------------------------------------------------------------------------------------
                                              0.437644   data required time
                                             -1.407216   data arrival time
---------------------------------------------------------------------------------------------
                                              0.969572   slack (MET)


Startpoint: dsa[23]._9_ (rising edge-triggered flip-flop clocked by core_clock)
Endpoint: dsa[24]._9_ (rising edge-triggered flip-flop clocked by core_clock)
Path Group: core_clock
Path Type: min

Fanout         Cap        Slew       Delay        Time   Description
---------------------------------------------------------------------------------------------
                                  0.000000    0.000000   clock core_clock (rise edge)
                                  0.000000    0.000000   clock source latency
     1    0.014006    0.000000    0.000000    0.000000 ^ clk (in)
                                                         clk (net)
                      0.000547    0.000274    0.000274 ^ clkbuf_0_clk/A (sky130_fd_sc_hd__clkbuf_16)
     8    0.081141    0.149432    0.263842    0.264115 ^ clkbuf_0_clk/X (sky130_fd_sc_hd__clkbuf_16)
                                                         clknet_0_clk (net)
                      0.149437    0.001226    0.265341 ^ clkbuf_3_3__f_clk/A (sky130_fd_sc_hd__clkbuf_16)
     9    0.025819    0.074788    0.266297    0.531638 ^ clkbuf_3_3__f_clk/X (sky130_fd_sc_hd__clkbuf_16)
                                                         clknet_3_3__leaf_clk (net)
                      0.074788    0.000278    0.531916 ^ dsa[23]._9_/CLK (sky130_fd_sc_hd__dfrtp_1)
     2    0.008625    0.148414    0.704036    1.235952 ^ dsa[23]._9_/Q (sky130_fd_sc_hd__dfrtp_1)
                                                         dsa[23].y_out (net)
                      0.148414    0.000084    1.236036 ^ dsa[24]._6_/A (sky130_fd_sc_hd__xnor2_1)
     1    0.003090    0.076396    0.168161    1.404197 v dsa[24]._6_/Y (sky130_fd_sc_hd__xnor2_1)
                                                         dsa[24].y_out_next (net)
                      0.076396    0.000024    1.404221 v dsa[24]._9_/D (sky130_fd_sc_hd__dfrtp_1)
                                              1.404221   data arrival time

                                  0.000000    0.000000   clock core_clock (rise edge)
                                  0.000000    0.000000   clock source latency
     1    0.014006    0.000000    0.000000    0.000000 ^ clk (in)
                                                         clk (net)
                      0.000547    0.000274    0.000274 ^ clkbuf_0_clk/A (sky130_fd_sc_hd__clkbuf_16)
     8    0.081141    0.149432    0.263842    0.264115 ^ clkbuf_0_clk/X (sky130_fd_sc_hd__clkbuf_16)
                                                         clknet_0_clk (net)
                      0.149437    0.001226    0.265341 ^ clkbuf_3_3__f_clk/A (sky130_fd_sc_hd__clkbuf_16)
     9    0.025819    0.074788    0.266297    0.531638 ^ clkbuf_3_3__f_clk/X (sky130_fd_sc_hd__clkbuf_16)
                                                         clknet_3_3__leaf_clk (net)
                      0.074789    0.000325    0.531963 ^ dsa[24]._9_/CLK (sky130_fd_sc_hd__dfrtp_1)
                                  0.000000    0.531963   clock reconvergence pessimism
                                 -0.098443    0.433519   library hold time
                                              0.433519   data required time
---------------------------------------------------------------------------------------------
                                              0.433519   data required time
                                             -1.404221   data arrival time
---------------------------------------------------------------------------------------------
                                              0.970702   slack (MET)


Startpoint: dsa[7]._9_ (rising edge-triggered flip-flop clocked by core_clock)
Endpoint: dsa[8]._9_ (rising edge-triggered flip-flop clocked by core_clock)
Path Group: core_clock
Path Type: min

Fanout         Cap        Slew       Delay        Time   Description
---------------------------------------------------------------------------------------------
                                  0.000000    0.000000   clock core_clock (rise edge)
                                  0.000000    0.000000   clock source latency
     1    0.014006    0.000000    0.000000    0.000000 ^ clk (in)
                                                         clk (net)
                      0.000547    0.000274    0.000274 ^ clkbuf_0_clk/A (sky130_fd_sc_hd__clkbuf_16)
     8    0.081141    0.149432    0.263842    0.264115 ^ clkbuf_0_clk/X (sky130_fd_sc_hd__clkbuf_16)
                                                         clknet_0_clk (net)
                      0.149605    0.003059    0.267174 ^ clkbuf_3_4__f_clk/A (sky130_fd_sc_hd__clkbuf_16)
     9    0.021963    0.069872    0.260919    0.528094 ^ clkbuf_3_4__f_clk/X (sky130_fd_sc_hd__clkbuf_16)
                                                         clknet_3_4__leaf_clk (net)
                      0.069895    0.000155    0.528248 ^ dsa[7]._9_/CLK (sky130_fd_sc_hd__dfrtp_1)
     2    0.009927    0.164649    0.715501    1.243750 ^ dsa[7]._9_/Q (sky130_fd_sc_hd__dfrtp_1)
                                                         dsa[7].y_out (net)
                      0.164649    0.000127    1.243877 ^ dsa[8]._6_/A (sky130_fd_sc_hd__xnor2_1)
     1    0.002082    0.062284    0.161529    1.405406 v dsa[8]._6_/Y (sky130_fd_sc_hd__xnor2_1)
                                                         dsa[8].y_out_next (net)
                      0.062284    0.000018    1.405424 v dsa[8]._9_/D (sky130_fd_sc_hd__dfrtp_1)
                                              1.405424   data arrival time

                                  0.000000    0.000000   clock core_clock (rise edge)
                                  0.000000    0.000000   clock source latency
     1    0.014006    0.000000    0.000000    0.000000 ^ clk (in)
                                                         clk (net)
                      0.000547    0.000274    0.000274 ^ clkbuf_0_clk/A (sky130_fd_sc_hd__clkbuf_16)
     8    0.081141    0.149432    0.263842    0.264115 ^ clkbuf_0_clk/X (sky130_fd_sc_hd__clkbuf_16)
                                                         clknet_0_clk (net)
                      0.149605    0.003059    0.267174 ^ clkbuf_3_4__f_clk/A (sky130_fd_sc_hd__clkbuf_16)
     9    0.021963    0.069872    0.260919    0.528094 ^ clkbuf_3_4__f_clk/X (sky130_fd_sc_hd__clkbuf_16)
                                                         clknet_3_4__leaf_clk (net)
                      0.069895    0.000238    0.528332 ^ dsa[8]._9_/CLK (sky130_fd_sc_hd__dfrtp_1)
                                  0.000000    0.528332   clock reconvergence pessimism
                                 -0.094394    0.433938   library hold time
                                              0.433938   data required time
---------------------------------------------------------------------------------------------
                                              0.433938   data required time
                                             -1.405424   data arrival time
---------------------------------------------------------------------------------------------
                                              0.971486   slack (MET)


Startpoint: dsa[28]._9_ (rising edge-triggered flip-flop clocked by core_clock)
Endpoint: dsa[29]._9_ (rising edge-triggered flip-flop clocked by core_clock)
Path Group: core_clock
Path Type: min

Fanout         Cap        Slew       Delay        Time   Description
---------------------------------------------------------------------------------------------
                                  0.000000    0.000000   clock core_clock (rise edge)
                                  0.000000    0.000000   clock source latency
     1    0.014006    0.000000    0.000000    0.000000 ^ clk (in)
                                                         clk (net)
                      0.000547    0.000274    0.000274 ^ clkbuf_0_clk/A (sky130_fd_sc_hd__clkbuf_16)
     8    0.081141    0.149432    0.263842    0.264115 ^ clkbuf_0_clk/X (sky130_fd_sc_hd__clkbuf_16)
                                                         clknet_0_clk (net)
                      0.149646    0.003631    0.267746 ^ clkbuf_3_0__f_clk/A (sky130_fd_sc_hd__clkbuf_16)
    10    0.030493    0.081065    0.273023    0.540769 ^ clkbuf_3_0__f_clk/X (sky130_fd_sc_hd__clkbuf_16)
                                                         clknet_3_0__leaf_clk (net)
                      0.081065    0.000174    0.540942 ^ dsa[28]._9_/CLK (sky130_fd_sc_hd__dfrtp_1)
     2    0.008244    0.143679    0.702927    1.243869 ^ dsa[28]._9_/Q (sky130_fd_sc_hd__dfrtp_1)
                                                         dsa[28].y_out (net)
                      0.143679    0.000089    1.243957 ^ dsa[29]._6_/A (sky130_fd_sc_hd__xnor2_1)
     1    0.002727    0.071057    0.161720    1.405677 v dsa[29]._6_/Y (sky130_fd_sc_hd__xnor2_1)
                                                         dsa[29].y_out_next (net)
                      0.071057    0.000022    1.405699 v dsa[29]._9_/D (sky130_fd_sc_hd__dfrtp_1)
                                              1.405699   data arrival time

                                  0.000000    0.000000   clock core_clock (rise edge)
                                  0.000000    0.000000   clock source latency
     1    0.014006    0.000000    0.000000    0.000000 ^ clk (in)
                                                         clk (net)
                      0.000547    0.000274    0.000274 ^ clkbuf_0_clk/A (sky130_fd_sc_hd__clkbuf_16)
     8    0.081141    0.149432    0.263842    0.264115 ^ clkbuf_0_clk/X (sky130_fd_sc_hd__clkbuf_16)
                                                         clknet_0_clk (net)
                      0.149643    0.003591    0.267706 ^ clkbuf_3_1__f_clk/A (sky130_fd_sc_hd__clkbuf_16)
     7    0.023612    0.071959    0.263288    0.530994 ^ clkbuf_3_1__f_clk/X (sky130_fd_sc_hd__clkbuf_16)
                                                         clknet_3_1__leaf_clk (net)
                      0.071959    0.000217    0.531211 ^ dsa[29]._9_/CLK (sky130_fd_sc_hd__dfrtp_1)
                                  0.000000    0.531211   clock reconvergence pessimism
                                 -0.097149    0.434062   library hold time
                                              0.434062   data required time
---------------------------------------------------------------------------------------------
                                              0.434062   data required time
                                             -1.405699   data arrival time
---------------------------------------------------------------------------------------------
                                              0.971637   slack (MET)


Startpoint: dsa[27]._9_ (rising edge-triggered flip-flop clocked by core_clock)
Endpoint: dsa[28]._9_ (rising edge-triggered flip-flop clocked by core_clock)
Path Group: core_clock
Path Type: min

Fanout         Cap        Slew       Delay        Time   Description
---------------------------------------------------------------------------------------------
                                  0.000000    0.000000   clock core_clock (rise edge)
                                  0.000000    0.000000   clock source latency
     1    0.014006    0.000000    0.000000    0.000000 ^ clk (in)
                                                         clk (net)
                      0.000547    0.000274    0.000274 ^ clkbuf_0_clk/A (sky130_fd_sc_hd__clkbuf_16)
     8    0.081141    0.149432    0.263842    0.264115 ^ clkbuf_0_clk/X (sky130_fd_sc_hd__clkbuf_16)
                                                         clknet_0_clk (net)
                      0.149439    0.001325    0.265441 ^ clkbuf_3_2__f_clk/A (sky130_fd_sc_hd__clkbuf_16)
    10    0.029386    0.079527    0.271344    0.536785 ^ clkbuf_3_2__f_clk/X (sky130_fd_sc_hd__clkbuf_16)
                                                         clknet_3_2__leaf_clk (net)
                      0.079527    0.000156    0.536941 ^ dsa[27]._9_/CLK (sky130_fd_sc_hd__dfrtp_1)
     2    0.008977    0.152738    0.709928    1.246869 ^ dsa[27]._9_/Q (sky130_fd_sc_hd__dfrtp_1)
                                                         dsa[27].y_out (net)
                      0.152738    0.000101    1.246970 ^ dsa[28]._6_/A (sky130_fd_sc_hd__xnor2_1)
     1    0.003153    0.077251    0.170628    1.417598 v dsa[28]._6_/Y (sky130_fd_sc_hd__xnor2_1)
                                                         dsa[28].y_out_next (net)
                      0.077251    0.000041    1.417639 v dsa[28]._9_/D (sky130_fd_sc_hd__dfrtp_1)
                                              1.417639   data arrival time

                                  0.000000    0.000000   clock core_clock (rise edge)
                                  0.000000    0.000000   clock source latency
     1    0.014006    0.000000    0.000000    0.000000 ^ clk (in)
                                                         clk (net)
                      0.000547    0.000274    0.000274 ^ clkbuf_0_clk/A (sky130_fd_sc_hd__clkbuf_16)
     8    0.081141    0.149432    0.263842    0.264115 ^ clkbuf_0_clk/X (sky130_fd_sc_hd__clkbuf_16)
                                                         clknet_0_clk (net)
                      0.149646    0.003631    0.267746 ^ clkbuf_3_0__f_clk/A (sky130_fd_sc_hd__clkbuf_16)
    10    0.030493    0.081065    0.273023    0.540769 ^ clkbuf_3_0__f_clk/X (sky130_fd_sc_hd__clkbuf_16)
                                                         clknet_3_0__leaf_clk (net)
                      0.081065    0.000174    0.540942 ^ dsa[28]._9_/CLK (sky130_fd_sc_hd__dfrtp_1)
                                  0.000000    0.540942   clock reconvergence pessimism
                                 -0.097234    0.443708   library hold time
                                              0.443708   data required time
---------------------------------------------------------------------------------------------
                                              0.443708   data required time
                                             -1.417639   data arrival time
---------------------------------------------------------------------------------------------
                                              0.973931   slack (MET)


Startpoint: dsa[1]._9_ (rising edge-triggered flip-flop clocked by core_clock)
Endpoint: dsa[2]._9_ (rising edge-triggered flip-flop clocked by core_clock)
Path Group: core_clock
Path Type: min

Fanout         Cap        Slew       Delay        Time   Description
---------------------------------------------------------------------------------------------
                                  0.000000    0.000000   clock core_clock (rise edge)
                                  0.000000    0.000000   clock source latency
     1    0.014006    0.000000    0.000000    0.000000 ^ clk (in)
                                                         clk (net)
                      0.000547    0.000274    0.000274 ^ clkbuf_0_clk/A (sky130_fd_sc_hd__clkbuf_16)
     8    0.081141    0.149432    0.263842    0.264115 ^ clkbuf_0_clk/X (sky130_fd_sc_hd__clkbuf_16)
                                                         clknet_0_clk (net)
                      0.149457    0.002038    0.266154 ^ clkbuf_3_7__f_clk/A (sky130_fd_sc_hd__clkbuf_16)
    10    0.027845    0.077460    0.269165    0.535318 ^ clkbuf_3_7__f_clk/X (sky130_fd_sc_hd__clkbuf_16)
                                                         clknet_3_7__leaf_clk (net)
                      0.077460    0.000300    0.535618 ^ dsa[1]._9_/CLK (sky130_fd_sc_hd__dfrtp_1)
     2    0.009260    0.156276    0.711946    1.247565 ^ dsa[1]._9_/Q (sky130_fd_sc_hd__dfrtp_1)
                                                         dsa[1].y_out (net)
                      0.156276    0.000131    1.247695 ^ dsa[2]._6_/A (sky130_fd_sc_hd__xnor2_1)
     1    0.002796    0.072360    0.167436    1.415132 v dsa[2]._6_/Y (sky130_fd_sc_hd__xnor2_1)
                                                         dsa[2].y_out_next (net)
                      0.072360    0.000035    1.415167 v dsa[2]._9_/D (sky130_fd_sc_hd__dfrtp_1)
                                              1.415167   data arrival time

                                  0.000000    0.000000   clock core_clock (rise edge)
                                  0.000000    0.000000   clock source latency
     1    0.014006    0.000000    0.000000    0.000000 ^ clk (in)
                                                         clk (net)
                      0.000547    0.000274    0.000274 ^ clkbuf_0_clk/A (sky130_fd_sc_hd__clkbuf_16)
     8    0.081141    0.149432    0.263842    0.264115 ^ clkbuf_0_clk/X (sky130_fd_sc_hd__clkbuf_16)
                                                         clknet_0_clk (net)
                      0.149457    0.002038    0.266154 ^ clkbuf_3_7__f_clk/A (sky130_fd_sc_hd__clkbuf_16)
    10    0.027845    0.077460    0.269165    0.535318 ^ clkbuf_3_7__f_clk/X (sky130_fd_sc_hd__clkbuf_16)
                                                         clknet_3_7__leaf_clk (net)
                      0.077460    0.000230    0.535548 ^ dsa[2]._9_/CLK (sky130_fd_sc_hd__dfrtp_1)
                                  0.000000    0.535548   clock reconvergence pessimism
                                 -0.096295    0.439253   library hold time
                                              0.439253   data required time
---------------------------------------------------------------------------------------------
                                              0.439253   data required time
                                             -1.415167   data arrival time
---------------------------------------------------------------------------------------------
                                              0.975914   slack (MET)


Startpoint: dsa[18]._9_ (rising edge-triggered flip-flop clocked by core_clock)
Endpoint: dsa[19]._9_ (rising edge-triggered flip-flop clocked by core_clock)
Path Group: core_clock
Path Type: min

Fanout         Cap        Slew       Delay        Time   Description
---------------------------------------------------------------------------------------------
                                  0.000000    0.000000   clock core_clock (rise edge)
                                  0.000000    0.000000   clock source latency
     1    0.014006    0.000000    0.000000    0.000000 ^ clk (in)
                                                         clk (net)
                      0.000547    0.000274    0.000274 ^ clkbuf_0_clk/A (sky130_fd_sc_hd__clkbuf_16)
     8    0.081141    0.149432    0.263842    0.264115 ^ clkbuf_0_clk/X (sky130_fd_sc_hd__clkbuf_16)
                                                         clknet_0_clk (net)
                      0.149605    0.003059    0.267174 ^ clkbuf_3_4__f_clk/A (sky130_fd_sc_hd__clkbuf_16)
     9    0.021963    0.069872    0.260919    0.528094 ^ clkbuf_3_4__f_clk/X (sky130_fd_sc_hd__clkbuf_16)
                                                         clknet_3_4__leaf_clk (net)
                      0.069895    0.000191    0.528284 ^ dsa[18]._9_/CLK (sky130_fd_sc_hd__dfrtp_1)
     2    0.010069    0.166429    0.716966    1.245250 ^ dsa[18]._9_/Q (sky130_fd_sc_hd__dfrtp_1)
                                                         dsa[18].y_out (net)
                      0.166429    0.000173    1.245423 ^ dsa[19]._6_/A (sky130_fd_sc_hd__xnor2_1)
     1    0.003164    0.077704    0.176061    1.421485 v dsa[19]._6_/Y (sky130_fd_sc_hd__xnor2_1)
                                                         dsa[19].y_out_next (net)
                      0.077704    0.000026    1.421511 v dsa[19]._9_/D (sky130_fd_sc_hd__dfrtp_1)
                                              1.421511   data arrival time

                                  0.000000    0.000000   clock core_clock (rise edge)
                                  0.000000    0.000000   clock source latency
     1    0.014006    0.000000    0.000000    0.000000 ^ clk (in)
                                                         clk (net)
                      0.000547    0.000274    0.000274 ^ clkbuf_0_clk/A (sky130_fd_sc_hd__clkbuf_16)
     8    0.081141    0.149432    0.263842    0.264115 ^ clkbuf_0_clk/X (sky130_fd_sc_hd__clkbuf_16)
                                                         clknet_0_clk (net)
                      0.149646    0.003631    0.267746 ^ clkbuf_3_0__f_clk/A (sky130_fd_sc_hd__clkbuf_16)
    10    0.030493    0.081065    0.273023    0.540769 ^ clkbuf_3_0__f_clk/X (sky130_fd_sc_hd__clkbuf_16)
                                                         clknet_3_0__leaf_clk (net)
                      0.081066    0.000375    0.541144 ^ dsa[19]._9_/CLK (sky130_fd_sc_hd__dfrtp_1)
                                  0.000000    0.541144   clock reconvergence pessimism
                                 -0.097402    0.443742   library hold time
                                              0.443742   data required time
---------------------------------------------------------------------------------------------
                                              0.443742   data required time
                                             -1.421511   data arrival time
---------------------------------------------------------------------------------------------
                                              0.977769   slack (MET)


Startpoint: dsa[5]._9_ (rising edge-triggered flip-flop clocked by core_clock)
Endpoint: dsa[6]._9_ (rising edge-triggered flip-flop clocked by core_clock)
Path Group: core_clock
Path Type: min

Fanout         Cap        Slew       Delay        Time   Description
---------------------------------------------------------------------------------------------
                                  0.000000    0.000000   clock core_clock (rise edge)
                                  0.000000    0.000000   clock source latency
     1    0.014006    0.000000    0.000000    0.000000 ^ clk (in)
                                                         clk (net)
                      0.000547    0.000274    0.000274 ^ clkbuf_0_clk/A (sky130_fd_sc_hd__clkbuf_16)
     8    0.081141    0.149432    0.263842    0.264115 ^ clkbuf_0_clk/X (sky130_fd_sc_hd__clkbuf_16)
                                                         clknet_0_clk (net)
                      0.149607    0.003091    0.267206 ^ clkbuf_3_5__f_clk/A (sky130_fd_sc_hd__clkbuf_16)
     8    0.027850    0.077464    0.269254    0.536461 ^ clkbuf_3_5__f_clk/X (sky130_fd_sc_hd__clkbuf_16)
                                                         clknet_3_5__leaf_clk (net)
                      0.077464    0.000295    0.536755 ^ dsa[5]._9_/CLK (sky130_fd_sc_hd__dfrtp_1)
     2    0.010168    0.167606    0.721517    1.258272 ^ dsa[5]._9_/Q (sky130_fd_sc_hd__dfrtp_1)
                                                         dsa[5].y_out (net)
                      0.167606    0.000144    1.258416 ^ dsa[6]._6_/A (sky130_fd_sc_hd__xnor2_1)
     1    0.002175    0.063365    0.163851    1.422267 v dsa[6]._6_/Y (sky130_fd_sc_hd__xnor2_1)
                                                         dsa[6].y_out_next (net)
                      0.063365    0.000019    1.422286 v dsa[6]._9_/D (sky130_fd_sc_hd__dfrtp_1)
                                              1.422286   data arrival time

                                  0.000000    0.000000   clock core_clock (rise edge)
                                  0.000000    0.000000   clock source latency
     1    0.014006    0.000000    0.000000    0.000000 ^ clk (in)
                                                         clk (net)
                      0.000547    0.000274    0.000274 ^ clkbuf_0_clk/A (sky130_fd_sc_hd__clkbuf_16)
     8    0.081141    0.149432    0.263842    0.264115 ^ clkbuf_0_clk/X (sky130_fd_sc_hd__clkbuf_16)
                                                         clknet_0_clk (net)
                      0.149607    0.003091    0.267206 ^ clkbuf_3_5__f_clk/A (sky130_fd_sc_hd__clkbuf_16)
     8    0.027850    0.077464    0.269254    0.536461 ^ clkbuf_3_5__f_clk/X (sky130_fd_sc_hd__clkbuf_16)
                                                         clknet_3_5__leaf_clk (net)
                      0.077464    0.000317    0.536778 ^ dsa[6]._9_/CLK (sky130_fd_sc_hd__dfrtp_1)
                                  0.000000    0.536778   clock reconvergence pessimism
                                 -0.092955    0.443824   library hold time
                                              0.443824   data required time
---------------------------------------------------------------------------------------------
                                              0.443824   data required time
                                             -1.422286   data arrival time
---------------------------------------------------------------------------------------------
                                              0.978463   slack (MET)


Startpoint: dsa[30]._9_ (rising edge-triggered flip-flop clocked by core_clock)
Endpoint: dsa[31]._9_ (rising edge-triggered flip-flop clocked by core_clock)
Path Group: core_clock
Path Type: min

Fanout         Cap        Slew       Delay        Time   Description
---------------------------------------------------------------------------------------------
                                  0.000000    0.000000   clock core_clock (rise edge)
                                  0.000000    0.000000   clock source latency
     1    0.014006    0.000000    0.000000    0.000000 ^ clk (in)
                                                         clk (net)
                      0.000547    0.000274    0.000274 ^ clkbuf_0_clk/A (sky130_fd_sc_hd__clkbuf_16)
     8    0.081141    0.149432    0.263842    0.264115 ^ clkbuf_0_clk/X (sky130_fd_sc_hd__clkbuf_16)
                                                         clknet_0_clk (net)
                      0.149643    0.003591    0.267706 ^ clkbuf_3_1__f_clk/A (sky130_fd_sc_hd__clkbuf_16)
     7    0.023612    0.071959    0.263288    0.530994 ^ clkbuf_3_1__f_clk/X (sky130_fd_sc_hd__clkbuf_16)
                                                         clknet_3_1__leaf_clk (net)
                      0.071959    0.000165    0.531159 ^ dsa[30]._9_/CLK (sky130_fd_sc_hd__dfrtp_1)
     2    0.008851    0.151240    0.705098    1.236257 ^ dsa[30]._9_/Q (sky130_fd_sc_hd__dfrtp_1)
                                                         dsa[30].y_out (net)
                      0.151240    0.000110    1.236367 ^ dsa[31]._6_/A (sky130_fd_sc_hd__xnor2_1)
     1    0.004125    0.091166    0.181875    1.418242 v dsa[31]._6_/Y (sky130_fd_sc_hd__xnor2_1)
                                                         dsa[31].y_out_next (net)
                      0.091166    0.000063    1.418306 v dsa[31]._9_/D (sky130_fd_sc_hd__dfrtp_1)
                                              1.418306   data arrival time

                                  0.000000    0.000000   clock core_clock (rise edge)
                                  0.000000    0.000000   clock source latency
     1    0.014006    0.000000    0.000000    0.000000 ^ clk (in)
                                                         clk (net)
                      0.000547    0.000274    0.000274 ^ clkbuf_0_clk/A (sky130_fd_sc_hd__clkbuf_16)
     8    0.081141    0.149432    0.263842    0.264115 ^ clkbuf_0_clk/X (sky130_fd_sc_hd__clkbuf_16)
                                                         clknet_0_clk (net)
                      0.149646    0.003631    0.267746 ^ clkbuf_3_0__f_clk/A (sky130_fd_sc_hd__clkbuf_16)
    10    0.030493    0.081065    0.273023    0.540769 ^ clkbuf_3_0__f_clk/X (sky130_fd_sc_hd__clkbuf_16)
                                                         clknet_3_0__leaf_clk (net)
                      0.081065    0.000349    0.541118 ^ dsa[31]._9_/CLK (sky130_fd_sc_hd__dfrtp_1)
                                  0.000000    0.541118   clock reconvergence pessimism
                                 -0.102400    0.438718   library hold time
                                              0.438718   data required time
---------------------------------------------------------------------------------------------
                                              0.438718   data required time
                                             -1.418306   data arrival time
---------------------------------------------------------------------------------------------
                                              0.979588   slack (MET)


Startpoint: dsa[29]._9_ (rising edge-triggered flip-flop clocked by core_clock)
Endpoint: dsa[30]._9_ (rising edge-triggered flip-flop clocked by core_clock)
Path Group: core_clock
Path Type: min

Fanout         Cap        Slew       Delay        Time   Description
---------------------------------------------------------------------------------------------
                                  0.000000    0.000000   clock core_clock (rise edge)
                                  0.000000    0.000000   clock source latency
     1    0.014006    0.000000    0.000000    0.000000 ^ clk (in)
                                                         clk (net)
                      0.000547    0.000274    0.000274 ^ clkbuf_0_clk/A (sky130_fd_sc_hd__clkbuf_16)
     8    0.081141    0.149432    0.263842    0.264115 ^ clkbuf_0_clk/X (sky130_fd_sc_hd__clkbuf_16)
                                                         clknet_0_clk (net)
                      0.149643    0.003591    0.267706 ^ clkbuf_3_1__f_clk/A (sky130_fd_sc_hd__clkbuf_16)
     7    0.023612    0.071959    0.263288    0.530994 ^ clkbuf_3_1__f_clk/X (sky130_fd_sc_hd__clkbuf_16)
                                                         clknet_3_1__leaf_clk (net)
                      0.071959    0.000217    0.531211 ^ dsa[29]._9_/CLK (sky130_fd_sc_hd__dfrtp_1)
     2    0.009085    0.154134    0.707567    1.238778 ^ dsa[29]._9_/Q (sky130_fd_sc_hd__dfrtp_1)
                                                         dsa[29].y_out (net)
                      0.154134    0.000100    1.238877 ^ dsa[30]._6_/A (sky130_fd_sc_hd__xnor2_1)
     1    0.003297    0.079350    0.173008    1.411885 v dsa[30]._6_/Y (sky130_fd_sc_hd__xnor2_1)
                                                         dsa[30].y_out_next (net)
                      0.079350    0.000042    1.411928 v dsa[30]._9_/D (sky130_fd_sc_hd__dfrtp_1)
                                              1.411928   data arrival time

                                  0.000000    0.000000   clock core_clock (rise edge)
                                  0.000000    0.000000   clock source latency
     1    0.014006    0.000000    0.000000    0.000000 ^ clk (in)
                                                         clk (net)
                      0.000547    0.000274    0.000274 ^ clkbuf_0_clk/A (sky130_fd_sc_hd__clkbuf_16)
     8    0.081141    0.149432    0.263842    0.264115 ^ clkbuf_0_clk/X (sky130_fd_sc_hd__clkbuf_16)
                                                         clknet_0_clk (net)
                      0.149643    0.003591    0.267706 ^ clkbuf_3_1__f_clk/A (sky130_fd_sc_hd__clkbuf_16)
     7    0.023612    0.071959    0.263288    0.530994 ^ clkbuf_3_1__f_clk/X (sky130_fd_sc_hd__clkbuf_16)
                                                         clknet_3_1__leaf_clk (net)
                      0.071959    0.000165    0.531159 ^ dsa[30]._9_/CLK (sky130_fd_sc_hd__dfrtp_1)
                                  0.000000    0.531159   clock reconvergence pessimism
                                 -0.100228    0.430931   library hold time
                                              0.430931   data required time
---------------------------------------------------------------------------------------------
                                              0.430931   data required time
                                             -1.411928   data arrival time
---------------------------------------------------------------------------------------------
                                              0.980996   slack (MET)


Startpoint: dsa[26]._9_ (rising edge-triggered flip-flop clocked by core_clock)
Endpoint: dsa[27]._9_ (rising edge-triggered flip-flop clocked by core_clock)
Path Group: core_clock
Path Type: min

Fanout         Cap        Slew       Delay        Time   Description
---------------------------------------------------------------------------------------------
                                  0.000000    0.000000   clock core_clock (rise edge)
                                  0.000000    0.000000   clock source latency
     1    0.014006    0.000000    0.000000    0.000000 ^ clk (in)
                                                         clk (net)
                      0.000547    0.000274    0.000274 ^ clkbuf_0_clk/A (sky130_fd_sc_hd__clkbuf_16)
     8    0.081141    0.149432    0.263842    0.264115 ^ clkbuf_0_clk/X (sky130_fd_sc_hd__clkbuf_16)
                                                         clknet_0_clk (net)
                      0.149439    0.001325    0.265441 ^ clkbuf_3_2__f_clk/A (sky130_fd_sc_hd__clkbuf_16)
    10    0.029386    0.079527    0.271344    0.536785 ^ clkbuf_3_2__f_clk/X (sky130_fd_sc_hd__clkbuf_16)
                                                         clknet_3_2__leaf_clk (net)
                      0.079527    0.000354    0.537138 ^ dsa[26]._9_/CLK (sky130_fd_sc_hd__dfrtp_1)
     2    0.009376    0.157701    0.714130    1.251269 ^ dsa[26]._9_/Q (sky130_fd_sc_hd__dfrtp_1)
                                                         dsa[26].y_out (net)
                      0.157701    0.000117    1.251386 ^ dsa[27]._6_/A (sky130_fd_sc_hd__xnor2_1)
     1    0.003134    0.076853    0.172303    1.423689 v dsa[27]._6_/Y (sky130_fd_sc_hd__xnor2_1)
                                                         dsa[27].y_out_next (net)
                      0.076853    0.000042    1.423730 v dsa[27]._9_/D (sky130_fd_sc_hd__dfrtp_1)
                                              1.423730   data arrival time

                                  0.000000    0.000000   clock core_clock (rise edge)
                                  0.000000    0.000000   clock source latency
     1    0.014006    0.000000    0.000000    0.000000 ^ clk (in)
                                                         clk (net)
                      0.000547    0.000274    0.000274 ^ clkbuf_0_clk/A (sky130_fd_sc_hd__clkbuf_16)
     8    0.081141    0.149432    0.263842    0.264115 ^ clkbuf_0_clk/X (sky130_fd_sc_hd__clkbuf_16)
                                                         clknet_0_clk (net)
                      0.149439    0.001325    0.265441 ^ clkbuf_3_2__f_clk/A (sky130_fd_sc_hd__clkbuf_16)
    10    0.029386    0.079527    0.271344    0.536785 ^ clkbuf_3_2__f_clk/X (sky130_fd_sc_hd__clkbuf_16)
                                                         clknet_3_2__leaf_clk (net)
                      0.079527    0.000156    0.536941 ^ dsa[27]._9_/CLK (sky130_fd_sc_hd__dfrtp_1)
                                  0.000000    0.536941   clock reconvergence pessimism
                                 -0.097461    0.439480   library hold time
                                              0.439480   data required time
---------------------------------------------------------------------------------------------
                                              0.439480   data required time
                                             -1.423730   data arrival time
---------------------------------------------------------------------------------------------
                                              0.984250   slack (MET)


Startpoint: dsa[10]._9_ (rising edge-triggered flip-flop clocked by core_clock)
Endpoint: dsa[11]._9_ (rising edge-triggered flip-flop clocked by core_clock)
Path Group: core_clock
Path Type: min

Fanout         Cap        Slew       Delay        Time   Description
---------------------------------------------------------------------------------------------
                                  0.000000    0.000000   clock core_clock (rise edge)
                                  0.000000    0.000000   clock source latency
     1    0.014006    0.000000    0.000000    0.000000 ^ clk (in)
                                                         clk (net)
                      0.000547    0.000274    0.000274 ^ clkbuf_0_clk/A (sky130_fd_sc_hd__clkbuf_16)
     8    0.081141    0.149432    0.263842    0.264115 ^ clkbuf_0_clk/X (sky130_fd_sc_hd__clkbuf_16)
                                                         clknet_0_clk (net)
                      0.149455    0.001954    0.266069 ^ clkbuf_3_6__f_clk/A (sky130_fd_sc_hd__clkbuf_16)
     8    0.025818    0.074785    0.266332    0.532401 ^ clkbuf_3_6__f_clk/X (sky130_fd_sc_hd__clkbuf_16)
                                                         clknet_3_6__leaf_clk (net)
                      0.074785    0.000239    0.532640 ^ dsa[10]._9_/CLK (sky130_fd_sc_hd__dfrtp_1)
     2    0.009977    0.165230    0.718280    1.250921 ^ dsa[10]._9_/Q (sky130_fd_sc_hd__dfrtp_1)
                                                         dsa[10].y_out (net)
                      0.165230    0.000139    1.251059 ^ dsa[11]._6_/A (sky130_fd_sc_hd__xnor2_1)
     1    0.003219    0.078104    0.176302    1.427361 v dsa[11]._6_/Y (sky130_fd_sc_hd__xnor2_1)
                                                         dsa[11].y_out_next (net)
                      0.078104    0.000029    1.427390 v dsa[11]._9_/D (sky130_fd_sc_hd__dfrtp_1)
                                              1.427390   data arrival time

                                  0.000000    0.000000   clock core_clock (rise edge)
                                  0.000000    0.000000   clock source latency
     1    0.014006    0.000000    0.000000    0.000000 ^ clk (in)
                                                         clk (net)
                      0.000547    0.000274    0.000274 ^ clkbuf_0_clk/A (sky130_fd_sc_hd__clkbuf_16)
     8    0.081141    0.149432    0.263842    0.264115 ^ clkbuf_0_clk/X (sky130_fd_sc_hd__clkbuf_16)
                                                         clknet_0_clk (net)
                      0.149457    0.002038    0.266154 ^ clkbuf_3_7__f_clk/A (sky130_fd_sc_hd__clkbuf_16)
    10    0.027845    0.077460    0.269165    0.535318 ^ clkbuf_3_7__f_clk/X (sky130_fd_sc_hd__clkbuf_16)
                                                         clknet_3_7__leaf_clk (net)
                      0.077460    0.000298    0.535616 ^ dsa[11]._9_/CLK (sky130_fd_sc_hd__dfrtp_1)
                                  0.000000    0.535616   clock reconvergence pessimism
                                 -0.098428    0.437188   library hold time
                                              0.437188   data required time
---------------------------------------------------------------------------------------------
                                              0.437188   data required time
                                             -1.427390   data arrival time
---------------------------------------------------------------------------------------------
                                              0.990202   slack (MET)


Startpoint: dsa[30]._9_ (rising edge-triggered flip-flop clocked by core_clock)
Endpoint: dsa[31]._8_ (rising edge-triggered flip-flop clocked by core_clock)
Path Group: core_clock
Path Type: min

Fanout         Cap        Slew       Delay        Time   Description
---------------------------------------------------------------------------------------------
                                  0.000000    0.000000   clock core_clock (rise edge)
                                  0.000000    0.000000   clock source latency
     1    0.014006    0.000000    0.000000    0.000000 ^ clk (in)
                                                         clk (net)
                      0.000547    0.000274    0.000274 ^ clkbuf_0_clk/A (sky130_fd_sc_hd__clkbuf_16)
     8    0.081141    0.149432    0.263842    0.264115 ^ clkbuf_0_clk/X (sky130_fd_sc_hd__clkbuf_16)
                                                         clknet_0_clk (net)
                      0.149643    0.003591    0.267706 ^ clkbuf_3_1__f_clk/A (sky130_fd_sc_hd__clkbuf_16)
     7    0.023612    0.071959    0.263288    0.530994 ^ clkbuf_3_1__f_clk/X (sky130_fd_sc_hd__clkbuf_16)
                                                         clknet_3_1__leaf_clk (net)
                      0.071959    0.000165    0.531159 ^ dsa[30]._9_/CLK (sky130_fd_sc_hd__dfrtp_1)
     2    0.008851    0.151240    0.705098    1.236257 ^ dsa[30]._9_/Q (sky130_fd_sc_hd__dfrtp_1)
                                                         dsa[30].y_out (net)
                      0.151240    0.000097    1.236354 ^ dsa[31]._7_/A1 (sky130_fd_sc_hd__a21bo_1)
     1    0.002277    0.054672    0.224017    1.460371 ^ dsa[31]._7_/X (sky130_fd_sc_hd__a21bo_1)
                                                         dsa[31].last_carry_next (net)
                      0.054672    0.000022    1.460392 ^ dsa[31]._8_/D (sky130_fd_sc_hd__dfrtp_1)
                                              1.460392   data arrival time

                                  0.000000    0.000000   clock core_clock (rise edge)
                                  0.000000    0.000000   clock source latency
     1    0.014006    0.000000    0.000000    0.000000 ^ clk (in)
                                                         clk (net)
                      0.000547    0.000274    0.000274 ^ clkbuf_0_clk/A (sky130_fd_sc_hd__clkbuf_16)
     8    0.081141    0.149432    0.263842    0.264115 ^ clkbuf_0_clk/X (sky130_fd_sc_hd__clkbuf_16)
                                                         clknet_0_clk (net)
                      0.149646    0.003631    0.267746 ^ clkbuf_3_0__f_clk/A (sky130_fd_sc_hd__clkbuf_16)
    10    0.030493    0.081065    0.273023    0.540769 ^ clkbuf_3_0__f_clk/X (sky130_fd_sc_hd__clkbuf_16)
                                                         clknet_3_0__leaf_clk (net)
                      0.081066    0.000453    0.541222 ^ dsa[31]._8_/CLK (sky130_fd_sc_hd__dfrtp_1)
                                  0.000000    0.541222   clock reconvergence pessimism
                                 -0.071626    0.469596   library hold time
                                              0.469596   data required time
---------------------------------------------------------------------------------------------
                                              0.469596   data required time
                                             -1.460392   data arrival time
---------------------------------------------------------------------------------------------
                                              0.990796   slack (MET)


Startpoint: dsa[15]._9_ (rising edge-triggered flip-flop clocked by core_clock)
Endpoint: dsa[16]._8_ (rising edge-triggered flip-flop clocked by core_clock)
Path Group: core_clock
Path Type: min

Fanout         Cap        Slew       Delay        Time   Description
---------------------------------------------------------------------------------------------
                                  0.000000    0.000000   clock core_clock (rise edge)
                                  0.000000    0.000000   clock source latency
     1    0.014006    0.000000    0.000000    0.000000 ^ clk (in)
                                                         clk (net)
                      0.000547    0.000274    0.000274 ^ clkbuf_0_clk/A (sky130_fd_sc_hd__clkbuf_16)
     8    0.081141    0.149432    0.263842    0.264115 ^ clkbuf_0_clk/X (sky130_fd_sc_hd__clkbuf_16)
                                                         clknet_0_clk (net)
                      0.149605    0.003059    0.267174 ^ clkbuf_3_4__f_clk/A (sky130_fd_sc_hd__clkbuf_16)
     9    0.021963    0.069872    0.260919    0.528094 ^ clkbuf_3_4__f_clk/X (sky130_fd_sc_hd__clkbuf_16)
                                                         clknet_3_4__leaf_clk (net)
                      0.069895    0.000231    0.528325 ^ dsa[15]._9_/CLK (sky130_fd_sc_hd__dfrtp_1)
     2    0.008023    0.141022    0.695409    1.223734 ^ dsa[15]._9_/Q (sky130_fd_sc_hd__dfrtp_1)
                                                         dsa[15].y_out (net)
                      0.141022    0.000081    1.223815 ^ dsa[16]._7_/A1 (sky130_fd_sc_hd__a21bo_1)
     1    0.002741    0.059526    0.224855    1.448670 ^ dsa[16]._7_/X (sky130_fd_sc_hd__a21bo_1)
                                                         dsa[16].last_carry_next (net)
                      0.059526    0.000021    1.448691 ^ dsa[16]._8_/D (sky130_fd_sc_hd__dfrtp_1)
                                              1.448691   data arrival time

                                  0.000000    0.000000   clock core_clock (rise edge)
                                  0.000000    0.000000   clock source latency
     1    0.014006    0.000000    0.000000    0.000000 ^ clk (in)
                                                         clk (net)
                      0.000547    0.000274    0.000274 ^ clkbuf_0_clk/A (sky130_fd_sc_hd__clkbuf_16)
     8    0.081141    0.149432    0.263842    0.264115 ^ clkbuf_0_clk/X (sky130_fd_sc_hd__clkbuf_16)
                                                         clknet_0_clk (net)
                      0.149643    0.003591    0.267706 ^ clkbuf_3_1__f_clk/A (sky130_fd_sc_hd__clkbuf_16)
     7    0.023612    0.071959    0.263288    0.530994 ^ clkbuf_3_1__f_clk/X (sky130_fd_sc_hd__clkbuf_16)
                                                         clknet_3_1__leaf_clk (net)
                      0.071959    0.000217    0.531211 ^ dsa[16]._8_/CLK (sky130_fd_sc_hd__dfrtp_1)
                                  0.000000    0.531211   clock reconvergence pessimism
                                 -0.074228    0.456983   library hold time
                                              0.456983   data required time
---------------------------------------------------------------------------------------------
                                              0.456983   data required time
                                             -1.448691   data arrival time
---------------------------------------------------------------------------------------------
                                              0.991708   slack (MET)


Startpoint: dsa[11]._9_ (rising edge-triggered flip-flop clocked by core_clock)
Endpoint: dsa[12]._9_ (rising edge-triggered flip-flop clocked by core_clock)
Path Group: core_clock
Path Type: min

Fanout         Cap        Slew       Delay        Time   Description
---------------------------------------------------------------------------------------------
                                  0.000000    0.000000   clock core_clock (rise edge)
                                  0.000000    0.000000   clock source latency
     1    0.014006    0.000000    0.000000    0.000000 ^ clk (in)
                                                         clk (net)
                      0.000547    0.000274    0.000274 ^ clkbuf_0_clk/A (sky130_fd_sc_hd__clkbuf_16)
     8    0.081141    0.149432    0.263842    0.264115 ^ clkbuf_0_clk/X (sky130_fd_sc_hd__clkbuf_16)
                                                         clknet_0_clk (net)
                      0.149457    0.002038    0.266154 ^ clkbuf_3_7__f_clk/A (sky130_fd_sc_hd__clkbuf_16)
    10    0.027845    0.077460    0.269165    0.535318 ^ clkbuf_3_7__f_clk/X (sky130_fd_sc_hd__clkbuf_16)
                                                         clknet_3_7__leaf_clk (net)
                      0.077460    0.000298    0.535616 ^ dsa[11]._9_/CLK (sky130_fd_sc_hd__dfrtp_1)
     2    0.010376    0.170223    0.723699    1.259315 ^ dsa[11]._9_/Q (sky130_fd_sc_hd__dfrtp_1)
                                                         dsa[11].y_out (net)
                      0.170223    0.000189    1.259504 ^ dsa[12]._6_/A (sky130_fd_sc_hd__xnor2_1)
     1    0.002777    0.071912    0.172572    1.432076 v dsa[12]._6_/Y (sky130_fd_sc_hd__xnor2_1)
                                                         dsa[12].y_out_next (net)
                      0.071912    0.000023    1.432098 v dsa[12]._9_/D (sky130_fd_sc_hd__dfrtp_1)
                                              1.432098   data arrival time

                                  0.000000    0.000000   clock core_clock (rise edge)
                                  0.000000    0.000000   clock source latency
     1    0.014006    0.000000    0.000000    0.000000 ^ clk (in)
                                                         clk (net)
                      0.000547    0.000274    0.000274 ^ clkbuf_0_clk/A (sky130_fd_sc_hd__clkbuf_16)
     8    0.081141    0.149432    0.263842    0.264115 ^ clkbuf_0_clk/X (sky130_fd_sc_hd__clkbuf_16)
                                                         clknet_0_clk (net)
                      0.149457    0.002038    0.266154 ^ clkbuf_3_7__f_clk/A (sky130_fd_sc_hd__clkbuf_16)
    10    0.027845    0.077460    0.269165    0.535318 ^ clkbuf_3_7__f_clk/X (sky130_fd_sc_hd__clkbuf_16)
                                                         clknet_3_7__leaf_clk (net)
                      0.077461    0.000401    0.535719 ^ dsa[12]._9_/CLK (sky130_fd_sc_hd__dfrtp_1)
                                  0.000000    0.535719   clock reconvergence pessimism
                                 -0.096129    0.439591   library hold time
                                              0.439591   data required time
---------------------------------------------------------------------------------------------
                                              0.439591   data required time
                                             -1.432098   data arrival time
---------------------------------------------------------------------------------------------
                                              0.992508   slack (MET)


Startpoint: dsa[21]._9_ (rising edge-triggered flip-flop clocked by core_clock)
Endpoint: dsa[22]._8_ (rising edge-triggered flip-flop clocked by core_clock)
Path Group: core_clock
Path Type: min

Fanout         Cap        Slew       Delay        Time   Description
---------------------------------------------------------------------------------------------
                                  0.000000    0.000000   clock core_clock (rise edge)
                                  0.000000    0.000000   clock source latency
     1    0.014006    0.000000    0.000000    0.000000 ^ clk (in)
                                                         clk (net)
                      0.000547    0.000274    0.000274 ^ clkbuf_0_clk/A (sky130_fd_sc_hd__clkbuf_16)
     8    0.081141    0.149432    0.263842    0.264115 ^ clkbuf_0_clk/X (sky130_fd_sc_hd__clkbuf_16)
                                                         clknet_0_clk (net)
                      0.149437    0.001226    0.265341 ^ clkbuf_3_3__f_clk/A (sky130_fd_sc_hd__clkbuf_16)
     9    0.025819    0.074788    0.266297    0.531638 ^ clkbuf_3_3__f_clk/X (sky130_fd_sc_hd__clkbuf_16)
                                                         clknet_3_3__leaf_clk (net)
                      0.074788    0.000188    0.531826 ^ dsa[21]._9_/CLK (sky130_fd_sc_hd__dfrtp_1)
     2    0.007925    0.139786    0.696663    1.228489 ^ dsa[21]._9_/Q (sky130_fd_sc_hd__dfrtp_1)
                                                         dsa[21].y_out (net)
                      0.139786    0.000042    1.228531 ^ dsa[22]._7_/A1 (sky130_fd_sc_hd__a21bo_1)
     1    0.003036    0.062717    0.227557    1.456087 ^ dsa[22]._7_/X (sky130_fd_sc_hd__a21bo_1)
                                                         dsa[22].last_carry_next (net)
                      0.062717    0.000034    1.456122 ^ dsa[22]._8_/D (sky130_fd_sc_hd__dfrtp_1)
                                              1.456122   data arrival time

                                  0.000000    0.000000   clock core_clock (rise edge)
                                  0.000000    0.000000   clock source latency
     1    0.014006    0.000000    0.000000    0.000000 ^ clk (in)
                                                         clk (net)
                      0.000547    0.000274    0.000274 ^ clkbuf_0_clk/A (sky130_fd_sc_hd__clkbuf_16)
     8    0.081141    0.149432    0.263842    0.264115 ^ clkbuf_0_clk/X (sky130_fd_sc_hd__clkbuf_16)
                                                         clknet_0_clk (net)
                      0.149439    0.001325    0.265441 ^ clkbuf_3_2__f_clk/A (sky130_fd_sc_hd__clkbuf_16)
    10    0.029386    0.079527    0.271344    0.536785 ^ clkbuf_3_2__f_clk/X (sky130_fd_sc_hd__clkbuf_16)
                                                         clknet_3_2__leaf_clk (net)
                      0.079527    0.000146    0.536931 ^ dsa[22]._8_/CLK (sky130_fd_sc_hd__dfrtp_1)
                                  0.000000    0.536931   clock reconvergence pessimism
                                 -0.073715    0.463216   library hold time
                                              0.463216   data required time
---------------------------------------------------------------------------------------------
                                              0.463216   data required time
                                             -1.456122   data arrival time
---------------------------------------------------------------------------------------------
                                              0.992905   slack (MET)


Startpoint: dsa[16]._9_ (rising edge-triggered flip-flop clocked by core_clock)
Endpoint: dsa[17]._8_ (rising edge-triggered flip-flop clocked by core_clock)
Path Group: core_clock
Path Type: min

Fanout         Cap        Slew       Delay        Time   Description
---------------------------------------------------------------------------------------------
                                  0.000000    0.000000   clock core_clock (rise edge)
                                  0.000000    0.000000   clock source latency
     1    0.014006    0.000000    0.000000    0.000000 ^ clk (in)
                                                         clk (net)
                      0.000547    0.000274    0.000274 ^ clkbuf_0_clk/A (sky130_fd_sc_hd__clkbuf_16)
     8    0.081141    0.149432    0.263842    0.264115 ^ clkbuf_0_clk/X (sky130_fd_sc_hd__clkbuf_16)
                                                         clknet_0_clk (net)
                      0.149605    0.003059    0.267174 ^ clkbuf_3_4__f_clk/A (sky130_fd_sc_hd__clkbuf_16)
     9    0.021963    0.069872    0.260919    0.528094 ^ clkbuf_3_4__f_clk/X (sky130_fd_sc_hd__clkbuf_16)
                                                         clknet_3_4__leaf_clk (net)
                      0.069895    0.000158    0.528251 ^ dsa[16]._9_/CLK (sky130_fd_sc_hd__dfrtp_1)
     2    0.008707    0.149458    0.702622    1.230873 ^ dsa[16]._9_/Q (sky130_fd_sc_hd__dfrtp_1)
                                                         dsa[16].y_out (net)
                      0.149458    0.000067    1.230940 ^ dsa[17]._7_/A1 (sky130_fd_sc_hd__a21bo_1)
     1    0.002111    0.052656    0.221472    1.452412 ^ dsa[17]._7_/X (sky130_fd_sc_hd__a21bo_1)
                                                         dsa[17].last_carry_next (net)
                      0.052656    0.000018    1.452430 ^ dsa[17]._8_/D (sky130_fd_sc_hd__dfrtp_1)
                                              1.452430   data arrival time

                                  0.000000    0.000000   clock core_clock (rise edge)
                                  0.000000    0.000000   clock source latency
     1    0.014006    0.000000    0.000000    0.000000 ^ clk (in)
                                                         clk (net)
                      0.000547    0.000274    0.000274 ^ clkbuf_0_clk/A (sky130_fd_sc_hd__clkbuf_16)
     8    0.081141    0.149432    0.263842    0.264115 ^ clkbuf_0_clk/X (sky130_fd_sc_hd__clkbuf_16)
                                                         clknet_0_clk (net)
                      0.149643    0.003591    0.267706 ^ clkbuf_3_1__f_clk/A (sky130_fd_sc_hd__clkbuf_16)
     7    0.023612    0.071959    0.263288    0.530994 ^ clkbuf_3_1__f_clk/X (sky130_fd_sc_hd__clkbuf_16)
                                                         clknet_3_1__leaf_clk (net)
                      0.071959    0.000205    0.531199 ^ dsa[17]._8_/CLK (sky130_fd_sc_hd__dfrtp_1)
                                  0.000000    0.531199   clock reconvergence pessimism
                                 -0.072660    0.458539   library hold time
                                              0.458539   data required time
---------------------------------------------------------------------------------------------
                                              0.458539   data required time
                                             -1.452430   data arrival time
---------------------------------------------------------------------------------------------
                                              0.993891   slack (MET)


Startpoint: dsa[25]._9_ (rising edge-triggered flip-flop clocked by core_clock)
Endpoint: dsa[26]._8_ (rising edge-triggered flip-flop clocked by core_clock)
Path Group: core_clock
Path Type: min

Fanout         Cap        Slew       Delay        Time   Description
---------------------------------------------------------------------------------------------
                                  0.000000    0.000000   clock core_clock (rise edge)
                                  0.000000    0.000000   clock source latency
     1    0.014006    0.000000    0.000000    0.000000 ^ clk (in)
                                                         clk (net)
                      0.000547    0.000274    0.000274 ^ clkbuf_0_clk/A (sky130_fd_sc_hd__clkbuf_16)
     8    0.081141    0.149432    0.263842    0.264115 ^ clkbuf_0_clk/X (sky130_fd_sc_hd__clkbuf_16)
                                                         clknet_0_clk (net)
                      0.149439    0.001325    0.265441 ^ clkbuf_3_2__f_clk/A (sky130_fd_sc_hd__clkbuf_16)
    10    0.029386    0.079527    0.271344    0.536785 ^ clkbuf_3_2__f_clk/X (sky130_fd_sc_hd__clkbuf_16)
                                                         clknet_3_2__leaf_clk (net)
                      0.079527    0.000260    0.537044 ^ dsa[25]._9_/CLK (sky130_fd_sc_hd__dfrtp_1)
     2    0.008166    0.147014    0.701441    1.238486 ^ dsa[25]._9_/Q (sky130_fd_sc_hd__dfrtp_1)
                                                         dsa[25].y_out (net)
                      0.147014    0.000065    1.238551 ^ dsa[26]._7_/A1 (sky130_fd_sc_hd__a21bo_1)
     1    0.002242    0.054307    0.221897    1.460448 ^ dsa[26]._7_/X (sky130_fd_sc_hd__a21bo_1)
                                                         dsa[26].last_carry_next (net)
                      0.054307    0.000020    1.460468 ^ dsa[26]._8_/D (sky130_fd_sc_hd__dfrtp_1)
                                              1.460468   data arrival time

                                  0.000000    0.000000   clock core_clock (rise edge)
                                  0.000000    0.000000   clock source latency
     1    0.014006    0.000000    0.000000    0.000000 ^ clk (in)
                                                         clk (net)
                      0.000547    0.000274    0.000274 ^ clkbuf_0_clk/A (sky130_fd_sc_hd__clkbuf_16)
     8    0.081141    0.149432    0.263842    0.264115 ^ clkbuf_0_clk/X (sky130_fd_sc_hd__clkbuf_16)
                                                         clknet_0_clk (net)
                      0.149439    0.001325    0.265441 ^ clkbuf_3_2__f_clk/A (sky130_fd_sc_hd__clkbuf_16)
    10    0.029386    0.079527    0.271344    0.536785 ^ clkbuf_3_2__f_clk/X (sky130_fd_sc_hd__clkbuf_16)
                                                         clknet_3_2__leaf_clk (net)
                      0.079528    0.000432    0.537217 ^ dsa[26]._8_/CLK (sky130_fd_sc_hd__dfrtp_1)
                                  0.000000    0.537217   clock reconvergence pessimism
                                 -0.071795    0.465422   library hold time
                                              0.465422   data required time
---------------------------------------------------------------------------------------------
                                              0.465422   data required time
                                             -1.460468   data arrival time
---------------------------------------------------------------------------------------------
                                              0.995046   slack (MET)


Startpoint: dsa[23]._9_ (rising edge-triggered flip-flop clocked by core_clock)
Endpoint: dsa[24]._8_ (rising edge-triggered flip-flop clocked by core_clock)
Path Group: core_clock
Path Type: min

Fanout         Cap        Slew       Delay        Time   Description
---------------------------------------------------------------------------------------------
                                  0.000000    0.000000   clock core_clock (rise edge)
                                  0.000000    0.000000   clock source latency
     1    0.014006    0.000000    0.000000    0.000000 ^ clk (in)
                                                         clk (net)
                      0.000547    0.000274    0.000274 ^ clkbuf_0_clk/A (sky130_fd_sc_hd__clkbuf_16)
     8    0.081141    0.149432    0.263842    0.264115 ^ clkbuf_0_clk/X (sky130_fd_sc_hd__clkbuf_16)
                                                         clknet_0_clk (net)
                      0.149437    0.001226    0.265341 ^ clkbuf_3_3__f_clk/A (sky130_fd_sc_hd__clkbuf_16)
     9    0.025819    0.074788    0.266297    0.531638 ^ clkbuf_3_3__f_clk/X (sky130_fd_sc_hd__clkbuf_16)
                                                         clknet_3_3__leaf_clk (net)
                      0.074788    0.000278    0.531916 ^ dsa[23]._9_/CLK (sky130_fd_sc_hd__dfrtp_1)
     2    0.008625    0.148414    0.704036    1.235952 ^ dsa[23]._9_/Q (sky130_fd_sc_hd__dfrtp_1)
                                                         dsa[23].y_out (net)
                      0.148414    0.000082    1.236034 ^ dsa[24]._7_/A1 (sky130_fd_sc_hd__a21bo_1)
     1    0.002488    0.056878    0.225151    1.461185 ^ dsa[24]._7_/X (sky130_fd_sc_hd__a21bo_1)
                                                         dsa[24].last_carry_next (net)
                      0.056878    0.000024    1.461209 ^ dsa[24]._8_/D (sky130_fd_sc_hd__dfrtp_1)
                                              1.461209   data arrival time

                                  0.000000    0.000000   clock core_clock (rise edge)
                                  0.000000    0.000000   clock source latency
     1    0.014006    0.000000    0.000000    0.000000 ^ clk (in)
                                                         clk (net)
                      0.000547    0.000274    0.000274 ^ clkbuf_0_clk/A (sky130_fd_sc_hd__clkbuf_16)
     8    0.081141    0.149432    0.263842    0.264115 ^ clkbuf_0_clk/X (sky130_fd_sc_hd__clkbuf_16)
                                                         clknet_0_clk (net)
                      0.149439    0.001325    0.265441 ^ clkbuf_3_2__f_clk/A (sky130_fd_sc_hd__clkbuf_16)
    10    0.029386    0.079527    0.271344    0.536785 ^ clkbuf_3_2__f_clk/X (sky130_fd_sc_hd__clkbuf_16)
                                                         clknet_3_2__leaf_clk (net)
                      0.079527    0.000359    0.537144 ^ dsa[24]._8_/CLK (sky130_fd_sc_hd__dfrtp_1)
                                  0.000000    0.537144   clock reconvergence pessimism
                                 -0.072382    0.464762   library hold time
                                              0.464762   data required time
---------------------------------------------------------------------------------------------
                                              0.464762   data required time
                                             -1.461209   data arrival time
---------------------------------------------------------------------------------------------
                                              0.996447   slack (MET)


Startpoint: dsa[0]._9_ (rising edge-triggered flip-flop clocked by core_clock)
Endpoint: dsa[1]._8_ (rising edge-triggered flip-flop clocked by core_clock)
Path Group: core_clock
Path Type: min

Fanout         Cap        Slew       Delay        Time   Description
---------------------------------------------------------------------------------------------
                                  0.000000    0.000000   clock core_clock (rise edge)
                                  0.000000    0.000000   clock source latency
     1    0.014006    0.000000    0.000000    0.000000 ^ clk (in)
                                                         clk (net)
                      0.000547    0.000274    0.000274 ^ clkbuf_0_clk/A (sky130_fd_sc_hd__clkbuf_16)
     8    0.081141    0.149432    0.263842    0.264115 ^ clkbuf_0_clk/X (sky130_fd_sc_hd__clkbuf_16)
                                                         clknet_0_clk (net)
                      0.149457    0.002038    0.266154 ^ clkbuf_3_7__f_clk/A (sky130_fd_sc_hd__clkbuf_16)
    10    0.027845    0.077460    0.269165    0.535318 ^ clkbuf_3_7__f_clk/X (sky130_fd_sc_hd__clkbuf_16)
                                                         clknet_3_7__leaf_clk (net)
                      0.077460    0.000315    0.535634 ^ dsa[0]._9_/CLK (sky130_fd_sc_hd__dfrtp_1)
     2    0.008159    0.146937    0.700403    1.236036 ^ dsa[0]._9_/Q (sky130_fd_sc_hd__dfrtp_1)
                                                         dsa[0].y_out (net)
                      0.146937    0.000064    1.236100 ^ dsa[1]._7_/A1 (sky130_fd_sc_hd__a21bo_1)
     1    0.002496    0.056961    0.224630    1.460730 ^ dsa[1]._7_/X (sky130_fd_sc_hd__a21bo_1)
                                                         dsa[1].last_carry_next (net)
                      0.056961    0.000024    1.460754 ^ dsa[1]._8_/D (sky130_fd_sc_hd__dfrtp_1)
                                              1.460754   data arrival time

                                  0.000000    0.000000   clock core_clock (rise edge)
                                  0.000000    0.000000   clock source latency
     1    0.014006    0.000000    0.000000    0.000000 ^ clk (in)
                                                         clk (net)
                      0.000547    0.000274    0.000274 ^ clkbuf_0_clk/A (sky130_fd_sc_hd__clkbuf_16)
     8    0.081141    0.149432    0.263842    0.264115 ^ clkbuf_0_clk/X (sky130_fd_sc_hd__clkbuf_16)
                                                         clknet_0_clk (net)
                      0.149457    0.002038    0.266154 ^ clkbuf_3_7__f_clk/A (sky130_fd_sc_hd__clkbuf_16)
    10    0.027845    0.077460    0.269165    0.535318 ^ clkbuf_3_7__f_clk/X (sky130_fd_sc_hd__clkbuf_16)
                                                         clknet_3_7__leaf_clk (net)
                      0.077461    0.000444    0.535762 ^ dsa[1]._8_/CLK (sky130_fd_sc_hd__dfrtp_1)
                                  0.000000    0.535762   clock reconvergence pessimism
                                 -0.072740    0.463022   library hold time
                                              0.463022   data required time
---------------------------------------------------------------------------------------------
                                              0.463022   data required time
                                             -1.460754   data arrival time
---------------------------------------------------------------------------------------------
                                              0.997731   slack (MET)


Startpoint: dsa[22]._9_ (rising edge-triggered flip-flop clocked by core_clock)
Endpoint: dsa[23]._8_ (rising edge-triggered flip-flop clocked by core_clock)
Path Group: core_clock
Path Type: min

Fanout         Cap        Slew       Delay        Time   Description
---------------------------------------------------------------------------------------------
                                  0.000000    0.000000   clock core_clock (rise edge)
                                  0.000000    0.000000   clock source latency
     1    0.014006    0.000000    0.000000    0.000000 ^ clk (in)
                                                         clk (net)
                      0.000547    0.000274    0.000274 ^ clkbuf_0_clk/A (sky130_fd_sc_hd__clkbuf_16)
     8    0.081141    0.149432    0.263842    0.264115 ^ clkbuf_0_clk/X (sky130_fd_sc_hd__clkbuf_16)
                                                         clknet_0_clk (net)
                      0.149437    0.001226    0.265341 ^ clkbuf_3_3__f_clk/A (sky130_fd_sc_hd__clkbuf_16)
     9    0.025819    0.074788    0.266297    0.531638 ^ clkbuf_3_3__f_clk/X (sky130_fd_sc_hd__clkbuf_16)
                                                         clknet_3_3__leaf_clk (net)
                      0.074788    0.000228    0.531866 ^ dsa[22]._9_/CLK (sky130_fd_sc_hd__dfrtp_1)
     2    0.008507    0.146947    0.702789    1.234655 ^ dsa[22]._9_/Q (sky130_fd_sc_hd__dfrtp_1)
                                                         dsa[22].y_out (net)
                      0.146947    0.000078    1.234733 ^ dsa[23]._7_/A1 (sky130_fd_sc_hd__a21bo_1)
     1    0.002741    0.059525    0.227292    1.462025 ^ dsa[23]._7_/X (sky130_fd_sc_hd__a21bo_1)
                                                         dsa[23].last_carry_next (net)
                      0.059525    0.000022    1.462047 ^ dsa[23]._8_/D (sky130_fd_sc_hd__dfrtp_1)
                                              1.462047   data arrival time

                                  0.000000    0.000000   clock core_clock (rise edge)
                                  0.000000    0.000000   clock source latency
     1    0.014006    0.000000    0.000000    0.000000 ^ clk (in)
                                                         clk (net)
                      0.000547    0.000274    0.000274 ^ clkbuf_0_clk/A (sky130_fd_sc_hd__clkbuf_16)
     8    0.081141    0.149432    0.263842    0.264115 ^ clkbuf_0_clk/X (sky130_fd_sc_hd__clkbuf_16)
                                                         clknet_0_clk (net)
                      0.149439    0.001325    0.265441 ^ clkbuf_3_2__f_clk/A (sky130_fd_sc_hd__clkbuf_16)
    10    0.029386    0.079527    0.271344    0.536785 ^ clkbuf_3_2__f_clk/X (sky130_fd_sc_hd__clkbuf_16)
                                                         clknet_3_2__leaf_clk (net)
                      0.079527    0.000266    0.537051 ^ dsa[23]._8_/CLK (sky130_fd_sc_hd__dfrtp_1)
                                  0.000000    0.537051   clock reconvergence pessimism
                                 -0.072986    0.464065   library hold time
                                              0.464065   data required time
---------------------------------------------------------------------------------------------
                                              0.464065   data required time
                                             -1.462047   data arrival time
---------------------------------------------------------------------------------------------
                                              0.997982   slack (MET)


Startpoint: dsa[29]._9_ (rising edge-triggered flip-flop clocked by core_clock)
Endpoint: dsa[30]._8_ (rising edge-triggered flip-flop clocked by core_clock)
Path Group: core_clock
Path Type: min

Fanout         Cap        Slew       Delay        Time   Description
---------------------------------------------------------------------------------------------
                                  0.000000    0.000000   clock core_clock (rise edge)
                                  0.000000    0.000000   clock source latency
     1    0.014006    0.000000    0.000000    0.000000 ^ clk (in)
                                                         clk (net)
                      0.000547    0.000274    0.000274 ^ clkbuf_0_clk/A (sky130_fd_sc_hd__clkbuf_16)
     8    0.081141    0.149432    0.263842    0.264115 ^ clkbuf_0_clk/X (sky130_fd_sc_hd__clkbuf_16)
                                                         clknet_0_clk (net)
                      0.149643    0.003591    0.267706 ^ clkbuf_3_1__f_clk/A (sky130_fd_sc_hd__clkbuf_16)
     7    0.023612    0.071959    0.263288    0.530994 ^ clkbuf_3_1__f_clk/X (sky130_fd_sc_hd__clkbuf_16)
                                                         clknet_3_1__leaf_clk (net)
                      0.071959    0.000217    0.531211 ^ dsa[29]._9_/CLK (sky130_fd_sc_hd__dfrtp_1)
     2    0.009085    0.154134    0.707567    1.238778 ^ dsa[29]._9_/Q (sky130_fd_sc_hd__dfrtp_1)
                                                         dsa[29].y_out (net)
                      0.154134    0.000097    1.238875 ^ dsa[30]._7_/A1 (sky130_fd_sc_hd__a21bo_1)
     1    0.002591    0.057950    0.228621    1.467495 ^ dsa[30]._7_/X (sky130_fd_sc_hd__a21bo_1)
                                                         dsa[30].last_carry_next (net)
                      0.057950    0.000028    1.467523 ^ dsa[30]._8_/D (sky130_fd_sc_hd__dfrtp_1)
                                              1.467523   data arrival time

                                  0.000000    0.000000   clock core_clock (rise edge)
                                  0.000000    0.000000   clock source latency
     1    0.014006    0.000000    0.000000    0.000000 ^ clk (in)
                                                         clk (net)
                      0.000547    0.000274    0.000274 ^ clkbuf_0_clk/A (sky130_fd_sc_hd__clkbuf_16)
     8    0.081141    0.149432    0.263842    0.264115 ^ clkbuf_0_clk/X (sky130_fd_sc_hd__clkbuf_16)
                                                         clknet_0_clk (net)
                      0.149646    0.003631    0.267746 ^ clkbuf_3_0__f_clk/A (sky130_fd_sc_hd__clkbuf_16)
    10    0.030493    0.081065    0.273023    0.540769 ^ clkbuf_3_0__f_clk/X (sky130_fd_sc_hd__clkbuf_16)
                                                         clknet_3_0__leaf_clk (net)
                      0.081067    0.000468    0.541237 ^ dsa[30]._8_/CLK (sky130_fd_sc_hd__dfrtp_1)
                                  0.000000    0.541237   clock reconvergence pessimism
                                 -0.072374    0.468863   library hold time
                                              0.468863   data required time
---------------------------------------------------------------------------------------------
                                              0.468863   data required time
                                             -1.467523   data arrival time
---------------------------------------------------------------------------------------------
                                              0.998660   slack (MET)


Startpoint: dsa[4]._9_ (rising edge-triggered flip-flop clocked by core_clock)
Endpoint: dsa[5]._8_ (rising edge-triggered flip-flop clocked by core_clock)
Path Group: core_clock
Path Type: min

Fanout         Cap        Slew       Delay        Time   Description
---------------------------------------------------------------------------------------------
                                  0.000000    0.000000   clock core_clock (rise edge)
                                  0.000000    0.000000   clock source latency
     1    0.014006    0.000000    0.000000    0.000000 ^ clk (in)
                                                         clk (net)
                      0.000547    0.000274    0.000274 ^ clkbuf_0_clk/A (sky130_fd_sc_hd__clkbuf_16)
     8    0.081141    0.149432    0.263842    0.264115 ^ clkbuf_0_clk/X (sky130_fd_sc_hd__clkbuf_16)
                                                         clknet_0_clk (net)
                      0.149607    0.003091    0.267206 ^ clkbuf_3_5__f_clk/A (sky130_fd_sc_hd__clkbuf_16)
     8    0.027850    0.077464    0.269254    0.536461 ^ clkbuf_3_5__f_clk/X (sky130_fd_sc_hd__clkbuf_16)
                                                         clknet_3_5__leaf_clk (net)
                      0.077464    0.000105    0.536566 ^ dsa[4]._9_/CLK (sky130_fd_sc_hd__dfrtp_1)
     2    0.008198    0.143116    0.700773    1.237339 ^ dsa[4]._9_/Q (sky130_fd_sc_hd__dfrtp_1)
                                                         dsa[4].y_out (net)
                      0.143116    0.000053    1.237392 ^ dsa[5]._7_/A1 (sky130_fd_sc_hd__a21bo_1)
     1    0.002802    0.060176    0.226378    1.463771 ^ dsa[5]._7_/X (sky130_fd_sc_hd__a21bo_1)
                                                         dsa[5].last_carry_next (net)
                      0.060176    0.000023    1.463794 ^ dsa[5]._8_/D (sky130_fd_sc_hd__dfrtp_1)
                                              1.463794   data arrival time

                                  0.000000    0.000000   clock core_clock (rise edge)
                                  0.000000    0.000000   clock source latency
     1    0.014006    0.000000    0.000000    0.000000 ^ clk (in)
                                                         clk (net)
                      0.000547    0.000274    0.000274 ^ clkbuf_0_clk/A (sky130_fd_sc_hd__clkbuf_16)
     8    0.081141    0.149432    0.263842    0.264115 ^ clkbuf_0_clk/X (sky130_fd_sc_hd__clkbuf_16)
                                                         clknet_0_clk (net)
                      0.149607    0.003091    0.267206 ^ clkbuf_3_5__f_clk/A (sky130_fd_sc_hd__clkbuf_16)
     8    0.027850    0.077464    0.269254    0.536461 ^ clkbuf_3_5__f_clk/X (sky130_fd_sc_hd__clkbuf_16)
                                                         clknet_3_5__leaf_clk (net)
                      0.077464    0.000296    0.536756 ^ dsa[5]._8_/CLK (sky130_fd_sc_hd__dfrtp_1)
                                  0.000000    0.536756   clock reconvergence pessimism
                                 -0.073473    0.463283   library hold time
                                              0.463283   data required time
---------------------------------------------------------------------------------------------
                                              0.463283   data required time
                                             -1.463794   data arrival time
---------------------------------------------------------------------------------------------
                                              1.000510   slack (MET)


Startpoint: dsa[14]._9_ (rising edge-triggered flip-flop clocked by core_clock)
Endpoint: dsa[15]._9_ (rising edge-triggered flip-flop clocked by core_clock)
Path Group: core_clock
Path Type: min

Fanout         Cap        Slew       Delay        Time   Description
---------------------------------------------------------------------------------------------
                                  0.000000    0.000000   clock core_clock (rise edge)
                                  0.000000    0.000000   clock source latency
     1    0.014006    0.000000    0.000000    0.000000 ^ clk (in)
                                                         clk (net)
                      0.000547    0.000274    0.000274 ^ clkbuf_0_clk/A (sky130_fd_sc_hd__clkbuf_16)
     8    0.081141    0.149432    0.263842    0.264115 ^ clkbuf_0_clk/X (sky130_fd_sc_hd__clkbuf_16)
                                                         clknet_0_clk (net)
                      0.149455    0.001954    0.266069 ^ clkbuf_3_6__f_clk/A (sky130_fd_sc_hd__clkbuf_16)
     8    0.025818    0.074785    0.266332    0.532401 ^ clkbuf_3_6__f_clk/X (sky130_fd_sc_hd__clkbuf_16)
                                                         clknet_3_6__leaf_clk (net)
                      0.074785    0.000213    0.532614 ^ dsa[14]._9_/CLK (sky130_fd_sc_hd__dfrtp_1)
     2    0.010230    0.168420    0.720915    1.253529 ^ dsa[14]._9_/Q (sky130_fd_sc_hd__dfrtp_1)
                                                         dsa[14].y_out (net)
                      0.168420    0.000210    1.253739 ^ dsa[15]._6_/A (sky130_fd_sc_hd__xnor2_1)
     1    0.003130    0.076959    0.176394    1.430133 v dsa[15]._6_/Y (sky130_fd_sc_hd__xnor2_1)
                                                         dsa[15].y_out_next (net)
                      0.076959    0.000039    1.430172 v dsa[15]._9_/D (sky130_fd_sc_hd__dfrtp_1)
                                              1.430172   data arrival time

                                  0.000000    0.000000   clock core_clock (rise edge)
                                  0.000000    0.000000   clock source latency
     1    0.014006    0.000000    0.000000    0.000000 ^ clk (in)
                                                         clk (net)
                      0.000547    0.000274    0.000274 ^ clkbuf_0_clk/A (sky130_fd_sc_hd__clkbuf_16)
     8    0.081141    0.149432    0.263842    0.264115 ^ clkbuf_0_clk/X (sky130_fd_sc_hd__clkbuf_16)
                                                         clknet_0_clk (net)
                      0.149605    0.003059    0.267174 ^ clkbuf_3_4__f_clk/A (sky130_fd_sc_hd__clkbuf_16)
     9    0.021963    0.069872    0.260919    0.528094 ^ clkbuf_3_4__f_clk/X (sky130_fd_sc_hd__clkbuf_16)
                                                         clknet_3_4__leaf_clk (net)
                      0.069895    0.000231    0.528325 ^ dsa[15]._9_/CLK (sky130_fd_sc_hd__dfrtp_1)
                                  0.000000    0.528325   clock reconvergence pessimism
                                 -0.099842    0.428483   library hold time
                                              0.428483   data required time
---------------------------------------------------------------------------------------------
                                              0.428483   data required time
                                             -1.430172   data arrival time
---------------------------------------------------------------------------------------------
                                              1.001689   slack (MET)


Startpoint: dsa[17]._9_ (rising edge-triggered flip-flop clocked by core_clock)
Endpoint: dsa[18]._8_ (rising edge-triggered flip-flop clocked by core_clock)
Path Group: core_clock
Path Type: min

Fanout         Cap        Slew       Delay        Time   Description
---------------------------------------------------------------------------------------------
                                  0.000000    0.000000   clock core_clock (rise edge)
                                  0.000000    0.000000   clock source latency
     1    0.014006    0.000000    0.000000    0.000000 ^ clk (in)
                                                         clk (net)
                      0.000547    0.000274    0.000274 ^ clkbuf_0_clk/A (sky130_fd_sc_hd__clkbuf_16)
     8    0.081141    0.149432    0.263842    0.264115 ^ clkbuf_0_clk/X (sky130_fd_sc_hd__clkbuf_16)
                                                         clknet_0_clk (net)
                      0.149605    0.003059    0.267174 ^ clkbuf_3_4__f_clk/A (sky130_fd_sc_hd__clkbuf_16)
     9    0.021963    0.069872    0.260919    0.528094 ^ clkbuf_3_4__f_clk/X (sky130_fd_sc_hd__clkbuf_16)
                                                         clknet_3_4__leaf_clk (net)
                      0.069895    0.000173    0.528267 ^ dsa[17]._9_/CLK (sky130_fd_sc_hd__dfrtp_1)
     2    0.008243    0.143733    0.697729    1.225996 ^ dsa[17]._9_/Q (sky130_fd_sc_hd__dfrtp_1)
                                                         dsa[17].y_out (net)
                      0.143733    0.000099    1.226094 ^ dsa[18]._7_/A1 (sky130_fd_sc_hd__a21bo_1)
     1    0.003234    0.064885    0.231334    1.457428 ^ dsa[18]._7_/X (sky130_fd_sc_hd__a21bo_1)
                                                         dsa[18].last_carry_next (net)
                      0.064885    0.000040    1.457468 ^ dsa[18]._8_/D (sky130_fd_sc_hd__dfrtp_1)
                                              1.457468   data arrival time

                                  0.000000    0.000000   clock core_clock (rise edge)
                                  0.000000    0.000000   clock source latency
     1    0.014006    0.000000    0.000000    0.000000 ^ clk (in)
                                                         clk (net)
                      0.000547    0.000274    0.000274 ^ clkbuf_0_clk/A (sky130_fd_sc_hd__clkbuf_16)
     8    0.081141    0.149432    0.263842    0.264115 ^ clkbuf_0_clk/X (sky130_fd_sc_hd__clkbuf_16)
                                                         clknet_0_clk (net)
                      0.149643    0.003591    0.267706 ^ clkbuf_3_1__f_clk/A (sky130_fd_sc_hd__clkbuf_16)
     7    0.023612    0.071959    0.263288    0.530994 ^ clkbuf_3_1__f_clk/X (sky130_fd_sc_hd__clkbuf_16)
                                                         clknet_3_1__leaf_clk (net)
                      0.071959    0.000067    0.531061 ^ dsa[18]._8_/CLK (sky130_fd_sc_hd__dfrtp_1)
                                  0.000000    0.531061   clock reconvergence pessimism
                                 -0.075451    0.455610   library hold time
                                              0.455610   data required time
---------------------------------------------------------------------------------------------
                                              0.455610   data required time
                                             -1.457468   data arrival time
---------------------------------------------------------------------------------------------
                                              1.001858   slack (MET)


Startpoint: dsa[3]._9_ (rising edge-triggered flip-flop clocked by core_clock)
Endpoint: dsa[4]._8_ (rising edge-triggered flip-flop clocked by core_clock)
Path Group: core_clock
Path Type: min

Fanout         Cap        Slew       Delay        Time   Description
---------------------------------------------------------------------------------------------
                                  0.000000    0.000000   clock core_clock (rise edge)
                                  0.000000    0.000000   clock source latency
     1    0.014006    0.000000    0.000000    0.000000 ^ clk (in)
                                                         clk (net)
                      0.000547    0.000274    0.000274 ^ clkbuf_0_clk/A (sky130_fd_sc_hd__clkbuf_16)
     8    0.081141    0.149432    0.263842    0.264115 ^ clkbuf_0_clk/X (sky130_fd_sc_hd__clkbuf_16)
                                                         clknet_0_clk (net)
                      0.149607    0.003091    0.267206 ^ clkbuf_3_5__f_clk/A (sky130_fd_sc_hd__clkbuf_16)
     8    0.027850    0.077464    0.269254    0.536461 ^ clkbuf_3_5__f_clk/X (sky130_fd_sc_hd__clkbuf_16)
                                                         clknet_3_5__leaf_clk (net)
                      0.077464    0.000103    0.536564 ^ dsa[3]._9_/CLK (sky130_fd_sc_hd__dfrtp_1)
     2    0.008760    0.150059    0.706722    1.243286 ^ dsa[3]._9_/Q (sky130_fd_sc_hd__dfrtp_1)
                                                         dsa[3].y_out (net)
                      0.150059    0.000033    1.243319 ^ dsa[4]._7_/A1 (sky130_fd_sc_hd__a21bo_1)
     1    0.002335    0.055272    0.224156    1.467474 ^ dsa[4]._7_/X (sky130_fd_sc_hd__a21bo_1)
                                                         dsa[4].last_carry_next (net)
                      0.055272    0.000023    1.467497 ^ dsa[4]._8_/D (sky130_fd_sc_hd__dfrtp_1)
                                              1.467497   data arrival time

                                  0.000000    0.000000   clock core_clock (rise edge)
                                  0.000000    0.000000   clock source latency
     1    0.014006    0.000000    0.000000    0.000000 ^ clk (in)
                                                         clk (net)
                      0.000547    0.000274    0.000274 ^ clkbuf_0_clk/A (sky130_fd_sc_hd__clkbuf_16)
     8    0.081141    0.149432    0.263842    0.264115 ^ clkbuf_0_clk/X (sky130_fd_sc_hd__clkbuf_16)
                                                         clknet_0_clk (net)
                      0.149607    0.003091    0.267206 ^ clkbuf_3_5__f_clk/A (sky130_fd_sc_hd__clkbuf_16)
     8    0.027850    0.077464    0.269254    0.536461 ^ clkbuf_3_5__f_clk/X (sky130_fd_sc_hd__clkbuf_16)
                                                         clknet_3_5__leaf_clk (net)
                      0.077464    0.000354    0.536815 ^ dsa[4]._8_/CLK (sky130_fd_sc_hd__dfrtp_1)
                                  0.000000    0.536815   clock reconvergence pessimism
                                 -0.072354    0.464461   library hold time
                                              0.464461   data required time
---------------------------------------------------------------------------------------------
                                              0.464461   data required time
                                             -1.467497   data arrival time
---------------------------------------------------------------------------------------------
                                              1.003036   slack (MET)


Startpoint: dsa[20]._9_ (rising edge-triggered flip-flop clocked by core_clock)
Endpoint: dsa[21]._9_ (rising edge-triggered flip-flop clocked by core_clock)
Path Group: core_clock
Path Type: min

Fanout         Cap        Slew       Delay        Time   Description
---------------------------------------------------------------------------------------------
                                  0.000000    0.000000   clock core_clock (rise edge)
                                  0.000000    0.000000   clock source latency
     1    0.014006    0.000000    0.000000    0.000000 ^ clk (in)
                                                         clk (net)
                      0.000547    0.000274    0.000274 ^ clkbuf_0_clk/A (sky130_fd_sc_hd__clkbuf_16)
     8    0.081141    0.149432    0.263842    0.264115 ^ clkbuf_0_clk/X (sky130_fd_sc_hd__clkbuf_16)
                                                         clknet_0_clk (net)
                      0.149646    0.003631    0.267746 ^ clkbuf_3_0__f_clk/A (sky130_fd_sc_hd__clkbuf_16)
    10    0.030493    0.081065    0.273023    0.540769 ^ clkbuf_3_0__f_clk/X (sky130_fd_sc_hd__clkbuf_16)
                                                         clknet_3_0__leaf_clk (net)
                      0.081065    0.000153    0.540922 ^ dsa[20]._9_/CLK (sky130_fd_sc_hd__dfrtp_1)
     2    0.009269    0.156384    0.713702    1.254624 ^ dsa[20]._9_/Q (sky130_fd_sc_hd__dfrtp_1)
                                                         dsa[20].y_out (net)
                      0.156384    0.000175    1.254800 ^ dsa[21]._6_/A (sky130_fd_sc_hd__xnor2_1)
     1    0.003732    0.085699    0.179128    1.433928 v dsa[21]._6_/Y (sky130_fd_sc_hd__xnor2_1)
                                                         dsa[21].y_out_next (net)
                      0.085699    0.000057    1.433985 v dsa[21]._9_/D (sky130_fd_sc_hd__dfrtp_1)
                                              1.433985   data arrival time

                                  0.000000    0.000000   clock core_clock (rise edge)
                                  0.000000    0.000000   clock source latency
     1    0.014006    0.000000    0.000000    0.000000 ^ clk (in)
                                                         clk (net)
                      0.000547    0.000274    0.000274 ^ clkbuf_0_clk/A (sky130_fd_sc_hd__clkbuf_16)
     8    0.081141    0.149432    0.263842    0.264115 ^ clkbuf_0_clk/X (sky130_fd_sc_hd__clkbuf_16)
                                                         clknet_0_clk (net)
                      0.149437    0.001226    0.265341 ^ clkbuf_3_3__f_clk/A (sky130_fd_sc_hd__clkbuf_16)
     9    0.025819    0.074788    0.266297    0.531638 ^ clkbuf_3_3__f_clk/X (sky130_fd_sc_hd__clkbuf_16)
                                                         clknet_3_3__leaf_clk (net)
                      0.074788    0.000188    0.531826 ^ dsa[21]._9_/CLK (sky130_fd_sc_hd__dfrtp_1)
                                  0.000000    0.531826   clock reconvergence pessimism
                                 -0.101897    0.429929   library hold time
                                              0.429929   data required time
---------------------------------------------------------------------------------------------
                                              0.429929   data required time
                                             -1.433985   data arrival time
---------------------------------------------------------------------------------------------
                                              1.004056   slack (MET)


Startpoint: dsa[13]._9_ (rising edge-triggered flip-flop clocked by core_clock)
Endpoint: dsa[14]._8_ (rising edge-triggered flip-flop clocked by core_clock)
Path Group: core_clock
Path Type: min

Fanout         Cap        Slew       Delay        Time   Description
---------------------------------------------------------------------------------------------
                                  0.000000    0.000000   clock core_clock (rise edge)
                                  0.000000    0.000000   clock source latency
     1    0.014006    0.000000    0.000000    0.000000 ^ clk (in)
                                                         clk (net)
                      0.000547    0.000274    0.000274 ^ clkbuf_0_clk/A (sky130_fd_sc_hd__clkbuf_16)
     8    0.081141    0.149432    0.263842    0.264115 ^ clkbuf_0_clk/X (sky130_fd_sc_hd__clkbuf_16)
                                                         clknet_0_clk (net)
                      0.149437    0.001226    0.265341 ^ clkbuf_3_3__f_clk/A (sky130_fd_sc_hd__clkbuf_16)
     9    0.025819    0.074788    0.266297    0.531638 ^ clkbuf_3_3__f_clk/X (sky130_fd_sc_hd__clkbuf_16)
                                                         clknet_3_3__leaf_clk (net)
                      0.074789    0.000330    0.531967 ^ dsa[13]._9_/CLK (sky130_fd_sc_hd__dfrtp_1)
     2    0.008556    0.147566    0.703295    1.235262 ^ dsa[13]._9_/Q (sky130_fd_sc_hd__dfrtp_1)
                                                         dsa[13].y_out (net)
                      0.147566    0.000110    1.235372 ^ dsa[14]._7_/A1 (sky130_fd_sc_hd__a21bo_1)
     1    0.002768    0.059811    0.227839    1.463211 ^ dsa[14]._7_/X (sky130_fd_sc_hd__a21bo_1)
                                                         dsa[14].last_carry_next (net)
                      0.059811    0.000023    1.463234 ^ dsa[14]._8_/D (sky130_fd_sc_hd__dfrtp_1)
                                              1.463234   data arrival time

                                  0.000000    0.000000   clock core_clock (rise edge)
                                  0.000000    0.000000   clock source latency
     1    0.014006    0.000000    0.000000    0.000000 ^ clk (in)
                                                         clk (net)
                      0.000547    0.000274    0.000274 ^ clkbuf_0_clk/A (sky130_fd_sc_hd__clkbuf_16)
     8    0.081141    0.149432    0.263842    0.264115 ^ clkbuf_0_clk/X (sky130_fd_sc_hd__clkbuf_16)
                                                         clknet_0_clk (net)
                      0.149437    0.001226    0.265341 ^ clkbuf_3_3__f_clk/A (sky130_fd_sc_hd__clkbuf_16)
     9    0.025819    0.074788    0.266297    0.531638 ^ clkbuf_3_3__f_clk/X (sky130_fd_sc_hd__clkbuf_16)
                                                         clknet_3_3__leaf_clk (net)
                      0.074788    0.000266    0.531904 ^ dsa[14]._8_/CLK (sky130_fd_sc_hd__dfrtp_1)
                                  0.000000    0.531904   clock reconvergence pessimism
                                 -0.073829    0.458075   library hold time
                                              0.458075   data required time
---------------------------------------------------------------------------------------------
                                              0.458075   data required time
                                             -1.463234   data arrival time
---------------------------------------------------------------------------------------------
                                              1.005159   slack (MET)


Startpoint: dsa[2]._9_ (rising edge-triggered flip-flop clocked by core_clock)
Endpoint: dsa[3]._8_ (rising edge-triggered flip-flop clocked by core_clock)
Path Group: core_clock
Path Type: min

Fanout         Cap        Slew       Delay        Time   Description
---------------------------------------------------------------------------------------------
                                  0.000000    0.000000   clock core_clock (rise edge)
                                  0.000000    0.000000   clock source latency
     1    0.014006    0.000000    0.000000    0.000000 ^ clk (in)
                                                         clk (net)
                      0.000547    0.000274    0.000274 ^ clkbuf_0_clk/A (sky130_fd_sc_hd__clkbuf_16)
     8    0.081141    0.149432    0.263842    0.264115 ^ clkbuf_0_clk/X (sky130_fd_sc_hd__clkbuf_16)
                                                         clknet_0_clk (net)
                      0.149457    0.002038    0.266154 ^ clkbuf_3_7__f_clk/A (sky130_fd_sc_hd__clkbuf_16)
    10    0.027845    0.077460    0.269165    0.535318 ^ clkbuf_3_7__f_clk/X (sky130_fd_sc_hd__clkbuf_16)
                                                         clknet_3_7__leaf_clk (net)
                      0.077460    0.000230    0.535548 ^ dsa[2]._9_/CLK (sky130_fd_sc_hd__dfrtp_1)
     2    0.008430    0.145989    0.703217    1.238766 ^ dsa[2]._9_/Q (sky130_fd_sc_hd__dfrtp_1)
                                                         dsa[2].y_out (net)
                      0.145989    0.000076    1.238842 ^ dsa[3]._7_/A1 (sky130_fd_sc_hd__a21bo_1)
     1    0.002922    0.061473    0.228873    1.467715 ^ dsa[3]._7_/X (sky130_fd_sc_hd__a21bo_1)
                                                         dsa[3].last_carry_next (net)
                      0.061473    0.000026    1.467740 ^ dsa[3]._8_/D (sky130_fd_sc_hd__dfrtp_1)
                                              1.467740   data arrival time

                                  0.000000    0.000000   clock core_clock (rise edge)
                                  0.000000    0.000000   clock source latency
     1    0.014006    0.000000    0.000000    0.000000 ^ clk (in)
                                                         clk (net)
                      0.000547    0.000274    0.000274 ^ clkbuf_0_clk/A (sky130_fd_sc_hd__clkbuf_16)
     8    0.081141    0.149432    0.263842    0.264115 ^ clkbuf_0_clk/X (sky130_fd_sc_hd__clkbuf_16)
                                                         clknet_0_clk (net)
                      0.149457    0.002038    0.266154 ^ clkbuf_3_7__f_clk/A (sky130_fd_sc_hd__clkbuf_16)
    10    0.027845    0.077460    0.269165    0.535318 ^ clkbuf_3_7__f_clk/X (sky130_fd_sc_hd__clkbuf_16)
                                                         clknet_3_7__leaf_clk (net)
                      0.077460    0.000224    0.535542 ^ dsa[3]._8_/CLK (sky130_fd_sc_hd__dfrtp_1)
                                  0.000000    0.535542   clock reconvergence pessimism
                                 -0.073770    0.461772   library hold time
                                              0.461772   data required time
---------------------------------------------------------------------------------------------
                                              0.461772   data required time
                                             -1.467740   data arrival time
---------------------------------------------------------------------------------------------
                                              1.005968   slack (MET)


Startpoint: dsa[28]._9_ (rising edge-triggered flip-flop clocked by core_clock)
Endpoint: dsa[29]._8_ (rising edge-triggered flip-flop clocked by core_clock)
Path Group: core_clock
Path Type: min

Fanout         Cap        Slew       Delay        Time   Description
---------------------------------------------------------------------------------------------
                                  0.000000    0.000000   clock core_clock (rise edge)
                                  0.000000    0.000000   clock source latency
     1    0.014006    0.000000    0.000000    0.000000 ^ clk (in)
                                                         clk (net)
                      0.000547    0.000274    0.000274 ^ clkbuf_0_clk/A (sky130_fd_sc_hd__clkbuf_16)
     8    0.081141    0.149432    0.263842    0.264115 ^ clkbuf_0_clk/X (sky130_fd_sc_hd__clkbuf_16)
                                                         clknet_0_clk (net)
                      0.149646    0.003631    0.267746 ^ clkbuf_3_0__f_clk/A (sky130_fd_sc_hd__clkbuf_16)
    10    0.030493    0.081065    0.273023    0.540769 ^ clkbuf_3_0__f_clk/X (sky130_fd_sc_hd__clkbuf_16)
                                                         clknet_3_0__leaf_clk (net)
                      0.081065    0.000174    0.540942 ^ dsa[28]._9_/CLK (sky130_fd_sc_hd__dfrtp_1)
     2    0.008244    0.143679    0.702927    1.243869 ^ dsa[28]._9_/Q (sky130_fd_sc_hd__dfrtp_1)
                                                         dsa[28].y_out (net)
                      0.143679    0.000094    1.243962 ^ dsa[29]._7_/A1 (sky130_fd_sc_hd__a21bo_1)
     1    0.003159    0.064057    0.230493    1.474455 ^ dsa[29]._7_/X (sky130_fd_sc_hd__a21bo_1)
                                                         dsa[29].last_carry_next (net)
                      0.064057    0.000038    1.474493 ^ dsa[29]._8_/D (sky130_fd_sc_hd__dfrtp_1)
                                              1.474493   data arrival time

                                  0.000000    0.000000   clock core_clock (rise edge)
                                  0.000000    0.000000   clock source latency
     1    0.014006    0.000000    0.000000    0.000000 ^ clk (in)
                                                         clk (net)
                      0.000547    0.000274    0.000274 ^ clkbuf_0_clk/A (sky130_fd_sc_hd__clkbuf_16)
     8    0.081141    0.149432    0.263842    0.264115 ^ clkbuf_0_clk/X (sky130_fd_sc_hd__clkbuf_16)
                                                         clknet_0_clk (net)
                      0.149646    0.003631    0.267746 ^ clkbuf_3_0__f_clk/A (sky130_fd_sc_hd__clkbuf_16)
    10    0.030493    0.081065    0.273023    0.540769 ^ clkbuf_3_0__f_clk/X (sky130_fd_sc_hd__clkbuf_16)
                                                         clknet_3_0__leaf_clk (net)
                      0.081065    0.000208    0.540977 ^ dsa[29]._8_/CLK (sky130_fd_sc_hd__dfrtp_1)
                                  0.000000    0.540977   clock reconvergence pessimism
                                 -0.073768    0.467209   library hold time
                                              0.467209   data required time
---------------------------------------------------------------------------------------------
                                              0.467209   data required time
                                             -1.474493   data arrival time
---------------------------------------------------------------------------------------------
                                              1.007285   slack (MET)


Startpoint: dsa[8]._9_ (rising edge-triggered flip-flop clocked by core_clock)
Endpoint: dsa[9]._8_ (rising edge-triggered flip-flop clocked by core_clock)
Path Group: core_clock
Path Type: min

Fanout         Cap        Slew       Delay        Time   Description
---------------------------------------------------------------------------------------------
                                  0.000000    0.000000   clock core_clock (rise edge)
                                  0.000000    0.000000   clock source latency
     1    0.014006    0.000000    0.000000    0.000000 ^ clk (in)
                                                         clk (net)
                      0.000547    0.000274    0.000274 ^ clkbuf_0_clk/A (sky130_fd_sc_hd__clkbuf_16)
     8    0.081141    0.149432    0.263842    0.264115 ^ clkbuf_0_clk/X (sky130_fd_sc_hd__clkbuf_16)
                                                         clknet_0_clk (net)
                      0.149605    0.003059    0.267174 ^ clkbuf_3_4__f_clk/A (sky130_fd_sc_hd__clkbuf_16)
     9    0.021963    0.069872    0.260919    0.528094 ^ clkbuf_3_4__f_clk/X (sky130_fd_sc_hd__clkbuf_16)
                                                         clknet_3_4__leaf_clk (net)
                      0.069895    0.000238    0.528332 ^ dsa[8]._9_/CLK (sky130_fd_sc_hd__dfrtp_1)
     2    0.009181    0.155349    0.707616    1.235947 ^ dsa[8]._9_/Q (sky130_fd_sc_hd__dfrtp_1)
                                                         dsa[8].y_out (net)
                      0.155349    0.000117    1.236065 ^ dsa[9]._7_/A1 (sky130_fd_sc_hd__a21bo_1)
     1    0.002708    0.059175    0.230393    1.466458 ^ dsa[9]._7_/X (sky130_fd_sc_hd__a21bo_1)
                                                         dsa[9].last_carry_next (net)
                      0.059175    0.000022    1.466480 ^ dsa[9]._8_/D (sky130_fd_sc_hd__dfrtp_1)
                                              1.466480   data arrival time

                                  0.000000    0.000000   clock core_clock (rise edge)
                                  0.000000    0.000000   clock source latency
     1    0.014006    0.000000    0.000000    0.000000 ^ clk (in)
                                                         clk (net)
                      0.000547    0.000274    0.000274 ^ clkbuf_0_clk/A (sky130_fd_sc_hd__clkbuf_16)
     8    0.081141    0.149432    0.263842    0.264115 ^ clkbuf_0_clk/X (sky130_fd_sc_hd__clkbuf_16)
                                                         clknet_0_clk (net)
                      0.149455    0.001954    0.266069 ^ clkbuf_3_6__f_clk/A (sky130_fd_sc_hd__clkbuf_16)
     8    0.025818    0.074785    0.266332    0.532401 ^ clkbuf_3_6__f_clk/X (sky130_fd_sc_hd__clkbuf_16)
                                                         clknet_3_6__leaf_clk (net)
                      0.074785    0.000263    0.532664 ^ dsa[9]._8_/CLK (sky130_fd_sc_hd__dfrtp_1)
                                  0.000000    0.532664   clock reconvergence pessimism
                                 -0.073684    0.458980   library hold time
                                              0.458980   data required time
---------------------------------------------------------------------------------------------
                                              0.458980   data required time
                                             -1.466480   data arrival time
---------------------------------------------------------------------------------------------
                                              1.007499   slack (MET)


Startpoint: dsa[27]._9_ (rising edge-triggered flip-flop clocked by core_clock)
Endpoint: dsa[28]._8_ (rising edge-triggered flip-flop clocked by core_clock)
Path Group: core_clock
Path Type: min

Fanout         Cap        Slew       Delay        Time   Description
---------------------------------------------------------------------------------------------
                                  0.000000    0.000000   clock core_clock (rise edge)
                                  0.000000    0.000000   clock source latency
     1    0.014006    0.000000    0.000000    0.000000 ^ clk (in)
                                                         clk (net)
                      0.000547    0.000274    0.000274 ^ clkbuf_0_clk/A (sky130_fd_sc_hd__clkbuf_16)
     8    0.081141    0.149432    0.263842    0.264115 ^ clkbuf_0_clk/X (sky130_fd_sc_hd__clkbuf_16)
                                                         clknet_0_clk (net)
                      0.149439    0.001325    0.265441 ^ clkbuf_3_2__f_clk/A (sky130_fd_sc_hd__clkbuf_16)
    10    0.029386    0.079527    0.271344    0.536785 ^ clkbuf_3_2__f_clk/X (sky130_fd_sc_hd__clkbuf_16)
                                                         clknet_3_2__leaf_clk (net)
                      0.079527    0.000156    0.536941 ^ dsa[27]._9_/CLK (sky130_fd_sc_hd__dfrtp_1)
     2    0.008977    0.152738    0.709928    1.246869 ^ dsa[27]._9_/Q (sky130_fd_sc_hd__dfrtp_1)
                                                         dsa[27].y_out (net)
                      0.152738    0.000123    1.246992 ^ dsa[28]._7_/A1 (sky130_fd_sc_hd__a21bo_1)
     1    0.002429    0.056260    0.226287    1.473279 ^ dsa[28]._7_/X (sky130_fd_sc_hd__a21bo_1)
                                                         dsa[28].last_carry_next (net)
                      0.056260    0.000024    1.473304 ^ dsa[28]._8_/D (sky130_fd_sc_hd__dfrtp_1)
                                              1.473304   data arrival time

                                  0.000000    0.000000   clock core_clock (rise edge)
                                  0.000000    0.000000   clock source latency
     1    0.014006    0.000000    0.000000    0.000000 ^ clk (in)
                                                         clk (net)
                      0.000547    0.000274    0.000274 ^ clkbuf_0_clk/A (sky130_fd_sc_hd__clkbuf_16)
     8    0.081141    0.149432    0.263842    0.264115 ^ clkbuf_0_clk/X (sky130_fd_sc_hd__clkbuf_16)
                                                         clknet_0_clk (net)
                      0.149439    0.001325    0.265441 ^ clkbuf_3_2__f_clk/A (sky130_fd_sc_hd__clkbuf_16)
    10    0.029386    0.079527    0.271344    0.536785 ^ clkbuf_3_2__f_clk/X (sky130_fd_sc_hd__clkbuf_16)
                                                         clknet_3_2__leaf_clk (net)
                      0.079528    0.000392    0.537177 ^ dsa[28]._8_/CLK (sky130_fd_sc_hd__dfrtp_1)
                                  0.000000    0.537177   clock reconvergence pessimism
                                 -0.072241    0.464936   library hold time
                                              0.464936   data required time
---------------------------------------------------------------------------------------------
                                              0.464936   data required time
                                             -1.473304   data arrival time
---------------------------------------------------------------------------------------------
                                              1.008367   slack (MET)


Startpoint: dsa[26]._9_ (rising edge-triggered flip-flop clocked by core_clock)
Endpoint: dsa[27]._8_ (rising edge-triggered flip-flop clocked by core_clock)
Path Group: core_clock
Path Type: min

Fanout         Cap        Slew       Delay        Time   Description
---------------------------------------------------------------------------------------------
                                  0.000000    0.000000   clock core_clock (rise edge)
                                  0.000000    0.000000   clock source latency
     1    0.014006    0.000000    0.000000    0.000000 ^ clk (in)
                                                         clk (net)
                      0.000547    0.000274    0.000274 ^ clkbuf_0_clk/A (sky130_fd_sc_hd__clkbuf_16)
     8    0.081141    0.149432    0.263842    0.264115 ^ clkbuf_0_clk/X (sky130_fd_sc_hd__clkbuf_16)
                                                         clknet_0_clk (net)
                      0.149439    0.001325    0.265441 ^ clkbuf_3_2__f_clk/A (sky130_fd_sc_hd__clkbuf_16)
    10    0.029386    0.079527    0.271344    0.536785 ^ clkbuf_3_2__f_clk/X (sky130_fd_sc_hd__clkbuf_16)
                                                         clknet_3_2__leaf_clk (net)
                      0.079527    0.000354    0.537138 ^ dsa[26]._9_/CLK (sky130_fd_sc_hd__dfrtp_1)
     2    0.009376    0.157701    0.714130    1.251269 ^ dsa[26]._9_/Q (sky130_fd_sc_hd__dfrtp_1)
                                                         dsa[26].y_out (net)
                      0.157701    0.000144    1.251412 ^ dsa[27]._7_/A1 (sky130_fd_sc_hd__a21bo_1)
     1    0.002298    0.054893    0.226907    1.478320 ^ dsa[27]._7_/X (sky130_fd_sc_hd__a21bo_1)
                                                         dsa[27].last_carry_next (net)
                      0.054893    0.000021    1.478340 ^ dsa[27]._8_/D (sky130_fd_sc_hd__dfrtp_1)
                                              1.478340   data arrival time

                                  0.000000    0.000000   clock core_clock (rise edge)
                                  0.000000    0.000000   clock source latency
     1    0.014006    0.000000    0.000000    0.000000 ^ clk (in)
                                                         clk (net)
                      0.000547    0.000274    0.000274 ^ clkbuf_0_clk/A (sky130_fd_sc_hd__clkbuf_16)
     8    0.081141    0.149432    0.263842    0.264115 ^ clkbuf_0_clk/X (sky130_fd_sc_hd__clkbuf_16)
                                                         clknet_0_clk (net)
                      0.149439    0.001325    0.265441 ^ clkbuf_3_2__f_clk/A (sky130_fd_sc_hd__clkbuf_16)
    10    0.029386    0.079527    0.271344    0.536785 ^ clkbuf_3_2__f_clk/X (sky130_fd_sc_hd__clkbuf_16)
                                                         clknet_3_2__leaf_clk (net)
                      0.079527    0.000370    0.537154 ^ dsa[27]._8_/CLK (sky130_fd_sc_hd__dfrtp_1)
                                  0.000000    0.537154   clock reconvergence pessimism
                                 -0.071929    0.465225   library hold time
                                              0.465225   data required time
---------------------------------------------------------------------------------------------
                                              0.465225   data required time
                                             -1.478340   data arrival time
---------------------------------------------------------------------------------------------
                                              1.013115   slack (MET)


Startpoint: dsa[24]._9_ (rising edge-triggered flip-flop clocked by core_clock)
Endpoint: dsa[25]._8_ (rising edge-triggered flip-flop clocked by core_clock)
Path Group: core_clock
Path Type: min

Fanout         Cap        Slew       Delay        Time   Description
---------------------------------------------------------------------------------------------
                                  0.000000    0.000000   clock core_clock (rise edge)
                                  0.000000    0.000000   clock source latency
     1    0.014006    0.000000    0.000000    0.000000 ^ clk (in)
                                                         clk (net)
                      0.000547    0.000274    0.000274 ^ clkbuf_0_clk/A (sky130_fd_sc_hd__clkbuf_16)
     8    0.081141    0.149432    0.263842    0.264115 ^ clkbuf_0_clk/X (sky130_fd_sc_hd__clkbuf_16)
                                                         clknet_0_clk (net)
                      0.149437    0.001226    0.265341 ^ clkbuf_3_3__f_clk/A (sky130_fd_sc_hd__clkbuf_16)
     9    0.025819    0.074788    0.266297    0.531638 ^ clkbuf_3_3__f_clk/X (sky130_fd_sc_hd__clkbuf_16)
                                                         clknet_3_3__leaf_clk (net)
                      0.074789    0.000325    0.531963 ^ dsa[24]._9_/CLK (sky130_fd_sc_hd__dfrtp_1)
     2    0.009678    0.161496    0.715129    1.247092 ^ dsa[24]._9_/Q (sky130_fd_sc_hd__dfrtp_1)
                                                         dsa[24].y_out (net)
                      0.161496    0.000137    1.247229 ^ dsa[25]._7_/A1 (sky130_fd_sc_hd__a21bo_1)
     1    0.002520    0.057206    0.230879    1.478108 ^ dsa[25]._7_/X (sky130_fd_sc_hd__a21bo_1)
                                                         dsa[25].last_carry_next (net)
                      0.057206    0.000025    1.478133 ^ dsa[25]._8_/D (sky130_fd_sc_hd__dfrtp_1)
                                              1.478133   data arrival time

                                  0.000000    0.000000   clock core_clock (rise edge)
                                  0.000000    0.000000   clock source latency
     1    0.014006    0.000000    0.000000    0.000000 ^ clk (in)
                                                         clk (net)
                      0.000547    0.000274    0.000274 ^ clkbuf_0_clk/A (sky130_fd_sc_hd__clkbuf_16)
     8    0.081141    0.149432    0.263842    0.264115 ^ clkbuf_0_clk/X (sky130_fd_sc_hd__clkbuf_16)
                                                         clknet_0_clk (net)
                      0.149439    0.001325    0.265441 ^ clkbuf_3_2__f_clk/A (sky130_fd_sc_hd__clkbuf_16)
    10    0.029386    0.079527    0.271344    0.536785 ^ clkbuf_3_2__f_clk/X (sky130_fd_sc_hd__clkbuf_16)
                                                         clknet_3_2__leaf_clk (net)
                      0.079528    0.000410    0.537194 ^ dsa[25]._8_/CLK (sky130_fd_sc_hd__dfrtp_1)
                                  0.000000    0.537194   clock reconvergence pessimism
                                 -0.072457    0.464738   library hold time
                                              0.464738   data required time
---------------------------------------------------------------------------------------------
                                              0.464738   data required time
                                             -1.478133   data arrival time
---------------------------------------------------------------------------------------------
                                              1.013395   slack (MET)


Startpoint: dsa[18]._9_ (rising edge-triggered flip-flop clocked by core_clock)
Endpoint: dsa[19]._8_ (rising edge-triggered flip-flop clocked by core_clock)
Path Group: core_clock
Path Type: min

Fanout         Cap        Slew       Delay        Time   Description
---------------------------------------------------------------------------------------------
                                  0.000000    0.000000   clock core_clock (rise edge)
                                  0.000000    0.000000   clock source latency
     1    0.014006    0.000000    0.000000    0.000000 ^ clk (in)
                                                         clk (net)
                      0.000547    0.000274    0.000274 ^ clkbuf_0_clk/A (sky130_fd_sc_hd__clkbuf_16)
     8    0.081141    0.149432    0.263842    0.264115 ^ clkbuf_0_clk/X (sky130_fd_sc_hd__clkbuf_16)
                                                         clknet_0_clk (net)
                      0.149605    0.003059    0.267174 ^ clkbuf_3_4__f_clk/A (sky130_fd_sc_hd__clkbuf_16)
     9    0.021963    0.069872    0.260919    0.528094 ^ clkbuf_3_4__f_clk/X (sky130_fd_sc_hd__clkbuf_16)
                                                         clknet_3_4__leaf_clk (net)
                      0.069895    0.000191    0.528284 ^ dsa[18]._9_/CLK (sky130_fd_sc_hd__dfrtp_1)
     2    0.010069    0.166429    0.716966    1.245250 ^ dsa[18]._9_/Q (sky130_fd_sc_hd__dfrtp_1)
                                                         dsa[18].y_out (net)
                      0.166429    0.000132    1.245382 ^ dsa[19]._7_/A1 (sky130_fd_sc_hd__a21bo_1)
     1    0.002854    0.060732    0.236540    1.481922 ^ dsa[19]._7_/X (sky130_fd_sc_hd__a21bo_1)
                                                         dsa[19].last_carry_next (net)
                      0.060732    0.000024    1.481947 ^ dsa[19]._8_/D (sky130_fd_sc_hd__dfrtp_1)
                                              1.481947   data arrival time

                                  0.000000    0.000000   clock core_clock (rise edge)
                                  0.000000    0.000000   clock source latency
     1    0.014006    0.000000    0.000000    0.000000 ^ clk (in)
                                                         clk (net)
                      0.000547    0.000274    0.000274 ^ clkbuf_0_clk/A (sky130_fd_sc_hd__clkbuf_16)
     8    0.081141    0.149432    0.263842    0.264115 ^ clkbuf_0_clk/X (sky130_fd_sc_hd__clkbuf_16)
                                                         clknet_0_clk (net)
                      0.149646    0.003631    0.267746 ^ clkbuf_3_0__f_clk/A (sky130_fd_sc_hd__clkbuf_16)
    10    0.030493    0.081065    0.273023    0.540769 ^ clkbuf_3_0__f_clk/X (sky130_fd_sc_hd__clkbuf_16)
                                                         clknet_3_0__leaf_clk (net)
                      0.081066    0.000377    0.541146 ^ dsa[19]._8_/CLK (sky130_fd_sc_hd__dfrtp_1)
                                  0.000000    0.541146   clock reconvergence pessimism
                                 -0.073009    0.468136   library hold time
                                              0.468136   data required time
---------------------------------------------------------------------------------------------
                                              0.468136   data required time
                                             -1.481947   data arrival time
---------------------------------------------------------------------------------------------
                                              1.013810   slack (MET)


Startpoint: dsa[20]._9_ (rising edge-triggered flip-flop clocked by core_clock)
Endpoint: dsa[21]._8_ (rising edge-triggered flip-flop clocked by core_clock)
Path Group: core_clock
Path Type: min

Fanout         Cap        Slew       Delay        Time   Description
---------------------------------------------------------------------------------------------
                                  0.000000    0.000000   clock core_clock (rise edge)
                                  0.000000    0.000000   clock source latency
     1    0.014006    0.000000    0.000000    0.000000 ^ clk (in)
                                                         clk (net)
                      0.000547    0.000274    0.000274 ^ clkbuf_0_clk/A (sky130_fd_sc_hd__clkbuf_16)
     8    0.081141    0.149432    0.263842    0.264115 ^ clkbuf_0_clk/X (sky130_fd_sc_hd__clkbuf_16)
                                                         clknet_0_clk (net)
                      0.149646    0.003631    0.267746 ^ clkbuf_3_0__f_clk/A (sky130_fd_sc_hd__clkbuf_16)
    10    0.030493    0.081065    0.273023    0.540769 ^ clkbuf_3_0__f_clk/X (sky130_fd_sc_hd__clkbuf_16)
                                                         clknet_3_0__leaf_clk (net)
                      0.081065    0.000153    0.540922 ^ dsa[20]._9_/CLK (sky130_fd_sc_hd__dfrtp_1)
     2    0.009269    0.156384    0.713702    1.254624 ^ dsa[20]._9_/Q (sky130_fd_sc_hd__dfrtp_1)
                                                         dsa[20].y_out (net)
                      0.156384    0.000142    1.254766 ^ dsa[21]._7_/A1 (sky130_fd_sc_hd__a21bo_1)
     1    0.002719    0.059298    0.230944    1.485710 ^ dsa[21]._7_/X (sky130_fd_sc_hd__a21bo_1)
                                                         dsa[21].last_carry_next (net)
                      0.059298    0.000022    1.485732 ^ dsa[21]._8_/D (sky130_fd_sc_hd__dfrtp_1)
                                              1.485732   data arrival time

                                  0.000000    0.000000   clock core_clock (rise edge)
                                  0.000000    0.000000   clock source latency
     1    0.014006    0.000000    0.000000    0.000000 ^ clk (in)
                                                         clk (net)
                      0.000547    0.000274    0.000274 ^ clkbuf_0_clk/A (sky130_fd_sc_hd__clkbuf_16)
     8    0.081141    0.149432    0.263842    0.264115 ^ clkbuf_0_clk/X (sky130_fd_sc_hd__clkbuf_16)
                                                         clknet_0_clk (net)
                      0.149646    0.003631    0.267746 ^ clkbuf_3_0__f_clk/A (sky130_fd_sc_hd__clkbuf_16)
    10    0.030493    0.081065    0.273023    0.540769 ^ clkbuf_3_0__f_clk/X (sky130_fd_sc_hd__clkbuf_16)
                                                         clknet_3_0__leaf_clk (net)
                      0.081065    0.000174    0.540942 ^ dsa[21]._8_/CLK (sky130_fd_sc_hd__dfrtp_1)
                                  0.000000    0.540942   clock reconvergence pessimism
                                 -0.072682    0.468260   library hold time
                                              0.468260   data required time
---------------------------------------------------------------------------------------------
                                              0.468260   data required time
                                             -1.485732   data arrival time
---------------------------------------------------------------------------------------------
                                              1.017472   slack (MET)


Startpoint: dsa[12]._9_ (rising edge-triggered flip-flop clocked by core_clock)
Endpoint: dsa[13]._8_ (rising edge-triggered flip-flop clocked by core_clock)
Path Group: core_clock
Path Type: min

Fanout         Cap        Slew       Delay        Time   Description
---------------------------------------------------------------------------------------------
                                  0.000000    0.000000   clock core_clock (rise edge)
                                  0.000000    0.000000   clock source latency
     1    0.014006    0.000000    0.000000    0.000000 ^ clk (in)
                                                         clk (net)
                      0.000547    0.000274    0.000274 ^ clkbuf_0_clk/A (sky130_fd_sc_hd__clkbuf_16)
     8    0.081141    0.149432    0.263842    0.264115 ^ clkbuf_0_clk/X (sky130_fd_sc_hd__clkbuf_16)
                                                         clknet_0_clk (net)
                      0.149457    0.002038    0.266154 ^ clkbuf_3_7__f_clk/A (sky130_fd_sc_hd__clkbuf_16)
    10    0.027845    0.077460    0.269165    0.535318 ^ clkbuf_3_7__f_clk/X (sky130_fd_sc_hd__clkbuf_16)
                                                         clknet_3_7__leaf_clk (net)
                      0.077461    0.000401    0.535719 ^ dsa[12]._9_/CLK (sky130_fd_sc_hd__dfrtp_1)
     2    0.009271    0.156406    0.712068    1.247787 ^ dsa[12]._9_/Q (sky130_fd_sc_hd__dfrtp_1)
                                                         dsa[12].y_out (net)
                      0.156406    0.000131    1.247917 ^ dsa[13]._7_/A1 (sky130_fd_sc_hd__a21bo_1)
     1    0.002511    0.057110    0.228683    1.476601 ^ dsa[13]._7_/X (sky130_fd_sc_hd__a21bo_1)
                                                         dsa[13].last_carry_next (net)
                      0.057110    0.000025    1.476625 ^ dsa[13]._8_/D (sky130_fd_sc_hd__dfrtp_1)
                                              1.476625   data arrival time

                                  0.000000    0.000000   clock core_clock (rise edge)
                                  0.000000    0.000000   clock source latency
     1    0.014006    0.000000    0.000000    0.000000 ^ clk (in)
                                                         clk (net)
                      0.000547    0.000274    0.000274 ^ clkbuf_0_clk/A (sky130_fd_sc_hd__clkbuf_16)
     8    0.081141    0.149432    0.263842    0.264115 ^ clkbuf_0_clk/X (sky130_fd_sc_hd__clkbuf_16)
                                                         clknet_0_clk (net)
                      0.149437    0.001226    0.265341 ^ clkbuf_3_3__f_clk/A (sky130_fd_sc_hd__clkbuf_16)
     9    0.025819    0.074788    0.266297    0.531638 ^ clkbuf_3_3__f_clk/X (sky130_fd_sc_hd__clkbuf_16)
                                                         clknet_3_3__leaf_clk (net)
                      0.074789    0.000324    0.531961 ^ dsa[13]._8_/CLK (sky130_fd_sc_hd__dfrtp_1)
                                  0.000000    0.531961   clock reconvergence pessimism
                                 -0.073212    0.458749   library hold time
                                              0.458749   data required time
---------------------------------------------------------------------------------------------
                                              0.458749   data required time
                                             -1.476625   data arrival time
---------------------------------------------------------------------------------------------
                                              1.017876   slack (MET)


Startpoint: dsa[1]._9_ (rising edge-triggered flip-flop clocked by core_clock)
Endpoint: dsa[2]._8_ (rising edge-triggered flip-flop clocked by core_clock)
Path Group: core_clock
Path Type: min

Fanout         Cap        Slew       Delay        Time   Description
---------------------------------------------------------------------------------------------
                                  0.000000    0.000000   clock core_clock (rise edge)
                                  0.000000    0.000000   clock source latency
     1    0.014006    0.000000    0.000000    0.000000 ^ clk (in)
                                                         clk (net)
                      0.000547    0.000274    0.000274 ^ clkbuf_0_clk/A (sky130_fd_sc_hd__clkbuf_16)
     8    0.081141    0.149432    0.263842    0.264115 ^ clkbuf_0_clk/X (sky130_fd_sc_hd__clkbuf_16)
                                                         clknet_0_clk (net)
                      0.149457    0.002038    0.266154 ^ clkbuf_3_7__f_clk/A (sky130_fd_sc_hd__clkbuf_16)
    10    0.027845    0.077460    0.269165    0.535318 ^ clkbuf_3_7__f_clk/X (sky130_fd_sc_hd__clkbuf_16)
                                                         clknet_3_7__leaf_clk (net)
                      0.077460    0.000300    0.535618 ^ dsa[1]._9_/CLK (sky130_fd_sc_hd__dfrtp_1)
     2    0.009260    0.156276    0.711946    1.247565 ^ dsa[1]._9_/Q (sky130_fd_sc_hd__dfrtp_1)
                                                         dsa[1].y_out (net)
                      0.156276    0.000142    1.247707 ^ dsa[2]._7_/A1 (sky130_fd_sc_hd__a21bo_1)
     1    0.002685    0.058933    0.230523    1.478230 ^ dsa[2]._7_/X (sky130_fd_sc_hd__a21bo_1)
                                                         dsa[2].last_carry_next (net)
                      0.058933    0.000030    1.478260 ^ dsa[2]._8_/D (sky130_fd_sc_hd__dfrtp_1)
                                              1.478260   data arrival time

                                  0.000000    0.000000   clock core_clock (rise edge)
                                  0.000000    0.000000   clock source latency
     1    0.014006    0.000000    0.000000    0.000000 ^ clk (in)
                                                         clk (net)
                      0.000547    0.000274    0.000274 ^ clkbuf_0_clk/A (sky130_fd_sc_hd__clkbuf_16)
     8    0.081141    0.149432    0.263842    0.264115 ^ clkbuf_0_clk/X (sky130_fd_sc_hd__clkbuf_16)
                                                         clknet_0_clk (net)
                      0.149455    0.001954    0.266069 ^ clkbuf_3_6__f_clk/A (sky130_fd_sc_hd__clkbuf_16)
     8    0.025818    0.074785    0.266332    0.532401 ^ clkbuf_3_6__f_clk/X (sky130_fd_sc_hd__clkbuf_16)
                                                         clknet_3_6__leaf_clk (net)
                      0.074785    0.000262    0.532663 ^ dsa[2]._8_/CLK (sky130_fd_sc_hd__dfrtp_1)
                                  0.000000    0.532663   clock reconvergence pessimism
                                 -0.073629    0.459034   library hold time
                                              0.459034   data required time
---------------------------------------------------------------------------------------------
                                              0.459034   data required time
                                             -1.478260   data arrival time
---------------------------------------------------------------------------------------------
                                              1.019227   slack (MET)


Startpoint: dsa[9]._9_ (rising edge-triggered flip-flop clocked by core_clock)
Endpoint: dsa[10]._8_ (rising edge-triggered flip-flop clocked by core_clock)
Path Group: core_clock
Path Type: min

Fanout         Cap        Slew       Delay        Time   Description
---------------------------------------------------------------------------------------------
                                  0.000000    0.000000   clock core_clock (rise edge)
                                  0.000000    0.000000   clock source latency
     1    0.014006    0.000000    0.000000    0.000000 ^ clk (in)
                                                         clk (net)
                      0.000547    0.000274    0.000274 ^ clkbuf_0_clk/A (sky130_fd_sc_hd__clkbuf_16)
     8    0.081141    0.149432    0.263842    0.264115 ^ clkbuf_0_clk/X (sky130_fd_sc_hd__clkbuf_16)
                                                         clknet_0_clk (net)
                      0.149457    0.002038    0.266154 ^ clkbuf_3_7__f_clk/A (sky130_fd_sc_hd__clkbuf_16)
    10    0.027845    0.077460    0.269165    0.535318 ^ clkbuf_3_7__f_clk/X (sky130_fd_sc_hd__clkbuf_16)
                                                         clknet_3_7__leaf_clk (net)
                      0.077460    0.000228    0.535546 ^ dsa[9]._9_/CLK (sky130_fd_sc_hd__dfrtp_1)
     2    0.009048    0.153634    0.709724    1.245270 ^ dsa[9]._9_/Q (sky130_fd_sc_hd__dfrtp_1)
                                                         dsa[10].y_in (net)
                      0.153634    0.000103    1.245373 ^ dsa[10]._7_/A1 (sky130_fd_sc_hd__a21bo_1)
     1    0.002944    0.061705    0.232252    1.477625 ^ dsa[10]._7_/X (sky130_fd_sc_hd__a21bo_1)
                                                         dsa[10].last_carry_next (net)
                      0.061705    0.000032    1.477657 ^ dsa[10]._8_/D (sky130_fd_sc_hd__dfrtp_1)
                                              1.477657   data arrival time

                                  0.000000    0.000000   clock core_clock (rise edge)
                                  0.000000    0.000000   clock source latency
     1    0.014006    0.000000    0.000000    0.000000 ^ clk (in)
                                                         clk (net)
                      0.000547    0.000274    0.000274 ^ clkbuf_0_clk/A (sky130_fd_sc_hd__clkbuf_16)
     8    0.081141    0.149432    0.263842    0.264115 ^ clkbuf_0_clk/X (sky130_fd_sc_hd__clkbuf_16)
                                                         clknet_0_clk (net)
                      0.149455    0.001954    0.266069 ^ clkbuf_3_6__f_clk/A (sky130_fd_sc_hd__clkbuf_16)
     8    0.025818    0.074785    0.266332    0.532401 ^ clkbuf_3_6__f_clk/X (sky130_fd_sc_hd__clkbuf_16)
                                                         clknet_3_6__leaf_clk (net)
                      0.074785    0.000252    0.532653 ^ dsa[10]._8_/CLK (sky130_fd_sc_hd__dfrtp_1)
                                  0.000000    0.532653   clock reconvergence pessimism
                                 -0.074261    0.458392   library hold time
                                              0.458392   data required time
---------------------------------------------------------------------------------------------
                                              0.458392   data required time
                                             -1.477657   data arrival time
---------------------------------------------------------------------------------------------
                                              1.019265   slack (MET)


Startpoint: dsa[19]._9_ (rising edge-triggered flip-flop clocked by core_clock)
Endpoint: dsa[20]._8_ (rising edge-triggered flip-flop clocked by core_clock)
Path Group: core_clock
Path Type: min

Fanout         Cap        Slew       Delay        Time   Description
---------------------------------------------------------------------------------------------
                                  0.000000    0.000000   clock core_clock (rise edge)
                                  0.000000    0.000000   clock source latency
     1    0.014006    0.000000    0.000000    0.000000 ^ clk (in)
                                                         clk (net)
                      0.000547    0.000274    0.000274 ^ clkbuf_0_clk/A (sky130_fd_sc_hd__clkbuf_16)
     8    0.081141    0.149432    0.263842    0.264115 ^ clkbuf_0_clk/X (sky130_fd_sc_hd__clkbuf_16)
                                                         clknet_0_clk (net)
                      0.149646    0.003631    0.267746 ^ clkbuf_3_0__f_clk/A (sky130_fd_sc_hd__clkbuf_16)
    10    0.030493    0.081065    0.273023    0.540769 ^ clkbuf_3_0__f_clk/X (sky130_fd_sc_hd__clkbuf_16)
                                                         clknet_3_0__leaf_clk (net)
                      0.081066    0.000375    0.541144 ^ dsa[19]._9_/CLK (sky130_fd_sc_hd__dfrtp_1)
     2    0.008640    0.148573    0.707090    1.248234 ^ dsa[19]._9_/Q (sky130_fd_sc_hd__dfrtp_1)
                                                         dsa[19].y_out (net)
                      0.148573    0.000106    1.248340 ^ dsa[20]._7_/A1 (sky130_fd_sc_hd__a21bo_1)
     1    0.002875    0.060962    0.229417    1.477757 ^ dsa[20]._7_/X (sky130_fd_sc_hd__a21bo_1)
                                                         dsa[20].last_carry_next (net)
                      0.060962    0.000033    1.477789 ^ dsa[20]._8_/D (sky130_fd_sc_hd__dfrtp_1)
                                              1.477789   data arrival time

                                  0.000000    0.000000   clock core_clock (rise edge)
                                  0.000000    0.000000   clock source latency
     1    0.014006    0.000000    0.000000    0.000000 ^ clk (in)
                                                         clk (net)
                      0.000547    0.000274    0.000274 ^ clkbuf_0_clk/A (sky130_fd_sc_hd__clkbuf_16)
     8    0.081141    0.149432    0.263842    0.264115 ^ clkbuf_0_clk/X (sky130_fd_sc_hd__clkbuf_16)
                                                         clknet_0_clk (net)
                      0.149643    0.003591    0.267706 ^ clkbuf_3_1__f_clk/A (sky130_fd_sc_hd__clkbuf_16)
     7    0.023612    0.071959    0.263288    0.530994 ^ clkbuf_3_1__f_clk/X (sky130_fd_sc_hd__clkbuf_16)
                                                         clknet_3_1__leaf_clk (net)
                      0.071959    0.000162    0.531156 ^ dsa[20]._8_/CLK (sky130_fd_sc_hd__dfrtp_1)
                                  0.000000    0.531156   clock reconvergence pessimism
                                 -0.074555    0.456600   library hold time
                                              0.456600   data required time
---------------------------------------------------------------------------------------------
                                              0.456600   data required time
                                             -1.477789   data arrival time
---------------------------------------------------------------------------------------------
                                              1.021189   slack (MET)


Startpoint: dsa[5]._9_ (rising edge-triggered flip-flop clocked by core_clock)
Endpoint: dsa[6]._8_ (rising edge-triggered flip-flop clocked by core_clock)
Path Group: core_clock
Path Type: min

Fanout         Cap        Slew       Delay        Time   Description
---------------------------------------------------------------------------------------------
                                  0.000000    0.000000   clock core_clock (rise edge)
                                  0.000000    0.000000   clock source latency
     1    0.014006    0.000000    0.000000    0.000000 ^ clk (in)
                                                         clk (net)
                      0.000547    0.000274    0.000274 ^ clkbuf_0_clk/A (sky130_fd_sc_hd__clkbuf_16)
     8    0.081141    0.149432    0.263842    0.264115 ^ clkbuf_0_clk/X (sky130_fd_sc_hd__clkbuf_16)
                                                         clknet_0_clk (net)
                      0.149607    0.003091    0.267206 ^ clkbuf_3_5__f_clk/A (sky130_fd_sc_hd__clkbuf_16)
     8    0.027850    0.077464    0.269254    0.536461 ^ clkbuf_3_5__f_clk/X (sky130_fd_sc_hd__clkbuf_16)
                                                         clknet_3_5__leaf_clk (net)
                      0.077464    0.000295    0.536755 ^ dsa[5]._9_/CLK (sky130_fd_sc_hd__dfrtp_1)
     2    0.010168    0.167606    0.721517    1.258272 ^ dsa[5]._9_/Q (sky130_fd_sc_hd__dfrtp_1)
                                                         dsa[5].y_out (net)
                      0.167606    0.000178    1.258450 ^ dsa[6]._7_/A1 (sky130_fd_sc_hd__a21bo_1)
     1    0.002350    0.055429    0.231544    1.489994 ^ dsa[6]._7_/X (sky130_fd_sc_hd__a21bo_1)
                                                         dsa[6].last_carry_next (net)
                      0.055429    0.000023    1.490017 ^ dsa[6]._8_/D (sky130_fd_sc_hd__dfrtp_1)
                                              1.490017   data arrival time

                                  0.000000    0.000000   clock core_clock (rise edge)
                                  0.000000    0.000000   clock source latency
     1    0.014006    0.000000    0.000000    0.000000 ^ clk (in)
                                                         clk (net)
                      0.000547    0.000274    0.000274 ^ clkbuf_0_clk/A (sky130_fd_sc_hd__clkbuf_16)
     8    0.081141    0.149432    0.263842    0.264115 ^ clkbuf_0_clk/X (sky130_fd_sc_hd__clkbuf_16)
                                                         clknet_0_clk (net)
                      0.149607    0.003091    0.267206 ^ clkbuf_3_5__f_clk/A (sky130_fd_sc_hd__clkbuf_16)
     8    0.027850    0.077464    0.269254    0.536461 ^ clkbuf_3_5__f_clk/X (sky130_fd_sc_hd__clkbuf_16)
                                                         clknet_3_5__leaf_clk (net)
                      0.077464    0.000327    0.536788 ^ dsa[6]._8_/CLK (sky130_fd_sc_hd__dfrtp_1)
                                  0.000000    0.536788   clock reconvergence pessimism
                                 -0.072390    0.464398   library hold time
                                              0.464398   data required time
---------------------------------------------------------------------------------------------
                                              0.464398   data required time
                                             -1.490017   data arrival time
---------------------------------------------------------------------------------------------
                                              1.025619   slack (MET)


Startpoint: dsa[10]._9_ (rising edge-triggered flip-flop clocked by core_clock)
Endpoint: dsa[11]._8_ (rising edge-triggered flip-flop clocked by core_clock)
Path Group: core_clock
Path Type: min

Fanout         Cap        Slew       Delay        Time   Description
---------------------------------------------------------------------------------------------
                                  0.000000    0.000000   clock core_clock (rise edge)
                                  0.000000    0.000000   clock source latency
     1    0.014006    0.000000    0.000000    0.000000 ^ clk (in)
                                                         clk (net)
                      0.000547    0.000274    0.000274 ^ clkbuf_0_clk/A (sky130_fd_sc_hd__clkbuf_16)
     8    0.081141    0.149432    0.263842    0.264115 ^ clkbuf_0_clk/X (sky130_fd_sc_hd__clkbuf_16)
                                                         clknet_0_clk (net)
                      0.149455    0.001954    0.266069 ^ clkbuf_3_6__f_clk/A (sky130_fd_sc_hd__clkbuf_16)
     8    0.025818    0.074785    0.266332    0.532401 ^ clkbuf_3_6__f_clk/X (sky130_fd_sc_hd__clkbuf_16)
                                                         clknet_3_6__leaf_clk (net)
                      0.074785    0.000239    0.532640 ^ dsa[10]._9_/CLK (sky130_fd_sc_hd__dfrtp_1)
     2    0.009977    0.165230    0.718280    1.250921 ^ dsa[10]._9_/Q (sky130_fd_sc_hd__dfrtp_1)
                                                         dsa[10].y_out (net)
                      0.165230    0.000092    1.251013 ^ dsa[11]._7_/A1 (sky130_fd_sc_hd__a21bo_1)
     1    0.002650    0.058563    0.233826    1.484838 ^ dsa[11]._7_/X (sky130_fd_sc_hd__a21bo_1)
                                                         dsa[11].last_carry_next (net)
                      0.058563    0.000029    1.484868 ^ dsa[11]._8_/D (sky130_fd_sc_hd__dfrtp_1)
                                              1.484868   data arrival time

                                  0.000000    0.000000   clock core_clock (rise edge)
                                  0.000000    0.000000   clock source latency
     1    0.014006    0.000000    0.000000    0.000000 ^ clk (in)
                                                         clk (net)
                      0.000547    0.000274    0.000274 ^ clkbuf_0_clk/A (sky130_fd_sc_hd__clkbuf_16)
     8    0.081141    0.149432    0.263842    0.264115 ^ clkbuf_0_clk/X (sky130_fd_sc_hd__clkbuf_16)
                                                         clknet_0_clk (net)
                      0.149455    0.001954    0.266069 ^ clkbuf_3_6__f_clk/A (sky130_fd_sc_hd__clkbuf_16)
     8    0.025818    0.074785    0.266332    0.532401 ^ clkbuf_3_6__f_clk/X (sky130_fd_sc_hd__clkbuf_16)
                                                         clknet_3_6__leaf_clk (net)
                      0.074785    0.000183    0.532584 ^ dsa[11]._8_/CLK (sky130_fd_sc_hd__dfrtp_1)
                                  0.000000    0.532584   clock reconvergence pessimism
                                 -0.073544    0.459039   library hold time
                                              0.459039   data required time
---------------------------------------------------------------------------------------------
                                              0.459039   data required time
                                             -1.484868   data arrival time
---------------------------------------------------------------------------------------------
                                              1.025829   slack (MET)


Startpoint: dsa[6]._9_ (rising edge-triggered flip-flop clocked by core_clock)
Endpoint: dsa[7]._9_ (rising edge-triggered flip-flop clocked by core_clock)
Path Group: core_clock
Path Type: min

Fanout         Cap        Slew       Delay        Time   Description
---------------------------------------------------------------------------------------------
                                  0.000000    0.000000   clock core_clock (rise edge)
                                  0.000000    0.000000   clock source latency
     1    0.014006    0.000000    0.000000    0.000000 ^ clk (in)
                                                         clk (net)
                      0.000547    0.000274    0.000274 ^ clkbuf_0_clk/A (sky130_fd_sc_hd__clkbuf_16)
     8    0.081141    0.149432    0.263842    0.264115 ^ clkbuf_0_clk/X (sky130_fd_sc_hd__clkbuf_16)
                                                         clknet_0_clk (net)
                      0.149607    0.003091    0.267206 ^ clkbuf_3_5__f_clk/A (sky130_fd_sc_hd__clkbuf_16)
     8    0.027850    0.077464    0.269254    0.536461 ^ clkbuf_3_5__f_clk/X (sky130_fd_sc_hd__clkbuf_16)
                                                         clknet_3_5__leaf_clk (net)
                      0.077464    0.000317    0.536778 ^ dsa[6]._9_/CLK (sky130_fd_sc_hd__dfrtp_1)
     2    0.012040    0.191187    0.741173    1.277952 ^ dsa[6]._9_/Q (sky130_fd_sc_hd__dfrtp_1)
                                                         dsa[6].y_out (net)
                      0.191187    0.000357    1.278309 ^ dsa[7]._6_/A (sky130_fd_sc_hd__xnor2_1)
     1    0.002703    0.070809    0.179677    1.457986 v dsa[7]._6_/Y (sky130_fd_sc_hd__xnor2_1)
                                                         dsa[7].y_out_next (net)
                      0.070809    0.000031    1.458017 v dsa[7]._9_/D (sky130_fd_sc_hd__dfrtp_1)
                                              1.458017   data arrival time

                                  0.000000    0.000000   clock core_clock (rise edge)
                                  0.000000    0.000000   clock source latency
     1    0.014006    0.000000    0.000000    0.000000 ^ clk (in)
                                                         clk (net)
                      0.000547    0.000274    0.000274 ^ clkbuf_0_clk/A (sky130_fd_sc_hd__clkbuf_16)
     8    0.081141    0.149432    0.263842    0.264115 ^ clkbuf_0_clk/X (sky130_fd_sc_hd__clkbuf_16)
                                                         clknet_0_clk (net)
                      0.149605    0.003059    0.267174 ^ clkbuf_3_4__f_clk/A (sky130_fd_sc_hd__clkbuf_16)
     9    0.021963    0.069872    0.260919    0.528094 ^ clkbuf_3_4__f_clk/X (sky130_fd_sc_hd__clkbuf_16)
                                                         clknet_3_4__leaf_clk (net)
                      0.069895    0.000155    0.528248 ^ dsa[7]._9_/CLK (sky130_fd_sc_hd__dfrtp_1)
                                  0.000000    0.528248   clock reconvergence pessimism
                                 -0.097559    0.430689   library hold time
                                              0.430689   data required time
---------------------------------------------------------------------------------------------
                                              0.430689   data required time
                                             -1.458017   data arrival time
---------------------------------------------------------------------------------------------
                                              1.027327   slack (MET)


Startpoint: dsa[7]._9_ (rising edge-triggered flip-flop clocked by core_clock)
Endpoint: dsa[8]._8_ (rising edge-triggered flip-flop clocked by core_clock)
Path Group: core_clock
Path Type: min

Fanout         Cap        Slew       Delay        Time   Description
---------------------------------------------------------------------------------------------
                                  0.000000    0.000000   clock core_clock (rise edge)
                                  0.000000    0.000000   clock source latency
     1    0.014006    0.000000    0.000000    0.000000 ^ clk (in)
                                                         clk (net)
                      0.000547    0.000274    0.000274 ^ clkbuf_0_clk/A (sky130_fd_sc_hd__clkbuf_16)
     8    0.081141    0.149432    0.263842    0.264115 ^ clkbuf_0_clk/X (sky130_fd_sc_hd__clkbuf_16)
                                                         clknet_0_clk (net)
                      0.149605    0.003059    0.267174 ^ clkbuf_3_4__f_clk/A (sky130_fd_sc_hd__clkbuf_16)
     9    0.021963    0.069872    0.260919    0.528094 ^ clkbuf_3_4__f_clk/X (sky130_fd_sc_hd__clkbuf_16)
                                                         clknet_3_4__leaf_clk (net)
                      0.069895    0.000155    0.528248 ^ dsa[7]._9_/CLK (sky130_fd_sc_hd__dfrtp_1)
     2    0.009927    0.164649    0.715501    1.243750 ^ dsa[7]._9_/Q (sky130_fd_sc_hd__dfrtp_1)
                                                         dsa[7].y_out (net)
                      0.164649    0.000058    1.243808 ^ dsa[8]._7_/A1 (sky130_fd_sc_hd__a21bo_1)
     1    0.002991    0.062227    0.237297    1.481105 ^ dsa[8]._7_/X (sky130_fd_sc_hd__a21bo_1)
                                                         dsa[8].last_carry_next (net)
                      0.062227    0.000037    1.481142 ^ dsa[8]._8_/D (sky130_fd_sc_hd__dfrtp_1)
                                              1.481142   data arrival time

                                  0.000000    0.000000   clock core_clock (rise edge)
                                  0.000000    0.000000   clock source latency
     1    0.014006    0.000000    0.000000    0.000000 ^ clk (in)
                                                         clk (net)
                      0.000547    0.000274    0.000274 ^ clkbuf_0_clk/A (sky130_fd_sc_hd__clkbuf_16)
     8    0.081141    0.149432    0.263842    0.264115 ^ clkbuf_0_clk/X (sky130_fd_sc_hd__clkbuf_16)
                                                         clknet_0_clk (net)
                      0.149605    0.003059    0.267174 ^ clkbuf_3_4__f_clk/A (sky130_fd_sc_hd__clkbuf_16)
     9    0.021963    0.069872    0.260919    0.528094 ^ clkbuf_3_4__f_clk/X (sky130_fd_sc_hd__clkbuf_16)
                                                         clknet_3_4__leaf_clk (net)
                      0.069895    0.000157    0.528251 ^ dsa[8]._8_/CLK (sky130_fd_sc_hd__dfrtp_1)
                                  0.000000    0.528251   clock reconvergence pessimism
                                 -0.075183    0.453068   library hold time
                                              0.453068   data required time
---------------------------------------------------------------------------------------------
                                              0.453068   data required time
                                             -1.481142   data arrival time
---------------------------------------------------------------------------------------------
                                              1.028075   slack (MET)


Startpoint: dsa[11]._9_ (rising edge-triggered flip-flop clocked by core_clock)
Endpoint: dsa[12]._8_ (rising edge-triggered flip-flop clocked by core_clock)
Path Group: core_clock
Path Type: min

Fanout         Cap        Slew       Delay        Time   Description
---------------------------------------------------------------------------------------------
                                  0.000000    0.000000   clock core_clock (rise edge)
                                  0.000000    0.000000   clock source latency
     1    0.014006    0.000000    0.000000    0.000000 ^ clk (in)
                                                         clk (net)
                      0.000547    0.000274    0.000274 ^ clkbuf_0_clk/A (sky130_fd_sc_hd__clkbuf_16)
     8    0.081141    0.149432    0.263842    0.264115 ^ clkbuf_0_clk/X (sky130_fd_sc_hd__clkbuf_16)
                                                         clknet_0_clk (net)
                      0.149457    0.002038    0.266154 ^ clkbuf_3_7__f_clk/A (sky130_fd_sc_hd__clkbuf_16)
    10    0.027845    0.077460    0.269165    0.535318 ^ clkbuf_3_7__f_clk/X (sky130_fd_sc_hd__clkbuf_16)
                                                         clknet_3_7__leaf_clk (net)
                      0.077460    0.000298    0.535616 ^ dsa[11]._9_/CLK (sky130_fd_sc_hd__dfrtp_1)
     2    0.010376    0.170223    0.723699    1.259315 ^ dsa[11]._9_/Q (sky130_fd_sc_hd__dfrtp_1)
                                                         dsa[11].y_out (net)
                      0.170223    0.000196    1.259511 ^ dsa[12]._7_/A1 (sky130_fd_sc_hd__a21bo_1)
     1    0.002392    0.055871    0.233081    1.492592 ^ dsa[12]._7_/X (sky130_fd_sc_hd__a21bo_1)
                                                         dsa[12].last_carry_next (net)
                      0.055871    0.000024    1.492616 ^ dsa[12]._8_/D (sky130_fd_sc_hd__dfrtp_1)
                                              1.492616   data arrival time

                                  0.000000    0.000000   clock core_clock (rise edge)
                                  0.000000    0.000000   clock source latency
     1    0.014006    0.000000    0.000000    0.000000 ^ clk (in)
                                                         clk (net)
                      0.000547    0.000274    0.000274 ^ clkbuf_0_clk/A (sky130_fd_sc_hd__clkbuf_16)
     8    0.081141    0.149432    0.263842    0.264115 ^ clkbuf_0_clk/X (sky130_fd_sc_hd__clkbuf_16)
                                                         clknet_0_clk (net)
                      0.149455    0.001954    0.266069 ^ clkbuf_3_6__f_clk/A (sky130_fd_sc_hd__clkbuf_16)
     8    0.025818    0.074785    0.266332    0.532401 ^ clkbuf_3_6__f_clk/X (sky130_fd_sc_hd__clkbuf_16)
                                                         clknet_3_6__leaf_clk (net)
                      0.074785    0.000207    0.532608 ^ dsa[12]._8_/CLK (sky130_fd_sc_hd__dfrtp_1)
                                  0.000000    0.532608   clock reconvergence pessimism
                                 -0.072930    0.459678   library hold time
                                              0.459678   data required time
---------------------------------------------------------------------------------------------
                                              0.459678   data required time
                                             -1.492616   data arrival time
---------------------------------------------------------------------------------------------
                                              1.032938   slack (MET)


Startpoint: dsa[14]._9_ (rising edge-triggered flip-flop clocked by core_clock)
Endpoint: dsa[15]._8_ (rising edge-triggered flip-flop clocked by core_clock)
Path Group: core_clock
Path Type: min

Fanout         Cap        Slew       Delay        Time   Description
---------------------------------------------------------------------------------------------
                                  0.000000    0.000000   clock core_clock (rise edge)
                                  0.000000    0.000000   clock source latency
     1    0.014006    0.000000    0.000000    0.000000 ^ clk (in)
                                                         clk (net)
                      0.000547    0.000274    0.000274 ^ clkbuf_0_clk/A (sky130_fd_sc_hd__clkbuf_16)
     8    0.081141    0.149432    0.263842    0.264115 ^ clkbuf_0_clk/X (sky130_fd_sc_hd__clkbuf_16)
                                                         clknet_0_clk (net)
                      0.149455    0.001954    0.266069 ^ clkbuf_3_6__f_clk/A (sky130_fd_sc_hd__clkbuf_16)
     8    0.025818    0.074785    0.266332    0.532401 ^ clkbuf_3_6__f_clk/X (sky130_fd_sc_hd__clkbuf_16)
                                                         clknet_3_6__leaf_clk (net)
                      0.074785    0.000213    0.532614 ^ dsa[14]._9_/CLK (sky130_fd_sc_hd__dfrtp_1)
     2    0.010230    0.168420    0.720915    1.253529 ^ dsa[14]._9_/Q (sky130_fd_sc_hd__dfrtp_1)
                                                         dsa[14].y_out (net)
                      0.168420    0.000170    1.253699 ^ dsa[15]._7_/A1 (sky130_fd_sc_hd__a21bo_1)
     1    0.003352    0.066191    0.242776    1.496475 ^ dsa[15]._7_/X (sky130_fd_sc_hd__a21bo_1)
                                                         dsa[15].last_carry_next (net)
                      0.066191    0.000049    1.496524 ^ dsa[15]._8_/D (sky130_fd_sc_hd__dfrtp_1)
                                              1.496524   data arrival time

                                  0.000000    0.000000   clock core_clock (rise edge)
                                  0.000000    0.000000   clock source latency
     1    0.014006    0.000000    0.000000    0.000000 ^ clk (in)
                                                         clk (net)
                      0.000547    0.000274    0.000274 ^ clkbuf_0_clk/A (sky130_fd_sc_hd__clkbuf_16)
     8    0.081141    0.149432    0.263842    0.264115 ^ clkbuf_0_clk/X (sky130_fd_sc_hd__clkbuf_16)
                                                         clknet_0_clk (net)
                      0.149437    0.001226    0.265341 ^ clkbuf_3_3__f_clk/A (sky130_fd_sc_hd__clkbuf_16)
     9    0.025819    0.074788    0.266297    0.531638 ^ clkbuf_3_3__f_clk/X (sky130_fd_sc_hd__clkbuf_16)
                                                         clknet_3_3__leaf_clk (net)
                      0.074788    0.000193    0.531830 ^ dsa[15]._8_/CLK (sky130_fd_sc_hd__dfrtp_1)
                                  0.000000    0.531830   clock reconvergence pessimism
                                 -0.075285    0.456545   library hold time
                                              0.456545   data required time
---------------------------------------------------------------------------------------------
                                              0.456545   data required time
                                             -1.496524   data arrival time
---------------------------------------------------------------------------------------------
                                              1.039979   slack (MET)


Startpoint: dsa[6]._9_ (rising edge-triggered flip-flop clocked by core_clock)
Endpoint: dsa[7]._8_ (rising edge-triggered flip-flop clocked by core_clock)
Path Group: core_clock
Path Type: min

Fanout         Cap        Slew       Delay        Time   Description
---------------------------------------------------------------------------------------------
                                  0.000000    0.000000   clock core_clock (rise edge)
                                  0.000000    0.000000   clock source latency
     1    0.014006    0.000000    0.000000    0.000000 ^ clk (in)
                                                         clk (net)
                      0.000547    0.000274    0.000274 ^ clkbuf_0_clk/A (sky130_fd_sc_hd__clkbuf_16)
     8    0.081141    0.149432    0.263842    0.264115 ^ clkbuf_0_clk/X (sky130_fd_sc_hd__clkbuf_16)
                                                         clknet_0_clk (net)
                      0.149607    0.003091    0.267206 ^ clkbuf_3_5__f_clk/A (sky130_fd_sc_hd__clkbuf_16)
     8    0.027850    0.077464    0.269254    0.536461 ^ clkbuf_3_5__f_clk/X (sky130_fd_sc_hd__clkbuf_16)
                                                         clknet_3_5__leaf_clk (net)
                      0.077464    0.000317    0.536778 ^ dsa[6]._9_/CLK (sky130_fd_sc_hd__dfrtp_1)
     2    0.012040    0.191187    0.741173    1.277952 ^ dsa[6]._9_/Q (sky130_fd_sc_hd__dfrtp_1)
                                                         dsa[6].y_out (net)
                      0.191187    0.000335    1.278286 ^ dsa[7]._7_/A1 (sky130_fd_sc_hd__a21bo_1)
     1    0.002373    0.055672    0.241508    1.519794 ^ dsa[7]._7_/X (sky130_fd_sc_hd__a21bo_1)
                                                         dsa[7].last_carry_next (net)
                      0.055672    0.000022    1.519816 ^ dsa[7]._8_/D (sky130_fd_sc_hd__dfrtp_1)
                                              1.519816   data arrival time

                                  0.000000    0.000000   clock core_clock (rise edge)
                                  0.000000    0.000000   clock source latency
     1    0.014006    0.000000    0.000000    0.000000 ^ clk (in)
                                                         clk (net)
                      0.000547    0.000274    0.000274 ^ clkbuf_0_clk/A (sky130_fd_sc_hd__clkbuf_16)
     8    0.081141    0.149432    0.263842    0.264115 ^ clkbuf_0_clk/X (sky130_fd_sc_hd__clkbuf_16)
                                                         clknet_0_clk (net)
                      0.149605    0.003059    0.267174 ^ clkbuf_3_4__f_clk/A (sky130_fd_sc_hd__clkbuf_16)
     9    0.021963    0.069872    0.260919    0.528094 ^ clkbuf_3_4__f_clk/X (sky130_fd_sc_hd__clkbuf_16)
                                                         clknet_3_4__leaf_clk (net)
                      0.069895    0.000194    0.528287 ^ dsa[7]._8_/CLK (sky130_fd_sc_hd__dfrtp_1)
                                  0.000000    0.528287   clock reconvergence pessimism
                                 -0.073687    0.454601   library hold time
                                              0.454601   data required time
---------------------------------------------------------------------------------------------
                                              0.454601   data required time
                                             -1.519816   data arrival time
---------------------------------------------------------------------------------------------
                                              1.065215   slack (MET)


Startpoint: dsa[0]._8_ (rising edge-triggered flip-flop clocked by core_clock)
Endpoint: dsa[0]._9_ (rising edge-triggered flip-flop clocked by core_clock)
Path Group: core_clock
Path Type: min

Fanout         Cap        Slew       Delay        Time   Description
---------------------------------------------------------------------------------------------
                                  0.000000    0.000000   clock core_clock (rise edge)
                                  0.000000    0.000000   clock source latency
     1    0.014006    0.000000    0.000000    0.000000 ^ clk (in)
                                                         clk (net)
                      0.000547    0.000274    0.000274 ^ clkbuf_0_clk/A (sky130_fd_sc_hd__clkbuf_16)
     8    0.081141    0.149432    0.263842    0.264115 ^ clkbuf_0_clk/X (sky130_fd_sc_hd__clkbuf_16)
                                                         clknet_0_clk (net)
                      0.149457    0.002038    0.266154 ^ clkbuf_3_7__f_clk/A (sky130_fd_sc_hd__clkbuf_16)
    10    0.027845    0.077460    0.269165    0.535318 ^ clkbuf_3_7__f_clk/X (sky130_fd_sc_hd__clkbuf_16)
                                                         clknet_3_7__leaf_clk (net)
                      0.077461    0.000430    0.535749 ^ dsa[0]._8_/CLK (sky130_fd_sc_hd__dfrtp_1)
     2    0.005428    0.113731    0.671574    1.207323 ^ dsa[0]._8_/Q (sky130_fd_sc_hd__dfrtp_1)
                                                         dsa[0].last_carry (net)
                      0.113731    0.000024    1.207347 ^ dsa[0]._3_/A (sky130_fd_sc_hd__nand3_1)
     2    0.004893    0.172214    0.189792    1.397138 v dsa[0]._3_/Y (sky130_fd_sc_hd__nand3_1)
                                                         dsa[0]._0_ (net)
                      0.172214    0.000055    1.397193 v dsa[0]._5_/A (sky130_fd_sc_hd__nand2_1)
     1    0.005160    0.099684    0.160642    1.557835 ^ dsa[0]._5_/Y (sky130_fd_sc_hd__nand2_1)
                                                         dsa[0]._2_ (net)
                      0.099684    0.000058    1.557893 ^ dsa[0]._6_/B (sky130_fd_sc_hd__xnor2_1)
     1    0.002136    0.063016    0.119582    1.677475 v dsa[0]._6_/Y (sky130_fd_sc_hd__xnor2_1)
                                                         dsa[0].y_out_next (net)
                      0.063016    0.000018    1.677493 v dsa[0]._9_/D (sky130_fd_sc_hd__dfrtp_1)
                                              1.677493   data arrival time

                                  0.000000    0.000000   clock core_clock (rise edge)
                                  0.000000    0.000000   clock source latency
     1    0.014006    0.000000    0.000000    0.000000 ^ clk (in)
                                                         clk (net)
                      0.000547    0.000274    0.000274 ^ clkbuf_0_clk/A (sky130_fd_sc_hd__clkbuf_16)
     8    0.081141    0.149432    0.263842    0.264115 ^ clkbuf_0_clk/X (sky130_fd_sc_hd__clkbuf_16)
                                                         clknet_0_clk (net)
                      0.149457    0.002038    0.266154 ^ clkbuf_3_7__f_clk/A (sky130_fd_sc_hd__clkbuf_16)
    10    0.027845    0.077460    0.269165    0.535318 ^ clkbuf_3_7__f_clk/X (sky130_fd_sc_hd__clkbuf_16)
                                                         clknet_3_7__leaf_clk (net)
                      0.077460    0.000315    0.535634 ^ dsa[0]._9_/CLK (sky130_fd_sc_hd__dfrtp_1)
                                  0.000000    0.535634   clock reconvergence pessimism
                                 -0.092826    0.442808   library hold time
                                              0.442808   data required time
---------------------------------------------------------------------------------------------
                                              0.442808   data required time
                                             -1.677493   data arrival time
---------------------------------------------------------------------------------------------
                                              1.234686   slack (MET)


Startpoint: dsa[0]._8_ (rising edge-triggered flip-flop clocked by core_clock)
Endpoint: dsa[0]._8_ (rising edge-triggered flip-flop clocked by core_clock)
Path Group: core_clock
Path Type: min

Fanout         Cap        Slew       Delay        Time   Description
---------------------------------------------------------------------------------------------
                                  0.000000    0.000000   clock core_clock (rise edge)
                                  0.000000    0.000000   clock source latency
     1    0.014006    0.000000    0.000000    0.000000 ^ clk (in)
                                                         clk (net)
                      0.000547    0.000274    0.000274 ^ clkbuf_0_clk/A (sky130_fd_sc_hd__clkbuf_16)
     8    0.081141    0.149432    0.263842    0.264115 ^ clkbuf_0_clk/X (sky130_fd_sc_hd__clkbuf_16)
                                                         clknet_0_clk (net)
                      0.149457    0.002038    0.266154 ^ clkbuf_3_7__f_clk/A (sky130_fd_sc_hd__clkbuf_16)
    10    0.027845    0.077460    0.269165    0.535318 ^ clkbuf_3_7__f_clk/X (sky130_fd_sc_hd__clkbuf_16)
                                                         clknet_3_7__leaf_clk (net)
                      0.077461    0.000430    0.535749 ^ dsa[0]._8_/CLK (sky130_fd_sc_hd__dfrtp_1)
     2    0.005428    0.113731    0.671574    1.207323 ^ dsa[0]._8_/Q (sky130_fd_sc_hd__dfrtp_1)
                                                         dsa[0].last_carry (net)
                      0.113731    0.000024    1.207347 ^ dsa[0]._3_/A (sky130_fd_sc_hd__nand3_1)
     2    0.004893    0.172214    0.189792    1.397138 v dsa[0]._3_/Y (sky130_fd_sc_hd__nand3_1)
                                                         dsa[0]._0_ (net)
                      0.172214    0.000055    1.397193 v dsa[0]._7_/B1_N (sky130_fd_sc_hd__a21bo_1)
     1    0.002354    0.055474    0.378090    1.775283 ^ dsa[0]._7_/X (sky130_fd_sc_hd__a21bo_1)
                                                         dsa[0].last_carry_next (net)
                      0.055474    0.000023    1.775306 ^ dsa[0]._8_/D (sky130_fd_sc_hd__dfrtp_1)
                                              1.775306   data arrival time

                                  0.000000    0.000000   clock core_clock (rise edge)
                                  0.000000    0.000000   clock source latency
     1    0.014006    0.000000    0.000000    0.000000 ^ clk (in)
                                                         clk (net)
                      0.000547    0.000274    0.000274 ^ clkbuf_0_clk/A (sky130_fd_sc_hd__clkbuf_16)
     8    0.081141    0.149432    0.263842    0.264115 ^ clkbuf_0_clk/X (sky130_fd_sc_hd__clkbuf_16)
                                                         clknet_0_clk (net)
                      0.149457    0.002038    0.266154 ^ clkbuf_3_7__f_clk/A (sky130_fd_sc_hd__clkbuf_16)
    10    0.027845    0.077460    0.269165    0.535318 ^ clkbuf_3_7__f_clk/X (sky130_fd_sc_hd__clkbuf_16)
                                                         clknet_3_7__leaf_clk (net)
                      0.077461    0.000430    0.535749 ^ dsa[0]._8_/CLK (sky130_fd_sc_hd__dfrtp_1)
                                  0.000000    0.535749   clock reconvergence pessimism
                                 -0.072400    0.463348   library hold time
                                              0.463348   data required time
---------------------------------------------------------------------------------------------
                                              0.463348   data required time
                                             -1.775306   data arrival time
---------------------------------------------------------------------------------------------
                                              1.311958   slack (MET)



