
===========================================================================
report_checks -path_delay min (Hold)
============================================================================
======================= nom_tt_025C_1v80 Corner ===================================

Startpoint: dsa[25]._9_ (rising edge-triggered flip-flop clocked by core_clock)
Endpoint: dsa[26]._9_ (rising edge-triggered flip-flop clocked by core_clock)
Path Group: core_clock
Path Type: min

Fanout         Cap        Slew       Delay        Time   Description
---------------------------------------------------------------------------------------------
                                  0.000000    0.000000   clock core_clock (rise edge)
                                  0.000000    0.000000   clock source latency
     1    0.011662    0.000000    0.000000    0.000000 ^ clk (in)
                                                         clk (net)
                      0.000754    0.000377    0.000377 ^ clkbuf_0_clk/A (sky130_fd_sc_hd__clkbuf_16)
     8    0.076335    0.093236    0.152403    0.152780 ^ clkbuf_0_clk/X (sky130_fd_sc_hd__clkbuf_16)
                                                         clknet_0_clk (net)
                      0.093362    0.002267    0.155047 ^ clkbuf_3_2__f_clk/A (sky130_fd_sc_hd__clkbuf_16)
    10    0.028338    0.049648    0.150898    0.305945 ^ clkbuf_3_2__f_clk/X (sky130_fd_sc_hd__clkbuf_16)
                                                         clknet_3_2__leaf_clk (net)
                      0.049649    0.000479    0.306424 ^ dsa[25]._9_/CLK (sky130_fd_sc_hd__dfrtp_1)
     2    0.008353    0.088203    0.354183    0.660607 ^ dsa[25]._9_/Q (sky130_fd_sc_hd__dfrtp_1)
                                                         dsa[25].y_out (net)
                      0.088203    0.000154    0.660761 ^ dsa[26]._6_/A (sky130_fd_sc_hd__xnor2_1)
     1    0.002590    0.033167    0.073995    0.734756 v dsa[26]._6_/Y (sky130_fd_sc_hd__xnor2_1)
                                                         dsa[26].y_out_next (net)
                      0.033167    0.000058    0.734814 v dsa[26]._9_/D (sky130_fd_sc_hd__dfrtp_1)
                                              0.734814   data arrival time

                                  0.000000    0.000000   clock core_clock (rise edge)
                                  0.000000    0.000000   clock source latency
     1    0.011662    0.000000    0.000000    0.000000 ^ clk (in)
                                                         clk (net)
                      0.000754    0.000377    0.000377 ^ clkbuf_0_clk/A (sky130_fd_sc_hd__clkbuf_16)
     8    0.076335    0.093236    0.152403    0.152780 ^ clkbuf_0_clk/X (sky130_fd_sc_hd__clkbuf_16)
                                                         clknet_0_clk (net)
                      0.093362    0.002267    0.155047 ^ clkbuf_3_2__f_clk/A (sky130_fd_sc_hd__clkbuf_16)
    10    0.028338    0.049648    0.150898    0.305945 ^ clkbuf_3_2__f_clk/X (sky130_fd_sc_hd__clkbuf_16)
                                                         clknet_3_2__leaf_clk (net)
                      0.049649    0.000511    0.306456 ^ dsa[26]._9_/CLK (sky130_fd_sc_hd__dfrtp_1)
                                  0.000000    0.306456   clock reconvergence pessimism
                                 -0.039898    0.266558   library hold time
                                              0.266558   data required time
---------------------------------------------------------------------------------------------
                                              0.266558   data required time
                                             -0.734814   data arrival time
---------------------------------------------------------------------------------------------
                                              0.468256   slack (MET)


Startpoint: dsa[4]._9_ (rising edge-triggered flip-flop clocked by core_clock)
Endpoint: dsa[5]._9_ (rising edge-triggered flip-flop clocked by core_clock)
Path Group: core_clock
Path Type: min

Fanout         Cap        Slew       Delay        Time   Description
---------------------------------------------------------------------------------------------
                                  0.000000    0.000000   clock core_clock (rise edge)
                                  0.000000    0.000000   clock source latency
     1    0.011662    0.000000    0.000000    0.000000 ^ clk (in)
                                                         clk (net)
                      0.000754    0.000377    0.000377 ^ clkbuf_0_clk/A (sky130_fd_sc_hd__clkbuf_16)
     8    0.076335    0.093236    0.152403    0.152780 ^ clkbuf_0_clk/X (sky130_fd_sc_hd__clkbuf_16)
                                                         clknet_0_clk (net)
                      0.093366    0.002317    0.155097 ^ clkbuf_3_5__f_clk/A (sky130_fd_sc_hd__clkbuf_16)
     8    0.026738    0.047906    0.149440    0.304537 ^ clkbuf_3_5__f_clk/X (sky130_fd_sc_hd__clkbuf_16)
                                                         clknet_3_5__leaf_clk (net)
                      0.047914    0.000573    0.305110 ^ dsa[4]._9_/CLK (sky130_fd_sc_hd__dfrtp_1)
     2    0.008299    0.087777    0.353155    0.658265 ^ dsa[4]._9_/Q (sky130_fd_sc_hd__dfrtp_1)
                                                         dsa[4].y_out (net)
                      0.087777    0.000227    0.658492 ^ dsa[5]._6_/A (sky130_fd_sc_hd__xnor2_1)
     1    0.002707    0.033305    0.074580    0.733072 v dsa[5]._6_/Y (sky130_fd_sc_hd__xnor2_1)
                                                         dsa[5].y_out_next (net)
                      0.033305    0.000063    0.733135 v dsa[5]._9_/D (sky130_fd_sc_hd__dfrtp_1)
                                              0.733135   data arrival time

                                  0.000000    0.000000   clock core_clock (rise edge)
                                  0.000000    0.000000   clock source latency
     1    0.011662    0.000000    0.000000    0.000000 ^ clk (in)
                                                         clk (net)
                      0.000754    0.000377    0.000377 ^ clkbuf_0_clk/A (sky130_fd_sc_hd__clkbuf_16)
     8    0.076335    0.093236    0.152403    0.152780 ^ clkbuf_0_clk/X (sky130_fd_sc_hd__clkbuf_16)
                                                         clknet_0_clk (net)
                      0.093366    0.002317    0.155097 ^ clkbuf_3_5__f_clk/A (sky130_fd_sc_hd__clkbuf_16)
     8    0.026738    0.047906    0.149440    0.304537 ^ clkbuf_3_5__f_clk/X (sky130_fd_sc_hd__clkbuf_16)
                                                         clknet_3_5__leaf_clk (net)
                      0.047914    0.000589    0.305126 ^ dsa[5]._9_/CLK (sky130_fd_sc_hd__dfrtp_1)
                                  0.000000    0.305126   clock reconvergence pessimism
                                 -0.040350    0.264776   library hold time
                                              0.264776   data required time
---------------------------------------------------------------------------------------------
                                              0.264776   data required time
                                             -0.733135   data arrival time
---------------------------------------------------------------------------------------------
                                              0.468359   slack (MET)


Startpoint: dsa[12]._9_ (rising edge-triggered flip-flop clocked by core_clock)
Endpoint: dsa[13]._9_ (rising edge-triggered flip-flop clocked by core_clock)
Path Group: core_clock
Path Type: min

Fanout         Cap        Slew       Delay        Time   Description
---------------------------------------------------------------------------------------------
                                  0.000000    0.000000   clock core_clock (rise edge)
                                  0.000000    0.000000   clock source latency
     1    0.011662    0.000000    0.000000    0.000000 ^ clk (in)
                                                         clk (net)
                      0.000754    0.000377    0.000377 ^ clkbuf_0_clk/A (sky130_fd_sc_hd__clkbuf_16)
     8    0.076335    0.093236    0.152403    0.152780 ^ clkbuf_0_clk/X (sky130_fd_sc_hd__clkbuf_16)
                                                         clknet_0_clk (net)
                      0.093361    0.002257    0.155037 ^ clkbuf_3_7__f_clk/A (sky130_fd_sc_hd__clkbuf_16)
    10    0.027229    0.048369    0.149808    0.304846 ^ clkbuf_3_7__f_clk/X (sky130_fd_sc_hd__clkbuf_16)
                                                         clknet_3_7__leaf_clk (net)
                      0.048400    0.000794    0.305640 ^ dsa[12]._9_/CLK (sky130_fd_sc_hd__dfrtp_1)
     2    0.008918    0.092058    0.357484    0.663124 ^ dsa[12]._9_/Q (sky130_fd_sc_hd__dfrtp_1)
                                                         dsa[12].y_out (net)
                      0.092058    0.000248    0.663372 ^ dsa[13]._6_/A (sky130_fd_sc_hd__xnor2_1)
     1    0.002769    0.033986    0.076116    0.739488 v dsa[13]._6_/Y (sky130_fd_sc_hd__xnor2_1)
                                                         dsa[13].y_out_next (net)
                      0.033986    0.000066    0.739554 v dsa[13]._9_/D (sky130_fd_sc_hd__dfrtp_1)
                                              0.739554   data arrival time

                                  0.000000    0.000000   clock core_clock (rise edge)
                                  0.000000    0.000000   clock source latency
     1    0.011662    0.000000    0.000000    0.000000 ^ clk (in)
                                                         clk (net)
                      0.000754    0.000377    0.000377 ^ clkbuf_0_clk/A (sky130_fd_sc_hd__clkbuf_16)
     8    0.076335    0.093236    0.152403    0.152780 ^ clkbuf_0_clk/X (sky130_fd_sc_hd__clkbuf_16)
                                                         clknet_0_clk (net)
                      0.093359    0.002232    0.155012 ^ clkbuf_3_3__f_clk/A (sky130_fd_sc_hd__clkbuf_16)
     9    0.026965    0.048104    0.149595    0.304607 ^ clkbuf_3_3__f_clk/X (sky130_fd_sc_hd__clkbuf_16)
                                                         clknet_3_3__leaf_clk (net)
                      0.048120    0.000795    0.305403 ^ dsa[13]._9_/CLK (sky130_fd_sc_hd__dfrtp_1)
                                  0.000000    0.305403   clock reconvergence pessimism
                                 -0.040580    0.264823   library hold time
                                              0.264823   data required time
---------------------------------------------------------------------------------------------
                                              0.264823   data required time
                                             -0.739554   data arrival time
---------------------------------------------------------------------------------------------
                                              0.474732   slack (MET)


Startpoint: dsa[15]._9_ (rising edge-triggered flip-flop clocked by core_clock)
Endpoint: dsa[16]._9_ (rising edge-triggered flip-flop clocked by core_clock)
Path Group: core_clock
Path Type: min

Fanout         Cap        Slew       Delay        Time   Description
---------------------------------------------------------------------------------------------
                                  0.000000    0.000000   clock core_clock (rise edge)
                                  0.000000    0.000000   clock source latency
     1    0.011662    0.000000    0.000000    0.000000 ^ clk (in)
                                                         clk (net)
                      0.000754    0.000377    0.000377 ^ clkbuf_0_clk/A (sky130_fd_sc_hd__clkbuf_16)
     8    0.076335    0.093236    0.152403    0.152780 ^ clkbuf_0_clk/X (sky130_fd_sc_hd__clkbuf_16)
                                                         clknet_0_clk (net)
                      0.093372    0.002396    0.155176 ^ clkbuf_3_4__f_clk/A (sky130_fd_sc_hd__clkbuf_16)
     9    0.024409    0.045788    0.147166    0.302342 ^ clkbuf_3_4__f_clk/X (sky130_fd_sc_hd__clkbuf_16)
                                                         clknet_3_4__leaf_clk (net)
                      0.045801    0.000708    0.303050 ^ dsa[15]._9_/CLK (sky130_fd_sc_hd__dfrtp_1)
     2    0.008665    0.090313    0.354859    0.657909 ^ dsa[15]._9_/Q (sky130_fd_sc_hd__dfrtp_1)
                                                         dsa[15].y_out (net)
                      0.090313    0.000158    0.658067 ^ dsa[16]._6_/A (sky130_fd_sc_hd__xnor2_1)
     1    0.003132    0.036878    0.077807    0.735874 v dsa[16]._6_/Y (sky130_fd_sc_hd__xnor2_1)
                                                         dsa[16].y_out_next (net)
                      0.036878    0.000103    0.735977 v dsa[16]._9_/D (sky130_fd_sc_hd__dfrtp_1)
                                              0.735977   data arrival time

                                  0.000000    0.000000   clock core_clock (rise edge)
                                  0.000000    0.000000   clock source latency
     1    0.011662    0.000000    0.000000    0.000000 ^ clk (in)
                                                         clk (net)
                      0.000754    0.000377    0.000377 ^ clkbuf_0_clk/A (sky130_fd_sc_hd__clkbuf_16)
     8    0.076335    0.093236    0.152403    0.152780 ^ clkbuf_0_clk/X (sky130_fd_sc_hd__clkbuf_16)
                                                         clknet_0_clk (net)
                      0.093372    0.002396    0.155176 ^ clkbuf_3_4__f_clk/A (sky130_fd_sc_hd__clkbuf_16)
     9    0.024409    0.045788    0.147166    0.302342 ^ clkbuf_3_4__f_clk/X (sky130_fd_sc_hd__clkbuf_16)
                                                         clknet_3_4__leaf_clk (net)
                      0.045794    0.000531    0.302873 ^ dsa[16]._9_/CLK (sky130_fd_sc_hd__dfrtp_1)
                                  0.000000    0.302873   clock reconvergence pessimism
                                 -0.042288    0.260585   library hold time
                                              0.260585   data required time
---------------------------------------------------------------------------------------------
                                              0.260585   data required time
                                             -0.735977   data arrival time
---------------------------------------------------------------------------------------------
                                              0.475392   slack (MET)


Startpoint: dsa[2]._9_ (rising edge-triggered flip-flop clocked by core_clock)
Endpoint: dsa[3]._9_ (rising edge-triggered flip-flop clocked by core_clock)
Path Group: core_clock
Path Type: min

Fanout         Cap        Slew       Delay        Time   Description
---------------------------------------------------------------------------------------------
                                  0.000000    0.000000   clock core_clock (rise edge)
                                  0.000000    0.000000   clock source latency
     1    0.011662    0.000000    0.000000    0.000000 ^ clk (in)
                                                         clk (net)
                      0.000754    0.000377    0.000377 ^ clkbuf_0_clk/A (sky130_fd_sc_hd__clkbuf_16)
     8    0.076335    0.093236    0.152403    0.152780 ^ clkbuf_0_clk/X (sky130_fd_sc_hd__clkbuf_16)
                                                         clknet_0_clk (net)
                      0.093361    0.002257    0.155037 ^ clkbuf_3_7__f_clk/A (sky130_fd_sc_hd__clkbuf_16)
    10    0.027229    0.048369    0.149808    0.304846 ^ clkbuf_3_7__f_clk/X (sky130_fd_sc_hd__clkbuf_16)
                                                         clknet_3_7__leaf_clk (net)
                      0.048399    0.000771    0.305617 ^ dsa[2]._9_/CLK (sky130_fd_sc_hd__dfrtp_1)
     2    0.008158    0.086638    0.352401    0.658018 ^ dsa[2]._9_/Q (sky130_fd_sc_hd__dfrtp_1)
                                                         dsa[2].y_out (net)
                      0.086638    0.000173    0.658191 ^ dsa[3]._6_/A (sky130_fd_sc_hd__xnor2_1)
     1    0.003573    0.038827    0.079426    0.737617 v dsa[3]._6_/Y (sky130_fd_sc_hd__xnor2_1)
                                                         dsa[3].y_out_next (net)
                      0.038827    0.000125    0.737742 v dsa[3]._9_/D (sky130_fd_sc_hd__dfrtp_1)
                                              0.737742   data arrival time

                                  0.000000    0.000000   clock core_clock (rise edge)
                                  0.000000    0.000000   clock source latency
     1    0.011662    0.000000    0.000000    0.000000 ^ clk (in)
                                                         clk (net)
                      0.000754    0.000377    0.000377 ^ clkbuf_0_clk/A (sky130_fd_sc_hd__clkbuf_16)
     8    0.076335    0.093236    0.152403    0.152780 ^ clkbuf_0_clk/X (sky130_fd_sc_hd__clkbuf_16)
                                                         clknet_0_clk (net)
                      0.093366    0.002317    0.155097 ^ clkbuf_3_5__f_clk/A (sky130_fd_sc_hd__clkbuf_16)
     8    0.026738    0.047906    0.149440    0.304537 ^ clkbuf_3_5__f_clk/X (sky130_fd_sc_hd__clkbuf_16)
                                                         clknet_3_5__leaf_clk (net)
                      0.047909    0.000385    0.304922 ^ dsa[3]._9_/CLK (sky130_fd_sc_hd__dfrtp_1)
                                  0.000000    0.304922   clock reconvergence pessimism
                                 -0.042599    0.262323   library hold time
                                              0.262323   data required time
---------------------------------------------------------------------------------------------
                                              0.262323   data required time
                                             -0.737742   data arrival time
---------------------------------------------------------------------------------------------
                                              0.475418   slack (MET)


Startpoint: dsa[19]._9_ (rising edge-triggered flip-flop clocked by core_clock)
Endpoint: dsa[20]._9_ (rising edge-triggered flip-flop clocked by core_clock)
Path Group: core_clock
Path Type: min

Fanout         Cap        Slew       Delay        Time   Description
---------------------------------------------------------------------------------------------
                                  0.000000    0.000000   clock core_clock (rise edge)
                                  0.000000    0.000000   clock source latency
     1    0.011662    0.000000    0.000000    0.000000 ^ clk (in)
                                                         clk (net)
                      0.000754    0.000377    0.000377 ^ clkbuf_0_clk/A (sky130_fd_sc_hd__clkbuf_16)
     8    0.076335    0.093236    0.152403    0.152780 ^ clkbuf_0_clk/X (sky130_fd_sc_hd__clkbuf_16)
                                                         clknet_0_clk (net)
                      0.093365    0.002309    0.155089 ^ clkbuf_3_0__f_clk/A (sky130_fd_sc_hd__clkbuf_16)
    10    0.029790    0.050880    0.151925    0.307015 ^ clkbuf_3_0__f_clk/X (sky130_fd_sc_hd__clkbuf_16)
                                                         clknet_3_0__leaf_clk (net)
                      0.050884    0.000771    0.307786 ^ dsa[19]._9_/CLK (sky130_fd_sc_hd__dfrtp_1)
     2    0.009483    0.096103    0.362111    0.669897 ^ dsa[19]._9_/Q (sky130_fd_sc_hd__dfrtp_1)
                                                         dsa[19].y_out (net)
                      0.096103    0.000356    0.670253 ^ dsa[20]._6_/A (sky130_fd_sc_hd__xnor2_1)
     1    0.002346    0.031851    0.074502    0.744755 v dsa[20]._6_/Y (sky130_fd_sc_hd__xnor2_1)
                                                         dsa[20].y_out_next (net)
                      0.031851    0.000048    0.744803 v dsa[20]._9_/D (sky130_fd_sc_hd__dfrtp_1)
                                              0.744803   data arrival time

                                  0.000000    0.000000   clock core_clock (rise edge)
                                  0.000000    0.000000   clock source latency
     1    0.011662    0.000000    0.000000    0.000000 ^ clk (in)
                                                         clk (net)
                      0.000754    0.000377    0.000377 ^ clkbuf_0_clk/A (sky130_fd_sc_hd__clkbuf_16)
     8    0.076335    0.093236    0.152403    0.152780 ^ clkbuf_0_clk/X (sky130_fd_sc_hd__clkbuf_16)
                                                         clknet_0_clk (net)
                      0.093365    0.002309    0.155089 ^ clkbuf_3_0__f_clk/A (sky130_fd_sc_hd__clkbuf_16)
    10    0.029790    0.050880    0.151925    0.307015 ^ clkbuf_3_0__f_clk/X (sky130_fd_sc_hd__clkbuf_16)
                                                         clknet_3_0__leaf_clk (net)
                      0.050881    0.000399    0.307413 ^ dsa[20]._9_/CLK (sky130_fd_sc_hd__dfrtp_1)
                                  0.000000    0.307413   clock reconvergence pessimism
                                 -0.039081    0.268332   library hold time
                                              0.268332   data required time
---------------------------------------------------------------------------------------------
                                              0.268332   data required time
                                             -0.744803   data arrival time
---------------------------------------------------------------------------------------------
                                              0.476471   slack (MET)


Startpoint: dsa[3]._9_ (rising edge-triggered flip-flop clocked by core_clock)
Endpoint: dsa[4]._9_ (rising edge-triggered flip-flop clocked by core_clock)
Path Group: core_clock
Path Type: min

Fanout         Cap        Slew       Delay        Time   Description
---------------------------------------------------------------------------------------------
                                  0.000000    0.000000   clock core_clock (rise edge)
                                  0.000000    0.000000   clock source latency
     1    0.011662    0.000000    0.000000    0.000000 ^ clk (in)
                                                         clk (net)
                      0.000754    0.000377    0.000377 ^ clkbuf_0_clk/A (sky130_fd_sc_hd__clkbuf_16)
     8    0.076335    0.093236    0.152403    0.152780 ^ clkbuf_0_clk/X (sky130_fd_sc_hd__clkbuf_16)
                                                         clknet_0_clk (net)
                      0.093366    0.002317    0.155097 ^ clkbuf_3_5__f_clk/A (sky130_fd_sc_hd__clkbuf_16)
     8    0.026738    0.047906    0.149440    0.304537 ^ clkbuf_3_5__f_clk/X (sky130_fd_sc_hd__clkbuf_16)
                                                         clknet_3_5__leaf_clk (net)
                      0.047909    0.000385    0.304922 ^ dsa[3]._9_/CLK (sky130_fd_sc_hd__dfrtp_1)
     2    0.009257    0.094369    0.359630    0.664553 ^ dsa[3]._9_/Q (sky130_fd_sc_hd__dfrtp_1)
                                                         dsa[3].y_out (net)
                      0.094369    0.000203    0.664755 ^ dsa[4]._6_/A (sky130_fd_sc_hd__xnor2_1)
     1    0.002880    0.034619    0.077406    0.742161 v dsa[4]._6_/Y (sky130_fd_sc_hd__xnor2_1)
                                                         dsa[4].y_out_next (net)
                      0.034619    0.000092    0.742253 v dsa[4]._9_/D (sky130_fd_sc_hd__dfrtp_1)
                                              0.742253   data arrival time

                                  0.000000    0.000000   clock core_clock (rise edge)
                                  0.000000    0.000000   clock source latency
     1    0.011662    0.000000    0.000000    0.000000 ^ clk (in)
                                                         clk (net)
                      0.000754    0.000377    0.000377 ^ clkbuf_0_clk/A (sky130_fd_sc_hd__clkbuf_16)
     8    0.076335    0.093236    0.152403    0.152780 ^ clkbuf_0_clk/X (sky130_fd_sc_hd__clkbuf_16)
                                                         clknet_0_clk (net)
                      0.093366    0.002317    0.155097 ^ clkbuf_3_5__f_clk/A (sky130_fd_sc_hd__clkbuf_16)
     8    0.026738    0.047906    0.149440    0.304537 ^ clkbuf_3_5__f_clk/X (sky130_fd_sc_hd__clkbuf_16)
                                                         clknet_3_5__leaf_clk (net)
                      0.047914    0.000573    0.305110 ^ dsa[4]._9_/CLK (sky130_fd_sc_hd__dfrtp_1)
                                  0.000000    0.305110   clock reconvergence pessimism
                                 -0.040885    0.264226   library hold time
                                              0.264226   data required time
---------------------------------------------------------------------------------------------
                                              0.264226   data required time
                                             -0.742253   data arrival time
---------------------------------------------------------------------------------------------
                                              0.478027   slack (MET)


Startpoint: dsa[22]._9_ (rising edge-triggered flip-flop clocked by core_clock)
Endpoint: dsa[23]._9_ (rising edge-triggered flip-flop clocked by core_clock)
Path Group: core_clock
Path Type: min

Fanout         Cap        Slew       Delay        Time   Description
---------------------------------------------------------------------------------------------
                                  0.000000    0.000000   clock core_clock (rise edge)
                                  0.000000    0.000000   clock source latency
     1    0.011662    0.000000    0.000000    0.000000 ^ clk (in)
                                                         clk (net)
                      0.000754    0.000377    0.000377 ^ clkbuf_0_clk/A (sky130_fd_sc_hd__clkbuf_16)
     8    0.076335    0.093236    0.152403    0.152780 ^ clkbuf_0_clk/X (sky130_fd_sc_hd__clkbuf_16)
                                                         clknet_0_clk (net)
                      0.093359    0.002232    0.155012 ^ clkbuf_3_3__f_clk/A (sky130_fd_sc_hd__clkbuf_16)
     9    0.026965    0.048104    0.149595    0.304607 ^ clkbuf_3_3__f_clk/X (sky130_fd_sc_hd__clkbuf_16)
                                                         clknet_3_3__leaf_clk (net)
                      0.048106    0.000390    0.304997 ^ dsa[22]._9_/CLK (sky130_fd_sc_hd__dfrtp_1)
     2    0.008963    0.092359    0.357690    0.662687 ^ dsa[22]._9_/Q (sky130_fd_sc_hd__dfrtp_1)
                                                         dsa[22].y_out (net)
                      0.092359    0.000230    0.662916 ^ dsa[23]._6_/A (sky130_fd_sc_hd__xnor2_1)
     1    0.003253    0.036748    0.079094    0.742010 v dsa[23]._6_/Y (sky130_fd_sc_hd__xnor2_1)
                                                         dsa[23].y_out_next (net)
                      0.036748    0.000106    0.742116 v dsa[23]._9_/D (sky130_fd_sc_hd__dfrtp_1)
                                              0.742116   data arrival time

                                  0.000000    0.000000   clock core_clock (rise edge)
                                  0.000000    0.000000   clock source latency
     1    0.011662    0.000000    0.000000    0.000000 ^ clk (in)
                                                         clk (net)
                      0.000754    0.000377    0.000377 ^ clkbuf_0_clk/A (sky130_fd_sc_hd__clkbuf_16)
     8    0.076335    0.093236    0.152403    0.152780 ^ clkbuf_0_clk/X (sky130_fd_sc_hd__clkbuf_16)
                                                         clknet_0_clk (net)
                      0.093359    0.002232    0.155012 ^ clkbuf_3_3__f_clk/A (sky130_fd_sc_hd__clkbuf_16)
     9    0.026965    0.048104    0.149595    0.304607 ^ clkbuf_3_3__f_clk/X (sky130_fd_sc_hd__clkbuf_16)
                                                         clknet_3_3__leaf_clk (net)
                      0.048116    0.000697    0.305305 ^ dsa[23]._9_/CLK (sky130_fd_sc_hd__dfrtp_1)
                                  0.000000    0.305305   clock reconvergence pessimism
                                 -0.041706    0.263599   library hold time
                                              0.263599   data required time
---------------------------------------------------------------------------------------------
                                              0.263599   data required time
                                             -0.742116   data arrival time
---------------------------------------------------------------------------------------------
                                              0.478517   slack (MET)


Startpoint: dsa[21]._9_ (rising edge-triggered flip-flop clocked by core_clock)
Endpoint: dsa[22]._9_ (rising edge-triggered flip-flop clocked by core_clock)
Path Group: core_clock
Path Type: min

Fanout         Cap        Slew       Delay        Time   Description
---------------------------------------------------------------------------------------------
                                  0.000000    0.000000   clock core_clock (rise edge)
                                  0.000000    0.000000   clock source latency
     1    0.011662    0.000000    0.000000    0.000000 ^ clk (in)
                                                         clk (net)
                      0.000754    0.000377    0.000377 ^ clkbuf_0_clk/A (sky130_fd_sc_hd__clkbuf_16)
     8    0.076335    0.093236    0.152403    0.152780 ^ clkbuf_0_clk/X (sky130_fd_sc_hd__clkbuf_16)
                                                         clknet_0_clk (net)
                      0.093359    0.002232    0.155012 ^ clkbuf_3_3__f_clk/A (sky130_fd_sc_hd__clkbuf_16)
     9    0.026965    0.048104    0.149595    0.304607 ^ clkbuf_3_3__f_clk/X (sky130_fd_sc_hd__clkbuf_16)
                                                         clknet_3_3__leaf_clk (net)
                      0.048115    0.000683    0.305290 ^ dsa[21]._9_/CLK (sky130_fd_sc_hd__dfrtp_1)
     2    0.008613    0.089961    0.355371    0.660661 ^ dsa[21]._9_/Q (sky130_fd_sc_hd__dfrtp_1)
                                                         dsa[21].y_out (net)
                      0.089961    0.000154    0.660815 ^ dsa[22]._6_/A (sky130_fd_sc_hd__xnor2_1)
     1    0.003521    0.038895    0.080035    0.740849 v dsa[22]._6_/Y (sky130_fd_sc_hd__xnor2_1)
                                                         dsa[22].y_out_next (net)
                      0.038895    0.000121    0.740970 v dsa[22]._9_/D (sky130_fd_sc_hd__dfrtp_1)
                                              0.740970   data arrival time

                                  0.000000    0.000000   clock core_clock (rise edge)
                                  0.000000    0.000000   clock source latency
     1    0.011662    0.000000    0.000000    0.000000 ^ clk (in)
                                                         clk (net)
                      0.000754    0.000377    0.000377 ^ clkbuf_0_clk/A (sky130_fd_sc_hd__clkbuf_16)
     8    0.076335    0.093236    0.152403    0.152780 ^ clkbuf_0_clk/X (sky130_fd_sc_hd__clkbuf_16)
                                                         clknet_0_clk (net)
                      0.093359    0.002232    0.155012 ^ clkbuf_3_3__f_clk/A (sky130_fd_sc_hd__clkbuf_16)
     9    0.026965    0.048104    0.149595    0.304607 ^ clkbuf_3_3__f_clk/X (sky130_fd_sc_hd__clkbuf_16)
                                                         clknet_3_3__leaf_clk (net)
                      0.048106    0.000390    0.304997 ^ dsa[22]._9_/CLK (sky130_fd_sc_hd__dfrtp_1)
                                  0.000000    0.304997   clock reconvergence pessimism
                                 -0.042582    0.262415   library hold time
                                              0.262415   data required time
---------------------------------------------------------------------------------------------
                                              0.262415   data required time
                                             -0.740970   data arrival time
---------------------------------------------------------------------------------------------
                                              0.478555   slack (MET)


Startpoint: dsa[7]._9_ (rising edge-triggered flip-flop clocked by core_clock)
Endpoint: dsa[8]._9_ (rising edge-triggered flip-flop clocked by core_clock)
Path Group: core_clock
Path Type: min

Fanout         Cap        Slew       Delay        Time   Description
---------------------------------------------------------------------------------------------
                                  0.000000    0.000000   clock core_clock (rise edge)
                                  0.000000    0.000000   clock source latency
     1    0.011662    0.000000    0.000000    0.000000 ^ clk (in)
                                                         clk (net)
                      0.000754    0.000377    0.000377 ^ clkbuf_0_clk/A (sky130_fd_sc_hd__clkbuf_16)
     8    0.076335    0.093236    0.152403    0.152780 ^ clkbuf_0_clk/X (sky130_fd_sc_hd__clkbuf_16)
                                                         clknet_0_clk (net)
                      0.093372    0.002396    0.155176 ^ clkbuf_3_4__f_clk/A (sky130_fd_sc_hd__clkbuf_16)
     9    0.024409    0.045788    0.147166    0.302342 ^ clkbuf_3_4__f_clk/X (sky130_fd_sc_hd__clkbuf_16)
                                                         clknet_3_4__leaf_clk (net)
                      0.045800    0.000696    0.303038 ^ dsa[7]._9_/CLK (sky130_fd_sc_hd__dfrtp_1)
     2    0.009591    0.096964    0.360900    0.663937 ^ dsa[7]._9_/Q (sky130_fd_sc_hd__dfrtp_1)
                                                         dsa[7].y_out (net)
                      0.096964    0.000326    0.664263 ^ dsa[8]._6_/A (sky130_fd_sc_hd__xnor2_1)
     1    0.002661    0.033341    0.076795    0.741058 v dsa[8]._6_/Y (sky130_fd_sc_hd__xnor2_1)
                                                         dsa[8].y_out_next (net)
                      0.033341    0.000061    0.741119 v dsa[8]._9_/D (sky130_fd_sc_hd__dfrtp_1)
                                              0.741119   data arrival time

                                  0.000000    0.000000   clock core_clock (rise edge)
                                  0.000000    0.000000   clock source latency
     1    0.011662    0.000000    0.000000    0.000000 ^ clk (in)
                                                         clk (net)
                      0.000754    0.000377    0.000377 ^ clkbuf_0_clk/A (sky130_fd_sc_hd__clkbuf_16)
     8    0.076335    0.093236    0.152403    0.152780 ^ clkbuf_0_clk/X (sky130_fd_sc_hd__clkbuf_16)
                                                         clknet_0_clk (net)
                      0.093372    0.002396    0.155176 ^ clkbuf_3_4__f_clk/A (sky130_fd_sc_hd__clkbuf_16)
     9    0.024409    0.045788    0.147166    0.302342 ^ clkbuf_3_4__f_clk/X (sky130_fd_sc_hd__clkbuf_16)
                                                         clknet_3_4__leaf_clk (net)
                      0.045801    0.000715    0.303057 ^ dsa[8]._9_/CLK (sky130_fd_sc_hd__dfrtp_1)
                                  0.000000    0.303057   clock reconvergence pessimism
                                 -0.040846    0.262211   library hold time
                                              0.262211   data required time
---------------------------------------------------------------------------------------------
                                              0.262211   data required time
                                             -0.741119   data arrival time
---------------------------------------------------------------------------------------------
                                              0.478908   slack (MET)


Startpoint: dsa[9]._9_ (rising edge-triggered flip-flop clocked by core_clock)
Endpoint: dsa[10]._9_ (rising edge-triggered flip-flop clocked by core_clock)
Path Group: core_clock
Path Type: min

Fanout         Cap        Slew       Delay        Time   Description
---------------------------------------------------------------------------------------------
                                  0.000000    0.000000   clock core_clock (rise edge)
                                  0.000000    0.000000   clock source latency
     1    0.011662    0.000000    0.000000    0.000000 ^ clk (in)
                                                         clk (net)
                      0.000754    0.000377    0.000377 ^ clkbuf_0_clk/A (sky130_fd_sc_hd__clkbuf_16)
     8    0.076335    0.093236    0.152403    0.152780 ^ clkbuf_0_clk/X (sky130_fd_sc_hd__clkbuf_16)
                                                         clknet_0_clk (net)
                      0.093361    0.002257    0.155037 ^ clkbuf_3_7__f_clk/A (sky130_fd_sc_hd__clkbuf_16)
    10    0.027229    0.048369    0.149808    0.304846 ^ clkbuf_3_7__f_clk/X (sky130_fd_sc_hd__clkbuf_16)
                                                         clknet_3_7__leaf_clk (net)
                      0.048399    0.000769    0.305615 ^ dsa[9]._9_/CLK (sky130_fd_sc_hd__dfrtp_1)
     2    0.009714    0.097978    0.362564    0.668178 ^ dsa[9]._9_/Q (sky130_fd_sc_hd__dfrtp_1)
                                                         dsa[10].y_in (net)
                      0.097978    0.000359    0.668537 ^ dsa[10]._6_/A (sky130_fd_sc_hd__xnor2_1)
     1    0.002455    0.031309    0.075731    0.744268 v dsa[10]._6_/Y (sky130_fd_sc_hd__xnor2_1)
                                                         dsa[10].y_out_next (net)
                      0.031309    0.000055    0.744323 v dsa[10]._9_/D (sky130_fd_sc_hd__dfrtp_1)
                                              0.744323   data arrival time

                                  0.000000    0.000000   clock core_clock (rise edge)
                                  0.000000    0.000000   clock source latency
     1    0.011662    0.000000    0.000000    0.000000 ^ clk (in)
                                                         clk (net)
                      0.000754    0.000377    0.000377 ^ clkbuf_0_clk/A (sky130_fd_sc_hd__clkbuf_16)
     8    0.076335    0.093236    0.152403    0.152780 ^ clkbuf_0_clk/X (sky130_fd_sc_hd__clkbuf_16)
                                                         clknet_0_clk (net)
                      0.093358    0.002216    0.154997 ^ clkbuf_3_6__f_clk/A (sky130_fd_sc_hd__clkbuf_16)
     8    0.026669    0.047852    0.149392    0.304389 ^ clkbuf_3_6__f_clk/X (sky130_fd_sc_hd__clkbuf_16)
                                                         clknet_3_6__leaf_clk (net)
                      0.047853    0.000333    0.304722 ^ dsa[10]._9_/CLK (sky130_fd_sc_hd__dfrtp_1)
                                  0.000000    0.304722   clock reconvergence pessimism
                                 -0.039551    0.265171   library hold time
                                              0.265171   data required time
---------------------------------------------------------------------------------------------
                                              0.265171   data required time
                                             -0.744323   data arrival time
---------------------------------------------------------------------------------------------
                                              0.479152   slack (MET)


Startpoint: dsa[16]._9_ (rising edge-triggered flip-flop clocked by core_clock)
Endpoint: dsa[17]._9_ (rising edge-triggered flip-flop clocked by core_clock)
Path Group: core_clock
Path Type: min

Fanout         Cap        Slew       Delay        Time   Description
---------------------------------------------------------------------------------------------
                                  0.000000    0.000000   clock core_clock (rise edge)
                                  0.000000    0.000000   clock source latency
     1    0.011662    0.000000    0.000000    0.000000 ^ clk (in)
                                                         clk (net)
                      0.000754    0.000377    0.000377 ^ clkbuf_0_clk/A (sky130_fd_sc_hd__clkbuf_16)
     8    0.076335    0.093236    0.152403    0.152780 ^ clkbuf_0_clk/X (sky130_fd_sc_hd__clkbuf_16)
                                                         clknet_0_clk (net)
                      0.093372    0.002396    0.155176 ^ clkbuf_3_4__f_clk/A (sky130_fd_sc_hd__clkbuf_16)
     9    0.024409    0.045788    0.147166    0.302342 ^ clkbuf_3_4__f_clk/X (sky130_fd_sc_hd__clkbuf_16)
                                                         clknet_3_4__leaf_clk (net)
                      0.045794    0.000531    0.302873 ^ dsa[16]._9_/CLK (sky130_fd_sc_hd__dfrtp_1)
     2    0.009183    0.093854    0.358330    0.661203 ^ dsa[16]._9_/Q (sky130_fd_sc_hd__dfrtp_1)
                                                         dsa[16].y_out (net)
                      0.093854    0.000197    0.661400 ^ dsa[17]._6_/A (sky130_fd_sc_hd__xnor2_1)
     1    0.003135    0.036222    0.078791    0.740192 v dsa[17]._6_/Y (sky130_fd_sc_hd__xnor2_1)
                                                         dsa[17].y_out_next (net)
                      0.036222    0.000103    0.740295 v dsa[17]._9_/D (sky130_fd_sc_hd__dfrtp_1)
                                              0.740295   data arrival time

                                  0.000000    0.000000   clock core_clock (rise edge)
                                  0.000000    0.000000   clock source latency
     1    0.011662    0.000000    0.000000    0.000000 ^ clk (in)
                                                         clk (net)
                      0.000754    0.000377    0.000377 ^ clkbuf_0_clk/A (sky130_fd_sc_hd__clkbuf_16)
     8    0.076335    0.093236    0.152403    0.152780 ^ clkbuf_0_clk/X (sky130_fd_sc_hd__clkbuf_16)
                                                         clknet_0_clk (net)
                      0.093372    0.002396    0.155176 ^ clkbuf_3_4__f_clk/A (sky130_fd_sc_hd__clkbuf_16)
     9    0.024409    0.045788    0.147166    0.302342 ^ clkbuf_3_4__f_clk/X (sky130_fd_sc_hd__clkbuf_16)
                                                         clknet_3_4__leaf_clk (net)
                      0.045800    0.000690    0.303032 ^ dsa[17]._9_/CLK (sky130_fd_sc_hd__dfrtp_1)
                                  0.000000    0.303032   clock reconvergence pessimism
                                 -0.042019    0.261013   library hold time
                                              0.261013   data required time
---------------------------------------------------------------------------------------------
                                              0.261013   data required time
                                             -0.740295   data arrival time
---------------------------------------------------------------------------------------------
                                              0.479282   slack (MET)


Startpoint: dsa[0]._9_ (rising edge-triggered flip-flop clocked by core_clock)
Endpoint: dsa[1]._9_ (rising edge-triggered flip-flop clocked by core_clock)
Path Group: core_clock
Path Type: min

Fanout         Cap        Slew       Delay        Time   Description
---------------------------------------------------------------------------------------------
                                  0.000000    0.000000   clock core_clock (rise edge)
                                  0.000000    0.000000   clock source latency
     1    0.011662    0.000000    0.000000    0.000000 ^ clk (in)
                                                         clk (net)
                      0.000754    0.000377    0.000377 ^ clkbuf_0_clk/A (sky130_fd_sc_hd__clkbuf_16)
     8    0.076335    0.093236    0.152403    0.152780 ^ clkbuf_0_clk/X (sky130_fd_sc_hd__clkbuf_16)
                                                         clknet_0_clk (net)
                      0.093361    0.002257    0.155037 ^ clkbuf_3_7__f_clk/A (sky130_fd_sc_hd__clkbuf_16)
    10    0.027229    0.048369    0.149808    0.304846 ^ clkbuf_3_7__f_clk/X (sky130_fd_sc_hd__clkbuf_16)
                                                         clknet_3_7__leaf_clk (net)
                      0.048398    0.000747    0.305593 ^ dsa[0]._9_/CLK (sky130_fd_sc_hd__dfrtp_1)
     2    0.009110    0.093370    0.358789    0.664382 ^ dsa[0]._9_/Q (sky130_fd_sc_hd__dfrtp_1)
                                                         dsa[0].y_out (net)
                      0.093370    0.000226    0.664608 ^ dsa[1]._6_/A (sky130_fd_sc_hd__xnor2_1)
     1    0.003336    0.037074    0.079874    0.744481 v dsa[1]._6_/Y (sky130_fd_sc_hd__xnor2_1)
                                                         dsa[1].y_out_next (net)
                      0.037074    0.000088    0.744569 v dsa[1]._9_/D (sky130_fd_sc_hd__dfrtp_1)
                                              0.744569   data arrival time

                                  0.000000    0.000000   clock core_clock (rise edge)
                                  0.000000    0.000000   clock source latency
     1    0.011662    0.000000    0.000000    0.000000 ^ clk (in)
                                                         clk (net)
                      0.000754    0.000377    0.000377 ^ clkbuf_0_clk/A (sky130_fd_sc_hd__clkbuf_16)
     8    0.076335    0.093236    0.152403    0.152780 ^ clkbuf_0_clk/X (sky130_fd_sc_hd__clkbuf_16)
                                                         clknet_0_clk (net)
                      0.093361    0.002257    0.155037 ^ clkbuf_3_7__f_clk/A (sky130_fd_sc_hd__clkbuf_16)
    10    0.027229    0.048369    0.149808    0.304846 ^ clkbuf_3_7__f_clk/X (sky130_fd_sc_hd__clkbuf_16)
                                                         clknet_3_7__leaf_clk (net)
                      0.048399    0.000778    0.305624 ^ dsa[1]._9_/CLK (sky130_fd_sc_hd__dfrtp_1)
                                  0.000000    0.305624   clock reconvergence pessimism
                                 -0.041773    0.263851   library hold time
                                              0.263851   data required time
---------------------------------------------------------------------------------------------
                                              0.263851   data required time
                                             -0.744569   data arrival time
---------------------------------------------------------------------------------------------
                                              0.480718   slack (MET)


Startpoint: dsa[13]._9_ (rising edge-triggered flip-flop clocked by core_clock)
Endpoint: dsa[14]._9_ (rising edge-triggered flip-flop clocked by core_clock)
Path Group: core_clock
Path Type: min

Fanout         Cap        Slew       Delay        Time   Description
---------------------------------------------------------------------------------------------
                                  0.000000    0.000000   clock core_clock (rise edge)
                                  0.000000    0.000000   clock source latency
     1    0.011662    0.000000    0.000000    0.000000 ^ clk (in)
                                                         clk (net)
                      0.000754    0.000377    0.000377 ^ clkbuf_0_clk/A (sky130_fd_sc_hd__clkbuf_16)
     8    0.076335    0.093236    0.152403    0.152780 ^ clkbuf_0_clk/X (sky130_fd_sc_hd__clkbuf_16)
                                                         clknet_0_clk (net)
                      0.093359    0.002232    0.155012 ^ clkbuf_3_3__f_clk/A (sky130_fd_sc_hd__clkbuf_16)
     9    0.026965    0.048104    0.149595    0.304607 ^ clkbuf_3_3__f_clk/X (sky130_fd_sc_hd__clkbuf_16)
                                                         clknet_3_3__leaf_clk (net)
                      0.048120    0.000795    0.305403 ^ dsa[13]._9_/CLK (sky130_fd_sc_hd__dfrtp_1)
     2    0.009526    0.096454    0.361316    0.666718 ^ dsa[13]._9_/Q (sky130_fd_sc_hd__dfrtp_1)
                                                         dsa[13].y_out (net)
                      0.096454    0.000386    0.667104 ^ dsa[14]._6_/A (sky130_fd_sc_hd__xnor2_1)
     1    0.002920    0.034401    0.078214    0.745319 v dsa[14]._6_/Y (sky130_fd_sc_hd__xnor2_1)
                                                         dsa[14].y_out_next (net)
                      0.034402    0.000091    0.745409 v dsa[14]._9_/D (sky130_fd_sc_hd__dfrtp_1)
                                              0.745409   data arrival time

                                  0.000000    0.000000   clock core_clock (rise edge)
                                  0.000000    0.000000   clock source latency
     1    0.011662    0.000000    0.000000    0.000000 ^ clk (in)
                                                         clk (net)
                      0.000754    0.000377    0.000377 ^ clkbuf_0_clk/A (sky130_fd_sc_hd__clkbuf_16)
     8    0.076335    0.093236    0.152403    0.152780 ^ clkbuf_0_clk/X (sky130_fd_sc_hd__clkbuf_16)
                                                         clknet_0_clk (net)
                      0.093358    0.002216    0.154997 ^ clkbuf_3_6__f_clk/A (sky130_fd_sc_hd__clkbuf_16)
     8    0.026669    0.047852    0.149392    0.304389 ^ clkbuf_3_6__f_clk/X (sky130_fd_sc_hd__clkbuf_16)
                                                         clknet_3_6__leaf_clk (net)
                      0.047859    0.000578    0.304967 ^ dsa[14]._9_/CLK (sky130_fd_sc_hd__dfrtp_1)
                                  0.000000    0.304967   clock reconvergence pessimism
                                 -0.040809    0.264158   library hold time
                                              0.264158   data required time
---------------------------------------------------------------------------------------------
                                              0.264158   data required time
                                             -0.745409   data arrival time
---------------------------------------------------------------------------------------------
                                              0.481252   slack (MET)


Startpoint: dsa[29]._9_ (rising edge-triggered flip-flop clocked by core_clock)
Endpoint: dsa[30]._9_ (rising edge-triggered flip-flop clocked by core_clock)
Path Group: core_clock
Path Type: min

Fanout         Cap        Slew       Delay        Time   Description
---------------------------------------------------------------------------------------------
                                  0.000000    0.000000   clock core_clock (rise edge)
                                  0.000000    0.000000   clock source latency
     1    0.011662    0.000000    0.000000    0.000000 ^ clk (in)
                                                         clk (net)
                      0.000754    0.000377    0.000377 ^ clkbuf_0_clk/A (sky130_fd_sc_hd__clkbuf_16)
     8    0.076335    0.093236    0.152403    0.152780 ^ clkbuf_0_clk/X (sky130_fd_sc_hd__clkbuf_16)
                                                         clknet_0_clk (net)
                      0.093379    0.002475    0.155256 ^ clkbuf_3_1__f_clk/A (sky130_fd_sc_hd__clkbuf_16)
     7    0.025541    0.046826    0.148220    0.303476 ^ clkbuf_3_1__f_clk/X (sky130_fd_sc_hd__clkbuf_16)
                                                         clknet_3_1__leaf_clk (net)
                      0.046842    0.000785    0.304260 ^ dsa[29]._9_/CLK (sky130_fd_sc_hd__dfrtp_1)
     2    0.009625    0.097242    0.361475    0.665735 ^ dsa[29]._9_/Q (sky130_fd_sc_hd__dfrtp_1)
                                                         dsa[29].y_out (net)
                      0.097242    0.000334    0.666069 ^ dsa[30]._6_/A (sky130_fd_sc_hd__xnor2_1)
     1    0.002915    0.034392    0.078397    0.744467 v dsa[30]._6_/Y (sky130_fd_sc_hd__xnor2_1)
                                                         dsa[30].y_out_next (net)
                      0.034392    0.000092    0.744559 v dsa[30]._9_/D (sky130_fd_sc_hd__dfrtp_1)
                                              0.744559   data arrival time

                                  0.000000    0.000000   clock core_clock (rise edge)
                                  0.000000    0.000000   clock source latency
     1    0.011662    0.000000    0.000000    0.000000 ^ clk (in)
                                                         clk (net)
                      0.000754    0.000377    0.000377 ^ clkbuf_0_clk/A (sky130_fd_sc_hd__clkbuf_16)
     8    0.076335    0.093236    0.152403    0.152780 ^ clkbuf_0_clk/X (sky130_fd_sc_hd__clkbuf_16)
                                                         clknet_0_clk (net)
                      0.093379    0.002475    0.155256 ^ clkbuf_3_1__f_clk/A (sky130_fd_sc_hd__clkbuf_16)
     7    0.025541    0.046826    0.148220    0.303476 ^ clkbuf_3_1__f_clk/X (sky130_fd_sc_hd__clkbuf_16)
                                                         clknet_3_1__leaf_clk (net)
                      0.046832    0.000552    0.304028 ^ dsa[30]._9_/CLK (sky130_fd_sc_hd__dfrtp_1)
                                  0.000000    0.304028   clock reconvergence pessimism
                                 -0.041039    0.262989   library hold time
                                              0.262989   data required time
---------------------------------------------------------------------------------------------
                                              0.262989   data required time
                                             -0.744559   data arrival time
---------------------------------------------------------------------------------------------
                                              0.481570   slack (MET)


Startpoint: dsa[5]._9_ (rising edge-triggered flip-flop clocked by core_clock)
Endpoint: dsa[6]._9_ (rising edge-triggered flip-flop clocked by core_clock)
Path Group: core_clock
Path Type: min

Fanout         Cap        Slew       Delay        Time   Description
---------------------------------------------------------------------------------------------
                                  0.000000    0.000000   clock core_clock (rise edge)
                                  0.000000    0.000000   clock source latency
     1    0.011662    0.000000    0.000000    0.000000 ^ clk (in)
                                                         clk (net)
                      0.000754    0.000377    0.000377 ^ clkbuf_0_clk/A (sky130_fd_sc_hd__clkbuf_16)
     8    0.076335    0.093236    0.152403    0.152780 ^ clkbuf_0_clk/X (sky130_fd_sc_hd__clkbuf_16)
                                                         clknet_0_clk (net)
                      0.093366    0.002317    0.155097 ^ clkbuf_3_5__f_clk/A (sky130_fd_sc_hd__clkbuf_16)
     8    0.026738    0.047906    0.149440    0.304537 ^ clkbuf_3_5__f_clk/X (sky130_fd_sc_hd__clkbuf_16)
                                                         clknet_3_5__leaf_clk (net)
                      0.047914    0.000589    0.305126 ^ dsa[5]._9_/CLK (sky130_fd_sc_hd__dfrtp_1)
     2    0.009954    0.099938    0.363827    0.668952 ^ dsa[5]._9_/Q (sky130_fd_sc_hd__dfrtp_1)
                                                         dsa[5].y_out (net)
                      0.099938    0.000386    0.669338 ^ dsa[6]._6_/A (sky130_fd_sc_hd__xnor2_1)
     1    0.002685    0.033425    0.077750    0.747088 v dsa[6]._6_/Y (sky130_fd_sc_hd__xnor2_1)
                                                         dsa[6].y_out_next (net)
                      0.033425    0.000061    0.747149 v dsa[6]._9_/D (sky130_fd_sc_hd__dfrtp_1)
                                              0.747149   data arrival time

                                  0.000000    0.000000   clock core_clock (rise edge)
                                  0.000000    0.000000   clock source latency
     1    0.011662    0.000000    0.000000    0.000000 ^ clk (in)
                                                         clk (net)
                      0.000754    0.000377    0.000377 ^ clkbuf_0_clk/A (sky130_fd_sc_hd__clkbuf_16)
     8    0.076335    0.093236    0.152403    0.152780 ^ clkbuf_0_clk/X (sky130_fd_sc_hd__clkbuf_16)
                                                         clknet_0_clk (net)
                      0.093366    0.002317    0.155097 ^ clkbuf_3_5__f_clk/A (sky130_fd_sc_hd__clkbuf_16)
     8    0.026738    0.047906    0.149440    0.304537 ^ clkbuf_3_5__f_clk/X (sky130_fd_sc_hd__clkbuf_16)
                                                         clknet_3_5__leaf_clk (net)
                      0.047916    0.000629    0.305166 ^ dsa[6]._9_/CLK (sky130_fd_sc_hd__dfrtp_1)
                                  0.000000    0.305166   clock reconvergence pessimism
                                 -0.040398    0.264768   library hold time
                                              0.264768   data required time
---------------------------------------------------------------------------------------------
                                              0.264768   data required time
                                             -0.747149   data arrival time
---------------------------------------------------------------------------------------------
                                              0.482380   slack (MET)


Startpoint: dsa[18]._9_ (rising edge-triggered flip-flop clocked by core_clock)
Endpoint: dsa[19]._9_ (rising edge-triggered flip-flop clocked by core_clock)
Path Group: core_clock
Path Type: min

Fanout         Cap        Slew       Delay        Time   Description
---------------------------------------------------------------------------------------------
                                  0.000000    0.000000   clock core_clock (rise edge)
                                  0.000000    0.000000   clock source latency
     1    0.011662    0.000000    0.000000    0.000000 ^ clk (in)
                                                         clk (net)
                      0.000754    0.000377    0.000377 ^ clkbuf_0_clk/A (sky130_fd_sc_hd__clkbuf_16)
     8    0.076335    0.093236    0.152403    0.152780 ^ clkbuf_0_clk/X (sky130_fd_sc_hd__clkbuf_16)
                                                         clknet_0_clk (net)
                      0.093372    0.002396    0.155176 ^ clkbuf_3_4__f_clk/A (sky130_fd_sc_hd__clkbuf_16)
     9    0.024409    0.045788    0.147166    0.302342 ^ clkbuf_3_4__f_clk/X (sky130_fd_sc_hd__clkbuf_16)
                                                         clknet_3_4__leaf_clk (net)
                      0.045801    0.000721    0.303063 ^ dsa[18]._9_/CLK (sky130_fd_sc_hd__dfrtp_1)
     2    0.009944    0.099851    0.363000    0.666063 ^ dsa[18]._9_/Q (sky130_fd_sc_hd__dfrtp_1)
                                                         dsa[18].y_out (net)
                      0.099851    0.000384    0.666447 ^ dsa[19]._6_/A (sky130_fd_sc_hd__xnor2_1)
     1    0.003446    0.038864    0.082315    0.748762 v dsa[19]._6_/Y (sky130_fd_sc_hd__xnor2_1)
                                                         dsa[19].y_out_next (net)
                      0.038864    0.000093    0.748856 v dsa[19]._9_/D (sky130_fd_sc_hd__dfrtp_1)
                                              0.748856   data arrival time

                                  0.000000    0.000000   clock core_clock (rise edge)
                                  0.000000    0.000000   clock source latency
     1    0.011662    0.000000    0.000000    0.000000 ^ clk (in)
                                                         clk (net)
                      0.000754    0.000377    0.000377 ^ clkbuf_0_clk/A (sky130_fd_sc_hd__clkbuf_16)
     8    0.076335    0.093236    0.152403    0.152780 ^ clkbuf_0_clk/X (sky130_fd_sc_hd__clkbuf_16)
                                                         clknet_0_clk (net)
                      0.093365    0.002309    0.155089 ^ clkbuf_3_0__f_clk/A (sky130_fd_sc_hd__clkbuf_16)
    10    0.029790    0.050880    0.151925    0.307015 ^ clkbuf_3_0__f_clk/X (sky130_fd_sc_hd__clkbuf_16)
                                                         clknet_3_0__leaf_clk (net)
                      0.050884    0.000771    0.307786 ^ dsa[19]._9_/CLK (sky130_fd_sc_hd__dfrtp_1)
                                  0.000000    0.307786   clock reconvergence pessimism
                                 -0.041936    0.265850   library hold time
                                              0.265850   data required time
---------------------------------------------------------------------------------------------
                                              0.265850   data required time
                                             -0.748856   data arrival time
---------------------------------------------------------------------------------------------
                                              0.483005   slack (MET)


Startpoint: dsa[30]._9_ (rising edge-triggered flip-flop clocked by core_clock)
Endpoint: dsa[31]._9_ (rising edge-triggered flip-flop clocked by core_clock)
Path Group: core_clock
Path Type: min

Fanout         Cap        Slew       Delay        Time   Description
---------------------------------------------------------------------------------------------
                                  0.000000    0.000000   clock core_clock (rise edge)
                                  0.000000    0.000000   clock source latency
     1    0.011662    0.000000    0.000000    0.000000 ^ clk (in)
                                                         clk (net)
                      0.000754    0.000377    0.000377 ^ clkbuf_0_clk/A (sky130_fd_sc_hd__clkbuf_16)
     8    0.076335    0.093236    0.152403    0.152780 ^ clkbuf_0_clk/X (sky130_fd_sc_hd__clkbuf_16)
                                                         clknet_0_clk (net)
                      0.093379    0.002475    0.155256 ^ clkbuf_3_1__f_clk/A (sky130_fd_sc_hd__clkbuf_16)
     7    0.025541    0.046826    0.148220    0.303476 ^ clkbuf_3_1__f_clk/X (sky130_fd_sc_hd__clkbuf_16)
                                                         clknet_3_1__leaf_clk (net)
                      0.046832    0.000552    0.304028 ^ dsa[30]._9_/CLK (sky130_fd_sc_hd__dfrtp_1)
     2    0.009332    0.094891    0.359682    0.663710 ^ dsa[30]._9_/Q (sky130_fd_sc_hd__dfrtp_1)
                                                         dsa[30].y_out (net)
                      0.094891    0.000308    0.664018 ^ dsa[31]._6_/A (sky130_fd_sc_hd__xnor2_1)
     1    0.003889    0.041947    0.083603    0.747621 v dsa[31]._6_/Y (sky130_fd_sc_hd__xnor2_1)
                                                         dsa[31].y_out_next (net)
                      0.041947    0.000140    0.747761 v dsa[31]._9_/D (sky130_fd_sc_hd__dfrtp_1)
                                              0.747761   data arrival time

                                  0.000000    0.000000   clock core_clock (rise edge)
                                  0.000000    0.000000   clock source latency
     1    0.011662    0.000000    0.000000    0.000000 ^ clk (in)
                                                         clk (net)
                      0.000754    0.000377    0.000377 ^ clkbuf_0_clk/A (sky130_fd_sc_hd__clkbuf_16)
     8    0.076335    0.093236    0.152403    0.152780 ^ clkbuf_0_clk/X (sky130_fd_sc_hd__clkbuf_16)
                                                         clknet_0_clk (net)
                      0.093365    0.002309    0.155089 ^ clkbuf_3_0__f_clk/A (sky130_fd_sc_hd__clkbuf_16)
    10    0.029790    0.050880    0.151925    0.307015 ^ clkbuf_3_0__f_clk/X (sky130_fd_sc_hd__clkbuf_16)
                                                         clknet_3_0__leaf_clk (net)
                      0.050883    0.000737    0.307751 ^ dsa[31]._9_/CLK (sky130_fd_sc_hd__dfrtp_1)
                                  0.000000    0.307751   clock reconvergence pessimism
                                 -0.043191    0.264561   library hold time
                                              0.264561   data required time
---------------------------------------------------------------------------------------------
                                              0.264561   data required time
                                             -0.747761   data arrival time
---------------------------------------------------------------------------------------------
                                              0.483200   slack (MET)


Startpoint: dsa[20]._9_ (rising edge-triggered flip-flop clocked by core_clock)
Endpoint: dsa[21]._9_ (rising edge-triggered flip-flop clocked by core_clock)
Path Group: core_clock
Path Type: min

Fanout         Cap        Slew       Delay        Time   Description
---------------------------------------------------------------------------------------------
                                  0.000000    0.000000   clock core_clock (rise edge)
                                  0.000000    0.000000   clock source latency
     1    0.011662    0.000000    0.000000    0.000000 ^ clk (in)
                                                         clk (net)
                      0.000754    0.000377    0.000377 ^ clkbuf_0_clk/A (sky130_fd_sc_hd__clkbuf_16)
     8    0.076335    0.093236    0.152403    0.152780 ^ clkbuf_0_clk/X (sky130_fd_sc_hd__clkbuf_16)
                                                         clknet_0_clk (net)
                      0.093365    0.002309    0.155089 ^ clkbuf_3_0__f_clk/A (sky130_fd_sc_hd__clkbuf_16)
    10    0.029790    0.050880    0.151925    0.307015 ^ clkbuf_3_0__f_clk/X (sky130_fd_sc_hd__clkbuf_16)
                                                         clknet_3_0__leaf_clk (net)
                      0.050881    0.000399    0.307413 ^ dsa[20]._9_/CLK (sky130_fd_sc_hd__dfrtp_1)
     2    0.009061    0.093056    0.359328    0.666741 ^ dsa[20]._9_/Q (sky130_fd_sc_hd__dfrtp_1)
                                                         dsa[20].y_out (net)
                      0.093056    0.000331    0.667072 ^ dsa[21]._6_/A (sky130_fd_sc_hd__xnor2_1)
     1    0.003346    0.037220    0.079838    0.746910 v dsa[21]._6_/Y (sky130_fd_sc_hd__xnor2_1)
                                                         dsa[21].y_out_next (net)
                      0.037220    0.000112    0.747022 v dsa[21]._9_/D (sky130_fd_sc_hd__dfrtp_1)
                                              0.747022   data arrival time

                                  0.000000    0.000000   clock core_clock (rise edge)
                                  0.000000    0.000000   clock source latency
     1    0.011662    0.000000    0.000000    0.000000 ^ clk (in)
                                                         clk (net)
                      0.000754    0.000377    0.000377 ^ clkbuf_0_clk/A (sky130_fd_sc_hd__clkbuf_16)
     8    0.076335    0.093236    0.152403    0.152780 ^ clkbuf_0_clk/X (sky130_fd_sc_hd__clkbuf_16)
                                                         clknet_0_clk (net)
                      0.093359    0.002232    0.155012 ^ clkbuf_3_3__f_clk/A (sky130_fd_sc_hd__clkbuf_16)
     9    0.026965    0.048104    0.149595    0.304607 ^ clkbuf_3_3__f_clk/X (sky130_fd_sc_hd__clkbuf_16)
                                                         clknet_3_3__leaf_clk (net)
                      0.048115    0.000683    0.305290 ^ dsa[21]._9_/CLK (sky130_fd_sc_hd__dfrtp_1)
                                  0.000000    0.305290   clock reconvergence pessimism
                                 -0.041898    0.263392   library hold time
                                              0.263392   data required time
---------------------------------------------------------------------------------------------
                                              0.263392   data required time
                                             -0.747022   data arrival time
---------------------------------------------------------------------------------------------
                                              0.483630   slack (MET)


Startpoint: dsa[8]._9_ (rising edge-triggered flip-flop clocked by core_clock)
Endpoint: dsa[9]._9_ (rising edge-triggered flip-flop clocked by core_clock)
Path Group: core_clock
Path Type: min

Fanout         Cap        Slew       Delay        Time   Description
---------------------------------------------------------------------------------------------
                                  0.000000    0.000000   clock core_clock (rise edge)
                                  0.000000    0.000000   clock source latency
     1    0.011662    0.000000    0.000000    0.000000 ^ clk (in)
                                                         clk (net)
                      0.000754    0.000377    0.000377 ^ clkbuf_0_clk/A (sky130_fd_sc_hd__clkbuf_16)
     8    0.076335    0.093236    0.152403    0.152780 ^ clkbuf_0_clk/X (sky130_fd_sc_hd__clkbuf_16)
                                                         clknet_0_clk (net)
                      0.093372    0.002396    0.155176 ^ clkbuf_3_4__f_clk/A (sky130_fd_sc_hd__clkbuf_16)
     9    0.024409    0.045788    0.147166    0.302342 ^ clkbuf_3_4__f_clk/X (sky130_fd_sc_hd__clkbuf_16)
                                                         clknet_3_4__leaf_clk (net)
                      0.045801    0.000715    0.303057 ^ dsa[8]._9_/CLK (sky130_fd_sc_hd__dfrtp_1)
     2    0.010061    0.100805    0.363677    0.666734 ^ dsa[8]._9_/Q (sky130_fd_sc_hd__dfrtp_1)
                                                         dsa[8].y_out (net)
                      0.100805    0.000398    0.667132 ^ dsa[9]._6_/A (sky130_fd_sc_hd__xnor2_1)
     1    0.003220    0.036663    0.081217    0.748348 v dsa[9]._6_/Y (sky130_fd_sc_hd__xnor2_1)
                                                         dsa[9].y_out_next (net)
                      0.036663    0.000082    0.748431 v dsa[9]._9_/D (sky130_fd_sc_hd__dfrtp_1)
                                              0.748431   data arrival time

                                  0.000000    0.000000   clock core_clock (rise edge)
                                  0.000000    0.000000   clock source latency
     1    0.011662    0.000000    0.000000    0.000000 ^ clk (in)
                                                         clk (net)
                      0.000754    0.000377    0.000377 ^ clkbuf_0_clk/A (sky130_fd_sc_hd__clkbuf_16)
     8    0.076335    0.093236    0.152403    0.152780 ^ clkbuf_0_clk/X (sky130_fd_sc_hd__clkbuf_16)
                                                         clknet_0_clk (net)
                      0.093361    0.002257    0.155037 ^ clkbuf_3_7__f_clk/A (sky130_fd_sc_hd__clkbuf_16)
    10    0.027229    0.048369    0.149808    0.304846 ^ clkbuf_3_7__f_clk/X (sky130_fd_sc_hd__clkbuf_16)
                                                         clknet_3_7__leaf_clk (net)
                      0.048399    0.000769    0.305615 ^ dsa[9]._9_/CLK (sky130_fd_sc_hd__dfrtp_1)
                                  0.000000    0.305615   clock reconvergence pessimism
                                 -0.041606    0.264008   library hold time
                                              0.264008   data required time
---------------------------------------------------------------------------------------------
                                              0.264008   data required time
                                             -0.748431   data arrival time
---------------------------------------------------------------------------------------------
                                              0.484422   slack (MET)


Startpoint: dsa[26]._9_ (rising edge-triggered flip-flop clocked by core_clock)
Endpoint: dsa[27]._9_ (rising edge-triggered flip-flop clocked by core_clock)
Path Group: core_clock
Path Type: min

Fanout         Cap        Slew       Delay        Time   Description
---------------------------------------------------------------------------------------------
                                  0.000000    0.000000   clock core_clock (rise edge)
                                  0.000000    0.000000   clock source latency
     1    0.011662    0.000000    0.000000    0.000000 ^ clk (in)
                                                         clk (net)
                      0.000754    0.000377    0.000377 ^ clkbuf_0_clk/A (sky130_fd_sc_hd__clkbuf_16)
     8    0.076335    0.093236    0.152403    0.152780 ^ clkbuf_0_clk/X (sky130_fd_sc_hd__clkbuf_16)
                                                         clknet_0_clk (net)
                      0.093362    0.002267    0.155047 ^ clkbuf_3_2__f_clk/A (sky130_fd_sc_hd__clkbuf_16)
    10    0.028338    0.049648    0.150898    0.305945 ^ clkbuf_3_2__f_clk/X (sky130_fd_sc_hd__clkbuf_16)
                                                         clknet_3_2__leaf_clk (net)
                      0.049649    0.000511    0.306456 ^ dsa[26]._9_/CLK (sky130_fd_sc_hd__dfrtp_1)
     2    0.009643    0.097402    0.362631    0.669087 ^ dsa[26]._9_/Q (sky130_fd_sc_hd__dfrtp_1)
                                                         dsa[26].y_out (net)
                      0.097402    0.000303    0.669390 ^ dsa[27]._6_/A (sky130_fd_sc_hd__xnor2_1)
     1    0.003224    0.036674    0.080304    0.749694 v dsa[27]._6_/Y (sky130_fd_sc_hd__xnor2_1)
                                                         dsa[27].y_out_next (net)
                      0.036674    0.000081    0.749775 v dsa[27]._9_/D (sky130_fd_sc_hd__dfrtp_1)
                                              0.749775   data arrival time

                                  0.000000    0.000000   clock core_clock (rise edge)
                                  0.000000    0.000000   clock source latency
     1    0.011662    0.000000    0.000000    0.000000 ^ clk (in)
                                                         clk (net)
                      0.000754    0.000377    0.000377 ^ clkbuf_0_clk/A (sky130_fd_sc_hd__clkbuf_16)
     8    0.076335    0.093236    0.152403    0.152780 ^ clkbuf_0_clk/X (sky130_fd_sc_hd__clkbuf_16)
                                                         clknet_0_clk (net)
                      0.093362    0.002267    0.155047 ^ clkbuf_3_2__f_clk/A (sky130_fd_sc_hd__clkbuf_16)
    10    0.028338    0.049648    0.150898    0.305945 ^ clkbuf_3_2__f_clk/X (sky130_fd_sc_hd__clkbuf_16)
                                                         clknet_3_2__leaf_clk (net)
                      0.049649    0.000445    0.306391 ^ dsa[27]._9_/CLK (sky130_fd_sc_hd__dfrtp_1)
                                  0.000000    0.306391   clock reconvergence pessimism
                                 -0.041326    0.265065   library hold time
                                              0.265065   data required time
---------------------------------------------------------------------------------------------
                                              0.265065   data required time
                                             -0.749775   data arrival time
---------------------------------------------------------------------------------------------
                                              0.484710   slack (MET)


Startpoint: dsa[23]._9_ (rising edge-triggered flip-flop clocked by core_clock)
Endpoint: dsa[24]._9_ (rising edge-triggered flip-flop clocked by core_clock)
Path Group: core_clock
Path Type: min

Fanout         Cap        Slew       Delay        Time   Description
---------------------------------------------------------------------------------------------
                                  0.000000    0.000000   clock core_clock (rise edge)
                                  0.000000    0.000000   clock source latency
     1    0.011662    0.000000    0.000000    0.000000 ^ clk (in)
                                                         clk (net)
                      0.000754    0.000377    0.000377 ^ clkbuf_0_clk/A (sky130_fd_sc_hd__clkbuf_16)
     8    0.076335    0.093236    0.152403    0.152780 ^ clkbuf_0_clk/X (sky130_fd_sc_hd__clkbuf_16)
                                                         clknet_0_clk (net)
                      0.093359    0.002232    0.155012 ^ clkbuf_3_3__f_clk/A (sky130_fd_sc_hd__clkbuf_16)
     9    0.026965    0.048104    0.149595    0.304607 ^ clkbuf_3_3__f_clk/X (sky130_fd_sc_hd__clkbuf_16)
                                                         clknet_3_3__leaf_clk (net)
                      0.048116    0.000697    0.305305 ^ dsa[23]._9_/CLK (sky130_fd_sc_hd__dfrtp_1)
     2    0.008677    0.090406    0.355793    0.661098 ^ dsa[23]._9_/Q (sky130_fd_sc_hd__dfrtp_1)
                                                         dsa[23].y_out (net)
                      0.090406    0.000170    0.661268 ^ dsa[24]._6_/A (sky130_fd_sc_hd__xnor2_1)
     1    0.004340    0.044310    0.085056    0.746323 v dsa[24]._6_/Y (sky130_fd_sc_hd__xnor2_1)
                                                         dsa[24].y_out_next (net)
                      0.044310    0.000137    0.746460 v dsa[24]._9_/D (sky130_fd_sc_hd__dfrtp_1)
                                              0.746460   data arrival time

                                  0.000000    0.000000   clock core_clock (rise edge)
                                  0.000000    0.000000   clock source latency
     1    0.011662    0.000000    0.000000    0.000000 ^ clk (in)
                                                         clk (net)
                      0.000754    0.000377    0.000377 ^ clkbuf_0_clk/A (sky130_fd_sc_hd__clkbuf_16)
     8    0.076335    0.093236    0.152403    0.152780 ^ clkbuf_0_clk/X (sky130_fd_sc_hd__clkbuf_16)
                                                         clknet_0_clk (net)
                      0.093359    0.002232    0.155012 ^ clkbuf_3_3__f_clk/A (sky130_fd_sc_hd__clkbuf_16)
     9    0.026965    0.048104    0.149595    0.304607 ^ clkbuf_3_3__f_clk/X (sky130_fd_sc_hd__clkbuf_16)
                                                         clknet_3_3__leaf_clk (net)
                      0.048120    0.000794    0.305401 ^ dsa[24]._9_/CLK (sky130_fd_sc_hd__dfrtp_1)
                                  0.000000    0.305401   clock reconvergence pessimism
                                 -0.044783    0.260619   library hold time
                                              0.260619   data required time
---------------------------------------------------------------------------------------------
                                              0.260619   data required time
                                             -0.746460   data arrival time
---------------------------------------------------------------------------------------------
                                              0.485842   slack (MET)


Startpoint: dsa[11]._9_ (rising edge-triggered flip-flop clocked by core_clock)
Endpoint: dsa[12]._9_ (rising edge-triggered flip-flop clocked by core_clock)
Path Group: core_clock
Path Type: min

Fanout         Cap        Slew       Delay        Time   Description
---------------------------------------------------------------------------------------------
                                  0.000000    0.000000   clock core_clock (rise edge)
                                  0.000000    0.000000   clock source latency
     1    0.011662    0.000000    0.000000    0.000000 ^ clk (in)
                                                         clk (net)
                      0.000754    0.000377    0.000377 ^ clkbuf_0_clk/A (sky130_fd_sc_hd__clkbuf_16)
     8    0.076335    0.093236    0.152403    0.152780 ^ clkbuf_0_clk/X (sky130_fd_sc_hd__clkbuf_16)
                                                         clknet_0_clk (net)
                      0.093361    0.002257    0.155037 ^ clkbuf_3_7__f_clk/A (sky130_fd_sc_hd__clkbuf_16)
    10    0.027229    0.048369    0.149808    0.304846 ^ clkbuf_3_7__f_clk/X (sky130_fd_sc_hd__clkbuf_16)
                                                         clknet_3_7__leaf_clk (net)
                      0.048399    0.000776    0.305622 ^ dsa[11]._9_/CLK (sky130_fd_sc_hd__dfrtp_1)
     2    0.010148    0.101528    0.365181    0.670803 ^ dsa[11]._9_/Q (sky130_fd_sc_hd__dfrtp_1)
                                                         dsa[11].y_out (net)
                      0.101528    0.000406    0.671209 ^ dsa[12]._6_/A (sky130_fd_sc_hd__xnor2_1)
     1    0.002963    0.035118    0.079861    0.751070 v dsa[12]._6_/Y (sky130_fd_sc_hd__xnor2_1)
                                                         dsa[12].y_out_next (net)
                      0.035120    0.000073    0.751143 v dsa[12]._9_/D (sky130_fd_sc_hd__dfrtp_1)
                                              0.751143   data arrival time

                                  0.000000    0.000000   clock core_clock (rise edge)
                                  0.000000    0.000000   clock source latency
     1    0.011662    0.000000    0.000000    0.000000 ^ clk (in)
                                                         clk (net)
                      0.000754    0.000377    0.000377 ^ clkbuf_0_clk/A (sky130_fd_sc_hd__clkbuf_16)
     8    0.076335    0.093236    0.152403    0.152780 ^ clkbuf_0_clk/X (sky130_fd_sc_hd__clkbuf_16)
                                                         clknet_0_clk (net)
                      0.093361    0.002257    0.155037 ^ clkbuf_3_7__f_clk/A (sky130_fd_sc_hd__clkbuf_16)
    10    0.027229    0.048369    0.149808    0.304846 ^ clkbuf_3_7__f_clk/X (sky130_fd_sc_hd__clkbuf_16)
                                                         clknet_3_7__leaf_clk (net)
                      0.048400    0.000794    0.305640 ^ dsa[12]._9_/CLK (sky130_fd_sc_hd__dfrtp_1)
                                  0.000000    0.305640   clock reconvergence pessimism
                                 -0.040978    0.264662   library hold time
                                              0.264662   data required time
---------------------------------------------------------------------------------------------
                                              0.264662   data required time
                                             -0.751143   data arrival time
---------------------------------------------------------------------------------------------
                                              0.486481   slack (MET)


Startpoint: dsa[27]._9_ (rising edge-triggered flip-flop clocked by core_clock)
Endpoint: dsa[28]._9_ (rising edge-triggered flip-flop clocked by core_clock)
Path Group: core_clock
Path Type: min

Fanout         Cap        Slew       Delay        Time   Description
---------------------------------------------------------------------------------------------
                                  0.000000    0.000000   clock core_clock (rise edge)
                                  0.000000    0.000000   clock source latency
     1    0.011662    0.000000    0.000000    0.000000 ^ clk (in)
                                                         clk (net)
                      0.000754    0.000377    0.000377 ^ clkbuf_0_clk/A (sky130_fd_sc_hd__clkbuf_16)
     8    0.076335    0.093236    0.152403    0.152780 ^ clkbuf_0_clk/X (sky130_fd_sc_hd__clkbuf_16)
                                                         clknet_0_clk (net)
                      0.093362    0.002267    0.155047 ^ clkbuf_3_2__f_clk/A (sky130_fd_sc_hd__clkbuf_16)
    10    0.028338    0.049648    0.150898    0.305945 ^ clkbuf_3_2__f_clk/X (sky130_fd_sc_hd__clkbuf_16)
                                                         clknet_3_2__leaf_clk (net)
                      0.049649    0.000445    0.306391 ^ dsa[27]._9_/CLK (sky130_fd_sc_hd__dfrtp_1)
     2    0.009036    0.092874    0.358722    0.665113 ^ dsa[27]._9_/Q (sky130_fd_sc_hd__dfrtp_1)
                                                         dsa[27].y_out (net)
                      0.092874    0.000274    0.665387 ^ dsa[28]._6_/A (sky130_fd_sc_hd__xnor2_1)
     1    0.004324    0.043501    0.085646    0.751033 v dsa[28]._6_/Y (sky130_fd_sc_hd__xnor2_1)
                                                         dsa[28].y_out_next (net)
                      0.043501    0.000162    0.751195 v dsa[28]._9_/D (sky130_fd_sc_hd__dfrtp_1)
                                              0.751195   data arrival time

                                  0.000000    0.000000   clock core_clock (rise edge)
                                  0.000000    0.000000   clock source latency
     1    0.011662    0.000000    0.000000    0.000000 ^ clk (in)
                                                         clk (net)
                      0.000754    0.000377    0.000377 ^ clkbuf_0_clk/A (sky130_fd_sc_hd__clkbuf_16)
     8    0.076335    0.093236    0.152403    0.152780 ^ clkbuf_0_clk/X (sky130_fd_sc_hd__clkbuf_16)
                                                         clknet_0_clk (net)
                      0.093365    0.002309    0.155089 ^ clkbuf_3_0__f_clk/A (sky130_fd_sc_hd__clkbuf_16)
    10    0.029790    0.050880    0.151925    0.307015 ^ clkbuf_3_0__f_clk/X (sky130_fd_sc_hd__clkbuf_16)
                                                         clknet_3_0__leaf_clk (net)
                      0.050882    0.000599    0.307614 ^ dsa[28]._9_/CLK (sky130_fd_sc_hd__dfrtp_1)
                                  0.000000    0.307614   clock reconvergence pessimism
                                 -0.043823    0.263791   library hold time
                                              0.263791   data required time
---------------------------------------------------------------------------------------------
                                              0.263791   data required time
                                             -0.751195   data arrival time
---------------------------------------------------------------------------------------------
                                              0.487404   slack (MET)


Startpoint: dsa[14]._9_ (rising edge-triggered flip-flop clocked by core_clock)
Endpoint: dsa[15]._9_ (rising edge-triggered flip-flop clocked by core_clock)
Path Group: core_clock
Path Type: min

Fanout         Cap        Slew       Delay        Time   Description
---------------------------------------------------------------------------------------------
                                  0.000000    0.000000   clock core_clock (rise edge)
                                  0.000000    0.000000   clock source latency
     1    0.011662    0.000000    0.000000    0.000000 ^ clk (in)
                                                         clk (net)
                      0.000754    0.000377    0.000377 ^ clkbuf_0_clk/A (sky130_fd_sc_hd__clkbuf_16)
     8    0.076335    0.093236    0.152403    0.152780 ^ clkbuf_0_clk/X (sky130_fd_sc_hd__clkbuf_16)
                                                         clknet_0_clk (net)
                      0.093358    0.002216    0.154997 ^ clkbuf_3_6__f_clk/A (sky130_fd_sc_hd__clkbuf_16)
     8    0.026669    0.047852    0.149392    0.304389 ^ clkbuf_3_6__f_clk/X (sky130_fd_sc_hd__clkbuf_16)
                                                         clknet_3_6__leaf_clk (net)
                      0.047859    0.000578    0.304967 ^ dsa[14]._9_/CLK (sky130_fd_sc_hd__dfrtp_1)
     2    0.009479    0.096063    0.360955    0.665921 ^ dsa[14]._9_/Q (sky130_fd_sc_hd__dfrtp_1)
                                                         dsa[14].y_out (net)
                      0.096063    0.000348    0.666270 ^ dsa[15]._6_/A (sky130_fd_sc_hd__xnor2_1)
     1    0.003458    0.038024    0.081339    0.747609 v dsa[15]._6_/Y (sky130_fd_sc_hd__xnor2_1)
                                                         dsa[15].y_out_next (net)
                      0.038024    0.000114    0.747723 v dsa[15]._9_/D (sky130_fd_sc_hd__dfrtp_1)
                                              0.747723   data arrival time

                                  0.000000    0.000000   clock core_clock (rise edge)
                                  0.000000    0.000000   clock source latency
     1    0.011662    0.000000    0.000000    0.000000 ^ clk (in)
                                                         clk (net)
                      0.000754    0.000377    0.000377 ^ clkbuf_0_clk/A (sky130_fd_sc_hd__clkbuf_16)
     8    0.076335    0.093236    0.152403    0.152780 ^ clkbuf_0_clk/X (sky130_fd_sc_hd__clkbuf_16)
                                                         clknet_0_clk (net)
                      0.093372    0.002396    0.155176 ^ clkbuf_3_4__f_clk/A (sky130_fd_sc_hd__clkbuf_16)
     9    0.024409    0.045788    0.147166    0.302342 ^ clkbuf_3_4__f_clk/X (sky130_fd_sc_hd__clkbuf_16)
                                                         clknet_3_4__leaf_clk (net)
                      0.045801    0.000708    0.303050 ^ dsa[15]._9_/CLK (sky130_fd_sc_hd__dfrtp_1)
                                  0.000000    0.303050   clock reconvergence pessimism
                                 -0.042753    0.260297   library hold time
                                              0.260297   data required time
---------------------------------------------------------------------------------------------
                                              0.260297   data required time
                                             -0.747723   data arrival time
---------------------------------------------------------------------------------------------
                                              0.487426   slack (MET)


Startpoint: dsa[17]._9_ (rising edge-triggered flip-flop clocked by core_clock)
Endpoint: dsa[18]._9_ (rising edge-triggered flip-flop clocked by core_clock)
Path Group: core_clock
Path Type: min

Fanout         Cap        Slew       Delay        Time   Description
---------------------------------------------------------------------------------------------
                                  0.000000    0.000000   clock core_clock (rise edge)
                                  0.000000    0.000000   clock source latency
     1    0.011662    0.000000    0.000000    0.000000 ^ clk (in)
                                                         clk (net)
                      0.000754    0.000377    0.000377 ^ clkbuf_0_clk/A (sky130_fd_sc_hd__clkbuf_16)
     8    0.076335    0.093236    0.152403    0.152780 ^ clkbuf_0_clk/X (sky130_fd_sc_hd__clkbuf_16)
                                                         clknet_0_clk (net)
                      0.093372    0.002396    0.155176 ^ clkbuf_3_4__f_clk/A (sky130_fd_sc_hd__clkbuf_16)
     9    0.024409    0.045788    0.147166    0.302342 ^ clkbuf_3_4__f_clk/X (sky130_fd_sc_hd__clkbuf_16)
                                                         clknet_3_4__leaf_clk (net)
                      0.045800    0.000690    0.303032 ^ dsa[17]._9_/CLK (sky130_fd_sc_hd__dfrtp_1)
     2    0.008631    0.090083    0.354611    0.657643 ^ dsa[17]._9_/Q (sky130_fd_sc_hd__dfrtp_1)
                                                         dsa[17].y_out (net)
                      0.090083    0.000170    0.657813 ^ dsa[18]._6_/A (sky130_fd_sc_hd__xnor2_1)
     1    0.004624    0.046184    0.086654    0.744468 v dsa[18]._6_/Y (sky130_fd_sc_hd__xnor2_1)
                                                         dsa[18].y_out_next (net)
                      0.046184    0.000178    0.744646 v dsa[18]._9_/D (sky130_fd_sc_hd__dfrtp_1)
                                              0.744646   data arrival time

                                  0.000000    0.000000   clock core_clock (rise edge)
                                  0.000000    0.000000   clock source latency
     1    0.011662    0.000000    0.000000    0.000000 ^ clk (in)
                                                         clk (net)
                      0.000754    0.000377    0.000377 ^ clkbuf_0_clk/A (sky130_fd_sc_hd__clkbuf_16)
     8    0.076335    0.093236    0.152403    0.152780 ^ clkbuf_0_clk/X (sky130_fd_sc_hd__clkbuf_16)
                                                         clknet_0_clk (net)
                      0.093372    0.002396    0.155176 ^ clkbuf_3_4__f_clk/A (sky130_fd_sc_hd__clkbuf_16)
     9    0.024409    0.045788    0.147166    0.302342 ^ clkbuf_3_4__f_clk/X (sky130_fd_sc_hd__clkbuf_16)
                                                         clknet_3_4__leaf_clk (net)
                      0.045801    0.000721    0.303063 ^ dsa[18]._9_/CLK (sky130_fd_sc_hd__dfrtp_1)
                                  0.000000    0.303063   clock reconvergence pessimism
                                 -0.046075    0.256988   library hold time
                                              0.256988   data required time
---------------------------------------------------------------------------------------------
                                              0.256988   data required time
                                             -0.744646   data arrival time
---------------------------------------------------------------------------------------------
                                              0.487658   slack (MET)


Startpoint: dsa[10]._9_ (rising edge-triggered flip-flop clocked by core_clock)
Endpoint: dsa[11]._9_ (rising edge-triggered flip-flop clocked by core_clock)
Path Group: core_clock
Path Type: min

Fanout         Cap        Slew       Delay        Time   Description
---------------------------------------------------------------------------------------------
                                  0.000000    0.000000   clock core_clock (rise edge)
                                  0.000000    0.000000   clock source latency
     1    0.011662    0.000000    0.000000    0.000000 ^ clk (in)
                                                         clk (net)
                      0.000754    0.000377    0.000377 ^ clkbuf_0_clk/A (sky130_fd_sc_hd__clkbuf_16)
     8    0.076335    0.093236    0.152403    0.152780 ^ clkbuf_0_clk/X (sky130_fd_sc_hd__clkbuf_16)
                                                         clknet_0_clk (net)
                      0.093358    0.002216    0.154997 ^ clkbuf_3_6__f_clk/A (sky130_fd_sc_hd__clkbuf_16)
     8    0.026669    0.047852    0.149392    0.304389 ^ clkbuf_3_6__f_clk/X (sky130_fd_sc_hd__clkbuf_16)
                                                         clknet_3_6__leaf_clk (net)
                      0.047853    0.000333    0.304722 ^ dsa[10]._9_/CLK (sky130_fd_sc_hd__dfrtp_1)
     2    0.009608    0.097109    0.361757    0.666480 ^ dsa[10]._9_/Q (sky130_fd_sc_hd__dfrtp_1)
                                                         dsa[10].y_out (net)
                      0.097109    0.000323    0.666803 ^ dsa[11]._6_/A (sky130_fd_sc_hd__xnor2_1)
     1    0.003975    0.041874    0.084747    0.751550 v dsa[11]._6_/Y (sky130_fd_sc_hd__xnor2_1)
                                                         dsa[11].y_out_next (net)
                      0.041874    0.000118    0.751667 v dsa[11]._9_/D (sky130_fd_sc_hd__dfrtp_1)
                                              0.751667   data arrival time

                                  0.000000    0.000000   clock core_clock (rise edge)
                                  0.000000    0.000000   clock source latency
     1    0.011662    0.000000    0.000000    0.000000 ^ clk (in)
                                                         clk (net)
                      0.000754    0.000377    0.000377 ^ clkbuf_0_clk/A (sky130_fd_sc_hd__clkbuf_16)
     8    0.076335    0.093236    0.152403    0.152780 ^ clkbuf_0_clk/X (sky130_fd_sc_hd__clkbuf_16)
                                                         clknet_0_clk (net)
                      0.093361    0.002257    0.155037 ^ clkbuf_3_7__f_clk/A (sky130_fd_sc_hd__clkbuf_16)
    10    0.027229    0.048369    0.149808    0.304846 ^ clkbuf_3_7__f_clk/X (sky130_fd_sc_hd__clkbuf_16)
                                                         clknet_3_7__leaf_clk (net)
                      0.048399    0.000776    0.305622 ^ dsa[11]._9_/CLK (sky130_fd_sc_hd__dfrtp_1)
                                  0.000000    0.305622   clock reconvergence pessimism
                                 -0.043727    0.261894   library hold time
                                              0.261894   data required time
---------------------------------------------------------------------------------------------
                                              0.261894   data required time
                                             -0.751667   data arrival time
---------------------------------------------------------------------------------------------
                                              0.489773   slack (MET)


Startpoint: dsa[28]._9_ (rising edge-triggered flip-flop clocked by core_clock)
Endpoint: dsa[29]._9_ (rising edge-triggered flip-flop clocked by core_clock)
Path Group: core_clock
Path Type: min

Fanout         Cap        Slew       Delay        Time   Description
---------------------------------------------------------------------------------------------
                                  0.000000    0.000000   clock core_clock (rise edge)
                                  0.000000    0.000000   clock source latency
     1    0.011662    0.000000    0.000000    0.000000 ^ clk (in)
                                                         clk (net)
                      0.000754    0.000377    0.000377 ^ clkbuf_0_clk/A (sky130_fd_sc_hd__clkbuf_16)
     8    0.076335    0.093236    0.152403    0.152780 ^ clkbuf_0_clk/X (sky130_fd_sc_hd__clkbuf_16)
                                                         clknet_0_clk (net)
                      0.093365    0.002309    0.155089 ^ clkbuf_3_0__f_clk/A (sky130_fd_sc_hd__clkbuf_16)
    10    0.029790    0.050880    0.151925    0.307015 ^ clkbuf_3_0__f_clk/X (sky130_fd_sc_hd__clkbuf_16)
                                                         clknet_3_0__leaf_clk (net)
                      0.050882    0.000599    0.307614 ^ dsa[28]._9_/CLK (sky130_fd_sc_hd__dfrtp_1)
     2    0.008914    0.092055    0.358356    0.665970 ^ dsa[28]._9_/Q (sky130_fd_sc_hd__dfrtp_1)
                                                         dsa[28].y_out (net)
                      0.092055    0.000309    0.666279 ^ dsa[29]._6_/A (sky130_fd_sc_hd__xnor2_1)
     1    0.004118    0.042882    0.084195    0.750474 v dsa[29]._6_/Y (sky130_fd_sc_hd__xnor2_1)
                                                         dsa[29].y_out_next (net)
                      0.042882    0.000125    0.750599 v dsa[29]._9_/D (sky130_fd_sc_hd__dfrtp_1)
                                              0.750599   data arrival time

                                  0.000000    0.000000   clock core_clock (rise edge)
                                  0.000000    0.000000   clock source latency
     1    0.011662    0.000000    0.000000    0.000000 ^ clk (in)
                                                         clk (net)
                      0.000754    0.000377    0.000377 ^ clkbuf_0_clk/A (sky130_fd_sc_hd__clkbuf_16)
     8    0.076335    0.093236    0.152403    0.152780 ^ clkbuf_0_clk/X (sky130_fd_sc_hd__clkbuf_16)
                                                         clknet_0_clk (net)
                      0.093379    0.002475    0.155256 ^ clkbuf_3_1__f_clk/A (sky130_fd_sc_hd__clkbuf_16)
     7    0.025541    0.046826    0.148220    0.303476 ^ clkbuf_3_1__f_clk/X (sky130_fd_sc_hd__clkbuf_16)
                                                         clknet_3_1__leaf_clk (net)
                      0.046842    0.000785    0.304260 ^ dsa[29]._9_/CLK (sky130_fd_sc_hd__dfrtp_1)
                                  0.000000    0.304260   clock reconvergence pessimism
                                 -0.044493    0.259767   library hold time
                                              0.259767   data required time
---------------------------------------------------------------------------------------------
                                              0.259767   data required time
                                             -0.750599   data arrival time
---------------------------------------------------------------------------------------------
                                              0.490832   slack (MET)


Startpoint: dsa[1]._9_ (rising edge-triggered flip-flop clocked by core_clock)
Endpoint: dsa[2]._9_ (rising edge-triggered flip-flop clocked by core_clock)
Path Group: core_clock
Path Type: min

Fanout         Cap        Slew       Delay        Time   Description
---------------------------------------------------------------------------------------------
                                  0.000000    0.000000   clock core_clock (rise edge)
                                  0.000000    0.000000   clock source latency
     1    0.011662    0.000000    0.000000    0.000000 ^ clk (in)
                                                         clk (net)
                      0.000754    0.000377    0.000377 ^ clkbuf_0_clk/A (sky130_fd_sc_hd__clkbuf_16)
     8    0.076335    0.093236    0.152403    0.152780 ^ clkbuf_0_clk/X (sky130_fd_sc_hd__clkbuf_16)
                                                         clknet_0_clk (net)
                      0.093361    0.002257    0.155037 ^ clkbuf_3_7__f_clk/A (sky130_fd_sc_hd__clkbuf_16)
    10    0.027229    0.048369    0.149808    0.304846 ^ clkbuf_3_7__f_clk/X (sky130_fd_sc_hd__clkbuf_16)
                                                         clknet_3_7__leaf_clk (net)
                      0.048399    0.000778    0.305624 ^ dsa[1]._9_/CLK (sky130_fd_sc_hd__dfrtp_1)
     2    0.009525    0.096436    0.361432    0.667057 ^ dsa[1]._9_/Q (sky130_fd_sc_hd__dfrtp_1)
                                                         dsa[1].y_out (net)
                      0.096436    0.000333    0.667390 ^ dsa[2]._6_/A (sky130_fd_sc_hd__xnor2_1)
     1    0.004056    0.042774    0.085035    0.752424 v dsa[2]._6_/Y (sky130_fd_sc_hd__xnor2_1)
                                                         dsa[2].y_out_next (net)
                      0.042774    0.000151    0.752576 v dsa[2]._9_/D (sky130_fd_sc_hd__dfrtp_1)
                                              0.752576   data arrival time

                                  0.000000    0.000000   clock core_clock (rise edge)
                                  0.000000    0.000000   clock source latency
     1    0.011662    0.000000    0.000000    0.000000 ^ clk (in)
                                                         clk (net)
                      0.000754    0.000377    0.000377 ^ clkbuf_0_clk/A (sky130_fd_sc_hd__clkbuf_16)
     8    0.076335    0.093236    0.152403    0.152780 ^ clkbuf_0_clk/X (sky130_fd_sc_hd__clkbuf_16)
                                                         clknet_0_clk (net)
                      0.093361    0.002257    0.155037 ^ clkbuf_3_7__f_clk/A (sky130_fd_sc_hd__clkbuf_16)
    10    0.027229    0.048369    0.149808    0.304846 ^ clkbuf_3_7__f_clk/X (sky130_fd_sc_hd__clkbuf_16)
                                                         clknet_3_7__leaf_clk (net)
                      0.048399    0.000771    0.305617 ^ dsa[2]._9_/CLK (sky130_fd_sc_hd__dfrtp_1)
                                  0.000000    0.305617   clock reconvergence pessimism
                                 -0.044094    0.261523   library hold time
                                              0.261523   data required time
---------------------------------------------------------------------------------------------
                                              0.261523   data required time
                                             -0.752576   data arrival time
---------------------------------------------------------------------------------------------
                                              0.491053   slack (MET)


Startpoint: dsa[24]._9_ (rising edge-triggered flip-flop clocked by core_clock)
Endpoint: dsa[25]._9_ (rising edge-triggered flip-flop clocked by core_clock)
Path Group: core_clock
Path Type: min

Fanout         Cap        Slew       Delay        Time   Description
---------------------------------------------------------------------------------------------
                                  0.000000    0.000000   clock core_clock (rise edge)
                                  0.000000    0.000000   clock source latency
     1    0.011662    0.000000    0.000000    0.000000 ^ clk (in)
                                                         clk (net)
                      0.000754    0.000377    0.000377 ^ clkbuf_0_clk/A (sky130_fd_sc_hd__clkbuf_16)
     8    0.076335    0.093236    0.152403    0.152780 ^ clkbuf_0_clk/X (sky130_fd_sc_hd__clkbuf_16)
                                                         clknet_0_clk (net)
                      0.093359    0.002232    0.155012 ^ clkbuf_3_3__f_clk/A (sky130_fd_sc_hd__clkbuf_16)
     9    0.026965    0.048104    0.149595    0.304607 ^ clkbuf_3_3__f_clk/X (sky130_fd_sc_hd__clkbuf_16)
                                                         clknet_3_3__leaf_clk (net)
                      0.048120    0.000794    0.305401 ^ dsa[24]._9_/CLK (sky130_fd_sc_hd__dfrtp_1)
     2    0.010048    0.100698    0.364508    0.669909 ^ dsa[24]._9_/Q (sky130_fd_sc_hd__dfrtp_1)
                                                         dsa[24].y_out (net)
                      0.100698    0.000311    0.670221 ^ dsa[25]._6_/A (sky130_fd_sc_hd__xnor2_1)
     1    0.003904    0.040752    0.085309    0.755530 v dsa[25]._6_/Y (sky130_fd_sc_hd__xnor2_1)
                                                         dsa[25].y_out_next (net)
                      0.040752    0.000143    0.755673 v dsa[25]._9_/D (sky130_fd_sc_hd__dfrtp_1)
                                              0.755673   data arrival time

                                  0.000000    0.000000   clock core_clock (rise edge)
                                  0.000000    0.000000   clock source latency
     1    0.011662    0.000000    0.000000    0.000000 ^ clk (in)
                                                         clk (net)
                      0.000754    0.000377    0.000377 ^ clkbuf_0_clk/A (sky130_fd_sc_hd__clkbuf_16)
     8    0.076335    0.093236    0.152403    0.152780 ^ clkbuf_0_clk/X (sky130_fd_sc_hd__clkbuf_16)
                                                         clknet_0_clk (net)
                      0.093362    0.002267    0.155047 ^ clkbuf_3_2__f_clk/A (sky130_fd_sc_hd__clkbuf_16)
    10    0.028338    0.049648    0.150898    0.305945 ^ clkbuf_3_2__f_clk/X (sky130_fd_sc_hd__clkbuf_16)
                                                         clknet_3_2__leaf_clk (net)
                      0.049649    0.000479    0.306424 ^ dsa[25]._9_/CLK (sky130_fd_sc_hd__dfrtp_1)
                                  0.000000    0.306424   clock reconvergence pessimism
                                 -0.042986    0.263438   library hold time
                                              0.263438   data required time
---------------------------------------------------------------------------------------------
                                              0.263438   data required time
                                             -0.755673   data arrival time
---------------------------------------------------------------------------------------------
                                              0.492234   slack (MET)


Startpoint: dsa[23]._9_ (rising edge-triggered flip-flop clocked by core_clock)
Endpoint: dsa[24]._8_ (rising edge-triggered flip-flop clocked by core_clock)
Path Group: core_clock
Path Type: min

Fanout         Cap        Slew       Delay        Time   Description
---------------------------------------------------------------------------------------------
                                  0.000000    0.000000   clock core_clock (rise edge)
                                  0.000000    0.000000   clock source latency
     1    0.011662    0.000000    0.000000    0.000000 ^ clk (in)
                                                         clk (net)
                      0.000754    0.000377    0.000377 ^ clkbuf_0_clk/A (sky130_fd_sc_hd__clkbuf_16)
     8    0.076335    0.093236    0.152403    0.152780 ^ clkbuf_0_clk/X (sky130_fd_sc_hd__clkbuf_16)
                                                         clknet_0_clk (net)
                      0.093359    0.002232    0.155012 ^ clkbuf_3_3__f_clk/A (sky130_fd_sc_hd__clkbuf_16)
     9    0.026965    0.048104    0.149595    0.304607 ^ clkbuf_3_3__f_clk/X (sky130_fd_sc_hd__clkbuf_16)
                                                         clknet_3_3__leaf_clk (net)
                      0.048116    0.000697    0.305305 ^ dsa[23]._9_/CLK (sky130_fd_sc_hd__dfrtp_1)
     2    0.008677    0.090406    0.355793    0.661098 ^ dsa[23]._9_/Q (sky130_fd_sc_hd__dfrtp_1)
                                                         dsa[23].y_out (net)
                      0.090406    0.000181    0.661279 ^ dsa[24]._7_/A1 (sky130_fd_sc_hd__a21bo_1)
     1    0.002545    0.033321    0.109001    0.770279 ^ dsa[24]._7_/X (sky130_fd_sc_hd__a21bo_1)
                                                         dsa[24].last_carry_next (net)
                      0.033321    0.000056    0.770335 ^ dsa[24]._8_/D (sky130_fd_sc_hd__dfrtp_1)
                                              0.770335   data arrival time

                                  0.000000    0.000000   clock core_clock (rise edge)
                                  0.000000    0.000000   clock source latency
     1    0.011662    0.000000    0.000000    0.000000 ^ clk (in)
                                                         clk (net)
                      0.000754    0.000377    0.000377 ^ clkbuf_0_clk/A (sky130_fd_sc_hd__clkbuf_16)
     8    0.076335    0.093236    0.152403    0.152780 ^ clkbuf_0_clk/X (sky130_fd_sc_hd__clkbuf_16)
                                                         clknet_0_clk (net)
                      0.093362    0.002267    0.155047 ^ clkbuf_3_2__f_clk/A (sky130_fd_sc_hd__clkbuf_16)
    10    0.028338    0.049648    0.150898    0.305945 ^ clkbuf_3_2__f_clk/X (sky130_fd_sc_hd__clkbuf_16)
                                                         clknet_3_2__leaf_clk (net)
                      0.049649    0.000537    0.306483 ^ dsa[24]._8_/CLK (sky130_fd_sc_hd__dfrtp_1)
                                  0.000000    0.306483   clock reconvergence pessimism
                                 -0.031682    0.274800   library hold time
                                              0.274800   data required time
---------------------------------------------------------------------------------------------
                                              0.274800   data required time
                                             -0.770335   data arrival time
---------------------------------------------------------------------------------------------
                                              0.495535   slack (MET)


Startpoint: dsa[30]._9_ (rising edge-triggered flip-flop clocked by core_clock)
Endpoint: dsa[31]._8_ (rising edge-triggered flip-flop clocked by core_clock)
Path Group: core_clock
Path Type: min

Fanout         Cap        Slew       Delay        Time   Description
---------------------------------------------------------------------------------------------
                                  0.000000    0.000000   clock core_clock (rise edge)
                                  0.000000    0.000000   clock source latency
     1    0.011662    0.000000    0.000000    0.000000 ^ clk (in)
                                                         clk (net)
                      0.000754    0.000377    0.000377 ^ clkbuf_0_clk/A (sky130_fd_sc_hd__clkbuf_16)
     8    0.076335    0.093236    0.152403    0.152780 ^ clkbuf_0_clk/X (sky130_fd_sc_hd__clkbuf_16)
                                                         clknet_0_clk (net)
                      0.093379    0.002475    0.155256 ^ clkbuf_3_1__f_clk/A (sky130_fd_sc_hd__clkbuf_16)
     7    0.025541    0.046826    0.148220    0.303476 ^ clkbuf_3_1__f_clk/X (sky130_fd_sc_hd__clkbuf_16)
                                                         clknet_3_1__leaf_clk (net)
                      0.046832    0.000552    0.304028 ^ dsa[30]._9_/CLK (sky130_fd_sc_hd__dfrtp_1)
     2    0.009332    0.094891    0.359682    0.663710 ^ dsa[30]._9_/Q (sky130_fd_sc_hd__dfrtp_1)
                                                         dsa[30].y_out (net)
                      0.094891    0.000197    0.663907 ^ dsa[31]._7_/A1 (sky130_fd_sc_hd__a21bo_1)
     1    0.002517    0.033126    0.110259    0.774166 ^ dsa[31]._7_/X (sky130_fd_sc_hd__a21bo_1)
                                                         dsa[31].last_carry_next (net)
                      0.033126    0.000054    0.774220 ^ dsa[31]._8_/D (sky130_fd_sc_hd__dfrtp_1)
                                              0.774220   data arrival time

                                  0.000000    0.000000   clock core_clock (rise edge)
                                  0.000000    0.000000   clock source latency
     1    0.011662    0.000000    0.000000    0.000000 ^ clk (in)
                                                         clk (net)
                      0.000754    0.000377    0.000377 ^ clkbuf_0_clk/A (sky130_fd_sc_hd__clkbuf_16)
     8    0.076335    0.093236    0.152403    0.152780 ^ clkbuf_0_clk/X (sky130_fd_sc_hd__clkbuf_16)
                                                         clknet_0_clk (net)
                      0.093365    0.002309    0.155089 ^ clkbuf_3_0__f_clk/A (sky130_fd_sc_hd__clkbuf_16)
    10    0.029790    0.050880    0.151925    0.307015 ^ clkbuf_3_0__f_clk/X (sky130_fd_sc_hd__clkbuf_16)
                                                         clknet_3_0__leaf_clk (net)
                      0.050884    0.000798    0.307813 ^ dsa[31]._8_/CLK (sky130_fd_sc_hd__dfrtp_1)
                                  0.000000    0.307813   clock reconvergence pessimism
                                 -0.031473    0.276340   library hold time
                                              0.276340   data required time
---------------------------------------------------------------------------------------------
                                              0.276340   data required time
                                             -0.774220   data arrival time
---------------------------------------------------------------------------------------------
                                              0.497880   slack (MET)


Startpoint: dsa[17]._9_ (rising edge-triggered flip-flop clocked by core_clock)
Endpoint: dsa[18]._8_ (rising edge-triggered flip-flop clocked by core_clock)
Path Group: core_clock
Path Type: min

Fanout         Cap        Slew       Delay        Time   Description
---------------------------------------------------------------------------------------------
                                  0.000000    0.000000   clock core_clock (rise edge)
                                  0.000000    0.000000   clock source latency
     1    0.011662    0.000000    0.000000    0.000000 ^ clk (in)
                                                         clk (net)
                      0.000754    0.000377    0.000377 ^ clkbuf_0_clk/A (sky130_fd_sc_hd__clkbuf_16)
     8    0.076335    0.093236    0.152403    0.152780 ^ clkbuf_0_clk/X (sky130_fd_sc_hd__clkbuf_16)
                                                         clknet_0_clk (net)
                      0.093372    0.002396    0.155176 ^ clkbuf_3_4__f_clk/A (sky130_fd_sc_hd__clkbuf_16)
     9    0.024409    0.045788    0.147166    0.302342 ^ clkbuf_3_4__f_clk/X (sky130_fd_sc_hd__clkbuf_16)
                                                         clknet_3_4__leaf_clk (net)
                      0.045800    0.000690    0.303032 ^ dsa[17]._9_/CLK (sky130_fd_sc_hd__dfrtp_1)
     2    0.008631    0.090083    0.354611    0.657643 ^ dsa[17]._9_/Q (sky130_fd_sc_hd__dfrtp_1)
                                                         dsa[17].y_out (net)
                      0.090083    0.000185    0.657828 ^ dsa[18]._7_/A1 (sky130_fd_sc_hd__a21bo_1)
     1    0.002916    0.035939    0.111324    0.769152 ^ dsa[18]._7_/X (sky130_fd_sc_hd__a21bo_1)
                                                         dsa[18].last_carry_next (net)
                      0.035939    0.000069    0.769221 ^ dsa[18]._8_/D (sky130_fd_sc_hd__dfrtp_1)
                                              0.769221   data arrival time

                                  0.000000    0.000000   clock core_clock (rise edge)
                                  0.000000    0.000000   clock source latency
     1    0.011662    0.000000    0.000000    0.000000 ^ clk (in)
                                                         clk (net)
                      0.000754    0.000377    0.000377 ^ clkbuf_0_clk/A (sky130_fd_sc_hd__clkbuf_16)
     8    0.076335    0.093236    0.152403    0.152780 ^ clkbuf_0_clk/X (sky130_fd_sc_hd__clkbuf_16)
                                                         clknet_0_clk (net)
                      0.093379    0.002475    0.155256 ^ clkbuf_3_1__f_clk/A (sky130_fd_sc_hd__clkbuf_16)
     7    0.025541    0.046826    0.148220    0.303476 ^ clkbuf_3_1__f_clk/X (sky130_fd_sc_hd__clkbuf_16)
                                                         clknet_3_1__leaf_clk (net)
                      0.046829    0.000452    0.303927 ^ dsa[18]._8_/CLK (sky130_fd_sc_hd__dfrtp_1)
                                  0.000000    0.303927   clock reconvergence pessimism
                                 -0.032616    0.271312   library hold time
                                              0.271312   data required time
---------------------------------------------------------------------------------------------
                                              0.271312   data required time
                                             -0.769221   data arrival time
---------------------------------------------------------------------------------------------
                                              0.497909   slack (MET)


Startpoint: dsa[21]._9_ (rising edge-triggered flip-flop clocked by core_clock)
Endpoint: dsa[22]._8_ (rising edge-triggered flip-flop clocked by core_clock)
Path Group: core_clock
Path Type: min

Fanout         Cap        Slew       Delay        Time   Description
---------------------------------------------------------------------------------------------
                                  0.000000    0.000000   clock core_clock (rise edge)
                                  0.000000    0.000000   clock source latency
     1    0.011662    0.000000    0.000000    0.000000 ^ clk (in)
                                                         clk (net)
                      0.000754    0.000377    0.000377 ^ clkbuf_0_clk/A (sky130_fd_sc_hd__clkbuf_16)
     8    0.076335    0.093236    0.152403    0.152780 ^ clkbuf_0_clk/X (sky130_fd_sc_hd__clkbuf_16)
                                                         clknet_0_clk (net)
                      0.093359    0.002232    0.155012 ^ clkbuf_3_3__f_clk/A (sky130_fd_sc_hd__clkbuf_16)
     9    0.026965    0.048104    0.149595    0.304607 ^ clkbuf_3_3__f_clk/X (sky130_fd_sc_hd__clkbuf_16)
                                                         clknet_3_3__leaf_clk (net)
                      0.048115    0.000683    0.305290 ^ dsa[21]._9_/CLK (sky130_fd_sc_hd__dfrtp_1)
     2    0.008613    0.089961    0.355371    0.660661 ^ dsa[21]._9_/Q (sky130_fd_sc_hd__dfrtp_1)
                                                         dsa[21].y_out (net)
                      0.089961    0.000145    0.660805 ^ dsa[22]._7_/A1 (sky130_fd_sc_hd__a21bo_1)
     1    0.002979    0.036382    0.111701    0.772507 ^ dsa[22]._7_/X (sky130_fd_sc_hd__a21bo_1)
                                                         dsa[22].last_carry_next (net)
                      0.036382    0.000071    0.772577 ^ dsa[22]._8_/D (sky130_fd_sc_hd__dfrtp_1)
                                              0.772577   data arrival time

                                  0.000000    0.000000   clock core_clock (rise edge)
                                  0.000000    0.000000   clock source latency
     1    0.011662    0.000000    0.000000    0.000000 ^ clk (in)
                                                         clk (net)
                      0.000754    0.000377    0.000377 ^ clkbuf_0_clk/A (sky130_fd_sc_hd__clkbuf_16)
     8    0.076335    0.093236    0.152403    0.152780 ^ clkbuf_0_clk/X (sky130_fd_sc_hd__clkbuf_16)
                                                         clknet_0_clk (net)
                      0.093362    0.002267    0.155047 ^ clkbuf_3_2__f_clk/A (sky130_fd_sc_hd__clkbuf_16)
    10    0.028338    0.049648    0.150898    0.305945 ^ clkbuf_3_2__f_clk/X (sky130_fd_sc_hd__clkbuf_16)
                                                         clknet_3_2__leaf_clk (net)
                      0.049649    0.000440    0.306386 ^ dsa[22]._8_/CLK (sky130_fd_sc_hd__dfrtp_1)
                                  0.000000    0.306386   clock reconvergence pessimism
                                 -0.032324    0.274062   library hold time
                                              0.274062   data required time
---------------------------------------------------------------------------------------------
                                              0.274062   data required time
                                             -0.772577   data arrival time
---------------------------------------------------------------------------------------------
                                              0.498515   slack (MET)


Startpoint: dsa[25]._9_ (rising edge-triggered flip-flop clocked by core_clock)
Endpoint: dsa[26]._8_ (rising edge-triggered flip-flop clocked by core_clock)
Path Group: core_clock
Path Type: min

Fanout         Cap        Slew       Delay        Time   Description
---------------------------------------------------------------------------------------------
                                  0.000000    0.000000   clock core_clock (rise edge)
                                  0.000000    0.000000   clock source latency
     1    0.011662    0.000000    0.000000    0.000000 ^ clk (in)
                                                         clk (net)
                      0.000754    0.000377    0.000377 ^ clkbuf_0_clk/A (sky130_fd_sc_hd__clkbuf_16)
     8    0.076335    0.093236    0.152403    0.152780 ^ clkbuf_0_clk/X (sky130_fd_sc_hd__clkbuf_16)
                                                         clknet_0_clk (net)
                      0.093362    0.002267    0.155047 ^ clkbuf_3_2__f_clk/A (sky130_fd_sc_hd__clkbuf_16)
    10    0.028338    0.049648    0.150898    0.305945 ^ clkbuf_3_2__f_clk/X (sky130_fd_sc_hd__clkbuf_16)
                                                         clknet_3_2__leaf_clk (net)
                      0.049649    0.000479    0.306424 ^ dsa[25]._9_/CLK (sky130_fd_sc_hd__dfrtp_1)
     2    0.008353    0.088203    0.354183    0.660607 ^ dsa[25]._9_/Q (sky130_fd_sc_hd__dfrtp_1)
                                                         dsa[25].y_out (net)
                      0.088203    0.000180    0.660787 ^ dsa[26]._7_/A1 (sky130_fd_sc_hd__a21bo_1)
     1    0.003092    0.037180    0.111863    0.772650 ^ dsa[26]._7_/X (sky130_fd_sc_hd__a21bo_1)
                                                         dsa[26].last_carry_next (net)
                      0.037180    0.000103    0.772753 ^ dsa[26]._8_/D (sky130_fd_sc_hd__dfrtp_1)
                                              0.772753   data arrival time

                                  0.000000    0.000000   clock core_clock (rise edge)
                                  0.000000    0.000000   clock source latency
     1    0.011662    0.000000    0.000000    0.000000 ^ clk (in)
                                                         clk (net)
                      0.000754    0.000377    0.000377 ^ clkbuf_0_clk/A (sky130_fd_sc_hd__clkbuf_16)
     8    0.076335    0.093236    0.152403    0.152780 ^ clkbuf_0_clk/X (sky130_fd_sc_hd__clkbuf_16)
                                                         clknet_0_clk (net)
                      0.093362    0.002267    0.155047 ^ clkbuf_3_2__f_clk/A (sky130_fd_sc_hd__clkbuf_16)
    10    0.028338    0.049648    0.150898    0.305945 ^ clkbuf_3_2__f_clk/X (sky130_fd_sc_hd__clkbuf_16)
                                                         clknet_3_2__leaf_clk (net)
                      0.049650    0.000640    0.306586 ^ dsa[26]._8_/CLK (sky130_fd_sc_hd__dfrtp_1)
                                  0.000000    0.306586   clock reconvergence pessimism
                                 -0.032491    0.274095   library hold time
                                              0.274095   data required time
---------------------------------------------------------------------------------------------
                                              0.274095   data required time
                                             -0.772753   data arrival time
---------------------------------------------------------------------------------------------
                                              0.498658   slack (MET)


Startpoint: dsa[15]._9_ (rising edge-triggered flip-flop clocked by core_clock)
Endpoint: dsa[16]._8_ (rising edge-triggered flip-flop clocked by core_clock)
Path Group: core_clock
Path Type: min

Fanout         Cap        Slew       Delay        Time   Description
---------------------------------------------------------------------------------------------
                                  0.000000    0.000000   clock core_clock (rise edge)
                                  0.000000    0.000000   clock source latency
     1    0.011662    0.000000    0.000000    0.000000 ^ clk (in)
                                                         clk (net)
                      0.000754    0.000377    0.000377 ^ clkbuf_0_clk/A (sky130_fd_sc_hd__clkbuf_16)
     8    0.076335    0.093236    0.152403    0.152780 ^ clkbuf_0_clk/X (sky130_fd_sc_hd__clkbuf_16)
                                                         clknet_0_clk (net)
                      0.093372    0.002396    0.155176 ^ clkbuf_3_4__f_clk/A (sky130_fd_sc_hd__clkbuf_16)
     9    0.024409    0.045788    0.147166    0.302342 ^ clkbuf_3_4__f_clk/X (sky130_fd_sc_hd__clkbuf_16)
                                                         clknet_3_4__leaf_clk (net)
                      0.045801    0.000708    0.303050 ^ dsa[15]._9_/CLK (sky130_fd_sc_hd__dfrtp_1)
     2    0.008665    0.090313    0.354859    0.657909 ^ dsa[15]._9_/Q (sky130_fd_sc_hd__dfrtp_1)
                                                         dsa[15].y_out (net)
                      0.090313    0.000143    0.658052 ^ dsa[16]._7_/A1 (sky130_fd_sc_hd__a21bo_1)
     1    0.003044    0.036838    0.112234    0.770285 ^ dsa[16]._7_/X (sky130_fd_sc_hd__a21bo_1)
                                                         dsa[16].last_carry_next (net)
                      0.036838    0.000075    0.770361 ^ dsa[16]._8_/D (sky130_fd_sc_hd__dfrtp_1)
                                              0.770361   data arrival time

                                  0.000000    0.000000   clock core_clock (rise edge)
                                  0.000000    0.000000   clock source latency
     1    0.011662    0.000000    0.000000    0.000000 ^ clk (in)
                                                         clk (net)
                      0.000754    0.000377    0.000377 ^ clkbuf_0_clk/A (sky130_fd_sc_hd__clkbuf_16)
     8    0.076335    0.093236    0.152403    0.152780 ^ clkbuf_0_clk/X (sky130_fd_sc_hd__clkbuf_16)
                                                         clknet_0_clk (net)
                      0.093379    0.002475    0.155256 ^ clkbuf_3_1__f_clk/A (sky130_fd_sc_hd__clkbuf_16)
     7    0.025541    0.046826    0.148220    0.303476 ^ clkbuf_3_1__f_clk/X (sky130_fd_sc_hd__clkbuf_16)
                                                         clknet_3_1__leaf_clk (net)
                      0.046843    0.000804    0.304279 ^ dsa[16]._8_/CLK (sky130_fd_sc_hd__dfrtp_1)
                                  0.000000    0.304279   clock reconvergence pessimism
                                 -0.032802    0.271477   library hold time
                                              0.271477   data required time
---------------------------------------------------------------------------------------------
                                              0.271477   data required time
                                             -0.770361   data arrival time
---------------------------------------------------------------------------------------------
                                              0.498883   slack (MET)


Startpoint: dsa[6]._9_ (rising edge-triggered flip-flop clocked by core_clock)
Endpoint: dsa[7]._9_ (rising edge-triggered flip-flop clocked by core_clock)
Path Group: core_clock
Path Type: min

Fanout         Cap        Slew       Delay        Time   Description
---------------------------------------------------------------------------------------------
                                  0.000000    0.000000   clock core_clock (rise edge)
                                  0.000000    0.000000   clock source latency
     1    0.011662    0.000000    0.000000    0.000000 ^ clk (in)
                                                         clk (net)
                      0.000754    0.000377    0.000377 ^ clkbuf_0_clk/A (sky130_fd_sc_hd__clkbuf_16)
     8    0.076335    0.093236    0.152403    0.152780 ^ clkbuf_0_clk/X (sky130_fd_sc_hd__clkbuf_16)
                                                         clknet_0_clk (net)
                      0.093366    0.002317    0.155097 ^ clkbuf_3_5__f_clk/A (sky130_fd_sc_hd__clkbuf_16)
     8    0.026738    0.047906    0.149440    0.304537 ^ clkbuf_3_5__f_clk/X (sky130_fd_sc_hd__clkbuf_16)
                                                         clknet_3_5__leaf_clk (net)
                      0.047916    0.000629    0.305166 ^ dsa[6]._9_/CLK (sky130_fd_sc_hd__dfrtp_1)
     2    0.010814    0.106960    0.369017    0.674183 ^ dsa[6]._9_/Q (sky130_fd_sc_hd__dfrtp_1)
                                                         dsa[6].y_out (net)
                      0.106961    0.000475    0.674658 ^ dsa[7]._6_/A (sky130_fd_sc_hd__xnor2_1)
     1    0.003458    0.038164    0.084346    0.759004 v dsa[7]._6_/Y (sky130_fd_sc_hd__xnor2_1)
                                                         dsa[7].y_out_next (net)
                      0.038164    0.000118    0.759122 v dsa[7]._9_/D (sky130_fd_sc_hd__dfrtp_1)
                                              0.759122   data arrival time

                                  0.000000    0.000000   clock core_clock (rise edge)
                                  0.000000    0.000000   clock source latency
     1    0.011662    0.000000    0.000000    0.000000 ^ clk (in)
                                                         clk (net)
                      0.000754    0.000377    0.000377 ^ clkbuf_0_clk/A (sky130_fd_sc_hd__clkbuf_16)
     8    0.076335    0.093236    0.152403    0.152780 ^ clkbuf_0_clk/X (sky130_fd_sc_hd__clkbuf_16)
                                                         clknet_0_clk (net)
                      0.093372    0.002396    0.155176 ^ clkbuf_3_4__f_clk/A (sky130_fd_sc_hd__clkbuf_16)
     9    0.024409    0.045788    0.147166    0.302342 ^ clkbuf_3_4__f_clk/X (sky130_fd_sc_hd__clkbuf_16)
                                                         clknet_3_4__leaf_clk (net)
                      0.045800    0.000696    0.303038 ^ dsa[7]._9_/CLK (sky130_fd_sc_hd__dfrtp_1)
                                  0.000000    0.303038   clock reconvergence pessimism
                                 -0.042810    0.260228   library hold time
                                              0.260228   data required time
---------------------------------------------------------------------------------------------
                                              0.260228   data required time
                                             -0.759122   data arrival time
---------------------------------------------------------------------------------------------
                                              0.498894   slack (MET)


Startpoint: dsa[4]._9_ (rising edge-triggered flip-flop clocked by core_clock)
Endpoint: dsa[5]._8_ (rising edge-triggered flip-flop clocked by core_clock)
Path Group: core_clock
Path Type: min

Fanout         Cap        Slew       Delay        Time   Description
---------------------------------------------------------------------------------------------
                                  0.000000    0.000000   clock core_clock (rise edge)
                                  0.000000    0.000000   clock source latency
     1    0.011662    0.000000    0.000000    0.000000 ^ clk (in)
                                                         clk (net)
                      0.000754    0.000377    0.000377 ^ clkbuf_0_clk/A (sky130_fd_sc_hd__clkbuf_16)
     8    0.076335    0.093236    0.152403    0.152780 ^ clkbuf_0_clk/X (sky130_fd_sc_hd__clkbuf_16)
                                                         clknet_0_clk (net)
                      0.093366    0.002317    0.155097 ^ clkbuf_3_5__f_clk/A (sky130_fd_sc_hd__clkbuf_16)
     8    0.026738    0.047906    0.149440    0.304537 ^ clkbuf_3_5__f_clk/X (sky130_fd_sc_hd__clkbuf_16)
                                                         clknet_3_5__leaf_clk (net)
                      0.047914    0.000573    0.305110 ^ dsa[4]._9_/CLK (sky130_fd_sc_hd__dfrtp_1)
     2    0.008299    0.087777    0.353155    0.658265 ^ dsa[4]._9_/Q (sky130_fd_sc_hd__dfrtp_1)
                                                         dsa[4].y_out (net)
                      0.087777    0.000116    0.658381 ^ dsa[5]._7_/A1 (sky130_fd_sc_hd__a21bo_1)
     1    0.003257    0.038362    0.112816    0.771197 ^ dsa[5]._7_/X (sky130_fd_sc_hd__a21bo_1)
                                                         dsa[5].last_carry_next (net)
                      0.038384    0.000084    0.771281 ^ dsa[5]._8_/D (sky130_fd_sc_hd__dfrtp_1)
                                              0.771281   data arrival time

                                  0.000000    0.000000   clock core_clock (rise edge)
                                  0.000000    0.000000   clock source latency
     1    0.011662    0.000000    0.000000    0.000000 ^ clk (in)
                                                         clk (net)
                      0.000754    0.000377    0.000377 ^ clkbuf_0_clk/A (sky130_fd_sc_hd__clkbuf_16)
     8    0.076335    0.093236    0.152403    0.152780 ^ clkbuf_0_clk/X (sky130_fd_sc_hd__clkbuf_16)
                                                         clknet_0_clk (net)
                      0.093366    0.002317    0.155097 ^ clkbuf_3_5__f_clk/A (sky130_fd_sc_hd__clkbuf_16)
     8    0.026738    0.047906    0.149440    0.304537 ^ clkbuf_3_5__f_clk/X (sky130_fd_sc_hd__clkbuf_16)
                                                         clknet_3_5__leaf_clk (net)
                      0.047914    0.000594    0.305131 ^ dsa[5]._8_/CLK (sky130_fd_sc_hd__dfrtp_1)
                                  0.000000    0.305131   clock reconvergence pessimism
                                 -0.032980    0.272151   library hold time
                                              0.272151   data required time
---------------------------------------------------------------------------------------------
                                              0.272151   data required time
                                             -0.771281   data arrival time
---------------------------------------------------------------------------------------------
                                              0.499130   slack (MET)


Startpoint: dsa[27]._9_ (rising edge-triggered flip-flop clocked by core_clock)
Endpoint: dsa[28]._8_ (rising edge-triggered flip-flop clocked by core_clock)
Path Group: core_clock
Path Type: min

Fanout         Cap        Slew       Delay        Time   Description
---------------------------------------------------------------------------------------------
                                  0.000000    0.000000   clock core_clock (rise edge)
                                  0.000000    0.000000   clock source latency
     1    0.011662    0.000000    0.000000    0.000000 ^ clk (in)
                                                         clk (net)
                      0.000754    0.000377    0.000377 ^ clkbuf_0_clk/A (sky130_fd_sc_hd__clkbuf_16)
     8    0.076335    0.093236    0.152403    0.152780 ^ clkbuf_0_clk/X (sky130_fd_sc_hd__clkbuf_16)
                                                         clknet_0_clk (net)
                      0.093362    0.002267    0.155047 ^ clkbuf_3_2__f_clk/A (sky130_fd_sc_hd__clkbuf_16)
    10    0.028338    0.049648    0.150898    0.305945 ^ clkbuf_3_2__f_clk/X (sky130_fd_sc_hd__clkbuf_16)
                                                         clknet_3_2__leaf_clk (net)
                      0.049649    0.000445    0.306391 ^ dsa[27]._9_/CLK (sky130_fd_sc_hd__dfrtp_1)
     2    0.009036    0.092874    0.358722    0.665113 ^ dsa[27]._9_/Q (sky130_fd_sc_hd__dfrtp_1)
                                                         dsa[27].y_out (net)
                      0.092874    0.000285    0.665398 ^ dsa[28]._7_/A1 (sky130_fd_sc_hd__a21bo_1)
     1    0.002662    0.034149    0.110565    0.775963 ^ dsa[28]._7_/X (sky130_fd_sc_hd__a21bo_1)
                                                         dsa[28].last_carry_next (net)
                      0.034149    0.000058    0.776021 ^ dsa[28]._8_/D (sky130_fd_sc_hd__dfrtp_1)
                                              0.776021   data arrival time

                                  0.000000    0.000000   clock core_clock (rise edge)
                                  0.000000    0.000000   clock source latency
     1    0.011662    0.000000    0.000000    0.000000 ^ clk (in)
                                                         clk (net)
                      0.000754    0.000377    0.000377 ^ clkbuf_0_clk/A (sky130_fd_sc_hd__clkbuf_16)
     8    0.076335    0.093236    0.152403    0.152780 ^ clkbuf_0_clk/X (sky130_fd_sc_hd__clkbuf_16)
                                                         clknet_0_clk (net)
                      0.093362    0.002267    0.155047 ^ clkbuf_3_2__f_clk/A (sky130_fd_sc_hd__clkbuf_16)
    10    0.028338    0.049648    0.150898    0.305945 ^ clkbuf_3_2__f_clk/X (sky130_fd_sc_hd__clkbuf_16)
                                                         clknet_3_2__leaf_clk (net)
                      0.049649    0.000523    0.306469 ^ dsa[28]._8_/CLK (sky130_fd_sc_hd__dfrtp_1)
                                  0.000000    0.306469   clock reconvergence pessimism
                                 -0.031856    0.274613   library hold time
                                              0.274613   data required time
---------------------------------------------------------------------------------------------
                                              0.274613   data required time
                                             -0.776021   data arrival time
---------------------------------------------------------------------------------------------
                                              0.501409   slack (MET)


Startpoint: dsa[3]._9_ (rising edge-triggered flip-flop clocked by core_clock)
Endpoint: dsa[4]._8_ (rising edge-triggered flip-flop clocked by core_clock)
Path Group: core_clock
Path Type: min

Fanout         Cap        Slew       Delay        Time   Description
---------------------------------------------------------------------------------------------
                                  0.000000    0.000000   clock core_clock (rise edge)
                                  0.000000    0.000000   clock source latency
     1    0.011662    0.000000    0.000000    0.000000 ^ clk (in)
                                                         clk (net)
                      0.000754    0.000377    0.000377 ^ clkbuf_0_clk/A (sky130_fd_sc_hd__clkbuf_16)
     8    0.076335    0.093236    0.152403    0.152780 ^ clkbuf_0_clk/X (sky130_fd_sc_hd__clkbuf_16)
                                                         clknet_0_clk (net)
                      0.093366    0.002317    0.155097 ^ clkbuf_3_5__f_clk/A (sky130_fd_sc_hd__clkbuf_16)
     8    0.026738    0.047906    0.149440    0.304537 ^ clkbuf_3_5__f_clk/X (sky130_fd_sc_hd__clkbuf_16)
                                                         clknet_3_5__leaf_clk (net)
                      0.047909    0.000385    0.304922 ^ dsa[3]._9_/CLK (sky130_fd_sc_hd__dfrtp_1)
     2    0.009257    0.094369    0.359630    0.664553 ^ dsa[3]._9_/Q (sky130_fd_sc_hd__dfrtp_1)
                                                         dsa[3].y_out (net)
                      0.094369    0.000156    0.664709 ^ dsa[4]._7_/A1 (sky130_fd_sc_hd__a21bo_1)
     1    0.002504    0.033039    0.110008    0.774717 ^ dsa[4]._7_/X (sky130_fd_sc_hd__a21bo_1)
                                                         dsa[4].last_carry_next (net)
                      0.033039    0.000054    0.774771 ^ dsa[4]._8_/D (sky130_fd_sc_hd__dfrtp_1)
                                              0.774771   data arrival time

                                  0.000000    0.000000   clock core_clock (rise edge)
                                  0.000000    0.000000   clock source latency
     1    0.011662    0.000000    0.000000    0.000000 ^ clk (in)
                                                         clk (net)
                      0.000754    0.000377    0.000377 ^ clkbuf_0_clk/A (sky130_fd_sc_hd__clkbuf_16)
     8    0.076335    0.093236    0.152403    0.152780 ^ clkbuf_0_clk/X (sky130_fd_sc_hd__clkbuf_16)
                                                         clknet_0_clk (net)
                      0.093366    0.002317    0.155097 ^ clkbuf_3_5__f_clk/A (sky130_fd_sc_hd__clkbuf_16)
     8    0.026738    0.047906    0.149440    0.304537 ^ clkbuf_3_5__f_clk/X (sky130_fd_sc_hd__clkbuf_16)
                                                         clknet_3_5__leaf_clk (net)
                      0.047910    0.000424    0.304961 ^ dsa[4]._8_/CLK (sky130_fd_sc_hd__dfrtp_1)
                                  0.000000    0.304961   clock reconvergence pessimism
                                 -0.031861    0.273101   library hold time
                                              0.273101   data required time
---------------------------------------------------------------------------------------------
                                              0.273101   data required time
                                             -0.774771   data arrival time
---------------------------------------------------------------------------------------------
                                              0.501670   slack (MET)


Startpoint: dsa[2]._9_ (rising edge-triggered flip-flop clocked by core_clock)
Endpoint: dsa[3]._8_ (rising edge-triggered flip-flop clocked by core_clock)
Path Group: core_clock
Path Type: min

Fanout         Cap        Slew       Delay        Time   Description
---------------------------------------------------------------------------------------------
                                  0.000000    0.000000   clock core_clock (rise edge)
                                  0.000000    0.000000   clock source latency
     1    0.011662    0.000000    0.000000    0.000000 ^ clk (in)
                                                         clk (net)
                      0.000754    0.000377    0.000377 ^ clkbuf_0_clk/A (sky130_fd_sc_hd__clkbuf_16)
     8    0.076335    0.093236    0.152403    0.152780 ^ clkbuf_0_clk/X (sky130_fd_sc_hd__clkbuf_16)
                                                         clknet_0_clk (net)
                      0.093361    0.002257    0.155037 ^ clkbuf_3_7__f_clk/A (sky130_fd_sc_hd__clkbuf_16)
    10    0.027229    0.048369    0.149808    0.304846 ^ clkbuf_3_7__f_clk/X (sky130_fd_sc_hd__clkbuf_16)
                                                         clknet_3_7__leaf_clk (net)
                      0.048399    0.000771    0.305617 ^ dsa[2]._9_/CLK (sky130_fd_sc_hd__dfrtp_1)
     2    0.008158    0.086638    0.352401    0.658018 ^ dsa[2]._9_/Q (sky130_fd_sc_hd__dfrtp_1)
                                                         dsa[2].y_out (net)
                      0.086638    0.000135    0.658154 ^ dsa[3]._7_/A1 (sky130_fd_sc_hd__a21bo_1)
     1    0.003746    0.041949    0.115538    0.773692 ^ dsa[3]._7_/X (sky130_fd_sc_hd__a21bo_1)
                                                         dsa[3].last_carry_next (net)
                      0.041949    0.000106    0.773797 ^ dsa[3]._8_/D (sky130_fd_sc_hd__dfrtp_1)
                                              0.773797   data arrival time

                                  0.000000    0.000000   clock core_clock (rise edge)
                                  0.000000    0.000000   clock source latency
     1    0.011662    0.000000    0.000000    0.000000 ^ clk (in)
                                                         clk (net)
                      0.000754    0.000377    0.000377 ^ clkbuf_0_clk/A (sky130_fd_sc_hd__clkbuf_16)
     8    0.076335    0.093236    0.152403    0.152780 ^ clkbuf_0_clk/X (sky130_fd_sc_hd__clkbuf_16)
                                                         clknet_0_clk (net)
                      0.093361    0.002257    0.155037 ^ clkbuf_3_7__f_clk/A (sky130_fd_sc_hd__clkbuf_16)
    10    0.027229    0.048369    0.149808    0.304846 ^ clkbuf_3_7__f_clk/X (sky130_fd_sc_hd__clkbuf_16)
                                                         clknet_3_7__leaf_clk (net)
                      0.048397    0.000738    0.305584 ^ dsa[3]._8_/CLK (sky130_fd_sc_hd__dfrtp_1)
                                  0.000000    0.305584   clock reconvergence pessimism
                                 -0.033661    0.271923   library hold time
                                              0.271923   data required time
---------------------------------------------------------------------------------------------
                                              0.271923   data required time
                                             -0.773797   data arrival time
---------------------------------------------------------------------------------------------
                                              0.501874   slack (MET)


Startpoint: dsa[16]._9_ (rising edge-triggered flip-flop clocked by core_clock)
Endpoint: dsa[17]._8_ (rising edge-triggered flip-flop clocked by core_clock)
Path Group: core_clock
Path Type: min

Fanout         Cap        Slew       Delay        Time   Description
---------------------------------------------------------------------------------------------
                                  0.000000    0.000000   clock core_clock (rise edge)
                                  0.000000    0.000000   clock source latency
     1    0.011662    0.000000    0.000000    0.000000 ^ clk (in)
                                                         clk (net)
                      0.000754    0.000377    0.000377 ^ clkbuf_0_clk/A (sky130_fd_sc_hd__clkbuf_16)
     8    0.076335    0.093236    0.152403    0.152780 ^ clkbuf_0_clk/X (sky130_fd_sc_hd__clkbuf_16)
                                                         clknet_0_clk (net)
                      0.093372    0.002396    0.155176 ^ clkbuf_3_4__f_clk/A (sky130_fd_sc_hd__clkbuf_16)
     9    0.024409    0.045788    0.147166    0.302342 ^ clkbuf_3_4__f_clk/X (sky130_fd_sc_hd__clkbuf_16)
                                                         clknet_3_4__leaf_clk (net)
                      0.045794    0.000531    0.302873 ^ dsa[16]._9_/CLK (sky130_fd_sc_hd__dfrtp_1)
     2    0.009183    0.093854    0.358330    0.661203 ^ dsa[16]._9_/Q (sky130_fd_sc_hd__dfrtp_1)
                                                         dsa[16].y_out (net)
                      0.093854    0.000192    0.661396 ^ dsa[17]._7_/A1 (sky130_fd_sc_hd__a21bo_1)
     1    0.002875    0.035640    0.112261    0.773657 ^ dsa[17]._7_/X (sky130_fd_sc_hd__a21bo_1)
                                                         dsa[17].last_carry_next (net)
                      0.035640    0.000091    0.773748 ^ dsa[17]._8_/D (sky130_fd_sc_hd__dfrtp_1)
                                              0.773748   data arrival time

                                  0.000000    0.000000   clock core_clock (rise edge)
                                  0.000000    0.000000   clock source latency
     1    0.011662    0.000000    0.000000    0.000000 ^ clk (in)
                                                         clk (net)
                      0.000754    0.000377    0.000377 ^ clkbuf_0_clk/A (sky130_fd_sc_hd__clkbuf_16)
     8    0.076335    0.093236    0.152403    0.152780 ^ clkbuf_0_clk/X (sky130_fd_sc_hd__clkbuf_16)
                                                         clknet_0_clk (net)
                      0.093379    0.002475    0.155256 ^ clkbuf_3_1__f_clk/A (sky130_fd_sc_hd__clkbuf_16)
     7    0.025541    0.046826    0.148220    0.303476 ^ clkbuf_3_1__f_clk/X (sky130_fd_sc_hd__clkbuf_16)
                                                         clknet_3_1__leaf_clk (net)
                      0.046843    0.000809    0.304285 ^ dsa[17]._8_/CLK (sky130_fd_sc_hd__dfrtp_1)
                                  0.000000    0.304285   clock reconvergence pessimism
                                 -0.032551    0.271734   library hold time
                                              0.271734   data required time
---------------------------------------------------------------------------------------------
                                              0.271734   data required time
                                             -0.773748   data arrival time
---------------------------------------------------------------------------------------------
                                              0.502014   slack (MET)


Startpoint: dsa[22]._9_ (rising edge-triggered flip-flop clocked by core_clock)
Endpoint: dsa[23]._8_ (rising edge-triggered flip-flop clocked by core_clock)
Path Group: core_clock
Path Type: min

Fanout         Cap        Slew       Delay        Time   Description
---------------------------------------------------------------------------------------------
                                  0.000000    0.000000   clock core_clock (rise edge)
                                  0.000000    0.000000   clock source latency
     1    0.011662    0.000000    0.000000    0.000000 ^ clk (in)
                                                         clk (net)
                      0.000754    0.000377    0.000377 ^ clkbuf_0_clk/A (sky130_fd_sc_hd__clkbuf_16)
     8    0.076335    0.093236    0.152403    0.152780 ^ clkbuf_0_clk/X (sky130_fd_sc_hd__clkbuf_16)
                                                         clknet_0_clk (net)
                      0.093359    0.002232    0.155012 ^ clkbuf_3_3__f_clk/A (sky130_fd_sc_hd__clkbuf_16)
     9    0.026965    0.048104    0.149595    0.304607 ^ clkbuf_3_3__f_clk/X (sky130_fd_sc_hd__clkbuf_16)
                                                         clknet_3_3__leaf_clk (net)
                      0.048106    0.000390    0.304997 ^ dsa[22]._9_/CLK (sky130_fd_sc_hd__dfrtp_1)
     2    0.008963    0.092359    0.357690    0.662687 ^ dsa[22]._9_/Q (sky130_fd_sc_hd__dfrtp_1)
                                                         dsa[22].y_out (net)
                      0.092359    0.000206    0.662893 ^ dsa[23]._7_/A1 (sky130_fd_sc_hd__a21bo_1)
     1    0.003155    0.037619    0.113617    0.776510 ^ dsa[23]._7_/X (sky130_fd_sc_hd__a21bo_1)
                                                         dsa[23].last_carry_next (net)
                      0.037619    0.000079    0.776589 ^ dsa[23]._8_/D (sky130_fd_sc_hd__dfrtp_1)
                                              0.776589   data arrival time

                                  0.000000    0.000000   clock core_clock (rise edge)
                                  0.000000    0.000000   clock source latency
     1    0.011662    0.000000    0.000000    0.000000 ^ clk (in)
                                                         clk (net)
                      0.000754    0.000377    0.000377 ^ clkbuf_0_clk/A (sky130_fd_sc_hd__clkbuf_16)
     8    0.076335    0.093236    0.152403    0.152780 ^ clkbuf_0_clk/X (sky130_fd_sc_hd__clkbuf_16)
                                                         clknet_0_clk (net)
                      0.093362    0.002267    0.155047 ^ clkbuf_3_2__f_clk/A (sky130_fd_sc_hd__clkbuf_16)
    10    0.028338    0.049648    0.150898    0.305945 ^ clkbuf_3_2__f_clk/X (sky130_fd_sc_hd__clkbuf_16)
                                                         clknet_3_2__leaf_clk (net)
                      0.049648    0.000394    0.306339 ^ dsa[23]._8_/CLK (sky130_fd_sc_hd__dfrtp_1)
                                  0.000000    0.306339   clock reconvergence pessimism
                                 -0.032583    0.273756   library hold time
                                              0.273756   data required time
---------------------------------------------------------------------------------------------
                                              0.273756   data required time
                                             -0.776589   data arrival time
---------------------------------------------------------------------------------------------
                                              0.502833   slack (MET)


Startpoint: dsa[12]._9_ (rising edge-triggered flip-flop clocked by core_clock)
Endpoint: dsa[13]._8_ (rising edge-triggered flip-flop clocked by core_clock)
Path Group: core_clock
Path Type: min

Fanout         Cap        Slew       Delay        Time   Description
---------------------------------------------------------------------------------------------
                                  0.000000    0.000000   clock core_clock (rise edge)
                                  0.000000    0.000000   clock source latency
     1    0.011662    0.000000    0.000000    0.000000 ^ clk (in)
                                                         clk (net)
                      0.000754    0.000377    0.000377 ^ clkbuf_0_clk/A (sky130_fd_sc_hd__clkbuf_16)
     8    0.076335    0.093236    0.152403    0.152780 ^ clkbuf_0_clk/X (sky130_fd_sc_hd__clkbuf_16)
                                                         clknet_0_clk (net)
                      0.093361    0.002257    0.155037 ^ clkbuf_3_7__f_clk/A (sky130_fd_sc_hd__clkbuf_16)
    10    0.027229    0.048369    0.149808    0.304846 ^ clkbuf_3_7__f_clk/X (sky130_fd_sc_hd__clkbuf_16)
                                                         clknet_3_7__leaf_clk (net)
                      0.048400    0.000794    0.305640 ^ dsa[12]._9_/CLK (sky130_fd_sc_hd__dfrtp_1)
     2    0.008918    0.092058    0.357484    0.663124 ^ dsa[12]._9_/Q (sky130_fd_sc_hd__dfrtp_1)
                                                         dsa[12].y_out (net)
                      0.092058    0.000231    0.663355 ^ dsa[13]._7_/A1 (sky130_fd_sc_hd__a21bo_1)
     1    0.003131    0.037451    0.113354    0.776709 ^ dsa[13]._7_/X (sky130_fd_sc_hd__a21bo_1)
                                                         dsa[13].last_carry_next (net)
                      0.037451    0.000106    0.776815 ^ dsa[13]._8_/D (sky130_fd_sc_hd__dfrtp_1)
                                              0.776815   data arrival time

                                  0.000000    0.000000   clock core_clock (rise edge)
                                  0.000000    0.000000   clock source latency
     1    0.011662    0.000000    0.000000    0.000000 ^ clk (in)
                                                         clk (net)
                      0.000754    0.000377    0.000377 ^ clkbuf_0_clk/A (sky130_fd_sc_hd__clkbuf_16)
     8    0.076335    0.093236    0.152403    0.152780 ^ clkbuf_0_clk/X (sky130_fd_sc_hd__clkbuf_16)
                                                         clknet_0_clk (net)
                      0.093359    0.002232    0.155012 ^ clkbuf_3_3__f_clk/A (sky130_fd_sc_hd__clkbuf_16)
     9    0.026965    0.048104    0.149595    0.304607 ^ clkbuf_3_3__f_clk/X (sky130_fd_sc_hd__clkbuf_16)
                                                         clknet_3_3__leaf_clk (net)
                      0.048119    0.000765    0.305373 ^ dsa[13]._8_/CLK (sky130_fd_sc_hd__dfrtp_1)
                                  0.000000    0.305373   clock reconvergence pessimism
                                 -0.032756    0.272616   library hold time
                                              0.272616   data required time
---------------------------------------------------------------------------------------------
                                              0.272616   data required time
                                             -0.776815   data arrival time
---------------------------------------------------------------------------------------------
                                              0.504199   slack (MET)


Startpoint: dsa[18]._9_ (rising edge-triggered flip-flop clocked by core_clock)
Endpoint: dsa[19]._8_ (rising edge-triggered flip-flop clocked by core_clock)
Path Group: core_clock
Path Type: min

Fanout         Cap        Slew       Delay        Time   Description
---------------------------------------------------------------------------------------------
                                  0.000000    0.000000   clock core_clock (rise edge)
                                  0.000000    0.000000   clock source latency
     1    0.011662    0.000000    0.000000    0.000000 ^ clk (in)
                                                         clk (net)
                      0.000754    0.000377    0.000377 ^ clkbuf_0_clk/A (sky130_fd_sc_hd__clkbuf_16)
     8    0.076335    0.093236    0.152403    0.152780 ^ clkbuf_0_clk/X (sky130_fd_sc_hd__clkbuf_16)
                                                         clknet_0_clk (net)
                      0.093372    0.002396    0.155176 ^ clkbuf_3_4__f_clk/A (sky130_fd_sc_hd__clkbuf_16)
     9    0.024409    0.045788    0.147166    0.302342 ^ clkbuf_3_4__f_clk/X (sky130_fd_sc_hd__clkbuf_16)
                                                         clknet_3_4__leaf_clk (net)
                      0.045801    0.000721    0.303063 ^ dsa[18]._9_/CLK (sky130_fd_sc_hd__dfrtp_1)
     2    0.009944    0.099851    0.363000    0.666063 ^ dsa[18]._9_/Q (sky130_fd_sc_hd__dfrtp_1)
                                                         dsa[18].y_out (net)
                      0.099851    0.000280    0.666343 ^ dsa[19]._7_/A1 (sky130_fd_sc_hd__a21bo_1)
     1    0.002881    0.035678    0.114233    0.780577 ^ dsa[19]._7_/X (sky130_fd_sc_hd__a21bo_1)
                                                         dsa[19].last_carry_next (net)
                      0.035678    0.000068    0.780645 ^ dsa[19]._8_/D (sky130_fd_sc_hd__dfrtp_1)
                                              0.780645   data arrival time

                                  0.000000    0.000000   clock core_clock (rise edge)
                                  0.000000    0.000000   clock source latency
     1    0.011662    0.000000    0.000000    0.000000 ^ clk (in)
                                                         clk (net)
                      0.000754    0.000377    0.000377 ^ clkbuf_0_clk/A (sky130_fd_sc_hd__clkbuf_16)
     8    0.076335    0.093236    0.152403    0.152780 ^ clkbuf_0_clk/X (sky130_fd_sc_hd__clkbuf_16)
                                                         clknet_0_clk (net)
                      0.093365    0.002309    0.155089 ^ clkbuf_3_0__f_clk/A (sky130_fd_sc_hd__clkbuf_16)
    10    0.029790    0.050880    0.151925    0.307015 ^ clkbuf_3_0__f_clk/X (sky130_fd_sc_hd__clkbuf_16)
                                                         clknet_3_0__leaf_clk (net)
                      0.050883    0.000720    0.307734 ^ dsa[19]._8_/CLK (sky130_fd_sc_hd__dfrtp_1)
                                  0.000000    0.307734   clock reconvergence pessimism
                                 -0.032008    0.275727   library hold time
                                              0.275727   data required time
---------------------------------------------------------------------------------------------
                                              0.275727   data required time
                                             -0.780645   data arrival time
---------------------------------------------------------------------------------------------
                                              0.504918   slack (MET)


Startpoint: dsa[26]._9_ (rising edge-triggered flip-flop clocked by core_clock)
Endpoint: dsa[27]._8_ (rising edge-triggered flip-flop clocked by core_clock)
Path Group: core_clock
Path Type: min

Fanout         Cap        Slew       Delay        Time   Description
---------------------------------------------------------------------------------------------
                                  0.000000    0.000000   clock core_clock (rise edge)
                                  0.000000    0.000000   clock source latency
     1    0.011662    0.000000    0.000000    0.000000 ^ clk (in)
                                                         clk (net)
                      0.000754    0.000377    0.000377 ^ clkbuf_0_clk/A (sky130_fd_sc_hd__clkbuf_16)
     8    0.076335    0.093236    0.152403    0.152780 ^ clkbuf_0_clk/X (sky130_fd_sc_hd__clkbuf_16)
                                                         clknet_0_clk (net)
                      0.093362    0.002267    0.155047 ^ clkbuf_3_2__f_clk/A (sky130_fd_sc_hd__clkbuf_16)
    10    0.028338    0.049648    0.150898    0.305945 ^ clkbuf_3_2__f_clk/X (sky130_fd_sc_hd__clkbuf_16)
                                                         clknet_3_2__leaf_clk (net)
                      0.049649    0.000511    0.306456 ^ dsa[26]._9_/CLK (sky130_fd_sc_hd__dfrtp_1)
     2    0.009643    0.097402    0.362631    0.669087 ^ dsa[26]._9_/Q (sky130_fd_sc_hd__dfrtp_1)
                                                         dsa[26].y_out (net)
                      0.097402    0.000304    0.669391 ^ dsa[27]._7_/A1 (sky130_fd_sc_hd__a21bo_1)
     1    0.002526    0.033188    0.111124    0.780515 ^ dsa[27]._7_/X (sky130_fd_sc_hd__a21bo_1)
                                                         dsa[27].last_carry_next (net)
                      0.033188    0.000057    0.780572 ^ dsa[27]._8_/D (sky130_fd_sc_hd__dfrtp_1)
                                              0.780572   data arrival time

                                  0.000000    0.000000   clock core_clock (rise edge)
                                  0.000000    0.000000   clock source latency
     1    0.011662    0.000000    0.000000    0.000000 ^ clk (in)
                                                         clk (net)
                      0.000754    0.000377    0.000377 ^ clkbuf_0_clk/A (sky130_fd_sc_hd__clkbuf_16)
     8    0.076335    0.093236    0.152403    0.152780 ^ clkbuf_0_clk/X (sky130_fd_sc_hd__clkbuf_16)
                                                         clknet_0_clk (net)
                      0.093362    0.002267    0.155047 ^ clkbuf_3_2__f_clk/A (sky130_fd_sc_hd__clkbuf_16)
    10    0.028338    0.049648    0.150898    0.305945 ^ clkbuf_3_2__f_clk/X (sky130_fd_sc_hd__clkbuf_16)
                                                         clknet_3_2__leaf_clk (net)
                      0.049649    0.000459    0.306405 ^ dsa[27]._8_/CLK (sky130_fd_sc_hd__dfrtp_1)
                                  0.000000    0.306405   clock reconvergence pessimism
                                 -0.031655    0.274750   library hold time
                                              0.274750   data required time
---------------------------------------------------------------------------------------------
                                              0.274750   data required time
                                             -0.780572   data arrival time
---------------------------------------------------------------------------------------------
                                              0.505822   slack (MET)


Startpoint: dsa[0]._9_ (rising edge-triggered flip-flop clocked by core_clock)
Endpoint: dsa[1]._8_ (rising edge-triggered flip-flop clocked by core_clock)
Path Group: core_clock
Path Type: min

Fanout         Cap        Slew       Delay        Time   Description
---------------------------------------------------------------------------------------------
                                  0.000000    0.000000   clock core_clock (rise edge)
                                  0.000000    0.000000   clock source latency
     1    0.011662    0.000000    0.000000    0.000000 ^ clk (in)
                                                         clk (net)
                      0.000754    0.000377    0.000377 ^ clkbuf_0_clk/A (sky130_fd_sc_hd__clkbuf_16)
     8    0.076335    0.093236    0.152403    0.152780 ^ clkbuf_0_clk/X (sky130_fd_sc_hd__clkbuf_16)
                                                         clknet_0_clk (net)
                      0.093361    0.002257    0.155037 ^ clkbuf_3_7__f_clk/A (sky130_fd_sc_hd__clkbuf_16)
    10    0.027229    0.048369    0.149808    0.304846 ^ clkbuf_3_7__f_clk/X (sky130_fd_sc_hd__clkbuf_16)
                                                         clknet_3_7__leaf_clk (net)
                      0.048398    0.000747    0.305593 ^ dsa[0]._9_/CLK (sky130_fd_sc_hd__dfrtp_1)
     2    0.009110    0.093370    0.358789    0.664382 ^ dsa[0]._9_/Q (sky130_fd_sc_hd__dfrtp_1)
                                                         dsa[0].y_out (net)
                      0.093370    0.000246    0.664628 ^ dsa[1]._7_/A1 (sky130_fd_sc_hd__a21bo_1)
     1    0.003196    0.037931    0.114213    0.778842 ^ dsa[1]._7_/X (sky130_fd_sc_hd__a21bo_1)
                                                         dsa[1].last_carry_next (net)
                      0.037953    0.000080    0.778922 ^ dsa[1]._8_/D (sky130_fd_sc_hd__dfrtp_1)
                                              0.778922   data arrival time

                                  0.000000    0.000000   clock core_clock (rise edge)
                                  0.000000    0.000000   clock source latency
     1    0.011662    0.000000    0.000000    0.000000 ^ clk (in)
                                                         clk (net)
                      0.000754    0.000377    0.000377 ^ clkbuf_0_clk/A (sky130_fd_sc_hd__clkbuf_16)
     8    0.076335    0.093236    0.152403    0.152780 ^ clkbuf_0_clk/X (sky130_fd_sc_hd__clkbuf_16)
                                                         clknet_0_clk (net)
                      0.093361    0.002257    0.155037 ^ clkbuf_3_7__f_clk/A (sky130_fd_sc_hd__clkbuf_16)
    10    0.027229    0.048369    0.149808    0.304846 ^ clkbuf_3_7__f_clk/X (sky130_fd_sc_hd__clkbuf_16)
                                                         clknet_3_7__leaf_clk (net)
                      0.048401    0.000804    0.305650 ^ dsa[1]._8_/CLK (sky130_fd_sc_hd__dfrtp_1)
                                  0.000000    0.305650   clock reconvergence pessimism
                                 -0.032823    0.272826   library hold time
                                              0.272826   data required time
---------------------------------------------------------------------------------------------
                                              0.272826   data required time
                                             -0.778922   data arrival time
---------------------------------------------------------------------------------------------
                                              0.506096   slack (MET)


Startpoint: dsa[10]._9_ (rising edge-triggered flip-flop clocked by core_clock)
Endpoint: dsa[11]._8_ (rising edge-triggered flip-flop clocked by core_clock)
Path Group: core_clock
Path Type: min

Fanout         Cap        Slew       Delay        Time   Description
---------------------------------------------------------------------------------------------
                                  0.000000    0.000000   clock core_clock (rise edge)
                                  0.000000    0.000000   clock source latency
     1    0.011662    0.000000    0.000000    0.000000 ^ clk (in)
                                                         clk (net)
                      0.000754    0.000377    0.000377 ^ clkbuf_0_clk/A (sky130_fd_sc_hd__clkbuf_16)
     8    0.076335    0.093236    0.152403    0.152780 ^ clkbuf_0_clk/X (sky130_fd_sc_hd__clkbuf_16)
                                                         clknet_0_clk (net)
                      0.093358    0.002216    0.154997 ^ clkbuf_3_6__f_clk/A (sky130_fd_sc_hd__clkbuf_16)
     8    0.026669    0.047852    0.149392    0.304389 ^ clkbuf_3_6__f_clk/X (sky130_fd_sc_hd__clkbuf_16)
                                                         clknet_3_6__leaf_clk (net)
                      0.047853    0.000333    0.304722 ^ dsa[10]._9_/CLK (sky130_fd_sc_hd__dfrtp_1)
     2    0.009608    0.097109    0.361757    0.666480 ^ dsa[10]._9_/Q (sky130_fd_sc_hd__dfrtp_1)
                                                         dsa[10].y_out (net)
                      0.097109    0.000228    0.666708 ^ dsa[11]._7_/A1 (sky130_fd_sc_hd__a21bo_1)
     1    0.002740    0.034692    0.112435    0.779143 ^ dsa[11]._7_/X (sky130_fd_sc_hd__a21bo_1)
                                                         dsa[11].last_carry_next (net)
                      0.034692    0.000061    0.779204 ^ dsa[11]._8_/D (sky130_fd_sc_hd__dfrtp_1)
                                              0.779204   data arrival time

                                  0.000000    0.000000   clock core_clock (rise edge)
                                  0.000000    0.000000   clock source latency
     1    0.011662    0.000000    0.000000    0.000000 ^ clk (in)
                                                         clk (net)
                      0.000754    0.000377    0.000377 ^ clkbuf_0_clk/A (sky130_fd_sc_hd__clkbuf_16)
     8    0.076335    0.093236    0.152403    0.152780 ^ clkbuf_0_clk/X (sky130_fd_sc_hd__clkbuf_16)
                                                         clknet_0_clk (net)
                      0.093358    0.002216    0.154997 ^ clkbuf_3_6__f_clk/A (sky130_fd_sc_hd__clkbuf_16)
     8    0.026669    0.047852    0.149392    0.304389 ^ clkbuf_3_6__f_clk/X (sky130_fd_sc_hd__clkbuf_16)
                                                         clknet_3_6__leaf_clk (net)
                      0.047853    0.000316    0.304704 ^ dsa[11]._8_/CLK (sky130_fd_sc_hd__dfrtp_1)
                                  0.000000    0.304704   clock reconvergence pessimism
                                 -0.032215    0.272490   library hold time
                                              0.272490   data required time
---------------------------------------------------------------------------------------------
                                              0.272490   data required time
                                             -0.779204   data arrival time
---------------------------------------------------------------------------------------------
                                              0.506714   slack (MET)


Startpoint: dsa[29]._9_ (rising edge-triggered flip-flop clocked by core_clock)
Endpoint: dsa[30]._8_ (rising edge-triggered flip-flop clocked by core_clock)
Path Group: core_clock
Path Type: min

Fanout         Cap        Slew       Delay        Time   Description
---------------------------------------------------------------------------------------------
                                  0.000000    0.000000   clock core_clock (rise edge)
                                  0.000000    0.000000   clock source latency
     1    0.011662    0.000000    0.000000    0.000000 ^ clk (in)
                                                         clk (net)
                      0.000754    0.000377    0.000377 ^ clkbuf_0_clk/A (sky130_fd_sc_hd__clkbuf_16)
     8    0.076335    0.093236    0.152403    0.152780 ^ clkbuf_0_clk/X (sky130_fd_sc_hd__clkbuf_16)
                                                         clknet_0_clk (net)
                      0.093379    0.002475    0.155256 ^ clkbuf_3_1__f_clk/A (sky130_fd_sc_hd__clkbuf_16)
     7    0.025541    0.046826    0.148220    0.303476 ^ clkbuf_3_1__f_clk/X (sky130_fd_sc_hd__clkbuf_16)
                                                         clknet_3_1__leaf_clk (net)
                      0.046842    0.000785    0.304260 ^ dsa[29]._9_/CLK (sky130_fd_sc_hd__dfrtp_1)
     2    0.009625    0.097242    0.361475    0.665735 ^ dsa[29]._9_/Q (sky130_fd_sc_hd__dfrtp_1)
                                                         dsa[29].y_out (net)
                      0.097242    0.000232    0.665967 ^ dsa[30]._7_/A1 (sky130_fd_sc_hd__a21bo_1)
     1    0.003362    0.039088    0.116530    0.782497 ^ dsa[30]._7_/X (sky130_fd_sc_hd__a21bo_1)
                                                         dsa[30].last_carry_next (net)
                      0.039111    0.000110    0.782608 ^ dsa[30]._8_/D (sky130_fd_sc_hd__dfrtp_1)
                                              0.782608   data arrival time

                                  0.000000    0.000000   clock core_clock (rise edge)
                                  0.000000    0.000000   clock source latency
     1    0.011662    0.000000    0.000000    0.000000 ^ clk (in)
                                                         clk (net)
                      0.000754    0.000377    0.000377 ^ clkbuf_0_clk/A (sky130_fd_sc_hd__clkbuf_16)
     8    0.076335    0.093236    0.152403    0.152780 ^ clkbuf_0_clk/X (sky130_fd_sc_hd__clkbuf_16)
                                                         clknet_0_clk (net)
                      0.093365    0.002309    0.155089 ^ clkbuf_3_0__f_clk/A (sky130_fd_sc_hd__clkbuf_16)
    10    0.029790    0.050880    0.151925    0.307015 ^ clkbuf_3_0__f_clk/X (sky130_fd_sc_hd__clkbuf_16)
                                                         clknet_3_0__leaf_clk (net)
                      0.050884    0.000839    0.307854 ^ dsa[30]._8_/CLK (sky130_fd_sc_hd__dfrtp_1)
                                  0.000000    0.307854   clock reconvergence pessimism
                                 -0.032727    0.275127   library hold time
                                              0.275127   data required time
---------------------------------------------------------------------------------------------
                                              0.275127   data required time
                                             -0.782608   data arrival time
---------------------------------------------------------------------------------------------
                                              0.507481   slack (MET)


Startpoint: dsa[7]._9_ (rising edge-triggered flip-flop clocked by core_clock)
Endpoint: dsa[8]._8_ (rising edge-triggered flip-flop clocked by core_clock)
Path Group: core_clock
Path Type: min

Fanout         Cap        Slew       Delay        Time   Description
---------------------------------------------------------------------------------------------
                                  0.000000    0.000000   clock core_clock (rise edge)
                                  0.000000    0.000000   clock source latency
     1    0.011662    0.000000    0.000000    0.000000 ^ clk (in)
                                                         clk (net)
                      0.000754    0.000377    0.000377 ^ clkbuf_0_clk/A (sky130_fd_sc_hd__clkbuf_16)
     8    0.076335    0.093236    0.152403    0.152780 ^ clkbuf_0_clk/X (sky130_fd_sc_hd__clkbuf_16)
                                                         clknet_0_clk (net)
                      0.093372    0.002396    0.155176 ^ clkbuf_3_4__f_clk/A (sky130_fd_sc_hd__clkbuf_16)
     9    0.024409    0.045788    0.147166    0.302342 ^ clkbuf_3_4__f_clk/X (sky130_fd_sc_hd__clkbuf_16)
                                                         clknet_3_4__leaf_clk (net)
                      0.045800    0.000696    0.303038 ^ dsa[7]._9_/CLK (sky130_fd_sc_hd__dfrtp_1)
     2    0.009591    0.096964    0.360900    0.663937 ^ dsa[7]._9_/Q (sky130_fd_sc_hd__dfrtp_1)
                                                         dsa[7].y_out (net)
                      0.096964    0.000138    0.664075 ^ dsa[8]._7_/A1 (sky130_fd_sc_hd__a21bo_1)
     1    0.002919    0.035955    0.113549    0.777624 ^ dsa[8]._7_/X (sky130_fd_sc_hd__a21bo_1)
                                                         dsa[8].last_carry_next (net)
                      0.035955    0.000092    0.777716 ^ dsa[8]._8_/D (sky130_fd_sc_hd__dfrtp_1)
                                              0.777716   data arrival time

                                  0.000000    0.000000   clock core_clock (rise edge)
                                  0.000000    0.000000   clock source latency
     1    0.011662    0.000000    0.000000    0.000000 ^ clk (in)
                                                         clk (net)
                      0.000754    0.000377    0.000377 ^ clkbuf_0_clk/A (sky130_fd_sc_hd__clkbuf_16)
     8    0.076335    0.093236    0.152403    0.152780 ^ clkbuf_0_clk/X (sky130_fd_sc_hd__clkbuf_16)
                                                         clknet_0_clk (net)
                      0.093372    0.002396    0.155176 ^ clkbuf_3_4__f_clk/A (sky130_fd_sc_hd__clkbuf_16)
     9    0.024409    0.045788    0.147166    0.302342 ^ clkbuf_3_4__f_clk/X (sky130_fd_sc_hd__clkbuf_16)
                                                         clknet_3_4__leaf_clk (net)
                      0.045794    0.000530    0.302872 ^ dsa[8]._8_/CLK (sky130_fd_sc_hd__dfrtp_1)
                                  0.000000    0.302872   clock reconvergence pessimism
                                 -0.032760    0.270112   library hold time
                                              0.270112   data required time
---------------------------------------------------------------------------------------------
                                              0.270112   data required time
                                             -0.777716   data arrival time
---------------------------------------------------------------------------------------------
                                              0.507604   slack (MET)


Startpoint: dsa[5]._9_ (rising edge-triggered flip-flop clocked by core_clock)
Endpoint: dsa[6]._8_ (rising edge-triggered flip-flop clocked by core_clock)
Path Group: core_clock
Path Type: min

Fanout         Cap        Slew       Delay        Time   Description
---------------------------------------------------------------------------------------------
                                  0.000000    0.000000   clock core_clock (rise edge)
                                  0.000000    0.000000   clock source latency
     1    0.011662    0.000000    0.000000    0.000000 ^ clk (in)
                                                         clk (net)
                      0.000754    0.000377    0.000377 ^ clkbuf_0_clk/A (sky130_fd_sc_hd__clkbuf_16)
     8    0.076335    0.093236    0.152403    0.152780 ^ clkbuf_0_clk/X (sky130_fd_sc_hd__clkbuf_16)
                                                         clknet_0_clk (net)
                      0.093366    0.002317    0.155097 ^ clkbuf_3_5__f_clk/A (sky130_fd_sc_hd__clkbuf_16)
     8    0.026738    0.047906    0.149440    0.304537 ^ clkbuf_3_5__f_clk/X (sky130_fd_sc_hd__clkbuf_16)
                                                         clknet_3_5__leaf_clk (net)
                      0.047914    0.000589    0.305126 ^ dsa[5]._9_/CLK (sky130_fd_sc_hd__dfrtp_1)
     2    0.009954    0.099938    0.363827    0.668952 ^ dsa[5]._9_/Q (sky130_fd_sc_hd__dfrtp_1)
                                                         dsa[5].y_out (net)
                      0.099938    0.000386    0.669338 ^ dsa[6]._7_/A1 (sky130_fd_sc_hd__a21bo_1)
     1    0.002504    0.033037    0.111796    0.781134 ^ dsa[6]._7_/X (sky130_fd_sc_hd__a21bo_1)
                                                         dsa[6].last_carry_next (net)
                      0.033037    0.000054    0.781188 ^ dsa[6]._8_/D (sky130_fd_sc_hd__dfrtp_1)
                                              0.781188   data arrival time

                                  0.000000    0.000000   clock core_clock (rise edge)
                                  0.000000    0.000000   clock source latency
     1    0.011662    0.000000    0.000000    0.000000 ^ clk (in)
                                                         clk (net)
                      0.000754    0.000377    0.000377 ^ clkbuf_0_clk/A (sky130_fd_sc_hd__clkbuf_16)
     8    0.076335    0.093236    0.152403    0.152780 ^ clkbuf_0_clk/X (sky130_fd_sc_hd__clkbuf_16)
                                                         clknet_0_clk (net)
                      0.093366    0.002317    0.155097 ^ clkbuf_3_5__f_clk/A (sky130_fd_sc_hd__clkbuf_16)
     8    0.026738    0.047906    0.149440    0.304537 ^ clkbuf_3_5__f_clk/X (sky130_fd_sc_hd__clkbuf_16)
                                                         clknet_3_5__leaf_clk (net)
                      0.047916    0.000649    0.305186 ^ dsa[6]._8_/CLK (sky130_fd_sc_hd__dfrtp_1)
                                  0.000000    0.305186   clock reconvergence pessimism
                                 -0.031859    0.273327   library hold time
                                              0.273327   data required time
---------------------------------------------------------------------------------------------
                                              0.273327   data required time
                                             -0.781188   data arrival time
---------------------------------------------------------------------------------------------
                                              0.507861   slack (MET)


Startpoint: dsa[28]._9_ (rising edge-triggered flip-flop clocked by core_clock)
Endpoint: dsa[29]._8_ (rising edge-triggered flip-flop clocked by core_clock)
Path Group: core_clock
Path Type: min

Fanout         Cap        Slew       Delay        Time   Description
---------------------------------------------------------------------------------------------
                                  0.000000    0.000000   clock core_clock (rise edge)
                                  0.000000    0.000000   clock source latency
     1    0.011662    0.000000    0.000000    0.000000 ^ clk (in)
                                                         clk (net)
                      0.000754    0.000377    0.000377 ^ clkbuf_0_clk/A (sky130_fd_sc_hd__clkbuf_16)
     8    0.076335    0.093236    0.152403    0.152780 ^ clkbuf_0_clk/X (sky130_fd_sc_hd__clkbuf_16)
                                                         clknet_0_clk (net)
                      0.093365    0.002309    0.155089 ^ clkbuf_3_0__f_clk/A (sky130_fd_sc_hd__clkbuf_16)
    10    0.029790    0.050880    0.151925    0.307015 ^ clkbuf_3_0__f_clk/X (sky130_fd_sc_hd__clkbuf_16)
                                                         clknet_3_0__leaf_clk (net)
                      0.050882    0.000599    0.307614 ^ dsa[28]._9_/CLK (sky130_fd_sc_hd__dfrtp_1)
     2    0.008914    0.092055    0.358356    0.665970 ^ dsa[28]._9_/Q (sky130_fd_sc_hd__dfrtp_1)
                                                         dsa[28].y_out (net)
                      0.092055    0.000280    0.666250 ^ dsa[29]._7_/A1 (sky130_fd_sc_hd__a21bo_1)
     1    0.003909    0.043198    0.118224    0.784474 ^ dsa[29]._7_/X (sky130_fd_sc_hd__a21bo_1)
                                                         dsa[29].last_carry_next (net)
                      0.043198    0.000144    0.784618 ^ dsa[29]._8_/D (sky130_fd_sc_hd__dfrtp_1)
                                              0.784618   data arrival time

                                  0.000000    0.000000   clock core_clock (rise edge)
                                  0.000000    0.000000   clock source latency
     1    0.011662    0.000000    0.000000    0.000000 ^ clk (in)
                                                         clk (net)
                      0.000754    0.000377    0.000377 ^ clkbuf_0_clk/A (sky130_fd_sc_hd__clkbuf_16)
     8    0.076335    0.093236    0.152403    0.152780 ^ clkbuf_0_clk/X (sky130_fd_sc_hd__clkbuf_16)
                                                         clknet_0_clk (net)
                      0.093365    0.002309    0.155089 ^ clkbuf_3_0__f_clk/A (sky130_fd_sc_hd__clkbuf_16)
    10    0.029790    0.050880    0.151925    0.307015 ^ clkbuf_3_0__f_clk/X (sky130_fd_sc_hd__clkbuf_16)
                                                         clknet_3_0__leaf_clk (net)
                      0.050883    0.000625    0.307640 ^ dsa[29]._8_/CLK (sky130_fd_sc_hd__dfrtp_1)
                                  0.000000    0.307640   clock reconvergence pessimism
                                 -0.033583    0.274057   library hold time
                                              0.274057   data required time
---------------------------------------------------------------------------------------------
                                              0.274057   data required time
                                             -0.784618   data arrival time
---------------------------------------------------------------------------------------------
                                              0.510562   slack (MET)


Startpoint: dsa[13]._9_ (rising edge-triggered flip-flop clocked by core_clock)
Endpoint: dsa[14]._8_ (rising edge-triggered flip-flop clocked by core_clock)
Path Group: core_clock
Path Type: min

Fanout         Cap        Slew       Delay        Time   Description
---------------------------------------------------------------------------------------------
                                  0.000000    0.000000   clock core_clock (rise edge)
                                  0.000000    0.000000   clock source latency
     1    0.011662    0.000000    0.000000    0.000000 ^ clk (in)
                                                         clk (net)
                      0.000754    0.000377    0.000377 ^ clkbuf_0_clk/A (sky130_fd_sc_hd__clkbuf_16)
     8    0.076335    0.093236    0.152403    0.152780 ^ clkbuf_0_clk/X (sky130_fd_sc_hd__clkbuf_16)
                                                         clknet_0_clk (net)
                      0.093359    0.002232    0.155012 ^ clkbuf_3_3__f_clk/A (sky130_fd_sc_hd__clkbuf_16)
     9    0.026965    0.048104    0.149595    0.304607 ^ clkbuf_3_3__f_clk/X (sky130_fd_sc_hd__clkbuf_16)
                                                         clknet_3_3__leaf_clk (net)
                      0.048120    0.000795    0.305403 ^ dsa[13]._9_/CLK (sky130_fd_sc_hd__dfrtp_1)
     2    0.009526    0.096454    0.361316    0.666718 ^ dsa[13]._9_/Q (sky130_fd_sc_hd__dfrtp_1)
                                                         dsa[13].y_out (net)
                      0.096454    0.000350    0.667068 ^ dsa[14]._7_/A1 (sky130_fd_sc_hd__a21bo_1)
     1    0.003366    0.039151    0.116311    0.783379 ^ dsa[14]._7_/X (sky130_fd_sc_hd__a21bo_1)
                                                         dsa[14].last_carry_next (net)
                      0.039151    0.000089    0.783468 ^ dsa[14]._8_/D (sky130_fd_sc_hd__dfrtp_1)
                                              0.783468   data arrival time

                                  0.000000    0.000000   clock core_clock (rise edge)
                                  0.000000    0.000000   clock source latency
     1    0.011662    0.000000    0.000000    0.000000 ^ clk (in)
                                                         clk (net)
                      0.000754    0.000377    0.000377 ^ clkbuf_0_clk/A (sky130_fd_sc_hd__clkbuf_16)
     8    0.076335    0.093236    0.152403    0.152780 ^ clkbuf_0_clk/X (sky130_fd_sc_hd__clkbuf_16)
                                                         clknet_0_clk (net)
                      0.093359    0.002232    0.155012 ^ clkbuf_3_3__f_clk/A (sky130_fd_sc_hd__clkbuf_16)
     9    0.026965    0.048104    0.149595    0.304607 ^ clkbuf_3_3__f_clk/X (sky130_fd_sc_hd__clkbuf_16)
                                                         clknet_3_3__leaf_clk (net)
                      0.048110    0.000544    0.305151 ^ dsa[14]._8_/CLK (sky130_fd_sc_hd__dfrtp_1)
                                  0.000000    0.305151   clock reconvergence pessimism
                                 -0.033114    0.272038   library hold time
                                              0.272038   data required time
---------------------------------------------------------------------------------------------
                                              0.272038   data required time
                                             -0.783468   data arrival time
---------------------------------------------------------------------------------------------
                                              0.511430   slack (MET)


Startpoint: dsa[24]._9_ (rising edge-triggered flip-flop clocked by core_clock)
Endpoint: dsa[25]._8_ (rising edge-triggered flip-flop clocked by core_clock)
Path Group: core_clock
Path Type: min

Fanout         Cap        Slew       Delay        Time   Description
---------------------------------------------------------------------------------------------
                                  0.000000    0.000000   clock core_clock (rise edge)
                                  0.000000    0.000000   clock source latency
     1    0.011662    0.000000    0.000000    0.000000 ^ clk (in)
                                                         clk (net)
                      0.000754    0.000377    0.000377 ^ clkbuf_0_clk/A (sky130_fd_sc_hd__clkbuf_16)
     8    0.076335    0.093236    0.152403    0.152780 ^ clkbuf_0_clk/X (sky130_fd_sc_hd__clkbuf_16)
                                                         clknet_0_clk (net)
                      0.093359    0.002232    0.155012 ^ clkbuf_3_3__f_clk/A (sky130_fd_sc_hd__clkbuf_16)
     9    0.026965    0.048104    0.149595    0.304607 ^ clkbuf_3_3__f_clk/X (sky130_fd_sc_hd__clkbuf_16)
                                                         clknet_3_3__leaf_clk (net)
                      0.048120    0.000794    0.305401 ^ dsa[24]._9_/CLK (sky130_fd_sc_hd__dfrtp_1)
     2    0.010048    0.100698    0.364508    0.669909 ^ dsa[24]._9_/Q (sky130_fd_sc_hd__dfrtp_1)
                                                         dsa[24].y_out (net)
                      0.100698    0.000333    0.670242 ^ dsa[25]._7_/A1 (sky130_fd_sc_hd__a21bo_1)
     1    0.003115    0.037357    0.116027    0.786269 ^ dsa[25]._7_/X (sky130_fd_sc_hd__a21bo_1)
                                                         dsa[25].last_carry_next (net)
                      0.037357    0.000101    0.786370 ^ dsa[25]._8_/D (sky130_fd_sc_hd__dfrtp_1)
                                              0.786370   data arrival time

                                  0.000000    0.000000   clock core_clock (rise edge)
                                  0.000000    0.000000   clock source latency
     1    0.011662    0.000000    0.000000    0.000000 ^ clk (in)
                                                         clk (net)
                      0.000754    0.000377    0.000377 ^ clkbuf_0_clk/A (sky130_fd_sc_hd__clkbuf_16)
     8    0.076335    0.093236    0.152403    0.152780 ^ clkbuf_0_clk/X (sky130_fd_sc_hd__clkbuf_16)
                                                         clknet_0_clk (net)
                      0.093362    0.002267    0.155047 ^ clkbuf_3_2__f_clk/A (sky130_fd_sc_hd__clkbuf_16)
    10    0.028338    0.049648    0.150898    0.305945 ^ clkbuf_3_2__f_clk/X (sky130_fd_sc_hd__clkbuf_16)
                                                         clknet_3_2__leaf_clk (net)
                      0.049650    0.000619    0.306564 ^ dsa[25]._8_/CLK (sky130_fd_sc_hd__dfrtp_1)
                                  0.000000    0.306564   clock reconvergence pessimism
                                 -0.032528    0.274036   library hold time
                                              0.274036   data required time
---------------------------------------------------------------------------------------------
                                              0.274036   data required time
                                             -0.786370   data arrival time
---------------------------------------------------------------------------------------------
                                              0.512334   slack (MET)


Startpoint: dsa[14]._9_ (rising edge-triggered flip-flop clocked by core_clock)
Endpoint: dsa[15]._8_ (rising edge-triggered flip-flop clocked by core_clock)
Path Group: core_clock
Path Type: min

Fanout         Cap        Slew       Delay        Time   Description
---------------------------------------------------------------------------------------------
                                  0.000000    0.000000   clock core_clock (rise edge)
                                  0.000000    0.000000   clock source latency
     1    0.011662    0.000000    0.000000    0.000000 ^ clk (in)
                                                         clk (net)
                      0.000754    0.000377    0.000377 ^ clkbuf_0_clk/A (sky130_fd_sc_hd__clkbuf_16)
     8    0.076335    0.093236    0.152403    0.152780 ^ clkbuf_0_clk/X (sky130_fd_sc_hd__clkbuf_16)
                                                         clknet_0_clk (net)
                      0.093358    0.002216    0.154997 ^ clkbuf_3_6__f_clk/A (sky130_fd_sc_hd__clkbuf_16)
     8    0.026669    0.047852    0.149392    0.304389 ^ clkbuf_3_6__f_clk/X (sky130_fd_sc_hd__clkbuf_16)
                                                         clknet_3_6__leaf_clk (net)
                      0.047859    0.000578    0.304967 ^ dsa[14]._9_/CLK (sky130_fd_sc_hd__dfrtp_1)
     2    0.009479    0.096063    0.360955    0.665921 ^ dsa[14]._9_/Q (sky130_fd_sc_hd__dfrtp_1)
                                                         dsa[14].y_out (net)
                      0.096063    0.000289    0.666211 ^ dsa[15]._7_/A1 (sky130_fd_sc_hd__a21bo_1)
     1    0.003743    0.041912    0.118546    0.784757 ^ dsa[15]._7_/X (sky130_fd_sc_hd__a21bo_1)
                                                         dsa[15].last_carry_next (net)
                      0.041912    0.000105    0.784862 ^ dsa[15]._8_/D (sky130_fd_sc_hd__dfrtp_1)
                                              0.784862   data arrival time

                                  0.000000    0.000000   clock core_clock (rise edge)
                                  0.000000    0.000000   clock source latency
     1    0.011662    0.000000    0.000000    0.000000 ^ clk (in)
                                                         clk (net)
                      0.000754    0.000377    0.000377 ^ clkbuf_0_clk/A (sky130_fd_sc_hd__clkbuf_16)
     8    0.076335    0.093236    0.152403    0.152780 ^ clkbuf_0_clk/X (sky130_fd_sc_hd__clkbuf_16)
                                                         clknet_0_clk (net)
                      0.093359    0.002232    0.155012 ^ clkbuf_3_3__f_clk/A (sky130_fd_sc_hd__clkbuf_16)
     9    0.026965    0.048104    0.149595    0.304607 ^ clkbuf_3_3__f_clk/X (sky130_fd_sc_hd__clkbuf_16)
                                                         clknet_3_3__leaf_clk (net)
                      0.048115    0.000671    0.305278 ^ dsa[15]._8_/CLK (sky130_fd_sc_hd__dfrtp_1)
                                  0.000000    0.305278   clock reconvergence pessimism
                                 -0.033692    0.271587   library hold time
                                              0.271587   data required time
---------------------------------------------------------------------------------------------
                                              0.271587   data required time
                                             -0.784862   data arrival time
---------------------------------------------------------------------------------------------
                                              0.513276   slack (MET)


Startpoint: dsa[8]._9_ (rising edge-triggered flip-flop clocked by core_clock)
Endpoint: dsa[9]._8_ (rising edge-triggered flip-flop clocked by core_clock)
Path Group: core_clock
Path Type: min

Fanout         Cap        Slew       Delay        Time   Description
---------------------------------------------------------------------------------------------
                                  0.000000    0.000000   clock core_clock (rise edge)
                                  0.000000    0.000000   clock source latency
     1    0.011662    0.000000    0.000000    0.000000 ^ clk (in)
                                                         clk (net)
                      0.000754    0.000377    0.000377 ^ clkbuf_0_clk/A (sky130_fd_sc_hd__clkbuf_16)
     8    0.076335    0.093236    0.152403    0.152780 ^ clkbuf_0_clk/X (sky130_fd_sc_hd__clkbuf_16)
                                                         clknet_0_clk (net)
                      0.093372    0.002396    0.155176 ^ clkbuf_3_4__f_clk/A (sky130_fd_sc_hd__clkbuf_16)
     9    0.024409    0.045788    0.147166    0.302342 ^ clkbuf_3_4__f_clk/X (sky130_fd_sc_hd__clkbuf_16)
                                                         clknet_3_4__leaf_clk (net)
                      0.045801    0.000715    0.303057 ^ dsa[8]._9_/CLK (sky130_fd_sc_hd__dfrtp_1)
     2    0.010061    0.100805    0.363677    0.666734 ^ dsa[8]._9_/Q (sky130_fd_sc_hd__dfrtp_1)
                                                         dsa[8].y_out (net)
                      0.100805    0.000389    0.667122 ^ dsa[9]._7_/A1 (sky130_fd_sc_hd__a21bo_1)
     1    0.003420    0.039530    0.118063    0.785185 ^ dsa[9]._7_/X (sky130_fd_sc_hd__a21bo_1)
                                                         dsa[9].last_carry_next (net)
                      0.039530    0.000091    0.785276 ^ dsa[9]._8_/D (sky130_fd_sc_hd__dfrtp_1)
                                              0.785276   data arrival time

                                  0.000000    0.000000   clock core_clock (rise edge)
                                  0.000000    0.000000   clock source latency
     1    0.011662    0.000000    0.000000    0.000000 ^ clk (in)
                                                         clk (net)
                      0.000754    0.000377    0.000377 ^ clkbuf_0_clk/A (sky130_fd_sc_hd__clkbuf_16)
     8    0.076335    0.093236    0.152403    0.152780 ^ clkbuf_0_clk/X (sky130_fd_sc_hd__clkbuf_16)
                                                         clknet_0_clk (net)
                      0.093358    0.002216    0.154997 ^ clkbuf_3_6__f_clk/A (sky130_fd_sc_hd__clkbuf_16)
     8    0.026669    0.047852    0.149392    0.304389 ^ clkbuf_3_6__f_clk/X (sky130_fd_sc_hd__clkbuf_16)
                                                         clknet_3_6__leaf_clk (net)
                      0.047861    0.000631    0.305020 ^ dsa[9]._8_/CLK (sky130_fd_sc_hd__dfrtp_1)
                                  0.000000    0.305020   clock reconvergence pessimism
                                 -0.033227    0.271793   library hold time
                                              0.271793   data required time
---------------------------------------------------------------------------------------------
                                              0.271793   data required time
                                             -0.785276   data arrival time
---------------------------------------------------------------------------------------------
                                              0.513483   slack (MET)


Startpoint: dsa[1]._9_ (rising edge-triggered flip-flop clocked by core_clock)
Endpoint: dsa[2]._8_ (rising edge-triggered flip-flop clocked by core_clock)
Path Group: core_clock
Path Type: min

Fanout         Cap        Slew       Delay        Time   Description
---------------------------------------------------------------------------------------------
                                  0.000000    0.000000   clock core_clock (rise edge)
                                  0.000000    0.000000   clock source latency
     1    0.011662    0.000000    0.000000    0.000000 ^ clk (in)
                                                         clk (net)
                      0.000754    0.000377    0.000377 ^ clkbuf_0_clk/A (sky130_fd_sc_hd__clkbuf_16)
     8    0.076335    0.093236    0.152403    0.152780 ^ clkbuf_0_clk/X (sky130_fd_sc_hd__clkbuf_16)
                                                         clknet_0_clk (net)
                      0.093361    0.002257    0.155037 ^ clkbuf_3_7__f_clk/A (sky130_fd_sc_hd__clkbuf_16)
    10    0.027229    0.048369    0.149808    0.304846 ^ clkbuf_3_7__f_clk/X (sky130_fd_sc_hd__clkbuf_16)
                                                         clknet_3_7__leaf_clk (net)
                      0.048399    0.000778    0.305624 ^ dsa[1]._9_/CLK (sky130_fd_sc_hd__dfrtp_1)
     2    0.009525    0.096436    0.361432    0.667057 ^ dsa[1]._9_/Q (sky130_fd_sc_hd__dfrtp_1)
                                                         dsa[1].y_out (net)
                      0.096436    0.000322    0.667378 ^ dsa[2]._7_/A1 (sky130_fd_sc_hd__a21bo_1)
     1    0.003618    0.040943    0.117920    0.785298 ^ dsa[2]._7_/X (sky130_fd_sc_hd__a21bo_1)
                                                         dsa[2].last_carry_next (net)
                      0.040943    0.000126    0.785424 ^ dsa[2]._8_/D (sky130_fd_sc_hd__dfrtp_1)
                                              0.785424   data arrival time

                                  0.000000    0.000000   clock core_clock (rise edge)
                                  0.000000    0.000000   clock source latency
     1    0.011662    0.000000    0.000000    0.000000 ^ clk (in)
                                                         clk (net)
                      0.000754    0.000377    0.000377 ^ clkbuf_0_clk/A (sky130_fd_sc_hd__clkbuf_16)
     8    0.076335    0.093236    0.152403    0.152780 ^ clkbuf_0_clk/X (sky130_fd_sc_hd__clkbuf_16)
                                                         clknet_0_clk (net)
                      0.093358    0.002216    0.154997 ^ clkbuf_3_6__f_clk/A (sky130_fd_sc_hd__clkbuf_16)
     8    0.026669    0.047852    0.149392    0.304389 ^ clkbuf_3_6__f_clk/X (sky130_fd_sc_hd__clkbuf_16)
                                                         clknet_3_6__leaf_clk (net)
                      0.047861    0.000631    0.305020 ^ dsa[2]._8_/CLK (sky130_fd_sc_hd__dfrtp_1)
                                  0.000000    0.305020   clock reconvergence pessimism
                                 -0.033523    0.271496   library hold time
                                              0.271496   data required time
---------------------------------------------------------------------------------------------
                                              0.271496   data required time
                                             -0.785424   data arrival time
---------------------------------------------------------------------------------------------
                                              0.513928   slack (MET)


Startpoint: dsa[20]._9_ (rising edge-triggered flip-flop clocked by core_clock)
Endpoint: dsa[21]._8_ (rising edge-triggered flip-flop clocked by core_clock)
Path Group: core_clock
Path Type: min

Fanout         Cap        Slew       Delay        Time   Description
---------------------------------------------------------------------------------------------
                                  0.000000    0.000000   clock core_clock (rise edge)
                                  0.000000    0.000000   clock source latency
     1    0.011662    0.000000    0.000000    0.000000 ^ clk (in)
                                                         clk (net)
                      0.000754    0.000377    0.000377 ^ clkbuf_0_clk/A (sky130_fd_sc_hd__clkbuf_16)
     8    0.076335    0.093236    0.152403    0.152780 ^ clkbuf_0_clk/X (sky130_fd_sc_hd__clkbuf_16)
                                                         clknet_0_clk (net)
                      0.093365    0.002309    0.155089 ^ clkbuf_3_0__f_clk/A (sky130_fd_sc_hd__clkbuf_16)
    10    0.029790    0.050880    0.151925    0.307015 ^ clkbuf_3_0__f_clk/X (sky130_fd_sc_hd__clkbuf_16)
                                                         clknet_3_0__leaf_clk (net)
                      0.050881    0.000399    0.307413 ^ dsa[20]._9_/CLK (sky130_fd_sc_hd__dfrtp_1)
     2    0.009061    0.093056    0.359328    0.666741 ^ dsa[20]._9_/Q (sky130_fd_sc_hd__dfrtp_1)
                                                         dsa[20].y_out (net)
                      0.093056    0.000318    0.667059 ^ dsa[21]._7_/A1 (sky130_fd_sc_hd__a21bo_1)
     1    0.004322    0.046369    0.120986    0.788045 ^ dsa[21]._7_/X (sky130_fd_sc_hd__a21bo_1)
                                                         dsa[21].last_carry_next (net)
                      0.046369    0.000136    0.788180 ^ dsa[21]._8_/D (sky130_fd_sc_hd__dfrtp_1)
                                              0.788180   data arrival time

                                  0.000000    0.000000   clock core_clock (rise edge)
                                  0.000000    0.000000   clock source latency
     1    0.011662    0.000000    0.000000    0.000000 ^ clk (in)
                                                         clk (net)
                      0.000754    0.000377    0.000377 ^ clkbuf_0_clk/A (sky130_fd_sc_hd__clkbuf_16)
     8    0.076335    0.093236    0.152403    0.152780 ^ clkbuf_0_clk/X (sky130_fd_sc_hd__clkbuf_16)
                                                         clknet_0_clk (net)
                      0.093365    0.002309    0.155089 ^ clkbuf_3_0__f_clk/A (sky130_fd_sc_hd__clkbuf_16)
    10    0.029790    0.050880    0.151925    0.307015 ^ clkbuf_3_0__f_clk/X (sky130_fd_sc_hd__clkbuf_16)
                                                         clknet_3_0__leaf_clk (net)
                      0.050882    0.000586    0.307600 ^ dsa[21]._8_/CLK (sky130_fd_sc_hd__dfrtp_1)
                                  0.000000    0.307600   clock reconvergence pessimism
                                 -0.034247    0.273353   library hold time
                                              0.273353   data required time
---------------------------------------------------------------------------------------------
                                              0.273353   data required time
                                             -0.788180   data arrival time
---------------------------------------------------------------------------------------------
                                              0.514827   slack (MET)


Startpoint: dsa[19]._9_ (rising edge-triggered flip-flop clocked by core_clock)
Endpoint: dsa[20]._8_ (rising edge-triggered flip-flop clocked by core_clock)
Path Group: core_clock
Path Type: min

Fanout         Cap        Slew       Delay        Time   Description
---------------------------------------------------------------------------------------------
                                  0.000000    0.000000   clock core_clock (rise edge)
                                  0.000000    0.000000   clock source latency
     1    0.011662    0.000000    0.000000    0.000000 ^ clk (in)
                                                         clk (net)
                      0.000754    0.000377    0.000377 ^ clkbuf_0_clk/A (sky130_fd_sc_hd__clkbuf_16)
     8    0.076335    0.093236    0.152403    0.152780 ^ clkbuf_0_clk/X (sky130_fd_sc_hd__clkbuf_16)
                                                         clknet_0_clk (net)
                      0.093365    0.002309    0.155089 ^ clkbuf_3_0__f_clk/A (sky130_fd_sc_hd__clkbuf_16)
    10    0.029790    0.050880    0.151925    0.307015 ^ clkbuf_3_0__f_clk/X (sky130_fd_sc_hd__clkbuf_16)
                                                         clknet_3_0__leaf_clk (net)
                      0.050884    0.000771    0.307786 ^ dsa[19]._9_/CLK (sky130_fd_sc_hd__dfrtp_1)
     2    0.009483    0.096103    0.362111    0.669897 ^ dsa[19]._9_/Q (sky130_fd_sc_hd__dfrtp_1)
                                                         dsa[19].y_out (net)
                      0.096103    0.000272    0.670169 ^ dsa[20]._7_/A1 (sky130_fd_sc_hd__a21bo_1)
     1    0.003289    0.038584    0.115700    0.785869 ^ dsa[20]._7_/X (sky130_fd_sc_hd__a21bo_1)
                                                         dsa[20].last_carry_next (net)
                      0.038607    0.000086    0.785954 ^ dsa[20]._8_/D (sky130_fd_sc_hd__dfrtp_1)
                                              0.785954   data arrival time

                                  0.000000    0.000000   clock core_clock (rise edge)
                                  0.000000    0.000000   clock source latency
     1    0.011662    0.000000    0.000000    0.000000 ^ clk (in)
                                                         clk (net)
                      0.000754    0.000377    0.000377 ^ clkbuf_0_clk/A (sky130_fd_sc_hd__clkbuf_16)
     8    0.076335    0.093236    0.152403    0.152780 ^ clkbuf_0_clk/X (sky130_fd_sc_hd__clkbuf_16)
                                                         clknet_0_clk (net)
                      0.093379    0.002475    0.155256 ^ clkbuf_3_1__f_clk/A (sky130_fd_sc_hd__clkbuf_16)
     7    0.025541    0.046826    0.148220    0.303476 ^ clkbuf_3_1__f_clk/X (sky130_fd_sc_hd__clkbuf_16)
                                                         clknet_3_1__leaf_clk (net)
                      0.046833    0.000568    0.304043 ^ dsa[20]._8_/CLK (sky130_fd_sc_hd__dfrtp_1)
                                  0.000000    0.304043   clock reconvergence pessimism
                                 -0.033174    0.270869   library hold time
                                              0.270869   data required time
---------------------------------------------------------------------------------------------
                                              0.270869   data required time
                                             -0.785954   data arrival time
---------------------------------------------------------------------------------------------
                                              0.515085   slack (MET)


Startpoint: dsa[9]._9_ (rising edge-triggered flip-flop clocked by core_clock)
Endpoint: dsa[10]._8_ (rising edge-triggered flip-flop clocked by core_clock)
Path Group: core_clock
Path Type: min

Fanout         Cap        Slew       Delay        Time   Description
---------------------------------------------------------------------------------------------
                                  0.000000    0.000000   clock core_clock (rise edge)
                                  0.000000    0.000000   clock source latency
     1    0.011662    0.000000    0.000000    0.000000 ^ clk (in)
                                                         clk (net)
                      0.000754    0.000377    0.000377 ^ clkbuf_0_clk/A (sky130_fd_sc_hd__clkbuf_16)
     8    0.076335    0.093236    0.152403    0.152780 ^ clkbuf_0_clk/X (sky130_fd_sc_hd__clkbuf_16)
                                                         clknet_0_clk (net)
                      0.093361    0.002257    0.155037 ^ clkbuf_3_7__f_clk/A (sky130_fd_sc_hd__clkbuf_16)
    10    0.027229    0.048369    0.149808    0.304846 ^ clkbuf_3_7__f_clk/X (sky130_fd_sc_hd__clkbuf_16)
                                                         clknet_3_7__leaf_clk (net)
                      0.048399    0.000769    0.305615 ^ dsa[9]._9_/CLK (sky130_fd_sc_hd__dfrtp_1)
     2    0.009714    0.097978    0.362564    0.668178 ^ dsa[9]._9_/Q (sky130_fd_sc_hd__dfrtp_1)
                                                         dsa[10].y_in (net)
                      0.097978    0.000357    0.668535 ^ dsa[10]._7_/A1 (sky130_fd_sc_hd__a21bo_1)
     1    0.003640    0.041127    0.118547    0.787082 ^ dsa[10]._7_/X (sky130_fd_sc_hd__a21bo_1)
                                                         dsa[10].last_carry_next (net)
                      0.041127    0.000131    0.787213 ^ dsa[10]._8_/D (sky130_fd_sc_hd__dfrtp_1)
                                              0.787213   data arrival time

                                  0.000000    0.000000   clock core_clock (rise edge)
                                  0.000000    0.000000   clock source latency
     1    0.011662    0.000000    0.000000    0.000000 ^ clk (in)
                                                         clk (net)
                      0.000754    0.000377    0.000377 ^ clkbuf_0_clk/A (sky130_fd_sc_hd__clkbuf_16)
     8    0.076335    0.093236    0.152403    0.152780 ^ clkbuf_0_clk/X (sky130_fd_sc_hd__clkbuf_16)
                                                         clknet_0_clk (net)
                      0.093358    0.002216    0.154997 ^ clkbuf_3_6__f_clk/A (sky130_fd_sc_hd__clkbuf_16)
     8    0.026669    0.047852    0.149392    0.304389 ^ clkbuf_3_6__f_clk/X (sky130_fd_sc_hd__clkbuf_16)
                                                         clknet_3_6__leaf_clk (net)
                      0.047860    0.000606    0.304994 ^ dsa[10]._8_/CLK (sky130_fd_sc_hd__dfrtp_1)
                                  0.000000    0.304994   clock reconvergence pessimism
                                 -0.033562    0.271432   library hold time
                                              0.271432   data required time
---------------------------------------------------------------------------------------------
                                              0.271432   data required time
                                             -0.787213   data arrival time
---------------------------------------------------------------------------------------------
                                              0.515781   slack (MET)


Startpoint: dsa[6]._9_ (rising edge-triggered flip-flop clocked by core_clock)
Endpoint: dsa[7]._8_ (rising edge-triggered flip-flop clocked by core_clock)
Path Group: core_clock
Path Type: min

Fanout         Cap        Slew       Delay        Time   Description
---------------------------------------------------------------------------------------------
                                  0.000000    0.000000   clock core_clock (rise edge)
                                  0.000000    0.000000   clock source latency
     1    0.011662    0.000000    0.000000    0.000000 ^ clk (in)
                                                         clk (net)
                      0.000754    0.000377    0.000377 ^ clkbuf_0_clk/A (sky130_fd_sc_hd__clkbuf_16)
     8    0.076335    0.093236    0.152403    0.152780 ^ clkbuf_0_clk/X (sky130_fd_sc_hd__clkbuf_16)
                                                         clknet_0_clk (net)
                      0.093366    0.002317    0.155097 ^ clkbuf_3_5__f_clk/A (sky130_fd_sc_hd__clkbuf_16)
     8    0.026738    0.047906    0.149440    0.304537 ^ clkbuf_3_5__f_clk/X (sky130_fd_sc_hd__clkbuf_16)
                                                         clknet_3_5__leaf_clk (net)
                      0.047916    0.000629    0.305166 ^ dsa[6]._9_/CLK (sky130_fd_sc_hd__dfrtp_1)
     2    0.010814    0.106960    0.369017    0.674183 ^ dsa[6]._9_/Q (sky130_fd_sc_hd__dfrtp_1)
                                                         dsa[6].y_out (net)
                      0.106960    0.000360    0.674543 ^ dsa[7]._7_/A1 (sky130_fd_sc_hd__a21bo_1)
     1    0.002407    0.032375    0.113420    0.787963 ^ dsa[7]._7_/X (sky130_fd_sc_hd__a21bo_1)
                                                         dsa[7].last_carry_next (net)
                      0.032375    0.000050    0.788013 ^ dsa[7]._8_/D (sky130_fd_sc_hd__dfrtp_1)
                                              0.788013   data arrival time

                                  0.000000    0.000000   clock core_clock (rise edge)
                                  0.000000    0.000000   clock source latency
     1    0.011662    0.000000    0.000000    0.000000 ^ clk (in)
                                                         clk (net)
                      0.000754    0.000377    0.000377 ^ clkbuf_0_clk/A (sky130_fd_sc_hd__clkbuf_16)
     8    0.076335    0.093236    0.152403    0.152780 ^ clkbuf_0_clk/X (sky130_fd_sc_hd__clkbuf_16)
                                                         clknet_0_clk (net)
                      0.093372    0.002396    0.155176 ^ clkbuf_3_4__f_clk/A (sky130_fd_sc_hd__clkbuf_16)
     9    0.024409    0.045788    0.147166    0.302342 ^ clkbuf_3_4__f_clk/X (sky130_fd_sc_hd__clkbuf_16)
                                                         clknet_3_4__leaf_clk (net)
                      0.045801    0.000720    0.303062 ^ dsa[7]._8_/CLK (sky130_fd_sc_hd__dfrtp_1)
                                  0.000000    0.303062   clock reconvergence pessimism
                                 -0.032009    0.271053   library hold time
                                              0.271053   data required time
---------------------------------------------------------------------------------------------
                                              0.271053   data required time
                                             -0.788013   data arrival time
---------------------------------------------------------------------------------------------
                                              0.516960   slack (MET)


Startpoint: dsa[11]._9_ (rising edge-triggered flip-flop clocked by core_clock)
Endpoint: dsa[12]._8_ (rising edge-triggered flip-flop clocked by core_clock)
Path Group: core_clock
Path Type: min

Fanout         Cap        Slew       Delay        Time   Description
---------------------------------------------------------------------------------------------
                                  0.000000    0.000000   clock core_clock (rise edge)
                                  0.000000    0.000000   clock source latency
     1    0.011662    0.000000    0.000000    0.000000 ^ clk (in)
                                                         clk (net)
                      0.000754    0.000377    0.000377 ^ clkbuf_0_clk/A (sky130_fd_sc_hd__clkbuf_16)
     8    0.076335    0.093236    0.152403    0.152780 ^ clkbuf_0_clk/X (sky130_fd_sc_hd__clkbuf_16)
                                                         clknet_0_clk (net)
                      0.093361    0.002257    0.155037 ^ clkbuf_3_7__f_clk/A (sky130_fd_sc_hd__clkbuf_16)
    10    0.027229    0.048369    0.149808    0.304846 ^ clkbuf_3_7__f_clk/X (sky130_fd_sc_hd__clkbuf_16)
                                                         clknet_3_7__leaf_clk (net)
                      0.048399    0.000776    0.305622 ^ dsa[11]._9_/CLK (sky130_fd_sc_hd__dfrtp_1)
     2    0.010148    0.101528    0.365181    0.670803 ^ dsa[11]._9_/Q (sky130_fd_sc_hd__dfrtp_1)
                                                         dsa[11].y_out (net)
                      0.101528    0.000400    0.671203 ^ dsa[12]._7_/A1 (sky130_fd_sc_hd__a21bo_1)
     1    0.003818    0.042492    0.120734    0.791937 ^ dsa[12]._7_/X (sky130_fd_sc_hd__a21bo_1)
                                                         dsa[12].last_carry_next (net)
                      0.042492    0.000140    0.792077 ^ dsa[12]._8_/D (sky130_fd_sc_hd__dfrtp_1)
                                              0.792077   data arrival time

                                  0.000000    0.000000   clock core_clock (rise edge)
                                  0.000000    0.000000   clock source latency
     1    0.011662    0.000000    0.000000    0.000000 ^ clk (in)
                                                         clk (net)
                      0.000754    0.000377    0.000377 ^ clkbuf_0_clk/A (sky130_fd_sc_hd__clkbuf_16)
     8    0.076335    0.093236    0.152403    0.152780 ^ clkbuf_0_clk/X (sky130_fd_sc_hd__clkbuf_16)
                                                         clknet_0_clk (net)
                      0.093358    0.002216    0.154997 ^ clkbuf_3_6__f_clk/A (sky130_fd_sc_hd__clkbuf_16)
     8    0.026669    0.047852    0.149392    0.304389 ^ clkbuf_3_6__f_clk/X (sky130_fd_sc_hd__clkbuf_16)
                                                         clknet_3_6__leaf_clk (net)
                      0.047857    0.000522    0.304911 ^ dsa[12]._8_/CLK (sky130_fd_sc_hd__dfrtp_1)
                                  0.000000    0.304911   clock reconvergence pessimism
                                 -0.033848    0.271062   library hold time
                                              0.271062   data required time
---------------------------------------------------------------------------------------------
                                              0.271062   data required time
                                             -0.792077   data arrival time
---------------------------------------------------------------------------------------------
                                              0.521015   slack (MET)


Startpoint: dsa[0]._8_ (rising edge-triggered flip-flop clocked by core_clock)
Endpoint: dsa[0]._9_ (rising edge-triggered flip-flop clocked by core_clock)
Path Group: core_clock
Path Type: min

Fanout         Cap        Slew       Delay        Time   Description
---------------------------------------------------------------------------------------------
                                  0.000000    0.000000   clock core_clock (rise edge)
                                  0.000000    0.000000   clock source latency
     1    0.011662    0.000000    0.000000    0.000000 ^ clk (in)
                                                         clk (net)
                      0.000754    0.000377    0.000377 ^ clkbuf_0_clk/A (sky130_fd_sc_hd__clkbuf_16)
     8    0.076335    0.093236    0.152403    0.152780 ^ clkbuf_0_clk/X (sky130_fd_sc_hd__clkbuf_16)
                                                         clknet_0_clk (net)
                      0.093361    0.002257    0.155037 ^ clkbuf_3_7__f_clk/A (sky130_fd_sc_hd__clkbuf_16)
    10    0.027229    0.048369    0.149808    0.304846 ^ clkbuf_3_7__f_clk/X (sky130_fd_sc_hd__clkbuf_16)
                                                         clknet_3_7__leaf_clk (net)
                      0.048402    0.000818    0.305663 ^ dsa[0]._8_/CLK (sky130_fd_sc_hd__dfrtp_1)
     2    0.006512    0.073548    0.341301    0.646964 ^ dsa[0]._8_/Q (sky130_fd_sc_hd__dfrtp_1)
                                                         dsa[0].last_carry (net)
                      0.073548    0.000149    0.647113 ^ dsa[0]._3_/A (sky130_fd_sc_hd__nand3_1)
     2    0.005698    0.076944    0.088118    0.735231 v dsa[0]._3_/Y (sky130_fd_sc_hd__nand3_1)
                                                         dsa[0]._0_ (net)
                      0.076944    0.000201    0.735431 v dsa[0]._5_/A (sky130_fd_sc_hd__nand2_1)
     1    0.005243    0.060564    0.082849    0.818281 ^ dsa[0]._5_/Y (sky130_fd_sc_hd__nand2_1)
                                                         dsa[0]._2_ (net)
                      0.060564    0.000123    0.818404 ^ dsa[0]._6_/B (sky130_fd_sc_hd__xnor2_1)
     1    0.003259    0.036671    0.062196    0.880600 v dsa[0]._6_/Y (sky130_fd_sc_hd__xnor2_1)
                                                         dsa[0].y_out_next (net)
                      0.036671    0.000107    0.880706 v dsa[0]._9_/D (sky130_fd_sc_hd__dfrtp_1)
                                              0.880706   data arrival time

                                  0.000000    0.000000   clock core_clock (rise edge)
                                  0.000000    0.000000   clock source latency
     1    0.011662    0.000000    0.000000    0.000000 ^ clk (in)
                                                         clk (net)
                      0.000754    0.000377    0.000377 ^ clkbuf_0_clk/A (sky130_fd_sc_hd__clkbuf_16)
     8    0.076335    0.093236    0.152403    0.152780 ^ clkbuf_0_clk/X (sky130_fd_sc_hd__clkbuf_16)
                                                         clknet_0_clk (net)
                      0.093361    0.002257    0.155037 ^ clkbuf_3_7__f_clk/A (sky130_fd_sc_hd__clkbuf_16)
    10    0.027229    0.048369    0.149808    0.304846 ^ clkbuf_3_7__f_clk/X (sky130_fd_sc_hd__clkbuf_16)
                                                         clknet_3_7__leaf_clk (net)
                      0.048398    0.000747    0.305593 ^ dsa[0]._9_/CLK (sky130_fd_sc_hd__dfrtp_1)
                                  0.000000    0.305593   clock reconvergence pessimism
                                 -0.041610    0.263983   library hold time
                                              0.263983   data required time
---------------------------------------------------------------------------------------------
                                              0.263983   data required time
                                             -0.880706   data arrival time
---------------------------------------------------------------------------------------------
                                              0.616723   slack (MET)


Startpoint: dsa[0]._8_ (rising edge-triggered flip-flop clocked by core_clock)
Endpoint: dsa[0]._8_ (rising edge-triggered flip-flop clocked by core_clock)
Path Group: core_clock
Path Type: min

Fanout         Cap        Slew       Delay        Time   Description
---------------------------------------------------------------------------------------------
                                  0.000000    0.000000   clock core_clock (rise edge)
                                  0.000000    0.000000   clock source latency
     1    0.011662    0.000000    0.000000    0.000000 ^ clk (in)
                                                         clk (net)
                      0.000754    0.000377    0.000377 ^ clkbuf_0_clk/A (sky130_fd_sc_hd__clkbuf_16)
     8    0.076335    0.093236    0.152403    0.152780 ^ clkbuf_0_clk/X (sky130_fd_sc_hd__clkbuf_16)
                                                         clknet_0_clk (net)
                      0.093361    0.002257    0.155037 ^ clkbuf_3_7__f_clk/A (sky130_fd_sc_hd__clkbuf_16)
    10    0.027229    0.048369    0.149808    0.304846 ^ clkbuf_3_7__f_clk/X (sky130_fd_sc_hd__clkbuf_16)
                                                         clknet_3_7__leaf_clk (net)
                      0.048402    0.000818    0.305663 ^ dsa[0]._8_/CLK (sky130_fd_sc_hd__dfrtp_1)
     2    0.006512    0.073548    0.341301    0.646964 ^ dsa[0]._8_/Q (sky130_fd_sc_hd__dfrtp_1)
                                                         dsa[0].last_carry (net)
                      0.073548    0.000149    0.647113 ^ dsa[0]._3_/A (sky130_fd_sc_hd__nand3_1)
     2    0.005698    0.076944    0.088118    0.735231 v dsa[0]._3_/Y (sky130_fd_sc_hd__nand3_1)
                                                         dsa[0]._0_ (net)
                      0.076944    0.000191    0.735421 v dsa[0]._7_/B1_N (sky130_fd_sc_hd__a21bo_1)
     1    0.003800    0.042355    0.189109    0.924530 ^ dsa[0]._7_/X (sky130_fd_sc_hd__a21bo_1)
                                                         dsa[0].last_carry_next (net)
                      0.042355    0.000141    0.924671 ^ dsa[0]._8_/D (sky130_fd_sc_hd__dfrtp_1)
                                              0.924671   data arrival time

                                  0.000000    0.000000   clock core_clock (rise edge)
                                  0.000000    0.000000   clock source latency
     1    0.011662    0.000000    0.000000    0.000000 ^ clk (in)
                                                         clk (net)
                      0.000754    0.000377    0.000377 ^ clkbuf_0_clk/A (sky130_fd_sc_hd__clkbuf_16)
     8    0.076335    0.093236    0.152403    0.152780 ^ clkbuf_0_clk/X (sky130_fd_sc_hd__clkbuf_16)
                                                         clknet_0_clk (net)
                      0.093361    0.002257    0.155037 ^ clkbuf_3_7__f_clk/A (sky130_fd_sc_hd__clkbuf_16)
    10    0.027229    0.048369    0.149808    0.304846 ^ clkbuf_3_7__f_clk/X (sky130_fd_sc_hd__clkbuf_16)
                                                         clknet_3_7__leaf_clk (net)
                      0.048402    0.000818    0.305663 ^ dsa[0]._8_/CLK (sky130_fd_sc_hd__dfrtp_1)
                                  0.000000    0.305663   clock reconvergence pessimism
                                 -0.033745    0.271918   library hold time
                                              0.271918   data required time
---------------------------------------------------------------------------------------------
                                              0.271918   data required time
                                             -0.924671   data arrival time
---------------------------------------------------------------------------------------------
                                              0.652753   slack (MET)



