
===========================================================================
report_checks -path_delay max (Setup)
============================================================================
======================= max_tt_025C_1v80 Corner ===================================

Startpoint: dsa[8]._8_ (rising edge-triggered flip-flop clocked by core_clock)
Endpoint: dsa[8]._8_ (rising edge-triggered flip-flop clocked by core_clock)
Path Group: core_clock
Path Type: max

Fanout         Cap        Slew       Delay        Time   Description
---------------------------------------------------------------------------------------------
                                  0.000000    0.000000   clock core_clock (rise edge)
                                  0.000000    0.000000   clock source latency
     1    0.015086    0.000000    0.000000    0.000000 ^ clk (in)
                                                         clk (net)
                      0.001413    0.000707    0.000707 ^ clkbuf_0_clk/A (sky130_fd_sc_hd__clkbuf_16)
     8    0.084849    0.102020    0.155491    0.156197 ^ clkbuf_0_clk/X (sky130_fd_sc_hd__clkbuf_16)
                                                         clknet_0_clk (net)
                      0.103192    0.008714    0.164911 ^ clkbuf_3_4__f_clk/A (sky130_fd_sc_hd__clkbuf_16)
     9    0.023560    0.045046    0.149734    0.314645 ^ clkbuf_3_4__f_clk/X (sky130_fd_sc_hd__clkbuf_16)
                                                         clknet_3_4__leaf_clk (net)
                      0.045081    0.001088    0.315733 ^ dsa[8]._8_/CLK (sky130_fd_sc_hd__dfrtp_1)
     2    0.006031    0.053921    0.371166    0.686899 v dsa[8]._8_/Q (sky130_fd_sc_hd__dfrtp_1)
                                                         dsa[8].last_carry (net)
                      0.053921    0.000202    0.687101 v dsa[8]._4_/B1 (sky130_fd_sc_hd__a21o_1)
     2    0.007445    0.053401    0.173171    0.860272 v dsa[8]._4_/X (sky130_fd_sc_hd__a21o_1)
                                                         dsa[8]._1_ (net)
                      0.053404    0.000452    0.860724 v dsa[8]._7_/A2 (sky130_fd_sc_hd__a21bo_1)
     1    0.003322    0.036729    0.190104    1.050828 v dsa[8]._7_/X (sky130_fd_sc_hd__a21bo_1)
                                                         dsa[8].last_carry_next (net)
                      0.036729    0.000213    1.051041 v dsa[8]._8_/D (sky130_fd_sc_hd__dfrtp_1)
                                              1.051041   data arrival time

                                 10.000000   10.000000   clock core_clock (rise edge)
                                  0.000000   10.000000   clock source latency
     1    0.015086    0.000000    0.000000   10.000000 ^ clk (in)
                                                         clk (net)
                      0.001413    0.000707   10.000708 ^ clkbuf_0_clk/A (sky130_fd_sc_hd__clkbuf_16)
     8    0.084849    0.102020    0.155491   10.156198 ^ clkbuf_0_clk/X (sky130_fd_sc_hd__clkbuf_16)
                                                         clknet_0_clk (net)
                      0.103192    0.008714   10.164912 ^ clkbuf_3_4__f_clk/A (sky130_fd_sc_hd__clkbuf_16)
     9    0.023560    0.045046    0.149734   10.314646 ^ clkbuf_3_4__f_clk/X (sky130_fd_sc_hd__clkbuf_16)
                                                         clknet_3_4__leaf_clk (net)
                      0.045081    0.001087   10.315733 ^ dsa[8]._8_/CLK (sky130_fd_sc_hd__dfrtp_1)
                                  0.000000   10.315733   clock reconvergence pessimism
                                 -0.110646   10.205086   library setup time
                                             10.205086   data required time
---------------------------------------------------------------------------------------------
                                             10.205086   data required time
                                             -1.051041   data arrival time
---------------------------------------------------------------------------------------------
                                              9.154045   slack (MET)


Startpoint: dsa[3]._8_ (rising edge-triggered flip-flop clocked by core_clock)
Endpoint: dsa[3]._8_ (rising edge-triggered flip-flop clocked by core_clock)
Path Group: core_clock
Path Type: max

Fanout         Cap        Slew       Delay        Time   Description
---------------------------------------------------------------------------------------------
                                  0.000000    0.000000   clock core_clock (rise edge)
                                  0.000000    0.000000   clock source latency
     1    0.015086    0.000000    0.000000    0.000000 ^ clk (in)
                                                         clk (net)
                      0.001413    0.000707    0.000707 ^ clkbuf_0_clk/A (sky130_fd_sc_hd__clkbuf_16)
     8    0.084849    0.102020    0.155491    0.156197 ^ clkbuf_0_clk/X (sky130_fd_sc_hd__clkbuf_16)
                                                         clknet_0_clk (net)
                      0.102684    0.006629    0.162826 ^ clkbuf_3_7__f_clk/A (sky130_fd_sc_hd__clkbuf_16)
    10    0.030780    0.051710    0.155752    0.318579 ^ clkbuf_3_7__f_clk/X (sky130_fd_sc_hd__clkbuf_16)
                                                         clknet_3_7__leaf_clk (net)
                      0.051727    0.001159    0.319737 ^ dsa[3]._8_/CLK (sky130_fd_sc_hd__dfrtp_1)
     2    0.006407    0.055637    0.375652    0.695390 v dsa[3]._8_/Q (sky130_fd_sc_hd__dfrtp_1)
                                                         dsa[3].last_carry (net)
                      0.055637    0.000253    0.695643 v dsa[3]._4_/B1 (sky130_fd_sc_hd__a21o_1)
     2    0.006038    0.046942    0.167398    0.863040 v dsa[3]._4_/X (sky130_fd_sc_hd__a21o_1)
                                                         dsa[3]._1_ (net)
                      0.046942    0.000229    0.863269 v dsa[3]._7_/A2 (sky130_fd_sc_hd__a21bo_1)
     1    0.003230    0.036306    0.186925    1.050195 v dsa[3]._7_/X (sky130_fd_sc_hd__a21bo_1)
                                                         dsa[3].last_carry_next (net)
                      0.036306    0.000136    1.050331 v dsa[3]._8_/D (sky130_fd_sc_hd__dfrtp_1)
                                              1.050331   data arrival time

                                 10.000000   10.000000   clock core_clock (rise edge)
                                  0.000000   10.000000   clock source latency
     1    0.015086    0.000000    0.000000   10.000000 ^ clk (in)
                                                         clk (net)
                      0.001413    0.000707   10.000708 ^ clkbuf_0_clk/A (sky130_fd_sc_hd__clkbuf_16)
     8    0.084849    0.102020    0.155491   10.156198 ^ clkbuf_0_clk/X (sky130_fd_sc_hd__clkbuf_16)
                                                         clknet_0_clk (net)
                      0.102684    0.006628   10.162827 ^ clkbuf_3_7__f_clk/A (sky130_fd_sc_hd__clkbuf_16)
    10    0.030780    0.051710    0.155753   10.318579 ^ clkbuf_3_7__f_clk/X (sky130_fd_sc_hd__clkbuf_16)
                                                         clknet_3_7__leaf_clk (net)
                      0.051727    0.001158   10.319737 ^ dsa[3]._8_/CLK (sky130_fd_sc_hd__dfrtp_1)
                                  0.000000   10.319737   clock reconvergence pessimism
                                 -0.108942   10.210795   library setup time
                                             10.210795   data required time
---------------------------------------------------------------------------------------------
                                             10.210795   data required time
                                             -1.050331   data arrival time
---------------------------------------------------------------------------------------------
                                              9.160464   slack (MET)


Startpoint: dsa[29]._8_ (rising edge-triggered flip-flop clocked by core_clock)
Endpoint: dsa[29]._8_ (rising edge-triggered flip-flop clocked by core_clock)
Path Group: core_clock
Path Type: max

Fanout         Cap        Slew       Delay        Time   Description
---------------------------------------------------------------------------------------------
                                  0.000000    0.000000   clock core_clock (rise edge)
                                  0.000000    0.000000   clock source latency
     1    0.015086    0.000000    0.000000    0.000000 ^ clk (in)
                                                         clk (net)
                      0.001413    0.000707    0.000707 ^ clkbuf_0_clk/A (sky130_fd_sc_hd__clkbuf_16)
     8    0.084849    0.102020    0.155491    0.156197 ^ clkbuf_0_clk/X (sky130_fd_sc_hd__clkbuf_16)
                                                         clknet_0_clk (net)
                      0.103612    0.010124    0.166321 ^ clkbuf_3_0__f_clk/A (sky130_fd_sc_hd__clkbuf_16)
    10    0.033916    0.054391    0.158320    0.324641 ^ clkbuf_3_0__f_clk/X (sky130_fd_sc_hd__clkbuf_16)
                                                         clknet_3_0__leaf_clk (net)
                      0.054456    0.001519    0.326161 ^ dsa[29]._8_/CLK (sky130_fd_sc_hd__dfrtp_1)
     2    0.005318    0.050605    0.370787    0.696948 v dsa[29]._8_/Q (sky130_fd_sc_hd__dfrtp_1)
                                                         dsa[29].last_carry (net)
                      0.050605    0.000310    0.697258 v dsa[29]._4_/B1 (sky130_fd_sc_hd__a21o_1)
     2    0.006780    0.050183    0.169022    0.866280 v dsa[29]._4_/X (sky130_fd_sc_hd__a21o_1)
                                                         dsa[29]._1_ (net)
                      0.050184    0.000327    0.866607 v dsa[29]._7_/A2 (sky130_fd_sc_hd__a21bo_1)
     1    0.003481    0.037610    0.189810    1.056417 v dsa[29]._7_/X (sky130_fd_sc_hd__a21bo_1)
                                                         dsa[29].last_carry_next (net)
                      0.037610    0.000257    1.056673 v dsa[29]._8_/D (sky130_fd_sc_hd__dfrtp_1)
                                              1.056673   data arrival time

                                 10.000000   10.000000   clock core_clock (rise edge)
                                  0.000000   10.000000   clock source latency
     1    0.015086    0.000000    0.000000   10.000000 ^ clk (in)
                                                         clk (net)
                      0.001413    0.000707   10.000708 ^ clkbuf_0_clk/A (sky130_fd_sc_hd__clkbuf_16)
     8    0.084849    0.102020    0.155491   10.156198 ^ clkbuf_0_clk/X (sky130_fd_sc_hd__clkbuf_16)
                                                         clknet_0_clk (net)
                      0.103612    0.010123   10.166322 ^ clkbuf_3_0__f_clk/A (sky130_fd_sc_hd__clkbuf_16)
    10    0.033916    0.054391    0.158320   10.324642 ^ clkbuf_3_0__f_clk/X (sky130_fd_sc_hd__clkbuf_16)
                                                         clknet_3_0__leaf_clk (net)
                      0.054456    0.001519   10.326160 ^ dsa[29]._8_/CLK (sky130_fd_sc_hd__dfrtp_1)
                                  0.000000   10.326160   clock reconvergence pessimism
                                 -0.108887   10.217274   library setup time
                                             10.217274   data required time
---------------------------------------------------------------------------------------------
                                             10.217274   data required time
                                             -1.056673   data arrival time
---------------------------------------------------------------------------------------------
                                              9.160600   slack (MET)


Startpoint: dsa[15]._8_ (rising edge-triggered flip-flop clocked by core_clock)
Endpoint: dsa[15]._8_ (rising edge-triggered flip-flop clocked by core_clock)
Path Group: core_clock
Path Type: max

Fanout         Cap        Slew       Delay        Time   Description
---------------------------------------------------------------------------------------------
                                  0.000000    0.000000   clock core_clock (rise edge)
                                  0.000000    0.000000   clock source latency
     1    0.015086    0.000000    0.000000    0.000000 ^ clk (in)
                                                         clk (net)
                      0.001413    0.000707    0.000707 ^ clkbuf_0_clk/A (sky130_fd_sc_hd__clkbuf_16)
     8    0.084849    0.102020    0.155491    0.156197 ^ clkbuf_0_clk/X (sky130_fd_sc_hd__clkbuf_16)
                                                         clknet_0_clk (net)
                      0.102376    0.004924    0.161122 ^ clkbuf_3_3__f_clk/A (sky130_fd_sc_hd__clkbuf_16)
     9    0.028189    0.049503    0.153798    0.314920 ^ clkbuf_3_3__f_clk/X (sky130_fd_sc_hd__clkbuf_16)
                                                         clknet_3_3__leaf_clk (net)
                      0.049517    0.001033    0.315953 ^ dsa[15]._8_/CLK (sky130_fd_sc_hd__dfrtp_1)
     2    0.006171    0.054577    0.373514    0.689467 v dsa[15]._8_/Q (sky130_fd_sc_hd__dfrtp_1)
                                                         dsa[15].last_carry (net)
                      0.054577    0.000340    0.689807 v dsa[15]._4_/B1 (sky130_fd_sc_hd__a21o_1)
     2    0.005403    0.044134    0.164029    0.853836 v dsa[15]._4_/X (sky130_fd_sc_hd__a21o_1)
                                                         dsa[15]._1_ (net)
                      0.044134    0.000184    0.854021 v dsa[15]._7_/A2 (sky130_fd_sc_hd__a21bo_1)
     1    0.003735    0.038683    0.188759    1.042779 v dsa[15]._7_/X (sky130_fd_sc_hd__a21bo_1)
                                                         dsa[15].last_carry_next (net)
                      0.038683    0.000269    1.043048 v dsa[15]._8_/D (sky130_fd_sc_hd__dfrtp_1)
                                              1.043048   data arrival time

                                 10.000000   10.000000   clock core_clock (rise edge)
                                  0.000000   10.000000   clock source latency
     1    0.015086    0.000000    0.000000   10.000000 ^ clk (in)
                                                         clk (net)
                      0.001413    0.000707   10.000708 ^ clkbuf_0_clk/A (sky130_fd_sc_hd__clkbuf_16)
     8    0.084849    0.102020    0.155491   10.156198 ^ clkbuf_0_clk/X (sky130_fd_sc_hd__clkbuf_16)
                                                         clknet_0_clk (net)
                      0.102376    0.004924   10.161122 ^ clkbuf_3_3__f_clk/A (sky130_fd_sc_hd__clkbuf_16)
     9    0.028189    0.049503    0.153798   10.314919 ^ clkbuf_3_3__f_clk/X (sky130_fd_sc_hd__clkbuf_16)
                                                         clknet_3_3__leaf_clk (net)
                      0.049517    0.001033   10.315953 ^ dsa[15]._8_/CLK (sky130_fd_sc_hd__dfrtp_1)
                                  0.000000   10.315953   clock reconvergence pessimism
                                 -0.110485   10.205468   library setup time
                                             10.205468   data required time
---------------------------------------------------------------------------------------------
                                             10.205468   data required time
                                             -1.043048   data arrival time
---------------------------------------------------------------------------------------------
                                              9.162419   slack (MET)


Startpoint: dsa[2]._8_ (rising edge-triggered flip-flop clocked by core_clock)
Endpoint: dsa[2]._8_ (rising edge-triggered flip-flop clocked by core_clock)
Path Group: core_clock
Path Type: max

Fanout         Cap        Slew       Delay        Time   Description
---------------------------------------------------------------------------------------------
                                  0.000000    0.000000   clock core_clock (rise edge)
                                  0.000000    0.000000   clock source latency
     1    0.015086    0.000000    0.000000    0.000000 ^ clk (in)
                                                         clk (net)
                      0.001413    0.000707    0.000707 ^ clkbuf_0_clk/A (sky130_fd_sc_hd__clkbuf_16)
     8    0.084849    0.102020    0.155491    0.156197 ^ clkbuf_0_clk/X (sky130_fd_sc_hd__clkbuf_16)
                                                         clknet_0_clk (net)
                      0.102659    0.006504    0.162701 ^ clkbuf_3_6__f_clk/A (sky130_fd_sc_hd__clkbuf_16)
     8    0.028138    0.049460    0.153866    0.316568 ^ clkbuf_3_6__f_clk/X (sky130_fd_sc_hd__clkbuf_16)
                                                         clknet_3_6__leaf_clk (net)
                      0.049481    0.001426    0.317994 ^ dsa[2]._8_/CLK (sky130_fd_sc_hd__dfrtp_1)
     2    0.006424    0.055792    0.374840    0.692834 v dsa[2]._8_/Q (sky130_fd_sc_hd__dfrtp_1)
                                                         dsa[2].last_carry (net)
                      0.055792    0.000406    0.693240 v dsa[2]._4_/B1 (sky130_fd_sc_hd__a21o_1)
     2    0.006055    0.046908    0.167438    0.860678 v dsa[2]._4_/X (sky130_fd_sc_hd__a21o_1)
                                                         dsa[2]._1_ (net)
                      0.046910    0.000393    0.861072 v dsa[2]._7_/A2 (sky130_fd_sc_hd__a21bo_1)
     1    0.002950    0.034959    0.185059    1.046130 v dsa[2]._7_/X (sky130_fd_sc_hd__a21bo_1)
                                                         dsa[2].last_carry_next (net)
                      0.034959    0.000218    1.046348 v dsa[2]._8_/D (sky130_fd_sc_hd__dfrtp_1)
                                              1.046348   data arrival time

                                 10.000000   10.000000   clock core_clock (rise edge)
                                  0.000000   10.000000   clock source latency
     1    0.015086    0.000000    0.000000   10.000000 ^ clk (in)
                                                         clk (net)
                      0.001413    0.000707   10.000708 ^ clkbuf_0_clk/A (sky130_fd_sc_hd__clkbuf_16)
     8    0.084849    0.102020    0.155491   10.156198 ^ clkbuf_0_clk/X (sky130_fd_sc_hd__clkbuf_16)
                                                         clknet_0_clk (net)
                      0.102659    0.006503   10.162702 ^ clkbuf_3_6__f_clk/A (sky130_fd_sc_hd__clkbuf_16)
     8    0.028138    0.049460    0.153867   10.316568 ^ clkbuf_3_6__f_clk/X (sky130_fd_sc_hd__clkbuf_16)
                                                         clknet_3_6__leaf_clk (net)
                      0.049481    0.001426   10.317995 ^ dsa[2]._8_/CLK (sky130_fd_sc_hd__dfrtp_1)
                                  0.000000   10.317995   clock reconvergence pessimism
                                 -0.108869   10.209126   library setup time
                                             10.209126   data required time
---------------------------------------------------------------------------------------------
                                             10.209126   data required time
                                             -1.046348   data arrival time
---------------------------------------------------------------------------------------------
                                              9.162778   slack (MET)


Startpoint: dsa[23]._8_ (rising edge-triggered flip-flop clocked by core_clock)
Endpoint: dsa[23]._8_ (rising edge-triggered flip-flop clocked by core_clock)
Path Group: core_clock
Path Type: max

Fanout         Cap        Slew       Delay        Time   Description
---------------------------------------------------------------------------------------------
                                  0.000000    0.000000   clock core_clock (rise edge)
                                  0.000000    0.000000   clock source latency
     1    0.015086    0.000000    0.000000    0.000000 ^ clk (in)
                                                         clk (net)
                      0.001413    0.000707    0.000707 ^ clkbuf_0_clk/A (sky130_fd_sc_hd__clkbuf_16)
     8    0.084849    0.102020    0.155491    0.156197 ^ clkbuf_0_clk/X (sky130_fd_sc_hd__clkbuf_16)
                                                         clknet_0_clk (net)
                      0.102432    0.005282    0.161479 ^ clkbuf_3_2__f_clk/A (sky130_fd_sc_hd__clkbuf_16)
    10    0.033019    0.053602    0.157159    0.318638 ^ clkbuf_3_2__f_clk/X (sky130_fd_sc_hd__clkbuf_16)
                                                         clknet_3_2__leaf_clk (net)
                      0.053660    0.001681    0.320320 ^ dsa[23]._8_/CLK (sky130_fd_sc_hd__dfrtp_1)
     2    0.006451    0.055882    0.376543    0.696862 v dsa[23]._8_/Q (sky130_fd_sc_hd__dfrtp_1)
                                                         dsa[23].last_carry (net)
                      0.055882    0.000376    0.697238 v dsa[23]._4_/B1 (sky130_fd_sc_hd__a21o_1)
     2    0.005873    0.046088    0.166664    0.863903 v dsa[23]._4_/X (sky130_fd_sc_hd__a21o_1)
                                                         dsa[23]._1_ (net)
                      0.046090    0.000373    0.864275 v dsa[23]._7_/A2 (sky130_fd_sc_hd__a21bo_1)
     1    0.002980    0.035115    0.184967    1.049243 v dsa[23]._7_/X (sky130_fd_sc_hd__a21bo_1)
                                                         dsa[23].last_carry_next (net)
                      0.035115    0.000125    1.049368 v dsa[23]._8_/D (sky130_fd_sc_hd__dfrtp_1)
                                              1.049368   data arrival time

                                 10.000000   10.000000   clock core_clock (rise edge)
                                  0.000000   10.000000   clock source latency
     1    0.015086    0.000000    0.000000   10.000000 ^ clk (in)
                                                         clk (net)
                      0.001413    0.000707   10.000708 ^ clkbuf_0_clk/A (sky130_fd_sc_hd__clkbuf_16)
     8    0.084849    0.102020    0.155491   10.156198 ^ clkbuf_0_clk/X (sky130_fd_sc_hd__clkbuf_16)
                                                         clknet_0_clk (net)
                      0.102432    0.005281   10.161479 ^ clkbuf_3_2__f_clk/A (sky130_fd_sc_hd__clkbuf_16)
    10    0.033019    0.053602    0.157160   10.318639 ^ clkbuf_3_2__f_clk/X (sky130_fd_sc_hd__clkbuf_16)
                                                         clknet_3_2__leaf_clk (net)
                      0.053660    0.001681   10.320320 ^ dsa[23]._8_/CLK (sky130_fd_sc_hd__dfrtp_1)
                                  0.000000   10.320320   clock reconvergence pessimism
                                 -0.107981   10.212338   library setup time
                                             10.212338   data required time
---------------------------------------------------------------------------------------------
                                             10.212338   data required time
                                             -1.049368   data arrival time
---------------------------------------------------------------------------------------------
                                              9.162971   slack (MET)


Startpoint: dsa[25]._8_ (rising edge-triggered flip-flop clocked by core_clock)
Endpoint: dsa[25]._8_ (rising edge-triggered flip-flop clocked by core_clock)
Path Group: core_clock
Path Type: max

Fanout         Cap        Slew       Delay        Time   Description
---------------------------------------------------------------------------------------------
                                  0.000000    0.000000   clock core_clock (rise edge)
                                  0.000000    0.000000   clock source latency
     1    0.015086    0.000000    0.000000    0.000000 ^ clk (in)
                                                         clk (net)
                      0.001413    0.000707    0.000707 ^ clkbuf_0_clk/A (sky130_fd_sc_hd__clkbuf_16)
     8    0.084849    0.102020    0.155491    0.156197 ^ clkbuf_0_clk/X (sky130_fd_sc_hd__clkbuf_16)
                                                         clknet_0_clk (net)
                      0.102432    0.005282    0.161479 ^ clkbuf_3_2__f_clk/A (sky130_fd_sc_hd__clkbuf_16)
    10    0.033019    0.053602    0.157159    0.318638 ^ clkbuf_3_2__f_clk/X (sky130_fd_sc_hd__clkbuf_16)
                                                         clknet_3_2__leaf_clk (net)
                      0.053707    0.002151    0.320790 ^ dsa[25]._8_/CLK (sky130_fd_sc_hd__dfrtp_1)
     2    0.006034    0.053931    0.374287    0.695077 v dsa[25]._8_/Q (sky130_fd_sc_hd__dfrtp_1)
                                                         dsa[25].last_carry (net)
                      0.053931    0.000375    0.695452 v dsa[25]._4_/B1 (sky130_fd_sc_hd__a21o_1)
     2    0.006600    0.049293    0.169328    0.864780 v dsa[25]._4_/X (sky130_fd_sc_hd__a21o_1)
                                                         dsa[25]._1_ (net)
                      0.049293    0.000223    0.865004 v dsa[25]._7_/A2 (sky130_fd_sc_hd__a21bo_1)
     1    0.002760    0.034058    0.184812    1.049816 v dsa[25]._7_/X (sky130_fd_sc_hd__a21bo_1)
                                                         dsa[25].last_carry_next (net)
                      0.034058    0.000180    1.049996 v dsa[25]._8_/D (sky130_fd_sc_hd__dfrtp_1)
                                              1.049996   data arrival time

                                 10.000000   10.000000   clock core_clock (rise edge)
                                  0.000000   10.000000   clock source latency
     1    0.015086    0.000000    0.000000   10.000000 ^ clk (in)
                                                         clk (net)
                      0.001413    0.000707   10.000708 ^ clkbuf_0_clk/A (sky130_fd_sc_hd__clkbuf_16)
     8    0.084849    0.102020    0.155491   10.156198 ^ clkbuf_0_clk/X (sky130_fd_sc_hd__clkbuf_16)
                                                         clknet_0_clk (net)
                      0.102432    0.005281   10.161479 ^ clkbuf_3_2__f_clk/A (sky130_fd_sc_hd__clkbuf_16)
    10    0.033019    0.053602    0.157160   10.318639 ^ clkbuf_3_2__f_clk/X (sky130_fd_sc_hd__clkbuf_16)
                                                         clknet_3_2__leaf_clk (net)
                      0.053707    0.002151   10.320790 ^ dsa[25]._8_/CLK (sky130_fd_sc_hd__dfrtp_1)
                                  0.000000   10.320790   clock reconvergence pessimism
                                 -0.107510   10.213281   library setup time
                                             10.213281   data required time
---------------------------------------------------------------------------------------------
                                             10.213281   data required time
                                             -1.049996   data arrival time
---------------------------------------------------------------------------------------------
                                              9.163284   slack (MET)


Startpoint: dsa[5]._8_ (rising edge-triggered flip-flop clocked by core_clock)
Endpoint: dsa[5]._8_ (rising edge-triggered flip-flop clocked by core_clock)
Path Group: core_clock
Path Type: max

Fanout         Cap        Slew       Delay        Time   Description
---------------------------------------------------------------------------------------------
                                  0.000000    0.000000   clock core_clock (rise edge)
                                  0.000000    0.000000   clock source latency
     1    0.015086    0.000000    0.000000    0.000000 ^ clk (in)
                                                         clk (net)
                      0.001413    0.000707    0.000707 ^ clkbuf_0_clk/A (sky130_fd_sc_hd__clkbuf_16)
     8    0.084849    0.102020    0.155491    0.156197 ^ clkbuf_0_clk/X (sky130_fd_sc_hd__clkbuf_16)
                                                         clknet_0_clk (net)
                      0.103280    0.009025    0.165222 ^ clkbuf_3_5__f_clk/A (sky130_fd_sc_hd__clkbuf_16)
     8    0.030792    0.051721    0.155982    0.321204 ^ clkbuf_3_5__f_clk/X (sky130_fd_sc_hd__clkbuf_16)
                                                         clknet_3_5__leaf_clk (net)
                      0.051745    0.001570    0.322774 ^ dsa[5]._8_/CLK (sky130_fd_sc_hd__dfrtp_1)
     2    0.006141    0.054417    0.374175    0.696949 v dsa[5]._8_/Q (sky130_fd_sc_hd__dfrtp_1)
                                                         dsa[5].last_carry (net)
                      0.054417    0.000342    0.697291 v dsa[5]._4_/B1 (sky130_fd_sc_hd__a21o_1)
     2    0.006005    0.046844    0.166671    0.863962 v dsa[5]._4_/X (sky130_fd_sc_hd__a21o_1)
                                                         dsa[5]._1_ (net)
                      0.046846    0.000376    0.864339 v dsa[5]._7_/A2 (sky130_fd_sc_hd__a21bo_1)
     1    0.003110    0.035719    0.186110    1.050449 v dsa[5]._7_/X (sky130_fd_sc_hd__a21bo_1)
                                                         dsa[5].last_carry_next (net)
                      0.035719    0.000130    1.050579 v dsa[5]._8_/D (sky130_fd_sc_hd__dfrtp_1)
                                              1.050579   data arrival time

                                 10.000000   10.000000   clock core_clock (rise edge)
                                  0.000000   10.000000   clock source latency
     1    0.015086    0.000000    0.000000   10.000000 ^ clk (in)
                                                         clk (net)
                      0.001413    0.000707   10.000708 ^ clkbuf_0_clk/A (sky130_fd_sc_hd__clkbuf_16)
     8    0.084849    0.102020    0.155491   10.156198 ^ clkbuf_0_clk/X (sky130_fd_sc_hd__clkbuf_16)
                                                         clknet_0_clk (net)
                      0.103280    0.009025   10.165223 ^ clkbuf_3_5__f_clk/A (sky130_fd_sc_hd__clkbuf_16)
     8    0.030792    0.051721    0.155981   10.321204 ^ clkbuf_3_5__f_clk/X (sky130_fd_sc_hd__clkbuf_16)
                                                         clknet_3_5__leaf_clk (net)
                      0.051745    0.001570   10.322774 ^ dsa[5]._8_/CLK (sky130_fd_sc_hd__dfrtp_1)
                                  0.000000   10.322774   clock reconvergence pessimism
                                 -0.108682   10.214091   library setup time
                                             10.214091   data required time
---------------------------------------------------------------------------------------------
                                             10.214091   data required time
                                             -1.050579   data arrival time
---------------------------------------------------------------------------------------------
                                              9.163513   slack (MET)


Startpoint: dsa[11]._8_ (rising edge-triggered flip-flop clocked by core_clock)
Endpoint: dsa[11]._8_ (rising edge-triggered flip-flop clocked by core_clock)
Path Group: core_clock
Path Type: max

Fanout         Cap        Slew       Delay        Time   Description
---------------------------------------------------------------------------------------------
                                  0.000000    0.000000   clock core_clock (rise edge)
                                  0.000000    0.000000   clock source latency
     1    0.015086    0.000000    0.000000    0.000000 ^ clk (in)
                                                         clk (net)
                      0.001413    0.000707    0.000707 ^ clkbuf_0_clk/A (sky130_fd_sc_hd__clkbuf_16)
     8    0.084849    0.102020    0.155491    0.156197 ^ clkbuf_0_clk/X (sky130_fd_sc_hd__clkbuf_16)
                                                         clknet_0_clk (net)
                      0.102659    0.006504    0.162701 ^ clkbuf_3_6__f_clk/A (sky130_fd_sc_hd__clkbuf_16)
     8    0.028138    0.049460    0.153866    0.316568 ^ clkbuf_3_6__f_clk/X (sky130_fd_sc_hd__clkbuf_16)
                                                         clknet_3_6__leaf_clk (net)
                      0.049477    0.001212    0.317780 ^ dsa[11]._8_/CLK (sky130_fd_sc_hd__dfrtp_1)
     2    0.005563    0.051745    0.370238    0.688017 v dsa[11]._8_/Q (sky130_fd_sc_hd__dfrtp_1)
                                                         dsa[11].last_carry (net)
                      0.051745    0.000360    0.688377 v dsa[11]._4_/B1 (sky130_fd_sc_hd__a21o_1)
     2    0.006855    0.050666    0.169684    0.858062 v dsa[11]._4_/X (sky130_fd_sc_hd__a21o_1)
                                                         dsa[11]._1_ (net)
                      0.050669    0.000409    0.858470 v dsa[11]._7_/A2 (sky130_fd_sc_hd__a21bo_1)
     1    0.002929    0.034855    0.186455    1.044925 v dsa[11]._7_/X (sky130_fd_sc_hd__a21bo_1)
                                                         dsa[11].last_carry_next (net)
                      0.034855    0.000202    1.045127 v dsa[11]._8_/D (sky130_fd_sc_hd__dfrtp_1)
                                              1.045127   data arrival time

                                 10.000000   10.000000   clock core_clock (rise edge)
                                  0.000000   10.000000   clock source latency
     1    0.015086    0.000000    0.000000   10.000000 ^ clk (in)
                                                         clk (net)
                      0.001413    0.000707   10.000708 ^ clkbuf_0_clk/A (sky130_fd_sc_hd__clkbuf_16)
     8    0.084849    0.102020    0.155491   10.156198 ^ clkbuf_0_clk/X (sky130_fd_sc_hd__clkbuf_16)
                                                         clknet_0_clk (net)
                      0.102659    0.006503   10.162702 ^ clkbuf_3_6__f_clk/A (sky130_fd_sc_hd__clkbuf_16)
     8    0.028138    0.049460    0.153867   10.316568 ^ clkbuf_3_6__f_clk/X (sky130_fd_sc_hd__clkbuf_16)
                                                         clknet_3_6__leaf_clk (net)
                      0.049477    0.001211   10.317780 ^ dsa[11]._8_/CLK (sky130_fd_sc_hd__dfrtp_1)
                                  0.000000   10.317780   clock reconvergence pessimism
                                 -0.108824   10.208956   library setup time
                                             10.208956   data required time
---------------------------------------------------------------------------------------------
                                             10.208956   data required time
                                             -1.045127   data arrival time
---------------------------------------------------------------------------------------------
                                              9.163829   slack (MET)


Startpoint: dsa[22]._8_ (rising edge-triggered flip-flop clocked by core_clock)
Endpoint: dsa[22]._8_ (rising edge-triggered flip-flop clocked by core_clock)
Path Group: core_clock
Path Type: max

Fanout         Cap        Slew       Delay        Time   Description
---------------------------------------------------------------------------------------------
                                  0.000000    0.000000   clock core_clock (rise edge)
                                  0.000000    0.000000   clock source latency
     1    0.015086    0.000000    0.000000    0.000000 ^ clk (in)
                                                         clk (net)
                      0.001413    0.000707    0.000707 ^ clkbuf_0_clk/A (sky130_fd_sc_hd__clkbuf_16)
     8    0.084849    0.102020    0.155491    0.156197 ^ clkbuf_0_clk/X (sky130_fd_sc_hd__clkbuf_16)
                                                         clknet_0_clk (net)
                      0.102432    0.005282    0.161479 ^ clkbuf_3_2__f_clk/A (sky130_fd_sc_hd__clkbuf_16)
    10    0.033019    0.053602    0.157159    0.318638 ^ clkbuf_3_2__f_clk/X (sky130_fd_sc_hd__clkbuf_16)
                                                         clknet_3_2__leaf_clk (net)
                      0.053630    0.001377    0.320016 ^ dsa[22]._8_/CLK (sky130_fd_sc_hd__dfrtp_1)
     2    0.006018    0.053785    0.374284    0.694299 v dsa[22]._8_/Q (sky130_fd_sc_hd__dfrtp_1)
                                                         dsa[22].last_carry (net)
                      0.053785    0.000285    0.694584 v dsa[22]._4_/B1 (sky130_fd_sc_hd__a21o_1)
     2    0.005717    0.045369    0.165171    0.859755 v dsa[22]._4_/X (sky130_fd_sc_hd__a21o_1)
                                                         dsa[22]._1_ (net)
                      0.045370    0.000294    0.860049 v dsa[22]._7_/A2 (sky130_fd_sc_hd__a21bo_1)
     1    0.003354    0.036951    0.187066    1.047116 v dsa[22]._7_/X (sky130_fd_sc_hd__a21bo_1)
                                                         dsa[22].last_carry_next (net)
                      0.036951    0.000211    1.047327 v dsa[22]._8_/D (sky130_fd_sc_hd__dfrtp_1)
                                              1.047327   data arrival time

                                 10.000000   10.000000   clock core_clock (rise edge)
                                  0.000000   10.000000   clock source latency
     1    0.015086    0.000000    0.000000   10.000000 ^ clk (in)
                                                         clk (net)
                      0.001413    0.000707   10.000708 ^ clkbuf_0_clk/A (sky130_fd_sc_hd__clkbuf_16)
     8    0.084849    0.102020    0.155491   10.156198 ^ clkbuf_0_clk/X (sky130_fd_sc_hd__clkbuf_16)
                                                         clknet_0_clk (net)
                      0.102432    0.005281   10.161479 ^ clkbuf_3_2__f_clk/A (sky130_fd_sc_hd__clkbuf_16)
    10    0.033019    0.053602    0.157160   10.318639 ^ clkbuf_3_2__f_clk/X (sky130_fd_sc_hd__clkbuf_16)
                                                         clknet_3_2__leaf_clk (net)
                      0.053630    0.001378   10.320016 ^ dsa[22]._8_/CLK (sky130_fd_sc_hd__dfrtp_1)
                                  0.000000   10.320016   clock reconvergence pessimism
                                 -0.108789   10.211227   library setup time
                                             10.211227   data required time
---------------------------------------------------------------------------------------------
                                             10.211227   data required time
                                             -1.047327   data arrival time
---------------------------------------------------------------------------------------------
                                              9.163901   slack (MET)


Startpoint: dsa[18]._8_ (rising edge-triggered flip-flop clocked by core_clock)
Endpoint: dsa[18]._8_ (rising edge-triggered flip-flop clocked by core_clock)
Path Group: core_clock
Path Type: max

Fanout         Cap        Slew       Delay        Time   Description
---------------------------------------------------------------------------------------------
                                  0.000000    0.000000   clock core_clock (rise edge)
                                  0.000000    0.000000   clock source latency
     1    0.015086    0.000000    0.000000    0.000000 ^ clk (in)
                                                         clk (net)
                      0.001413    0.000707    0.000707 ^ clkbuf_0_clk/A (sky130_fd_sc_hd__clkbuf_16)
     8    0.084849    0.102020    0.155491    0.156197 ^ clkbuf_0_clk/X (sky130_fd_sc_hd__clkbuf_16)
                                                         clknet_0_clk (net)
                      0.103596    0.010073    0.166271 ^ clkbuf_3_1__f_clk/A (sky130_fd_sc_hd__clkbuf_16)
     7    0.025481    0.046812    0.151679    0.317950 ^ clkbuf_3_1__f_clk/X (sky130_fd_sc_hd__clkbuf_16)
                                                         clknet_3_1__leaf_clk (net)
                      0.046823    0.000729    0.318679 ^ dsa[18]._8_/CLK (sky130_fd_sc_hd__dfrtp_1)
     2    0.005409    0.051023    0.368486    0.687165 v dsa[18]._8_/Q (sky130_fd_sc_hd__dfrtp_1)
                                                         dsa[18].last_carry (net)
                      0.051023    0.000268    0.687433 v dsa[18]._4_/B1 (sky130_fd_sc_hd__a21o_1)
     2    0.006092    0.047196    0.165909    0.853342 v dsa[18]._4_/X (sky130_fd_sc_hd__a21o_1)
                                                         dsa[18]._1_ (net)
                      0.047198    0.000397    0.853740 v dsa[18]._7_/A2 (sky130_fd_sc_hd__a21bo_1)
     1    0.003553    0.037946    0.189103    1.042842 v dsa[18]._7_/X (sky130_fd_sc_hd__a21bo_1)
                                                         dsa[18].last_carry_next (net)
                      0.037946    0.000213    1.043055 v dsa[18]._8_/D (sky130_fd_sc_hd__dfrtp_1)
                                              1.043055   data arrival time

                                 10.000000   10.000000   clock core_clock (rise edge)
                                  0.000000   10.000000   clock source latency
     1    0.015086    0.000000    0.000000   10.000000 ^ clk (in)
                                                         clk (net)
                      0.001413    0.000707   10.000708 ^ clkbuf_0_clk/A (sky130_fd_sc_hd__clkbuf_16)
     8    0.084849    0.102020    0.155491   10.156198 ^ clkbuf_0_clk/X (sky130_fd_sc_hd__clkbuf_16)
                                                         clknet_0_clk (net)
                      0.103596    0.010073   10.166271 ^ clkbuf_3_1__f_clk/A (sky130_fd_sc_hd__clkbuf_16)
     7    0.025481    0.046812    0.151680   10.317950 ^ clkbuf_3_1__f_clk/X (sky130_fd_sc_hd__clkbuf_16)
                                                         clknet_3_1__leaf_clk (net)
                      0.046823    0.000729   10.318680 ^ dsa[18]._8_/CLK (sky130_fd_sc_hd__dfrtp_1)
                                  0.000000   10.318680   clock reconvergence pessimism
                                 -0.110779   10.207901   library setup time
                                             10.207901   data required time
---------------------------------------------------------------------------------------------
                                             10.207901   data required time
                                             -1.043055   data arrival time
---------------------------------------------------------------------------------------------
                                              9.164845   slack (MET)


Startpoint: dsa[19]._8_ (rising edge-triggered flip-flop clocked by core_clock)
Endpoint: dsa[19]._8_ (rising edge-triggered flip-flop clocked by core_clock)
Path Group: core_clock
Path Type: max

Fanout         Cap        Slew       Delay        Time   Description
---------------------------------------------------------------------------------------------
                                  0.000000    0.000000   clock core_clock (rise edge)
                                  0.000000    0.000000   clock source latency
     1    0.015086    0.000000    0.000000    0.000000 ^ clk (in)
                                                         clk (net)
                      0.001413    0.000707    0.000707 ^ clkbuf_0_clk/A (sky130_fd_sc_hd__clkbuf_16)
     8    0.084849    0.102020    0.155491    0.156197 ^ clkbuf_0_clk/X (sky130_fd_sc_hd__clkbuf_16)
                                                         clknet_0_clk (net)
                      0.103612    0.010124    0.166321 ^ clkbuf_3_0__f_clk/A (sky130_fd_sc_hd__clkbuf_16)
    10    0.033916    0.054391    0.158320    0.324641 ^ clkbuf_3_0__f_clk/X (sky130_fd_sc_hd__clkbuf_16)
                                                         clknet_3_0__leaf_clk (net)
                      0.054494    0.001923    0.326564 ^ dsa[19]._8_/CLK (sky130_fd_sc_hd__dfrtp_1)
     2    0.006267    0.054999    0.375871    0.702435 v dsa[19]._8_/Q (sky130_fd_sc_hd__dfrtp_1)
                                                         dsa[19].last_carry (net)
                      0.054999    0.000375    0.702810 v dsa[19]._4_/B1 (sky130_fd_sc_hd__a21o_1)
     2    0.005570    0.044845    0.164973    0.867783 v dsa[19]._4_/X (sky130_fd_sc_hd__a21o_1)
                                                         dsa[19]._1_ (net)
                      0.044846    0.000277    0.868060 v dsa[19]._7_/A2 (sky130_fd_sc_hd__a21bo_1)
     1    0.003102    0.035685    0.185250    1.053311 v dsa[19]._7_/X (sky130_fd_sc_hd__a21bo_1)
                                                         dsa[19].last_carry_next (net)
                      0.035685    0.000132    1.053443 v dsa[19]._8_/D (sky130_fd_sc_hd__dfrtp_1)
                                              1.053443   data arrival time

                                 10.000000   10.000000   clock core_clock (rise edge)
                                  0.000000   10.000000   clock source latency
     1    0.015086    0.000000    0.000000   10.000000 ^ clk (in)
                                                         clk (net)
                      0.001413    0.000707   10.000708 ^ clkbuf_0_clk/A (sky130_fd_sc_hd__clkbuf_16)
     8    0.084849    0.102020    0.155491   10.156198 ^ clkbuf_0_clk/X (sky130_fd_sc_hd__clkbuf_16)
                                                         clknet_0_clk (net)
                      0.103612    0.010123   10.166322 ^ clkbuf_3_0__f_clk/A (sky130_fd_sc_hd__clkbuf_16)
    10    0.033916    0.054391    0.158320   10.324642 ^ clkbuf_3_0__f_clk/X (sky130_fd_sc_hd__clkbuf_16)
                                                         clknet_3_0__leaf_clk (net)
                      0.054494    0.001922   10.326564 ^ dsa[19]._8_/CLK (sky130_fd_sc_hd__dfrtp_1)
                                  0.000000   10.326564   clock reconvergence pessimism
                                 -0.108039   10.218525   library setup time
                                             10.218525   data required time
---------------------------------------------------------------------------------------------
                                             10.218525   data required time
                                             -1.053443   data arrival time
---------------------------------------------------------------------------------------------
                                              9.165082   slack (MET)


Startpoint: dsa[26]._8_ (rising edge-triggered flip-flop clocked by core_clock)
Endpoint: dsa[26]._8_ (rising edge-triggered flip-flop clocked by core_clock)
Path Group: core_clock
Path Type: max

Fanout         Cap        Slew       Delay        Time   Description
---------------------------------------------------------------------------------------------
                                  0.000000    0.000000   clock core_clock (rise edge)
                                  0.000000    0.000000   clock source latency
     1    0.015086    0.000000    0.000000    0.000000 ^ clk (in)
                                                         clk (net)
                      0.001413    0.000707    0.000707 ^ clkbuf_0_clk/A (sky130_fd_sc_hd__clkbuf_16)
     8    0.084849    0.102020    0.155491    0.156197 ^ clkbuf_0_clk/X (sky130_fd_sc_hd__clkbuf_16)
                                                         clknet_0_clk (net)
                      0.102432    0.005282    0.161479 ^ clkbuf_3_2__f_clk/A (sky130_fd_sc_hd__clkbuf_16)
    10    0.033019    0.053602    0.157159    0.318638 ^ clkbuf_3_2__f_clk/X (sky130_fd_sc_hd__clkbuf_16)
                                                         clknet_3_2__leaf_clk (net)
                      0.053712    0.002204    0.320842 ^ dsa[26]._8_/CLK (sky130_fd_sc_hd__dfrtp_1)
     2    0.006071    0.054077    0.374528    0.695371 v dsa[26]._8_/Q (sky130_fd_sc_hd__dfrtp_1)
                                                         dsa[26].last_carry (net)
                      0.054077    0.000345    0.695716 v dsa[26]._4_/B1 (sky130_fd_sc_hd__a21o_1)
     2    0.006622    0.049441    0.169404    0.865121 v dsa[26]._4_/X (sky130_fd_sc_hd__a21o_1)
                                                         dsa[26]._1_ (net)
                      0.049444    0.000424    0.865545 v dsa[26]._7_/A2 (sky130_fd_sc_hd__a21bo_1)
     1    0.002431    0.032566    0.182743    1.048288 v dsa[26]._7_/X (sky130_fd_sc_hd__a21bo_1)
                                                         dsa[26].last_carry_next (net)
                      0.032566    0.000167    1.048455 v dsa[26]._8_/D (sky130_fd_sc_hd__dfrtp_1)
                                              1.048455   data arrival time

                                 10.000000   10.000000   clock core_clock (rise edge)
                                  0.000000   10.000000   clock source latency
     1    0.015086    0.000000    0.000000   10.000000 ^ clk (in)
                                                         clk (net)
                      0.001413    0.000707   10.000708 ^ clkbuf_0_clk/A (sky130_fd_sc_hd__clkbuf_16)
     8    0.084849    0.102020    0.155491   10.156198 ^ clkbuf_0_clk/X (sky130_fd_sc_hd__clkbuf_16)
                                                         clknet_0_clk (net)
                      0.102432    0.005281   10.161479 ^ clkbuf_3_2__f_clk/A (sky130_fd_sc_hd__clkbuf_16)
    10    0.033019    0.053602    0.157160   10.318639 ^ clkbuf_3_2__f_clk/X (sky130_fd_sc_hd__clkbuf_16)
                                                         clknet_3_2__leaf_clk (net)
                      0.053712    0.002204   10.320843 ^ dsa[26]._8_/CLK (sky130_fd_sc_hd__dfrtp_1)
                                  0.000000   10.320843   clock reconvergence pessimism
                                 -0.106858   10.213985   library setup time
                                             10.213985   data required time
---------------------------------------------------------------------------------------------
                                             10.213985   data required time
                                             -1.048455   data arrival time
---------------------------------------------------------------------------------------------
                                              9.165531   slack (MET)


Startpoint: dsa[16]._8_ (rising edge-triggered flip-flop clocked by core_clock)
Endpoint: dsa[16]._8_ (rising edge-triggered flip-flop clocked by core_clock)
Path Group: core_clock
Path Type: max

Fanout         Cap        Slew       Delay        Time   Description
---------------------------------------------------------------------------------------------
                                  0.000000    0.000000   clock core_clock (rise edge)
                                  0.000000    0.000000   clock source latency
     1    0.015086    0.000000    0.000000    0.000000 ^ clk (in)
                                                         clk (net)
                      0.001413    0.000707    0.000707 ^ clkbuf_0_clk/A (sky130_fd_sc_hd__clkbuf_16)
     8    0.084849    0.102020    0.155491    0.156197 ^ clkbuf_0_clk/X (sky130_fd_sc_hd__clkbuf_16)
                                                         clknet_0_clk (net)
                      0.103596    0.010073    0.166271 ^ clkbuf_3_1__f_clk/A (sky130_fd_sc_hd__clkbuf_16)
     7    0.025481    0.046812    0.151679    0.317950 ^ clkbuf_3_1__f_clk/X (sky130_fd_sc_hd__clkbuf_16)
                                                         clknet_3_1__leaf_clk (net)
                      0.046854    0.001227    0.319177 ^ dsa[16]._8_/CLK (sky130_fd_sc_hd__dfrtp_1)
     2    0.006089    0.054184    0.372121    0.691298 v dsa[16]._8_/Q (sky130_fd_sc_hd__dfrtp_1)
                                                         dsa[16].last_carry (net)
                      0.054184    0.000287    0.691586 v dsa[16]._4_/B1 (sky130_fd_sc_hd__a21o_1)
     2    0.005863    0.046172    0.165960    0.857545 v dsa[16]._4_/X (sky130_fd_sc_hd__a21o_1)
                                                         dsa[16]._1_ (net)
                      0.046173    0.000324    0.857869 v dsa[16]._7_/A2 (sky130_fd_sc_hd__a21bo_1)
     1    0.003039    0.035384    0.185388    1.043257 v dsa[16]._7_/X (sky130_fd_sc_hd__a21bo_1)
                                                         dsa[16].last_carry_next (net)
                      0.035384    0.000123    1.043380 v dsa[16]._8_/D (sky130_fd_sc_hd__dfrtp_1)
                                              1.043380   data arrival time

                                 10.000000   10.000000   clock core_clock (rise edge)
                                  0.000000   10.000000   clock source latency
     1    0.015086    0.000000    0.000000   10.000000 ^ clk (in)
                                                         clk (net)
                      0.001413    0.000707   10.000708 ^ clkbuf_0_clk/A (sky130_fd_sc_hd__clkbuf_16)
     8    0.084849    0.102020    0.155491   10.156198 ^ clkbuf_0_clk/X (sky130_fd_sc_hd__clkbuf_16)
                                                         clknet_0_clk (net)
                      0.103596    0.010073   10.166271 ^ clkbuf_3_1__f_clk/A (sky130_fd_sc_hd__clkbuf_16)
     7    0.025481    0.046812    0.151680   10.317950 ^ clkbuf_3_1__f_clk/X (sky130_fd_sc_hd__clkbuf_16)
                                                         clknet_3_1__leaf_clk (net)
                      0.046854    0.001227   10.319178 ^ dsa[16]._8_/CLK (sky130_fd_sc_hd__dfrtp_1)
                                  0.000000   10.319178   clock reconvergence pessimism
                                 -0.109654   10.209523   library setup time
                                             10.209523   data required time
---------------------------------------------------------------------------------------------
                                             10.209523   data required time
                                             -1.043380   data arrival time
---------------------------------------------------------------------------------------------
                                              9.166143   slack (MET)


Startpoint: dsa[30]._8_ (rising edge-triggered flip-flop clocked by core_clock)
Endpoint: dsa[30]._8_ (rising edge-triggered flip-flop clocked by core_clock)
Path Group: core_clock
Path Type: max

Fanout         Cap        Slew       Delay        Time   Description
---------------------------------------------------------------------------------------------
                                  0.000000    0.000000   clock core_clock (rise edge)
                                  0.000000    0.000000   clock source latency
     1    0.015086    0.000000    0.000000    0.000000 ^ clk (in)
                                                         clk (net)
                      0.001413    0.000707    0.000707 ^ clkbuf_0_clk/A (sky130_fd_sc_hd__clkbuf_16)
     8    0.084849    0.102020    0.155491    0.156197 ^ clkbuf_0_clk/X (sky130_fd_sc_hd__clkbuf_16)
                                                         clknet_0_clk (net)
                      0.103612    0.010124    0.166321 ^ clkbuf_3_0__f_clk/A (sky130_fd_sc_hd__clkbuf_16)
    10    0.033916    0.054391    0.158320    0.324641 ^ clkbuf_3_0__f_clk/X (sky130_fd_sc_hd__clkbuf_16)
                                                         clknet_3_0__leaf_clk (net)
                      0.054513    0.002122    0.326763 ^ dsa[30]._8_/CLK (sky130_fd_sc_hd__dfrtp_1)
     2    0.006394    0.055623    0.376531    0.703295 v dsa[30]._8_/Q (sky130_fd_sc_hd__dfrtp_1)
                                                         dsa[30].last_carry (net)
                      0.055623    0.000432    0.703726 v dsa[30]._4_/B1 (sky130_fd_sc_hd__a21o_1)
     2    0.005627    0.045032    0.165487    0.869213 v dsa[30]._4_/X (sky130_fd_sc_hd__a21o_1)
                                                         dsa[30]._1_ (net)
                      0.045032    0.000205    0.869418 v dsa[30]._7_/A2 (sky130_fd_sc_hd__a21bo_1)
     1    0.002809    0.034282    0.183391    1.052809 v dsa[30]._7_/X (sky130_fd_sc_hd__a21bo_1)
                                                         dsa[30].last_carry_next (net)
                      0.034282    0.000206    1.053015 v dsa[30]._8_/D (sky130_fd_sc_hd__dfrtp_1)
                                              1.053015   data arrival time

                                 10.000000   10.000000   clock core_clock (rise edge)
                                  0.000000   10.000000   clock source latency
     1    0.015086    0.000000    0.000000   10.000000 ^ clk (in)
                                                         clk (net)
                      0.001413    0.000707   10.000708 ^ clkbuf_0_clk/A (sky130_fd_sc_hd__clkbuf_16)
     8    0.084849    0.102020    0.155491   10.156198 ^ clkbuf_0_clk/X (sky130_fd_sc_hd__clkbuf_16)
                                                         clknet_0_clk (net)
                      0.103612    0.010123   10.166322 ^ clkbuf_3_0__f_clk/A (sky130_fd_sc_hd__clkbuf_16)
    10    0.033916    0.054391    0.158320   10.324642 ^ clkbuf_3_0__f_clk/X (sky130_fd_sc_hd__clkbuf_16)
                                                         clknet_3_0__leaf_clk (net)
                      0.054513    0.002122   10.326764 ^ dsa[30]._8_/CLK (sky130_fd_sc_hd__dfrtp_1)
                                  0.000000   10.326764   clock reconvergence pessimism
                                 -0.107423   10.219340   library setup time
                                             10.219340   data required time
---------------------------------------------------------------------------------------------
                                             10.219340   data required time
                                             -1.053015   data arrival time
---------------------------------------------------------------------------------------------
                                              9.166325   slack (MET)


Startpoint: dsa[6]._8_ (rising edge-triggered flip-flop clocked by core_clock)
Endpoint: dsa[6]._8_ (rising edge-triggered flip-flop clocked by core_clock)
Path Group: core_clock
Path Type: max

Fanout         Cap        Slew       Delay        Time   Description
---------------------------------------------------------------------------------------------
                                  0.000000    0.000000   clock core_clock (rise edge)
                                  0.000000    0.000000   clock source latency
     1    0.015086    0.000000    0.000000    0.000000 ^ clk (in)
                                                         clk (net)
                      0.001413    0.000707    0.000707 ^ clkbuf_0_clk/A (sky130_fd_sc_hd__clkbuf_16)
     8    0.084849    0.102020    0.155491    0.156197 ^ clkbuf_0_clk/X (sky130_fd_sc_hd__clkbuf_16)
                                                         clknet_0_clk (net)
                      0.103280    0.009025    0.165222 ^ clkbuf_3_5__f_clk/A (sky130_fd_sc_hd__clkbuf_16)
     8    0.030792    0.051721    0.155982    0.321204 ^ clkbuf_3_5__f_clk/X (sky130_fd_sc_hd__clkbuf_16)
                                                         clknet_3_5__leaf_clk (net)
                      0.051745    0.001534    0.322737 ^ dsa[6]._8_/CLK (sky130_fd_sc_hd__dfrtp_1)
     2    0.006067    0.054066    0.373781    0.696518 v dsa[6]._8_/Q (sky130_fd_sc_hd__dfrtp_1)
                                                         dsa[6].last_carry (net)
                      0.054066    0.000339    0.696857 v dsa[6]._4_/B1 (sky130_fd_sc_hd__a21o_1)
     2    0.006321    0.048206    0.168086    0.864943 v dsa[6]._4_/X (sky130_fd_sc_hd__a21o_1)
                                                         dsa[6]._1_ (net)
                      0.048207    0.000334    0.865276 v dsa[6]._7_/A2 (sky130_fd_sc_hd__a21bo_1)
     1    0.002544    0.033066    0.182964    1.048241 v dsa[6]._7_/X (sky130_fd_sc_hd__a21bo_1)
                                                         dsa[6].last_carry_next (net)
                      0.033066    0.000188    1.048428 v dsa[6]._8_/D (sky130_fd_sc_hd__dfrtp_1)
                                              1.048428   data arrival time

                                 10.000000   10.000000   clock core_clock (rise edge)
                                  0.000000   10.000000   clock source latency
     1    0.015086    0.000000    0.000000   10.000000 ^ clk (in)
                                                         clk (net)
                      0.001413    0.000707   10.000708 ^ clkbuf_0_clk/A (sky130_fd_sc_hd__clkbuf_16)
     8    0.084849    0.102020    0.155491   10.156198 ^ clkbuf_0_clk/X (sky130_fd_sc_hd__clkbuf_16)
                                                         clknet_0_clk (net)
                      0.103280    0.009025   10.165223 ^ clkbuf_3_5__f_clk/A (sky130_fd_sc_hd__clkbuf_16)
     8    0.030792    0.051721    0.155981   10.321204 ^ clkbuf_3_5__f_clk/X (sky130_fd_sc_hd__clkbuf_16)
                                                         clknet_3_5__leaf_clk (net)
                      0.051745    0.001534   10.322738 ^ dsa[6]._8_/CLK (sky130_fd_sc_hd__dfrtp_1)
                                  0.000000   10.322738   clock reconvergence pessimism
                                 -0.107525   10.215212   library setup time
                                             10.215212   data required time
---------------------------------------------------------------------------------------------
                                             10.215212   data required time
                                             -1.048428   data arrival time
---------------------------------------------------------------------------------------------
                                              9.166784   slack (MET)


Startpoint: dsa[28]._8_ (rising edge-triggered flip-flop clocked by core_clock)
Endpoint: dsa[28]._8_ (rising edge-triggered flip-flop clocked by core_clock)
Path Group: core_clock
Path Type: max

Fanout         Cap        Slew       Delay        Time   Description
---------------------------------------------------------------------------------------------
                                  0.000000    0.000000   clock core_clock (rise edge)
                                  0.000000    0.000000   clock source latency
     1    0.015086    0.000000    0.000000    0.000000 ^ clk (in)
                                                         clk (net)
                      0.001413    0.000707    0.000707 ^ clkbuf_0_clk/A (sky130_fd_sc_hd__clkbuf_16)
     8    0.084849    0.102020    0.155491    0.156197 ^ clkbuf_0_clk/X (sky130_fd_sc_hd__clkbuf_16)
                                                         clknet_0_clk (net)
                      0.102432    0.005282    0.161479 ^ clkbuf_3_2__f_clk/A (sky130_fd_sc_hd__clkbuf_16)
    10    0.033019    0.053602    0.157159    0.318638 ^ clkbuf_3_2__f_clk/X (sky130_fd_sc_hd__clkbuf_16)
                                                         clknet_3_2__leaf_clk (net)
                      0.053694    0.002027    0.320666 ^ dsa[28]._8_/CLK (sky130_fd_sc_hd__dfrtp_1)
     2    0.006064    0.054049    0.374486    0.695152 v dsa[28]._8_/Q (sky130_fd_sc_hd__dfrtp_1)
                                                         dsa[28].last_carry (net)
                      0.054049    0.000351    0.695503 v dsa[28]._4_/B1 (sky130_fd_sc_hd__a21o_1)
     2    0.006110    0.047158    0.167041    0.862544 v dsa[28]._4_/X (sky130_fd_sc_hd__a21o_1)
                                                         dsa[28]._1_ (net)
                      0.047160    0.000374    0.862918 v dsa[28]._7_/A2 (sky130_fd_sc_hd__a21bo_1)
     1    0.002634    0.033473    0.183122    1.046039 v dsa[28]._7_/X (sky130_fd_sc_hd__a21bo_1)
                                                         dsa[28].last_carry_next (net)
                      0.033473    0.000191    1.046230 v dsa[28]._8_/D (sky130_fd_sc_hd__dfrtp_1)
                                              1.046230   data arrival time

                                 10.000000   10.000000   clock core_clock (rise edge)
                                  0.000000   10.000000   clock source latency
     1    0.015086    0.000000    0.000000   10.000000 ^ clk (in)
                                                         clk (net)
                      0.001413    0.000707   10.000708 ^ clkbuf_0_clk/A (sky130_fd_sc_hd__clkbuf_16)
     8    0.084849    0.102020    0.155491   10.156198 ^ clkbuf_0_clk/X (sky130_fd_sc_hd__clkbuf_16)
                                                         clknet_0_clk (net)
                      0.102432    0.005281   10.161479 ^ clkbuf_3_2__f_clk/A (sky130_fd_sc_hd__clkbuf_16)
    10    0.033019    0.053602    0.157160   10.318639 ^ clkbuf_3_2__f_clk/X (sky130_fd_sc_hd__clkbuf_16)
                                                         clknet_3_2__leaf_clk (net)
                      0.053694    0.002027   10.320665 ^ dsa[28]._8_/CLK (sky130_fd_sc_hd__dfrtp_1)
                                  0.000000   10.320665   clock reconvergence pessimism
                                 -0.107257   10.213408   library setup time
                                             10.213408   data required time
---------------------------------------------------------------------------------------------
                                             10.213408   data required time
                                             -1.046230   data arrival time
---------------------------------------------------------------------------------------------
                                              9.167177   slack (MET)


Startpoint: dsa[21]._8_ (rising edge-triggered flip-flop clocked by core_clock)
Endpoint: dsa[21]._9_ (rising edge-triggered flip-flop clocked by core_clock)
Path Group: core_clock
Path Type: max

Fanout         Cap        Slew       Delay        Time   Description
---------------------------------------------------------------------------------------------
                                  0.000000    0.000000   clock core_clock (rise edge)
                                  0.000000    0.000000   clock source latency
     1    0.015086    0.000000    0.000000    0.000000 ^ clk (in)
                                                         clk (net)
                      0.001413    0.000707    0.000707 ^ clkbuf_0_clk/A (sky130_fd_sc_hd__clkbuf_16)
     8    0.084849    0.102020    0.155491    0.156197 ^ clkbuf_0_clk/X (sky130_fd_sc_hd__clkbuf_16)
                                                         clknet_0_clk (net)
                      0.103612    0.010124    0.166321 ^ clkbuf_3_0__f_clk/A (sky130_fd_sc_hd__clkbuf_16)
    10    0.033916    0.054391    0.158320    0.324641 ^ clkbuf_3_0__f_clk/X (sky130_fd_sc_hd__clkbuf_16)
                                                         clknet_3_0__leaf_clk (net)
                      0.054452    0.001467    0.326108 ^ dsa[21]._8_/CLK (sky130_fd_sc_hd__dfrtp_1)
     2    0.005336    0.050680    0.370881    0.696989 v dsa[21]._8_/Q (sky130_fd_sc_hd__dfrtp_1)
                                                         dsa[21].last_carry (net)
                      0.050680    0.000297    0.697287 v dsa[21]._4_/B1 (sky130_fd_sc_hd__a21o_1)
     2    0.005933    0.046376    0.165046    0.862333 v dsa[21]._4_/X (sky130_fd_sc_hd__a21o_1)
                                                         dsa[21]._1_ (net)
                      0.046378    0.000408    0.862740 v dsa[21]._5_/B (sky130_fd_sc_hd__nand2_1)
     1    0.005750    0.067459    0.079950    0.942691 ^ dsa[21]._5_/Y (sky130_fd_sc_hd__nand2_1)
                                                         dsa[21]._2_ (net)
                      0.067460    0.000415    0.943106 ^ dsa[21]._6_/B (sky130_fd_sc_hd__xnor2_1)
     1    0.004286    0.143822    0.122343    1.065449 ^ dsa[21]._6_/Y (sky130_fd_sc_hd__xnor2_1)
                                                         dsa[21].y_out_next (net)
                      0.143822    0.000284    1.065733 ^ dsa[21]._9_/D (sky130_fd_sc_hd__dfrtp_1)
                                              1.065733   data arrival time

                                 10.000000   10.000000   clock core_clock (rise edge)
                                  0.000000   10.000000   clock source latency
     1    0.015086    0.000000    0.000000   10.000000 ^ clk (in)
                                                         clk (net)
                      0.001413    0.000707   10.000708 ^ clkbuf_0_clk/A (sky130_fd_sc_hd__clkbuf_16)
     8    0.084849    0.102020    0.155491   10.156198 ^ clkbuf_0_clk/X (sky130_fd_sc_hd__clkbuf_16)
                                                         clknet_0_clk (net)
                      0.102376    0.004924   10.161122 ^ clkbuf_3_3__f_clk/A (sky130_fd_sc_hd__clkbuf_16)
     9    0.028189    0.049503    0.153798   10.314919 ^ clkbuf_3_3__f_clk/X (sky130_fd_sc_hd__clkbuf_16)
                                                         clknet_3_3__leaf_clk (net)
                      0.049517    0.001025   10.315945 ^ dsa[21]._9_/CLK (sky130_fd_sc_hd__dfrtp_1)
                                  0.000000   10.315945   clock reconvergence pessimism
                                 -0.081948   10.233997   library setup time
                                             10.233997   data required time
---------------------------------------------------------------------------------------------
                                             10.233997   data required time
                                             -1.065733   data arrival time
---------------------------------------------------------------------------------------------
                                              9.168263   slack (MET)


Startpoint: dsa[1]._8_ (rising edge-triggered flip-flop clocked by core_clock)
Endpoint: dsa[1]._8_ (rising edge-triggered flip-flop clocked by core_clock)
Path Group: core_clock
Path Type: max

Fanout         Cap        Slew       Delay        Time   Description
---------------------------------------------------------------------------------------------
                                  0.000000    0.000000   clock core_clock (rise edge)
                                  0.000000    0.000000   clock source latency
     1    0.015086    0.000000    0.000000    0.000000 ^ clk (in)
                                                         clk (net)
                      0.001413    0.000707    0.000707 ^ clkbuf_0_clk/A (sky130_fd_sc_hd__clkbuf_16)
     8    0.084849    0.102020    0.155491    0.156197 ^ clkbuf_0_clk/X (sky130_fd_sc_hd__clkbuf_16)
                                                         clknet_0_clk (net)
                      0.102684    0.006629    0.162826 ^ clkbuf_3_7__f_clk/A (sky130_fd_sc_hd__clkbuf_16)
    10    0.030780    0.051710    0.155752    0.318579 ^ clkbuf_3_7__f_clk/X (sky130_fd_sc_hd__clkbuf_16)
                                                         clknet_3_7__leaf_clk (net)
                      0.051752    0.001951    0.320530 ^ dsa[1]._8_/CLK (sky130_fd_sc_hd__dfrtp_1)
     2    0.006244    0.054873    0.374774    0.695304 v dsa[1]._8_/Q (sky130_fd_sc_hd__dfrtp_1)
                                                         dsa[1].last_carry (net)
                      0.054873    0.000291    0.695595 v dsa[1]._4_/B1 (sky130_fd_sc_hd__a21o_1)
     2    0.005544    0.044638    0.164762    0.860357 v dsa[1]._4_/X (sky130_fd_sc_hd__a21o_1)
                                                         dsa[1]._1_ (net)
                      0.044640    0.000316    0.860673 v dsa[1]._7_/A2 (sky130_fd_sc_hd__a21bo_1)
     1    0.002757    0.034037    0.182913    1.043586 v dsa[1]._7_/X (sky130_fd_sc_hd__a21bo_1)
                                                         dsa[1].last_carry_next (net)
                      0.034037    0.000178    1.043763 v dsa[1]._8_/D (sky130_fd_sc_hd__dfrtp_1)
                                              1.043763   data arrival time

                                 10.000000   10.000000   clock core_clock (rise edge)
                                  0.000000   10.000000   clock source latency
     1    0.015086    0.000000    0.000000   10.000000 ^ clk (in)
                                                         clk (net)
                      0.001413    0.000707   10.000708 ^ clkbuf_0_clk/A (sky130_fd_sc_hd__clkbuf_16)
     8    0.084849    0.102020    0.155491   10.156198 ^ clkbuf_0_clk/X (sky130_fd_sc_hd__clkbuf_16)
                                                         clknet_0_clk (net)
                      0.102684    0.006628   10.162827 ^ clkbuf_3_7__f_clk/A (sky130_fd_sc_hd__clkbuf_16)
    10    0.030780    0.051710    0.155753   10.318579 ^ clkbuf_3_7__f_clk/X (sky130_fd_sc_hd__clkbuf_16)
                                                         clknet_3_7__leaf_clk (net)
                      0.051752    0.001950   10.320530 ^ dsa[1]._8_/CLK (sky130_fd_sc_hd__dfrtp_1)
                                  0.000000   10.320530   clock reconvergence pessimism
                                 -0.107947   10.212583   library setup time
                                             10.212583   data required time
---------------------------------------------------------------------------------------------
                                             10.212583   data required time
                                             -1.043763   data arrival time
---------------------------------------------------------------------------------------------
                                              9.168818   slack (MET)


Startpoint: dsa[20]._8_ (rising edge-triggered flip-flop clocked by core_clock)
Endpoint: dsa[20]._8_ (rising edge-triggered flip-flop clocked by core_clock)
Path Group: core_clock
Path Type: max

Fanout         Cap        Slew       Delay        Time   Description
---------------------------------------------------------------------------------------------
                                  0.000000    0.000000   clock core_clock (rise edge)
                                  0.000000    0.000000   clock source latency
     1    0.015086    0.000000    0.000000    0.000000 ^ clk (in)
                                                         clk (net)
                      0.001413    0.000707    0.000707 ^ clkbuf_0_clk/A (sky130_fd_sc_hd__clkbuf_16)
     8    0.084849    0.102020    0.155491    0.156197 ^ clkbuf_0_clk/X (sky130_fd_sc_hd__clkbuf_16)
                                                         clknet_0_clk (net)
                      0.103596    0.010073    0.166271 ^ clkbuf_3_1__f_clk/A (sky130_fd_sc_hd__clkbuf_16)
     7    0.025481    0.046812    0.151679    0.317950 ^ clkbuf_3_1__f_clk/X (sky130_fd_sc_hd__clkbuf_16)
                                                         clknet_3_1__leaf_clk (net)
                      0.046849    0.001154    0.319104 ^ dsa[20]._8_/CLK (sky130_fd_sc_hd__dfrtp_1)
     2    0.005869    0.053190    0.370882    0.689986 v dsa[20]._8_/Q (sky130_fd_sc_hd__dfrtp_1)
                                                         dsa[20].last_carry (net)
                      0.053190    0.000381    0.690367 v dsa[20]._4_/B1 (sky130_fd_sc_hd__a21o_1)
     2    0.005463    0.044372    0.163780    0.854147 v dsa[20]._4_/X (sky130_fd_sc_hd__a21o_1)
                                                         dsa[20]._1_ (net)
                      0.044372    0.000196    0.854343 v dsa[20]._7_/A2 (sky130_fd_sc_hd__a21bo_1)
     1    0.003171    0.036016    0.185460    1.039802 v dsa[20]._7_/X (sky130_fd_sc_hd__a21bo_1)
                                                         dsa[20].last_carry_next (net)
                      0.036016    0.000227    1.040030 v dsa[20]._8_/D (sky130_fd_sc_hd__dfrtp_1)
                                              1.040030   data arrival time

                                 10.000000   10.000000   clock core_clock (rise edge)
                                  0.000000   10.000000   clock source latency
     1    0.015086    0.000000    0.000000   10.000000 ^ clk (in)
                                                         clk (net)
                      0.001413    0.000707   10.000708 ^ clkbuf_0_clk/A (sky130_fd_sc_hd__clkbuf_16)
     8    0.084849    0.102020    0.155491   10.156198 ^ clkbuf_0_clk/X (sky130_fd_sc_hd__clkbuf_16)
                                                         clknet_0_clk (net)
                      0.103596    0.010073   10.166271 ^ clkbuf_3_1__f_clk/A (sky130_fd_sc_hd__clkbuf_16)
     7    0.025481    0.046812    0.151680   10.317950 ^ clkbuf_3_1__f_clk/X (sky130_fd_sc_hd__clkbuf_16)
                                                         clknet_3_1__leaf_clk (net)
                      0.046849    0.001154   10.319104 ^ dsa[20]._8_/CLK (sky130_fd_sc_hd__dfrtp_1)
                                  0.000000   10.319104   clock reconvergence pessimism
                                 -0.109931   10.209173   library setup time
                                             10.209173   data required time
---------------------------------------------------------------------------------------------
                                             10.209173   data required time
                                             -1.040030   data arrival time
---------------------------------------------------------------------------------------------
                                              9.169144   slack (MET)


Startpoint: dsa[10]._8_ (rising edge-triggered flip-flop clocked by core_clock)
Endpoint: dsa[10]._8_ (rising edge-triggered flip-flop clocked by core_clock)
Path Group: core_clock
Path Type: max

Fanout         Cap        Slew       Delay        Time   Description
---------------------------------------------------------------------------------------------
                                  0.000000    0.000000   clock core_clock (rise edge)
                                  0.000000    0.000000   clock source latency
     1    0.015086    0.000000    0.000000    0.000000 ^ clk (in)
                                                         clk (net)
                      0.001413    0.000707    0.000707 ^ clkbuf_0_clk/A (sky130_fd_sc_hd__clkbuf_16)
     8    0.084849    0.102020    0.155491    0.156197 ^ clkbuf_0_clk/X (sky130_fd_sc_hd__clkbuf_16)
                                                         clknet_0_clk (net)
                      0.102659    0.006504    0.162701 ^ clkbuf_3_6__f_clk/A (sky130_fd_sc_hd__clkbuf_16)
     8    0.028138    0.049460    0.153866    0.316568 ^ clkbuf_3_6__f_clk/X (sky130_fd_sc_hd__clkbuf_16)
                                                         clknet_3_6__leaf_clk (net)
                      0.049481    0.001471    0.318039 ^ dsa[10]._8_/CLK (sky130_fd_sc_hd__dfrtp_1)
     2    0.005753    0.052612    0.371270    0.689309 v dsa[10]._8_/Q (sky130_fd_sc_hd__dfrtp_1)
                                                         dsa[10].last_carry (net)
                      0.052612    0.000343    0.689652 v dsa[10]._4_/B1 (sky130_fd_sc_hd__a21o_1)
     2    0.005335    0.043880    0.162908    0.852560 v dsa[10]._4_/X (sky130_fd_sc_hd__a21o_1)
                                                         dsa[10]._1_ (net)
                      0.043882    0.000356    0.852917 v dsa[10]._7_/A2 (sky130_fd_sc_hd__a21bo_1)
     1    0.003264    0.036486    0.185855    1.038771 v dsa[10]._7_/X (sky130_fd_sc_hd__a21bo_1)
                                                         dsa[10].last_carry_next (net)
                      0.036486    0.000238    1.039009 v dsa[10]._8_/D (sky130_fd_sc_hd__dfrtp_1)
                                              1.039009   data arrival time

                                 10.000000   10.000000   clock core_clock (rise edge)
                                  0.000000   10.000000   clock source latency
     1    0.015086    0.000000    0.000000   10.000000 ^ clk (in)
                                                         clk (net)
                      0.001413    0.000707   10.000708 ^ clkbuf_0_clk/A (sky130_fd_sc_hd__clkbuf_16)
     8    0.084849    0.102020    0.155491   10.156198 ^ clkbuf_0_clk/X (sky130_fd_sc_hd__clkbuf_16)
                                                         clknet_0_clk (net)
                      0.102659    0.006503   10.162702 ^ clkbuf_3_6__f_clk/A (sky130_fd_sc_hd__clkbuf_16)
     8    0.028138    0.049460    0.153867   10.316568 ^ clkbuf_3_6__f_clk/X (sky130_fd_sc_hd__clkbuf_16)
                                                         clknet_3_6__leaf_clk (net)
                      0.049481    0.001471   10.318039 ^ dsa[10]._8_/CLK (sky130_fd_sc_hd__dfrtp_1)
                                  0.000000   10.318039   clock reconvergence pessimism
                                 -0.109535   10.208505   library setup time
                                             10.208505   data required time
---------------------------------------------------------------------------------------------
                                             10.208505   data required time
                                             -1.039009   data arrival time
---------------------------------------------------------------------------------------------
                                              9.169495   slack (MET)


Startpoint: dsa[27]._8_ (rising edge-triggered flip-flop clocked by core_clock)
Endpoint: dsa[27]._8_ (rising edge-triggered flip-flop clocked by core_clock)
Path Group: core_clock
Path Type: max

Fanout         Cap        Slew       Delay        Time   Description
---------------------------------------------------------------------------------------------
                                  0.000000    0.000000   clock core_clock (rise edge)
                                  0.000000    0.000000   clock source latency
     1    0.015086    0.000000    0.000000    0.000000 ^ clk (in)
                                                         clk (net)
                      0.001413    0.000707    0.000707 ^ clkbuf_0_clk/A (sky130_fd_sc_hd__clkbuf_16)
     8    0.084849    0.102020    0.155491    0.156197 ^ clkbuf_0_clk/X (sky130_fd_sc_hd__clkbuf_16)
                                                         clknet_0_clk (net)
                      0.102432    0.005282    0.161479 ^ clkbuf_3_2__f_clk/A (sky130_fd_sc_hd__clkbuf_16)
    10    0.033019    0.053602    0.157159    0.318638 ^ clkbuf_3_2__f_clk/X (sky130_fd_sc_hd__clkbuf_16)
                                                         clknet_3_2__leaf_clk (net)
                      0.053688    0.001965    0.320603 ^ dsa[27]._8_/CLK (sky130_fd_sc_hd__dfrtp_1)
     2    0.006056    0.054006    0.374438    0.695041 v dsa[27]._8_/Q (sky130_fd_sc_hd__dfrtp_1)
                                                         dsa[27].last_carry (net)
                      0.054006    0.000369    0.695410 v dsa[27]._4_/B1 (sky130_fd_sc_hd__a21o_1)
     2    0.005862    0.045990    0.165953    0.861363 v dsa[27]._4_/X (sky130_fd_sc_hd__a21o_1)
                                                         dsa[27]._1_ (net)
                      0.045990    0.000202    0.861564 v dsa[27]._7_/A2 (sky130_fd_sc_hd__a21bo_1)
     1    0.002485    0.032794    0.181700    1.043264 v dsa[27]._7_/X (sky130_fd_sc_hd__a21bo_1)
                                                         dsa[27].last_carry_next (net)
                      0.032794    0.000169    1.043433 v dsa[27]._8_/D (sky130_fd_sc_hd__dfrtp_1)
                                              1.043433   data arrival time

                                 10.000000   10.000000   clock core_clock (rise edge)
                                  0.000000   10.000000   clock source latency
     1    0.015086    0.000000    0.000000   10.000000 ^ clk (in)
                                                         clk (net)
                      0.001413    0.000707   10.000708 ^ clkbuf_0_clk/A (sky130_fd_sc_hd__clkbuf_16)
     8    0.084849    0.102020    0.155491   10.156198 ^ clkbuf_0_clk/X (sky130_fd_sc_hd__clkbuf_16)
                                                         clknet_0_clk (net)
                      0.102432    0.005281   10.161479 ^ clkbuf_3_2__f_clk/A (sky130_fd_sc_hd__clkbuf_16)
    10    0.033019    0.053602    0.157160   10.318639 ^ clkbuf_3_2__f_clk/X (sky130_fd_sc_hd__clkbuf_16)
                                                         clknet_3_2__leaf_clk (net)
                      0.053688    0.001965   10.320603 ^ dsa[27]._8_/CLK (sky130_fd_sc_hd__dfrtp_1)
                                  0.000000   10.320603   clock reconvergence pessimism
                                 -0.106963   10.213641   library setup time
                                             10.213641   data required time
---------------------------------------------------------------------------------------------
                                             10.213641   data required time
                                             -1.043433   data arrival time
---------------------------------------------------------------------------------------------
                                              9.170208   slack (MET)


Startpoint: dsa[21]._8_ (rising edge-triggered flip-flop clocked by core_clock)
Endpoint: dsa[21]._8_ (rising edge-triggered flip-flop clocked by core_clock)
Path Group: core_clock
Path Type: max

Fanout         Cap        Slew       Delay        Time   Description
---------------------------------------------------------------------------------------------
                                  0.000000    0.000000   clock core_clock (rise edge)
                                  0.000000    0.000000   clock source latency
     1    0.015086    0.000000    0.000000    0.000000 ^ clk (in)
                                                         clk (net)
                      0.001413    0.000707    0.000707 ^ clkbuf_0_clk/A (sky130_fd_sc_hd__clkbuf_16)
     8    0.084849    0.102020    0.155491    0.156197 ^ clkbuf_0_clk/X (sky130_fd_sc_hd__clkbuf_16)
                                                         clknet_0_clk (net)
                      0.103612    0.010124    0.166321 ^ clkbuf_3_0__f_clk/A (sky130_fd_sc_hd__clkbuf_16)
    10    0.033916    0.054391    0.158320    0.324641 ^ clkbuf_3_0__f_clk/X (sky130_fd_sc_hd__clkbuf_16)
                                                         clknet_3_0__leaf_clk (net)
                      0.054452    0.001467    0.326108 ^ dsa[21]._8_/CLK (sky130_fd_sc_hd__dfrtp_1)
     2    0.005336    0.050680    0.370881    0.696989 v dsa[21]._8_/Q (sky130_fd_sc_hd__dfrtp_1)
                                                         dsa[21].last_carry (net)
                      0.050680    0.000297    0.697287 v dsa[21]._4_/B1 (sky130_fd_sc_hd__a21o_1)
     2    0.005933    0.046376    0.165046    0.862333 v dsa[21]._4_/X (sky130_fd_sc_hd__a21o_1)
                                                         dsa[21]._1_ (net)
                      0.046378    0.000372    0.862705 v dsa[21]._7_/A2 (sky130_fd_sc_hd__a21bo_1)
     1    0.002945    0.034920    0.184858    1.047562 v dsa[21]._7_/X (sky130_fd_sc_hd__a21bo_1)
                                                         dsa[21].last_carry_next (net)
                      0.034920    0.000124    1.047686 v dsa[21]._8_/D (sky130_fd_sc_hd__dfrtp_1)
                                              1.047686   data arrival time

                                 10.000000   10.000000   clock core_clock (rise edge)
                                  0.000000   10.000000   clock source latency
     1    0.015086    0.000000    0.000000   10.000000 ^ clk (in)
                                                         clk (net)
                      0.001413    0.000707   10.000708 ^ clkbuf_0_clk/A (sky130_fd_sc_hd__clkbuf_16)
     8    0.084849    0.102020    0.155491   10.156198 ^ clkbuf_0_clk/X (sky130_fd_sc_hd__clkbuf_16)
                                                         clknet_0_clk (net)
                      0.103612    0.010123   10.166322 ^ clkbuf_3_0__f_clk/A (sky130_fd_sc_hd__clkbuf_16)
    10    0.033916    0.054391    0.158320   10.324642 ^ clkbuf_3_0__f_clk/X (sky130_fd_sc_hd__clkbuf_16)
                                                         clknet_3_0__leaf_clk (net)
                      0.054452    0.001466   10.326108 ^ dsa[21]._8_/CLK (sky130_fd_sc_hd__dfrtp_1)
                                  0.000000   10.326108   clock reconvergence pessimism
                                 -0.107715   10.218392   library setup time
                                             10.218392   data required time
---------------------------------------------------------------------------------------------
                                             10.218392   data required time
                                             -1.047686   data arrival time
---------------------------------------------------------------------------------------------
                                              9.170706   slack (MET)


Startpoint: dsa[14]._8_ (rising edge-triggered flip-flop clocked by core_clock)
Endpoint: dsa[14]._8_ (rising edge-triggered flip-flop clocked by core_clock)
Path Group: core_clock
Path Type: max

Fanout         Cap        Slew       Delay        Time   Description
---------------------------------------------------------------------------------------------
                                  0.000000    0.000000   clock core_clock (rise edge)
                                  0.000000    0.000000   clock source latency
     1    0.015086    0.000000    0.000000    0.000000 ^ clk (in)
                                                         clk (net)
                      0.001413    0.000707    0.000707 ^ clkbuf_0_clk/A (sky130_fd_sc_hd__clkbuf_16)
     8    0.084849    0.102020    0.155491    0.156197 ^ clkbuf_0_clk/X (sky130_fd_sc_hd__clkbuf_16)
                                                         clknet_0_clk (net)
                      0.102376    0.004924    0.161122 ^ clkbuf_3_3__f_clk/A (sky130_fd_sc_hd__clkbuf_16)
     9    0.028189    0.049503    0.153798    0.314920 ^ clkbuf_3_3__f_clk/X (sky130_fd_sc_hd__clkbuf_16)
                                                         clknet_3_3__leaf_clk (net)
                      0.049521    0.001344    0.316264 ^ dsa[14]._8_/CLK (sky130_fd_sc_hd__dfrtp_1)
     2    0.005769    0.052720    0.371325    0.687589 v dsa[14]._8_/Q (sky130_fd_sc_hd__dfrtp_1)
                                                         dsa[14].last_carry (net)
                      0.052720    0.000367    0.687956 v dsa[14]._4_/B1 (sky130_fd_sc_hd__a21o_1)
     2    0.005389    0.044102    0.163218    0.851174 v dsa[14]._4_/X (sky130_fd_sc_hd__a21o_1)
                                                         dsa[14]._1_ (net)
                      0.044103    0.000302    0.851476 v dsa[14]._7_/A2 (sky130_fd_sc_hd__a21bo_1)
     1    0.003046    0.035412    0.184589    1.036064 v dsa[14]._7_/X (sky130_fd_sc_hd__a21bo_1)
                                                         dsa[14].last_carry_next (net)
                      0.035412    0.000128    1.036192 v dsa[14]._8_/D (sky130_fd_sc_hd__dfrtp_1)
                                              1.036192   data arrival time

                                 10.000000   10.000000   clock core_clock (rise edge)
                                  0.000000   10.000000   clock source latency
     1    0.015086    0.000000    0.000000   10.000000 ^ clk (in)
                                                         clk (net)
                      0.001413    0.000707   10.000708 ^ clkbuf_0_clk/A (sky130_fd_sc_hd__clkbuf_16)
     8    0.084849    0.102020    0.155491   10.156198 ^ clkbuf_0_clk/X (sky130_fd_sc_hd__clkbuf_16)
                                                         clknet_0_clk (net)
                      0.102376    0.004924   10.161122 ^ clkbuf_3_3__f_clk/A (sky130_fd_sc_hd__clkbuf_16)
     9    0.028189    0.049503    0.153798   10.314919 ^ clkbuf_3_3__f_clk/X (sky130_fd_sc_hd__clkbuf_16)
                                                         clknet_3_3__leaf_clk (net)
                      0.049521    0.001345   10.316264 ^ dsa[14]._8_/CLK (sky130_fd_sc_hd__dfrtp_1)
                                  0.000000   10.316264   clock reconvergence pessimism
                                 -0.109057   10.207208   library setup time
                                             10.207208   data required time
---------------------------------------------------------------------------------------------
                                             10.207208   data required time
                                             -1.036192   data arrival time
---------------------------------------------------------------------------------------------
                                              9.171016   slack (MET)


Startpoint: dsa[12]._8_ (rising edge-triggered flip-flop clocked by core_clock)
Endpoint: dsa[12]._8_ (rising edge-triggered flip-flop clocked by core_clock)
Path Group: core_clock
Path Type: max

Fanout         Cap        Slew       Delay        Time   Description
---------------------------------------------------------------------------------------------
                                  0.000000    0.000000   clock core_clock (rise edge)
                                  0.000000    0.000000   clock source latency
     1    0.015086    0.000000    0.000000    0.000000 ^ clk (in)
                                                         clk (net)
                      0.001413    0.000707    0.000707 ^ clkbuf_0_clk/A (sky130_fd_sc_hd__clkbuf_16)
     8    0.084849    0.102020    0.155491    0.156197 ^ clkbuf_0_clk/X (sky130_fd_sc_hd__clkbuf_16)
                                                         clknet_0_clk (net)
                      0.102659    0.006504    0.162701 ^ clkbuf_3_6__f_clk/A (sky130_fd_sc_hd__clkbuf_16)
     8    0.028138    0.049460    0.153866    0.316568 ^ clkbuf_3_6__f_clk/X (sky130_fd_sc_hd__clkbuf_16)
                                                         clknet_3_6__leaf_clk (net)
                      0.049477    0.001241    0.317809 ^ dsa[12]._8_/CLK (sky130_fd_sc_hd__dfrtp_1)
     2    0.005528    0.051592    0.370046    0.687856 v dsa[12]._8_/Q (sky130_fd_sc_hd__dfrtp_1)
                                                         dsa[12].last_carry (net)
                      0.051592    0.000347    0.688203 v dsa[12]._4_/B1 (sky130_fd_sc_hd__a21o_1)
     2    0.006217    0.047581    0.166735    0.854938 v dsa[12]._4_/X (sky130_fd_sc_hd__a21o_1)
                                                         dsa[12]._1_ (net)
                      0.047581    0.000214    0.855152 v dsa[12]._7_/A2 (sky130_fd_sc_hd__a21bo_1)
     1    0.002587    0.033255    0.182987    1.038139 v dsa[12]._7_/X (sky130_fd_sc_hd__a21bo_1)
                                                         dsa[12].last_carry_next (net)
                      0.033255    0.000189    1.038328 v dsa[12]._8_/D (sky130_fd_sc_hd__dfrtp_1)
                                              1.038328   data arrival time

                                 10.000000   10.000000   clock core_clock (rise edge)
                                  0.000000   10.000000   clock source latency
     1    0.015086    0.000000    0.000000   10.000000 ^ clk (in)
                                                         clk (net)
                      0.001413    0.000707   10.000708 ^ clkbuf_0_clk/A (sky130_fd_sc_hd__clkbuf_16)
     8    0.084849    0.102020    0.155491   10.156198 ^ clkbuf_0_clk/X (sky130_fd_sc_hd__clkbuf_16)
                                                         clknet_0_clk (net)
                      0.102659    0.006503   10.162702 ^ clkbuf_3_6__f_clk/A (sky130_fd_sc_hd__clkbuf_16)
     8    0.028138    0.049460    0.153867   10.316568 ^ clkbuf_3_6__f_clk/X (sky130_fd_sc_hd__clkbuf_16)
                                                         clknet_3_6__leaf_clk (net)
                      0.049477    0.001241   10.317809 ^ dsa[12]._8_/CLK (sky130_fd_sc_hd__dfrtp_1)
                                  0.000000   10.317809   clock reconvergence pessimism
                                 -0.108126   10.209683   library setup time
                                             10.209683   data required time
---------------------------------------------------------------------------------------------
                                             10.209683   data required time
                                             -1.038328   data arrival time
---------------------------------------------------------------------------------------------
                                              9.171355   slack (MET)


Startpoint: dsa[17]._8_ (rising edge-triggered flip-flop clocked by core_clock)
Endpoint: dsa[17]._8_ (rising edge-triggered flip-flop clocked by core_clock)
Path Group: core_clock
Path Type: max

Fanout         Cap        Slew       Delay        Time   Description
---------------------------------------------------------------------------------------------
                                  0.000000    0.000000   clock core_clock (rise edge)
                                  0.000000    0.000000   clock source latency
     1    0.015086    0.000000    0.000000    0.000000 ^ clk (in)
                                                         clk (net)
                      0.001413    0.000707    0.000707 ^ clkbuf_0_clk/A (sky130_fd_sc_hd__clkbuf_16)
     8    0.084849    0.102020    0.155491    0.156197 ^ clkbuf_0_clk/X (sky130_fd_sc_hd__clkbuf_16)
                                                         clknet_0_clk (net)
                      0.103596    0.010073    0.166271 ^ clkbuf_3_1__f_clk/A (sky130_fd_sc_hd__clkbuf_16)
     7    0.025481    0.046812    0.151679    0.317950 ^ clkbuf_3_1__f_clk/X (sky130_fd_sc_hd__clkbuf_16)
                                                         clknet_3_1__leaf_clk (net)
                      0.046859    0.001281    0.319231 ^ dsa[17]._8_/CLK (sky130_fd_sc_hd__dfrtp_1)
     2    0.006486    0.056112    0.374202    0.693433 v dsa[17]._8_/Q (sky130_fd_sc_hd__dfrtp_1)
                                                         dsa[17].last_carry (net)
                      0.056112    0.000364    0.693797 v dsa[17]._4_/B1 (sky130_fd_sc_hd__a21o_1)
     2    0.005555    0.044785    0.165361    0.859158 v dsa[17]._4_/X (sky130_fd_sc_hd__a21o_1)
                                                         dsa[17]._1_ (net)
                      0.044785    0.000213    0.859371 v dsa[17]._7_/A2 (sky130_fd_sc_hd__a21bo_1)
     1    0.002263    0.031843    0.179774    1.039145 v dsa[17]._7_/X (sky130_fd_sc_hd__a21bo_1)
                                                         dsa[17].last_carry_next (net)
                      0.031843    0.000159    1.039304 v dsa[17]._8_/D (sky130_fd_sc_hd__dfrtp_1)
                                              1.039304   data arrival time

                                 10.000000   10.000000   clock core_clock (rise edge)
                                  0.000000   10.000000   clock source latency
     1    0.015086    0.000000    0.000000   10.000000 ^ clk (in)
                                                         clk (net)
                      0.001413    0.000707   10.000708 ^ clkbuf_0_clk/A (sky130_fd_sc_hd__clkbuf_16)
     8    0.084849    0.102020    0.155491   10.156198 ^ clkbuf_0_clk/X (sky130_fd_sc_hd__clkbuf_16)
                                                         clknet_0_clk (net)
                      0.103596    0.010073   10.166271 ^ clkbuf_3_1__f_clk/A (sky130_fd_sc_hd__clkbuf_16)
     7    0.025481    0.046812    0.151680   10.317950 ^ clkbuf_3_1__f_clk/X (sky130_fd_sc_hd__clkbuf_16)
                                                         clknet_3_1__leaf_clk (net)
                      0.046859    0.001281   10.319231 ^ dsa[17]._8_/CLK (sky130_fd_sc_hd__dfrtp_1)
                                  0.000000   10.319231   clock reconvergence pessimism
                                 -0.108108   10.211123   library setup time
                                             10.211123   data required time
---------------------------------------------------------------------------------------------
                                             10.211123   data required time
                                             -1.039304   data arrival time
---------------------------------------------------------------------------------------------
                                              9.171819   slack (MET)


Startpoint: dsa[9]._8_ (rising edge-triggered flip-flop clocked by core_clock)
Endpoint: dsa[9]._8_ (rising edge-triggered flip-flop clocked by core_clock)
Path Group: core_clock
Path Type: max

Fanout         Cap        Slew       Delay        Time   Description
---------------------------------------------------------------------------------------------
                                  0.000000    0.000000   clock core_clock (rise edge)
                                  0.000000    0.000000   clock source latency
     1    0.015086    0.000000    0.000000    0.000000 ^ clk (in)
                                                         clk (net)
                      0.001413    0.000707    0.000707 ^ clkbuf_0_clk/A (sky130_fd_sc_hd__clkbuf_16)
     8    0.084849    0.102020    0.155491    0.156197 ^ clkbuf_0_clk/X (sky130_fd_sc_hd__clkbuf_16)
                                                         clknet_0_clk (net)
                      0.102659    0.006504    0.162701 ^ clkbuf_3_6__f_clk/A (sky130_fd_sc_hd__clkbuf_16)
     8    0.028138    0.049460    0.153866    0.316568 ^ clkbuf_3_6__f_clk/X (sky130_fd_sc_hd__clkbuf_16)
                                                         clknet_3_6__leaf_clk (net)
                      0.049482    0.001503    0.318071 ^ dsa[9]._8_/CLK (sky130_fd_sc_hd__dfrtp_1)
     2    0.005478    0.051349    0.369793    0.687865 v dsa[9]._8_/Q (sky130_fd_sc_hd__dfrtp_1)
                                                         dsa[9].last_carry (net)
                      0.051349    0.000321    0.688186 v dsa[9]._4_/B1 (sky130_fd_sc_hd__a21o_1)
     2    0.005674    0.045358    0.164071    0.852257 v dsa[9]._4_/X (sky130_fd_sc_hd__a21o_1)
                                                         dsa[9]._1_ (net)
                      0.045360    0.000364    0.852621 v dsa[9]._7_/A2 (sky130_fd_sc_hd__a21bo_1)
     1    0.002929    0.034843    0.184342    1.036963 v dsa[9]._7_/X (sky130_fd_sc_hd__a21bo_1)
                                                         dsa[9].last_carry_next (net)
                      0.034843    0.000123    1.037087 v dsa[9]._8_/D (sky130_fd_sc_hd__dfrtp_1)
                                              1.037087   data arrival time

                                 10.000000   10.000000   clock core_clock (rise edge)
                                  0.000000   10.000000   clock source latency
     1    0.015086    0.000000    0.000000   10.000000 ^ clk (in)
                                                         clk (net)
                      0.001413    0.000707   10.000708 ^ clkbuf_0_clk/A (sky130_fd_sc_hd__clkbuf_16)
     8    0.084849    0.102020    0.155491   10.156198 ^ clkbuf_0_clk/X (sky130_fd_sc_hd__clkbuf_16)
                                                         clknet_0_clk (net)
                      0.102659    0.006503   10.162702 ^ clkbuf_3_6__f_clk/A (sky130_fd_sc_hd__clkbuf_16)
     8    0.028138    0.049460    0.153867   10.316568 ^ clkbuf_3_6__f_clk/X (sky130_fd_sc_hd__clkbuf_16)
                                                         clknet_3_6__leaf_clk (net)
                      0.049482    0.001503   10.318071 ^ dsa[9]._8_/CLK (sky130_fd_sc_hd__dfrtp_1)
                                  0.000000   10.318071   clock reconvergence pessimism
                                 -0.108818   10.209253   library setup time
                                             10.209253   data required time
---------------------------------------------------------------------------------------------
                                             10.209253   data required time
                                             -1.037087   data arrival time
---------------------------------------------------------------------------------------------
                                              9.172167   slack (MET)


Startpoint: dsa[31]._8_ (rising edge-triggered flip-flop clocked by core_clock)
Endpoint: dsa[31]._8_ (rising edge-triggered flip-flop clocked by core_clock)
Path Group: core_clock
Path Type: max

Fanout         Cap        Slew       Delay        Time   Description
---------------------------------------------------------------------------------------------
                                  0.000000    0.000000   clock core_clock (rise edge)
                                  0.000000    0.000000   clock source latency
     1    0.015086    0.000000    0.000000    0.000000 ^ clk (in)
                                                         clk (net)
                      0.001413    0.000707    0.000707 ^ clkbuf_0_clk/A (sky130_fd_sc_hd__clkbuf_16)
     8    0.084849    0.102020    0.155491    0.156197 ^ clkbuf_0_clk/X (sky130_fd_sc_hd__clkbuf_16)
                                                         clknet_0_clk (net)
                      0.103612    0.010124    0.166321 ^ clkbuf_3_0__f_clk/A (sky130_fd_sc_hd__clkbuf_16)
    10    0.033916    0.054391    0.158320    0.324641 ^ clkbuf_3_0__f_clk/X (sky130_fd_sc_hd__clkbuf_16)
                                                         clknet_3_0__leaf_clk (net)
                      0.054509    0.002081    0.326722 ^ dsa[31]._8_/CLK (sky130_fd_sc_hd__dfrtp_1)
     2    0.005435    0.051132    0.371429    0.698151 v dsa[31]._8_/Q (sky130_fd_sc_hd__dfrtp_1)
                                                         dsa[31].last_carry (net)
                      0.051132    0.000312    0.698463 v dsa[31]._4_/B1 (sky130_fd_sc_hd__a21o_1)
     2    0.005928    0.046440    0.165174    0.863637 v dsa[31]._4_/X (sky130_fd_sc_hd__a21o_1)
                                                         dsa[31]._1_ (net)
                      0.046442    0.000402    0.864039 v dsa[31]._7_/A2 (sky130_fd_sc_hd__a21bo_1)
     1    0.002454    0.032658    0.181669    1.045708 v dsa[31]._7_/X (sky130_fd_sc_hd__a21bo_1)
                                                         dsa[31].last_carry_next (net)
                      0.032658    0.000178    1.045887 v dsa[31]._8_/D (sky130_fd_sc_hd__dfrtp_1)
                                              1.045887   data arrival time

                                 10.000000   10.000000   clock core_clock (rise edge)
                                  0.000000   10.000000   clock source latency
     1    0.015086    0.000000    0.000000   10.000000 ^ clk (in)
                                                         clk (net)
                      0.001413    0.000707   10.000708 ^ clkbuf_0_clk/A (sky130_fd_sc_hd__clkbuf_16)
     8    0.084849    0.102020    0.155491   10.156198 ^ clkbuf_0_clk/X (sky130_fd_sc_hd__clkbuf_16)
                                                         clknet_0_clk (net)
                      0.103612    0.010123   10.166322 ^ clkbuf_3_0__f_clk/A (sky130_fd_sc_hd__clkbuf_16)
    10    0.033916    0.054391    0.158320   10.324642 ^ clkbuf_3_0__f_clk/X (sky130_fd_sc_hd__clkbuf_16)
                                                         clknet_3_0__leaf_clk (net)
                      0.054509    0.002080   10.326722 ^ dsa[31]._8_/CLK (sky130_fd_sc_hd__dfrtp_1)
                                  0.000000   10.326722   clock reconvergence pessimism
                                 -0.106716   10.220006   library setup time
                                             10.220006   data required time
---------------------------------------------------------------------------------------------
                                             10.220006   data required time
                                             -1.045887   data arrival time
---------------------------------------------------------------------------------------------
                                              9.174119   slack (MET)


Startpoint: dsa[13]._8_ (rising edge-triggered flip-flop clocked by core_clock)
Endpoint: dsa[13]._8_ (rising edge-triggered flip-flop clocked by core_clock)
Path Group: core_clock
Path Type: max

Fanout         Cap        Slew       Delay        Time   Description
---------------------------------------------------------------------------------------------
                                  0.000000    0.000000   clock core_clock (rise edge)
                                  0.000000    0.000000   clock source latency
     1    0.015086    0.000000    0.000000    0.000000 ^ clk (in)
                                                         clk (net)
                      0.001413    0.000707    0.000707 ^ clkbuf_0_clk/A (sky130_fd_sc_hd__clkbuf_16)
     8    0.084849    0.102020    0.155491    0.156197 ^ clkbuf_0_clk/X (sky130_fd_sc_hd__clkbuf_16)
                                                         clknet_0_clk (net)
                      0.102376    0.004924    0.161122 ^ clkbuf_3_3__f_clk/A (sky130_fd_sc_hd__clkbuf_16)
     9    0.028189    0.049503    0.153798    0.314920 ^ clkbuf_3_3__f_clk/X (sky130_fd_sc_hd__clkbuf_16)
                                                         clknet_3_3__leaf_clk (net)
                      0.049522    0.001394    0.316314 ^ dsa[13]._8_/CLK (sky130_fd_sc_hd__dfrtp_1)
     2    0.005587    0.051818    0.370441    0.686755 v dsa[13]._8_/Q (sky130_fd_sc_hd__dfrtp_1)
                                                         dsa[13].last_carry (net)
                      0.051818    0.000190    0.686945 v dsa[13]._4_/B1 (sky130_fd_sc_hd__a21o_1)
     2    0.005532    0.044607    0.163564    0.850508 v dsa[13]._4_/X (sky130_fd_sc_hd__a21o_1)
                                                         dsa[13]._1_ (net)
                      0.044609    0.000368    0.850876 v dsa[13]._7_/A2 (sky130_fd_sc_hd__a21bo_1)
     1    0.002727    0.033893    0.182704    1.033581 v dsa[13]._7_/X (sky130_fd_sc_hd__a21bo_1)
                                                         dsa[13].last_carry_next (net)
                      0.033893    0.000178    1.033758 v dsa[13]._8_/D (sky130_fd_sc_hd__dfrtp_1)
                                              1.033758   data arrival time

                                 10.000000   10.000000   clock core_clock (rise edge)
                                  0.000000   10.000000   clock source latency
     1    0.015086    0.000000    0.000000   10.000000 ^ clk (in)
                                                         clk (net)
                      0.001413    0.000707   10.000708 ^ clkbuf_0_clk/A (sky130_fd_sc_hd__clkbuf_16)
     8    0.084849    0.102020    0.155491   10.156198 ^ clkbuf_0_clk/X (sky130_fd_sc_hd__clkbuf_16)
                                                         clknet_0_clk (net)
                      0.102376    0.004924   10.161122 ^ clkbuf_3_3__f_clk/A (sky130_fd_sc_hd__clkbuf_16)
     9    0.028189    0.049503    0.153798   10.314919 ^ clkbuf_3_3__f_clk/X (sky130_fd_sc_hd__clkbuf_16)
                                                         clknet_3_3__leaf_clk (net)
                      0.049522    0.001394   10.316315 ^ dsa[13]._8_/CLK (sky130_fd_sc_hd__dfrtp_1)
                                  0.000000   10.316315   clock reconvergence pessimism
                                 -0.108394   10.207920   library setup time
                                             10.207920   data required time
---------------------------------------------------------------------------------------------
                                             10.207920   data required time
                                             -1.033758   data arrival time
---------------------------------------------------------------------------------------------
                                              9.174162   slack (MET)


Startpoint: dsa[24]._8_ (rising edge-triggered flip-flop clocked by core_clock)
Endpoint: dsa[24]._8_ (rising edge-triggered flip-flop clocked by core_clock)
Path Group: core_clock
Path Type: max

Fanout         Cap        Slew       Delay        Time   Description
---------------------------------------------------------------------------------------------
                                  0.000000    0.000000   clock core_clock (rise edge)
                                  0.000000    0.000000   clock source latency
     1    0.015086    0.000000    0.000000    0.000000 ^ clk (in)
                                                         clk (net)
                      0.001413    0.000707    0.000707 ^ clkbuf_0_clk/A (sky130_fd_sc_hd__clkbuf_16)
     8    0.084849    0.102020    0.155491    0.156197 ^ clkbuf_0_clk/X (sky130_fd_sc_hd__clkbuf_16)
                                                         clknet_0_clk (net)
                      0.102432    0.005282    0.161479 ^ clkbuf_3_2__f_clk/A (sky130_fd_sc_hd__clkbuf_16)
    10    0.033019    0.053602    0.157159    0.318638 ^ clkbuf_3_2__f_clk/X (sky130_fd_sc_hd__clkbuf_16)
                                                         clknet_3_2__leaf_clk (net)
                      0.053694    0.002031    0.320669 ^ dsa[24]._8_/CLK (sky130_fd_sc_hd__dfrtp_1)
     2    0.005200    0.050080    0.369857    0.690526 v dsa[24]._8_/Q (sky130_fd_sc_hd__dfrtp_1)
                                                         dsa[24].last_carry (net)
                      0.050080    0.000340    0.690866 v dsa[24]._4_/B1 (sky130_fd_sc_hd__a21o_1)
     2    0.005786    0.045724    0.164180    0.855046 v dsa[24]._4_/X (sky130_fd_sc_hd__a21o_1)
                                                         dsa[24]._1_ (net)
                      0.045726    0.000385    0.855431 v dsa[24]._7_/A2 (sky130_fd_sc_hd__a21bo_1)
     1    0.002712    0.033823    0.183059    1.038489 v dsa[24]._7_/X (sky130_fd_sc_hd__a21bo_1)
                                                         dsa[24].last_carry_next (net)
                      0.033823    0.000176    1.038665 v dsa[24]._8_/D (sky130_fd_sc_hd__dfrtp_1)
                                              1.038665   data arrival time

                                 10.000000   10.000000   clock core_clock (rise edge)
                                  0.000000   10.000000   clock source latency
     1    0.015086    0.000000    0.000000   10.000000 ^ clk (in)
                                                         clk (net)
                      0.001413    0.000707   10.000708 ^ clkbuf_0_clk/A (sky130_fd_sc_hd__clkbuf_16)
     8    0.084849    0.102020    0.155491   10.156198 ^ clkbuf_0_clk/X (sky130_fd_sc_hd__clkbuf_16)
                                                         clknet_0_clk (net)
                      0.102432    0.005281   10.161479 ^ clkbuf_3_2__f_clk/A (sky130_fd_sc_hd__clkbuf_16)
    10    0.033019    0.053602    0.157160   10.318639 ^ clkbuf_3_2__f_clk/X (sky130_fd_sc_hd__clkbuf_16)
                                                         clknet_3_2__leaf_clk (net)
                      0.053694    0.002030   10.320669 ^ dsa[24]._8_/CLK (sky130_fd_sc_hd__dfrtp_1)
                                  0.000000   10.320669   clock reconvergence pessimism
                                 -0.107410   10.213259   library setup time
                                             10.213259   data required time
---------------------------------------------------------------------------------------------
                                             10.213259   data required time
                                             -1.038665   data arrival time
---------------------------------------------------------------------------------------------
                                              9.174594   slack (MET)


Startpoint: dsa[4]._8_ (rising edge-triggered flip-flop clocked by core_clock)
Endpoint: dsa[4]._8_ (rising edge-triggered flip-flop clocked by core_clock)
Path Group: core_clock
Path Type: max

Fanout         Cap        Slew       Delay        Time   Description
---------------------------------------------------------------------------------------------
                                  0.000000    0.000000   clock core_clock (rise edge)
                                  0.000000    0.000000   clock source latency
     1    0.015086    0.000000    0.000000    0.000000 ^ clk (in)
                                                         clk (net)
                      0.001413    0.000707    0.000707 ^ clkbuf_0_clk/A (sky130_fd_sc_hd__clkbuf_16)
     8    0.084849    0.102020    0.155491    0.156197 ^ clkbuf_0_clk/X (sky130_fd_sc_hd__clkbuf_16)
                                                         clknet_0_clk (net)
                      0.103280    0.009025    0.165222 ^ clkbuf_3_5__f_clk/A (sky130_fd_sc_hd__clkbuf_16)
     8    0.030792    0.051721    0.155982    0.321204 ^ clkbuf_3_5__f_clk/X (sky130_fd_sc_hd__clkbuf_16)
                                                         clknet_3_5__leaf_clk (net)
                      0.051752    0.001789    0.322993 ^ dsa[4]._8_/CLK (sky130_fd_sc_hd__dfrtp_1)
     2    0.005450    0.051178    0.370536    0.693529 v dsa[4]._8_/Q (sky130_fd_sc_hd__dfrtp_1)
                                                         dsa[4].last_carry (net)
                      0.051178    0.000189    0.693718 v dsa[4]._4_/B1 (sky130_fd_sc_hd__a21o_1)
     2    0.005755    0.045724    0.164391    0.858109 v dsa[4]._4_/X (sky130_fd_sc_hd__a21o_1)
                                                         dsa[4]._1_ (net)
                      0.045726    0.000384    0.858492 v dsa[4]._7_/A2 (sky130_fd_sc_hd__a21bo_1)
     1    0.002541    0.033042    0.181939    1.040432 v dsa[4]._7_/X (sky130_fd_sc_hd__a21bo_1)
                                                         dsa[4].last_carry_next (net)
                      0.033042    0.000186    1.040617 v dsa[4]._8_/D (sky130_fd_sc_hd__dfrtp_1)
                                              1.040617   data arrival time

                                 10.000000   10.000000   clock core_clock (rise edge)
                                  0.000000   10.000000   clock source latency
     1    0.015086    0.000000    0.000000   10.000000 ^ clk (in)
                                                         clk (net)
                      0.001413    0.000707   10.000708 ^ clkbuf_0_clk/A (sky130_fd_sc_hd__clkbuf_16)
     8    0.084849    0.102020    0.155491   10.156198 ^ clkbuf_0_clk/X (sky130_fd_sc_hd__clkbuf_16)
                                                         clknet_0_clk (net)
                      0.103280    0.009025   10.165223 ^ clkbuf_3_5__f_clk/A (sky130_fd_sc_hd__clkbuf_16)
     8    0.030792    0.051721    0.155981   10.321204 ^ clkbuf_3_5__f_clk/X (sky130_fd_sc_hd__clkbuf_16)
                                                         clknet_3_5__leaf_clk (net)
                      0.051752    0.001790   10.322993 ^ dsa[4]._8_/CLK (sky130_fd_sc_hd__dfrtp_1)
                                  0.000000   10.322993   clock reconvergence pessimism
                                 -0.107513   10.215480   library setup time
                                             10.215480   data required time
---------------------------------------------------------------------------------------------
                                             10.215480   data required time
                                             -1.040617   data arrival time
---------------------------------------------------------------------------------------------
                                              9.174863   slack (MET)


Startpoint: dsa[31]._8_ (rising edge-triggered flip-flop clocked by core_clock)
Endpoint: dsa[31]._9_ (rising edge-triggered flip-flop clocked by core_clock)
Path Group: core_clock
Path Type: max

Fanout         Cap        Slew       Delay        Time   Description
---------------------------------------------------------------------------------------------
                                  0.000000    0.000000   clock core_clock (rise edge)
                                  0.000000    0.000000   clock source latency
     1    0.015086    0.000000    0.000000    0.000000 ^ clk (in)
                                                         clk (net)
                      0.001413    0.000707    0.000707 ^ clkbuf_0_clk/A (sky130_fd_sc_hd__clkbuf_16)
     8    0.084849    0.102020    0.155491    0.156197 ^ clkbuf_0_clk/X (sky130_fd_sc_hd__clkbuf_16)
                                                         clknet_0_clk (net)
                      0.103612    0.010124    0.166321 ^ clkbuf_3_0__f_clk/A (sky130_fd_sc_hd__clkbuf_16)
    10    0.033916    0.054391    0.158320    0.324641 ^ clkbuf_3_0__f_clk/X (sky130_fd_sc_hd__clkbuf_16)
                                                         clknet_3_0__leaf_clk (net)
                      0.054509    0.002081    0.326722 ^ dsa[31]._8_/CLK (sky130_fd_sc_hd__dfrtp_1)
     2    0.005435    0.051132    0.371429    0.698151 v dsa[31]._8_/Q (sky130_fd_sc_hd__dfrtp_1)
                                                         dsa[31].last_carry (net)
                      0.051132    0.000312    0.698463 v dsa[31]._4_/B1 (sky130_fd_sc_hd__a21o_1)
     2    0.005928    0.046440    0.165174    0.863637 v dsa[31]._4_/X (sky130_fd_sc_hd__a21o_1)
                                                         dsa[31]._1_ (net)
                      0.046442    0.000369    0.864006 v dsa[31]._5_/B (sky130_fd_sc_hd__nand2_1)
     1    0.005210    0.062910    0.076625    0.940631 ^ dsa[31]._5_/Y (sky130_fd_sc_hd__nand2_1)
                                                         dsa[31]._2_ (net)
                      0.062912    0.000394    0.941025 ^ dsa[31]._6_/B (sky130_fd_sc_hd__xnor2_1)
     1    0.004775    0.153133    0.124754    1.065779 ^ dsa[31]._6_/Y (sky130_fd_sc_hd__xnor2_1)
                                                         dsa[31].y_out_next (net)
                      0.153133    0.000329    1.066108 ^ dsa[31]._9_/D (sky130_fd_sc_hd__dfrtp_1)
                                              1.066108   data arrival time

                                 10.000000   10.000000   clock core_clock (rise edge)
                                  0.000000   10.000000   clock source latency
     1    0.015086    0.000000    0.000000   10.000000 ^ clk (in)
                                                         clk (net)
                      0.001413    0.000707   10.000708 ^ clkbuf_0_clk/A (sky130_fd_sc_hd__clkbuf_16)
     8    0.084849    0.102020    0.155491   10.156198 ^ clkbuf_0_clk/X (sky130_fd_sc_hd__clkbuf_16)
                                                         clknet_0_clk (net)
                      0.103612    0.010123   10.166322 ^ clkbuf_3_0__f_clk/A (sky130_fd_sc_hd__clkbuf_16)
    10    0.033916    0.054391    0.158320   10.324642 ^ clkbuf_3_0__f_clk/X (sky130_fd_sc_hd__clkbuf_16)
                                                         clknet_3_0__leaf_clk (net)
                      0.054477    0.001748   10.326390 ^ dsa[31]._9_/CLK (sky130_fd_sc_hd__dfrtp_1)
                                  0.000000   10.326390   clock reconvergence pessimism
                                 -0.083321   10.243069   library setup time
                                             10.243069   data required time
---------------------------------------------------------------------------------------------
                                             10.243069   data required time
                                             -1.066108   data arrival time
---------------------------------------------------------------------------------------------
                                              9.176961   slack (MET)


Startpoint: dsa[30]._8_ (rising edge-triggered flip-flop clocked by core_clock)
Endpoint: dsa[30]._9_ (rising edge-triggered flip-flop clocked by core_clock)
Path Group: core_clock
Path Type: max

Fanout         Cap        Slew       Delay        Time   Description
---------------------------------------------------------------------------------------------
                                  0.000000    0.000000   clock core_clock (rise edge)
                                  0.000000    0.000000   clock source latency
     1    0.015086    0.000000    0.000000    0.000000 ^ clk (in)
                                                         clk (net)
                      0.001413    0.000707    0.000707 ^ clkbuf_0_clk/A (sky130_fd_sc_hd__clkbuf_16)
     8    0.084849    0.102020    0.155491    0.156197 ^ clkbuf_0_clk/X (sky130_fd_sc_hd__clkbuf_16)
                                                         clknet_0_clk (net)
                      0.103612    0.010124    0.166321 ^ clkbuf_3_0__f_clk/A (sky130_fd_sc_hd__clkbuf_16)
    10    0.033916    0.054391    0.158320    0.324641 ^ clkbuf_3_0__f_clk/X (sky130_fd_sc_hd__clkbuf_16)
                                                         clknet_3_0__leaf_clk (net)
                      0.054513    0.002122    0.326763 ^ dsa[30]._8_/CLK (sky130_fd_sc_hd__dfrtp_1)
     2    0.006394    0.055623    0.376531    0.703295 v dsa[30]._8_/Q (sky130_fd_sc_hd__dfrtp_1)
                                                         dsa[30].last_carry (net)
                      0.055623    0.000432    0.703726 v dsa[30]._4_/B1 (sky130_fd_sc_hd__a21o_1)
     2    0.005627    0.045032    0.165487    0.869213 v dsa[30]._4_/X (sky130_fd_sc_hd__a21o_1)
                                                         dsa[30]._1_ (net)
                      0.045033    0.000264    0.869477 v dsa[30]._5_/B (sky130_fd_sc_hd__nand2_1)
     1    0.005042    0.061505    0.075017    0.944494 ^ dsa[30]._5_/Y (sky130_fd_sc_hd__nand2_1)
                                                         dsa[30]._2_ (net)
                      0.061506    0.000241    0.944736 ^ dsa[30]._6_/B (sky130_fd_sc_hd__xnor2_1)
     1    0.003806    0.134728    0.116817    1.061553 ^ dsa[30]._6_/Y (sky130_fd_sc_hd__xnor2_1)
                                                         dsa[30].y_out_next (net)
                      0.134729    0.000257    1.061810 ^ dsa[30]._9_/D (sky130_fd_sc_hd__dfrtp_1)
                                              1.061810   data arrival time

                                 10.000000   10.000000   clock core_clock (rise edge)
                                  0.000000   10.000000   clock source latency
     1    0.015086    0.000000    0.000000   10.000000 ^ clk (in)
                                                         clk (net)
                      0.001413    0.000707   10.000708 ^ clkbuf_0_clk/A (sky130_fd_sc_hd__clkbuf_16)
     8    0.084849    0.102020    0.155491   10.156198 ^ clkbuf_0_clk/X (sky130_fd_sc_hd__clkbuf_16)
                                                         clknet_0_clk (net)
                      0.103596    0.010073   10.166271 ^ clkbuf_3_1__f_clk/A (sky130_fd_sc_hd__clkbuf_16)
     7    0.025481    0.046812    0.151680   10.317950 ^ clkbuf_3_1__f_clk/X (sky130_fd_sc_hd__clkbuf_16)
                                                         clknet_3_1__leaf_clk (net)
                      0.046852    0.001198   10.319148 ^ dsa[30]._9_/CLK (sky130_fd_sc_hd__dfrtp_1)
                                  0.000000   10.319148   clock reconvergence pessimism
                                 -0.080264   10.238885   library setup time
                                             10.238885   data required time
---------------------------------------------------------------------------------------------
                                             10.238885   data required time
                                             -1.061810   data arrival time
---------------------------------------------------------------------------------------------
                                              9.177074   slack (MET)


Startpoint: dsa[7]._8_ (rising edge-triggered flip-flop clocked by core_clock)
Endpoint: dsa[7]._8_ (rising edge-triggered flip-flop clocked by core_clock)
Path Group: core_clock
Path Type: max

Fanout         Cap        Slew       Delay        Time   Description
---------------------------------------------------------------------------------------------
                                  0.000000    0.000000   clock core_clock (rise edge)
                                  0.000000    0.000000   clock source latency
     1    0.015086    0.000000    0.000000    0.000000 ^ clk (in)
                                                         clk (net)
                      0.001413    0.000707    0.000707 ^ clkbuf_0_clk/A (sky130_fd_sc_hd__clkbuf_16)
     8    0.084849    0.102020    0.155491    0.156197 ^ clkbuf_0_clk/X (sky130_fd_sc_hd__clkbuf_16)
                                                         clknet_0_clk (net)
                      0.103192    0.008714    0.164911 ^ clkbuf_3_4__f_clk/A (sky130_fd_sc_hd__clkbuf_16)
     9    0.023560    0.045046    0.149734    0.314645 ^ clkbuf_3_4__f_clk/X (sky130_fd_sc_hd__clkbuf_16)
                                                         clknet_3_4__leaf_clk (net)
                      0.045084    0.001125    0.315770 ^ dsa[7]._8_/CLK (sky130_fd_sc_hd__dfrtp_1)
     2    0.005211    0.050175    0.366715    0.682486 v dsa[7]._8_/Q (sky130_fd_sc_hd__dfrtp_1)
                                                         dsa[7].last_carry (net)
                      0.050175    0.000330    0.682815 v dsa[7]._4_/B1 (sky130_fd_sc_hd__a21o_1)
     2    0.005374    0.044013    0.162366    0.845181 v dsa[7]._4_/X (sky130_fd_sc_hd__a21o_1)
                                                         dsa[7]._1_ (net)
                      0.044013    0.000195    0.845376 v dsa[7]._7_/A2 (sky130_fd_sc_hd__a21bo_1)
     1    0.002563    0.033134    0.181406    1.026783 v dsa[7]._7_/X (sky130_fd_sc_hd__a21bo_1)
                                                         dsa[7].last_carry_next (net)
                      0.033134    0.000171    1.026954 v dsa[7]._8_/D (sky130_fd_sc_hd__dfrtp_1)
                                              1.026954   data arrival time

                                 10.000000   10.000000   clock core_clock (rise edge)
                                  0.000000   10.000000   clock source latency
     1    0.015086    0.000000    0.000000   10.000000 ^ clk (in)
                                                         clk (net)
                      0.001413    0.000707   10.000708 ^ clkbuf_0_clk/A (sky130_fd_sc_hd__clkbuf_16)
     8    0.084849    0.102020    0.155491   10.156198 ^ clkbuf_0_clk/X (sky130_fd_sc_hd__clkbuf_16)
                                                         clknet_0_clk (net)
                      0.103192    0.008714   10.164912 ^ clkbuf_3_4__f_clk/A (sky130_fd_sc_hd__clkbuf_16)
     9    0.023560    0.045046    0.149734   10.314646 ^ clkbuf_3_4__f_clk/X (sky130_fd_sc_hd__clkbuf_16)
                                                         clknet_3_4__leaf_clk (net)
                      0.045084    0.001125   10.315771 ^ dsa[7]._8_/CLK (sky130_fd_sc_hd__dfrtp_1)
                                  0.000000   10.315771   clock reconvergence pessimism
                                 -0.109077   10.206694   library setup time
                                             10.206694   data required time
---------------------------------------------------------------------------------------------
                                             10.206694   data required time
                                             -1.026954   data arrival time
---------------------------------------------------------------------------------------------
                                              9.179740   slack (MET)


Startpoint: dsa[19]._8_ (rising edge-triggered flip-flop clocked by core_clock)
Endpoint: dsa[19]._9_ (rising edge-triggered flip-flop clocked by core_clock)
Path Group: core_clock
Path Type: max

Fanout         Cap        Slew       Delay        Time   Description
---------------------------------------------------------------------------------------------
                                  0.000000    0.000000   clock core_clock (rise edge)
                                  0.000000    0.000000   clock source latency
     1    0.015086    0.000000    0.000000    0.000000 ^ clk (in)
                                                         clk (net)
                      0.001413    0.000707    0.000707 ^ clkbuf_0_clk/A (sky130_fd_sc_hd__clkbuf_16)
     8    0.084849    0.102020    0.155491    0.156197 ^ clkbuf_0_clk/X (sky130_fd_sc_hd__clkbuf_16)
                                                         clknet_0_clk (net)
                      0.103612    0.010124    0.166321 ^ clkbuf_3_0__f_clk/A (sky130_fd_sc_hd__clkbuf_16)
    10    0.033916    0.054391    0.158320    0.324641 ^ clkbuf_3_0__f_clk/X (sky130_fd_sc_hd__clkbuf_16)
                                                         clknet_3_0__leaf_clk (net)
                      0.054494    0.001923    0.326564 ^ dsa[19]._8_/CLK (sky130_fd_sc_hd__dfrtp_1)
     2    0.006267    0.054999    0.375871    0.702435 v dsa[19]._8_/Q (sky130_fd_sc_hd__dfrtp_1)
                                                         dsa[19].last_carry (net)
                      0.054999    0.000375    0.702810 v dsa[19]._4_/B1 (sky130_fd_sc_hd__a21o_1)
     2    0.005570    0.044845    0.164973    0.867783 v dsa[19]._4_/X (sky130_fd_sc_hd__a21o_1)
                                                         dsa[19]._1_ (net)
                      0.044845    0.000189    0.867973 v dsa[19]._5_/B (sky130_fd_sc_hd__nand2_1)
     1    0.006049    0.069980    0.081093    0.949066 ^ dsa[19]._5_/Y (sky130_fd_sc_hd__nand2_1)
                                                         dsa[19]._2_ (net)
                      0.070009    0.000460    0.949526 ^ dsa[19]._6_/B (sky130_fd_sc_hd__xnor2_1)
     1    0.003579    0.130461    0.117658    1.067185 ^ dsa[19]._6_/Y (sky130_fd_sc_hd__xnor2_1)
                                                         dsa[19].y_out_next (net)
                      0.130461    0.000139    1.067324 ^ dsa[19]._9_/D (sky130_fd_sc_hd__dfrtp_1)
                                              1.067324   data arrival time

                                 10.000000   10.000000   clock core_clock (rise edge)
                                  0.000000   10.000000   clock source latency
     1    0.015086    0.000000    0.000000   10.000000 ^ clk (in)
                                                         clk (net)
                      0.001413    0.000707   10.000708 ^ clkbuf_0_clk/A (sky130_fd_sc_hd__clkbuf_16)
     8    0.084849    0.102020    0.155491   10.156198 ^ clkbuf_0_clk/X (sky130_fd_sc_hd__clkbuf_16)
                                                         clknet_0_clk (net)
                      0.103612    0.010123   10.166322 ^ clkbuf_3_0__f_clk/A (sky130_fd_sc_hd__clkbuf_16)
    10    0.033916    0.054391    0.158320   10.324642 ^ clkbuf_3_0__f_clk/X (sky130_fd_sc_hd__clkbuf_16)
                                                         clknet_3_0__leaf_clk (net)
                      0.054488    0.001869   10.326510 ^ dsa[19]._9_/CLK (sky130_fd_sc_hd__dfrtp_1)
                                  0.000000   10.326510   clock reconvergence pessimism
                                 -0.078095   10.248416   library setup time
                                             10.248416   data required time
---------------------------------------------------------------------------------------------
                                             10.248416   data required time
                                             -1.067324   data arrival time
---------------------------------------------------------------------------------------------
                                              9.181091   slack (MET)


Startpoint: dsa[22]._8_ (rising edge-triggered flip-flop clocked by core_clock)
Endpoint: dsa[22]._9_ (rising edge-triggered flip-flop clocked by core_clock)
Path Group: core_clock
Path Type: max

Fanout         Cap        Slew       Delay        Time   Description
---------------------------------------------------------------------------------------------
                                  0.000000    0.000000   clock core_clock (rise edge)
                                  0.000000    0.000000   clock source latency
     1    0.015086    0.000000    0.000000    0.000000 ^ clk (in)
                                                         clk (net)
                      0.001413    0.000707    0.000707 ^ clkbuf_0_clk/A (sky130_fd_sc_hd__clkbuf_16)
     8    0.084849    0.102020    0.155491    0.156197 ^ clkbuf_0_clk/X (sky130_fd_sc_hd__clkbuf_16)
                                                         clknet_0_clk (net)
                      0.102432    0.005282    0.161479 ^ clkbuf_3_2__f_clk/A (sky130_fd_sc_hd__clkbuf_16)
    10    0.033019    0.053602    0.157159    0.318638 ^ clkbuf_3_2__f_clk/X (sky130_fd_sc_hd__clkbuf_16)
                                                         clknet_3_2__leaf_clk (net)
                      0.053630    0.001377    0.320016 ^ dsa[22]._8_/CLK (sky130_fd_sc_hd__dfrtp_1)
     2    0.006018    0.053785    0.374284    0.694299 v dsa[22]._8_/Q (sky130_fd_sc_hd__dfrtp_1)
                                                         dsa[22].last_carry (net)
                      0.053785    0.000285    0.694584 v dsa[22]._4_/B1 (sky130_fd_sc_hd__a21o_1)
     2    0.005717    0.045369    0.165171    0.859755 v dsa[22]._4_/X (sky130_fd_sc_hd__a21o_1)
                                                         dsa[22]._1_ (net)
                      0.045369    0.000190    0.859945 v dsa[22]._5_/B (sky130_fd_sc_hd__nand2_1)
     1    0.004948    0.060713    0.074528    0.934472 ^ dsa[22]._5_/Y (sky130_fd_sc_hd__nand2_1)
                                                         dsa[22]._2_ (net)
                      0.060714    0.000371    0.934843 ^ dsa[22]._6_/B (sky130_fd_sc_hd__xnor2_1)
     1    0.003882    0.136175    0.117186    1.052029 ^ dsa[22]._6_/Y (sky130_fd_sc_hd__xnor2_1)
                                                         dsa[22].y_out_next (net)
                      0.136175    0.000240    1.052269 ^ dsa[22]._9_/D (sky130_fd_sc_hd__dfrtp_1)
                                              1.052269   data arrival time

                                 10.000000   10.000000   clock core_clock (rise edge)
                                  0.000000   10.000000   clock source latency
     1    0.015086    0.000000    0.000000   10.000000 ^ clk (in)
                                                         clk (net)
                      0.001413    0.000707   10.000708 ^ clkbuf_0_clk/A (sky130_fd_sc_hd__clkbuf_16)
     8    0.084849    0.102020    0.155491   10.156198 ^ clkbuf_0_clk/X (sky130_fd_sc_hd__clkbuf_16)
                                                         clknet_0_clk (net)
                      0.102376    0.004924   10.161122 ^ clkbuf_3_3__f_clk/A (sky130_fd_sc_hd__clkbuf_16)
     9    0.028189    0.049503    0.153798   10.314919 ^ clkbuf_3_3__f_clk/X (sky130_fd_sc_hd__clkbuf_16)
                                                         clknet_3_3__leaf_clk (net)
                      0.049520    0.001240   10.316160 ^ dsa[22]._9_/CLK (sky130_fd_sc_hd__dfrtp_1)
                                  0.000000   10.316160   clock reconvergence pessimism
                                 -0.080183   10.235977   library setup time
                                             10.235977   data required time
---------------------------------------------------------------------------------------------
                                             10.235977   data required time
                                             -1.052269   data arrival time
---------------------------------------------------------------------------------------------
                                              9.183707   slack (MET)


Startpoint: dsa[18]._8_ (rising edge-triggered flip-flop clocked by core_clock)
Endpoint: dsa[18]._9_ (rising edge-triggered flip-flop clocked by core_clock)
Path Group: core_clock
Path Type: max

Fanout         Cap        Slew       Delay        Time   Description
---------------------------------------------------------------------------------------------
                                  0.000000    0.000000   clock core_clock (rise edge)
                                  0.000000    0.000000   clock source latency
     1    0.015086    0.000000    0.000000    0.000000 ^ clk (in)
                                                         clk (net)
                      0.001413    0.000707    0.000707 ^ clkbuf_0_clk/A (sky130_fd_sc_hd__clkbuf_16)
     8    0.084849    0.102020    0.155491    0.156197 ^ clkbuf_0_clk/X (sky130_fd_sc_hd__clkbuf_16)
                                                         clknet_0_clk (net)
                      0.103596    0.010073    0.166271 ^ clkbuf_3_1__f_clk/A (sky130_fd_sc_hd__clkbuf_16)
     7    0.025481    0.046812    0.151679    0.317950 ^ clkbuf_3_1__f_clk/X (sky130_fd_sc_hd__clkbuf_16)
                                                         clknet_3_1__leaf_clk (net)
                      0.046823    0.000729    0.318679 ^ dsa[18]._8_/CLK (sky130_fd_sc_hd__dfrtp_1)
     2    0.005409    0.051023    0.368486    0.687165 v dsa[18]._8_/Q (sky130_fd_sc_hd__dfrtp_1)
                                                         dsa[18].last_carry (net)
                      0.051023    0.000268    0.687433 v dsa[18]._4_/B1 (sky130_fd_sc_hd__a21o_1)
     2    0.006092    0.047196    0.165909    0.853342 v dsa[18]._4_/X (sky130_fd_sc_hd__a21o_1)
                                                         dsa[18]._1_ (net)
                      0.047198    0.000380    0.853723 v dsa[18]._5_/B (sky130_fd_sc_hd__nand2_1)
     1    0.005961    0.069236    0.081606    0.935329 ^ dsa[18]._5_/Y (sky130_fd_sc_hd__nand2_1)
                                                         dsa[18]._2_ (net)
                      0.069265    0.000444    0.935773 ^ dsa[18]._6_/B (sky130_fd_sc_hd__xnor2_1)
     1    0.003401    0.127082    0.116026    1.051799 ^ dsa[18]._6_/Y (sky130_fd_sc_hd__xnor2_1)
                                                         dsa[18].y_out_next (net)
                      0.127083    0.000204    1.052003 ^ dsa[18]._9_/D (sky130_fd_sc_hd__dfrtp_1)
                                              1.052003   data arrival time

                                 10.000000   10.000000   clock core_clock (rise edge)
                                  0.000000   10.000000   clock source latency
     1    0.015086    0.000000    0.000000   10.000000 ^ clk (in)
                                                         clk (net)
                      0.001413    0.000707   10.000708 ^ clkbuf_0_clk/A (sky130_fd_sc_hd__clkbuf_16)
     8    0.084849    0.102020    0.155491   10.156198 ^ clkbuf_0_clk/X (sky130_fd_sc_hd__clkbuf_16)
                                                         clknet_0_clk (net)
                      0.103192    0.008714   10.164912 ^ clkbuf_3_4__f_clk/A (sky130_fd_sc_hd__clkbuf_16)
     9    0.023560    0.045046    0.149734   10.314646 ^ clkbuf_3_4__f_clk/X (sky130_fd_sc_hd__clkbuf_16)
                                                         clknet_3_4__leaf_clk (net)
                      0.045083    0.001116   10.315762 ^ dsa[18]._9_/CLK (sky130_fd_sc_hd__dfrtp_1)
                                  0.000000   10.315762   clock reconvergence pessimism
                                 -0.078772   10.236989   library setup time
                                             10.236989   data required time
---------------------------------------------------------------------------------------------
                                             10.236989   data required time
                                             -1.052003   data arrival time
---------------------------------------------------------------------------------------------
                                              9.184986   slack (MET)


Startpoint: dsa[26]._8_ (rising edge-triggered flip-flop clocked by core_clock)
Endpoint: dsa[26]._9_ (rising edge-triggered flip-flop clocked by core_clock)
Path Group: core_clock
Path Type: max

Fanout         Cap        Slew       Delay        Time   Description
---------------------------------------------------------------------------------------------
                                  0.000000    0.000000   clock core_clock (rise edge)
                                  0.000000    0.000000   clock source latency
     1    0.015086    0.000000    0.000000    0.000000 ^ clk (in)
                                                         clk (net)
                      0.001413    0.000707    0.000707 ^ clkbuf_0_clk/A (sky130_fd_sc_hd__clkbuf_16)
     8    0.084849    0.102020    0.155491    0.156197 ^ clkbuf_0_clk/X (sky130_fd_sc_hd__clkbuf_16)
                                                         clknet_0_clk (net)
                      0.102432    0.005282    0.161479 ^ clkbuf_3_2__f_clk/A (sky130_fd_sc_hd__clkbuf_16)
    10    0.033019    0.053602    0.157159    0.318638 ^ clkbuf_3_2__f_clk/X (sky130_fd_sc_hd__clkbuf_16)
                                                         clknet_3_2__leaf_clk (net)
                      0.053712    0.002204    0.320842 ^ dsa[26]._8_/CLK (sky130_fd_sc_hd__dfrtp_1)
     2    0.006071    0.054077    0.374528    0.695371 v dsa[26]._8_/Q (sky130_fd_sc_hd__dfrtp_1)
                                                         dsa[26].last_carry (net)
                      0.054077    0.000345    0.695716 v dsa[26]._4_/B1 (sky130_fd_sc_hd__a21o_1)
     2    0.006622    0.049441    0.169404    0.865121 v dsa[26]._4_/X (sky130_fd_sc_hd__a21o_1)
                                                         dsa[26]._1_ (net)
                      0.049444    0.000437    0.865558 v dsa[26]._5_/B (sky130_fd_sc_hd__nand2_1)
     1    0.006395    0.072918    0.085281    0.950839 ^ dsa[26]._5_/Y (sky130_fd_sc_hd__nand2_1)
                                                         dsa[26]._2_ (net)
                      0.072949    0.000497    0.951336 ^ dsa[26]._6_/B (sky130_fd_sc_hd__xnor2_1)
     1    0.002481    0.109671    0.109891    1.061227 ^ dsa[26]._6_/Y (sky130_fd_sc_hd__xnor2_1)
                                                         dsa[26].y_out_next (net)
                      0.109671    0.000171    1.061398 ^ dsa[26]._9_/D (sky130_fd_sc_hd__dfrtp_1)
                                              1.061398   data arrival time

                                 10.000000   10.000000   clock core_clock (rise edge)
                                  0.000000   10.000000   clock source latency
     1    0.015086    0.000000    0.000000   10.000000 ^ clk (in)
                                                         clk (net)
                      0.001413    0.000707   10.000708 ^ clkbuf_0_clk/A (sky130_fd_sc_hd__clkbuf_16)
     8    0.084849    0.102020    0.155491   10.156198 ^ clkbuf_0_clk/X (sky130_fd_sc_hd__clkbuf_16)
                                                         clknet_0_clk (net)
                      0.102432    0.005281   10.161479 ^ clkbuf_3_2__f_clk/A (sky130_fd_sc_hd__clkbuf_16)
    10    0.033019    0.053602    0.157160   10.318639 ^ clkbuf_3_2__f_clk/X (sky130_fd_sc_hd__clkbuf_16)
                                                         clknet_3_2__leaf_clk (net)
                      0.053686    0.001949   10.320587 ^ dsa[26]._9_/CLK (sky130_fd_sc_hd__dfrtp_1)
                                  0.000000   10.320587   clock reconvergence pessimism
                                 -0.073428   10.247159   library setup time
                                             10.247159   data required time
---------------------------------------------------------------------------------------------
                                             10.247159   data required time
                                             -1.061398   data arrival time
---------------------------------------------------------------------------------------------
                                              9.185760   slack (MET)


Startpoint: dsa[29]._8_ (rising edge-triggered flip-flop clocked by core_clock)
Endpoint: dsa[29]._9_ (rising edge-triggered flip-flop clocked by core_clock)
Path Group: core_clock
Path Type: max

Fanout         Cap        Slew       Delay        Time   Description
---------------------------------------------------------------------------------------------
                                  0.000000    0.000000   clock core_clock (rise edge)
                                  0.000000    0.000000   clock source latency
     1    0.015086    0.000000    0.000000    0.000000 ^ clk (in)
                                                         clk (net)
                      0.001413    0.000707    0.000707 ^ clkbuf_0_clk/A (sky130_fd_sc_hd__clkbuf_16)
     8    0.084849    0.102020    0.155491    0.156197 ^ clkbuf_0_clk/X (sky130_fd_sc_hd__clkbuf_16)
                                                         clknet_0_clk (net)
                      0.103612    0.010124    0.166321 ^ clkbuf_3_0__f_clk/A (sky130_fd_sc_hd__clkbuf_16)
    10    0.033916    0.054391    0.158320    0.324641 ^ clkbuf_3_0__f_clk/X (sky130_fd_sc_hd__clkbuf_16)
                                                         clknet_3_0__leaf_clk (net)
                      0.054456    0.001519    0.326161 ^ dsa[29]._8_/CLK (sky130_fd_sc_hd__dfrtp_1)
     2    0.005318    0.050605    0.370787    0.696948 v dsa[29]._8_/Q (sky130_fd_sc_hd__dfrtp_1)
                                                         dsa[29].last_carry (net)
                      0.050605    0.000310    0.697258 v dsa[29]._4_/B1 (sky130_fd_sc_hd__a21o_1)
     2    0.006780    0.050183    0.169022    0.866280 v dsa[29]._4_/X (sky130_fd_sc_hd__a21o_1)
                                                         dsa[29]._1_ (net)
                      0.050184    0.000313    0.866593 v dsa[29]._5_/B (sky130_fd_sc_hd__nand2_1)
     1    0.004950    0.060728    0.076686    0.943278 ^ dsa[29]._5_/Y (sky130_fd_sc_hd__nand2_1)
                                                         dsa[29]._2_ (net)
                      0.060729    0.000371    0.943650 ^ dsa[29]._6_/B (sky130_fd_sc_hd__xnor2_1)
     1    0.003046    0.120370    0.110719    1.054369 ^ dsa[29]._6_/Y (sky130_fd_sc_hd__xnor2_1)
                                                         dsa[29].y_out_next (net)
                      0.120370    0.000127    1.054496 ^ dsa[29]._9_/D (sky130_fd_sc_hd__dfrtp_1)
                                              1.054496   data arrival time

                                 10.000000   10.000000   clock core_clock (rise edge)
                                  0.000000   10.000000   clock source latency
     1    0.015086    0.000000    0.000000   10.000000 ^ clk (in)
                                                         clk (net)
                      0.001413    0.000707   10.000708 ^ clkbuf_0_clk/A (sky130_fd_sc_hd__clkbuf_16)
     8    0.084849    0.102020    0.155491   10.156198 ^ clkbuf_0_clk/X (sky130_fd_sc_hd__clkbuf_16)
                                                         clknet_0_clk (net)
                      0.103596    0.010073   10.166271 ^ clkbuf_3_1__f_clk/A (sky130_fd_sc_hd__clkbuf_16)
     7    0.025481    0.046812    0.151680   10.317950 ^ clkbuf_3_1__f_clk/X (sky130_fd_sc_hd__clkbuf_16)
                                                         clknet_3_1__leaf_clk (net)
                      0.046854    0.001227   10.319178 ^ dsa[29]._9_/CLK (sky130_fd_sc_hd__dfrtp_1)
                                  0.000000   10.319178   clock reconvergence pessimism
                                 -0.076949   10.242229   library setup time
                                             10.242229   data required time
---------------------------------------------------------------------------------------------
                                             10.242229   data required time
                                             -1.054496   data arrival time
---------------------------------------------------------------------------------------------
                                              9.187734   slack (MET)


Startpoint: dsa[2]._8_ (rising edge-triggered flip-flop clocked by core_clock)
Endpoint: dsa[2]._9_ (rising edge-triggered flip-flop clocked by core_clock)
Path Group: core_clock
Path Type: max

Fanout         Cap        Slew       Delay        Time   Description
---------------------------------------------------------------------------------------------
                                  0.000000    0.000000   clock core_clock (rise edge)
                                  0.000000    0.000000   clock source latency
     1    0.015086    0.000000    0.000000    0.000000 ^ clk (in)
                                                         clk (net)
                      0.001413    0.000707    0.000707 ^ clkbuf_0_clk/A (sky130_fd_sc_hd__clkbuf_16)
     8    0.084849    0.102020    0.155491    0.156197 ^ clkbuf_0_clk/X (sky130_fd_sc_hd__clkbuf_16)
                                                         clknet_0_clk (net)
                      0.102659    0.006504    0.162701 ^ clkbuf_3_6__f_clk/A (sky130_fd_sc_hd__clkbuf_16)
     8    0.028138    0.049460    0.153866    0.316568 ^ clkbuf_3_6__f_clk/X (sky130_fd_sc_hd__clkbuf_16)
                                                         clknet_3_6__leaf_clk (net)
                      0.049481    0.001426    0.317994 ^ dsa[2]._8_/CLK (sky130_fd_sc_hd__dfrtp_1)
     2    0.006424    0.055792    0.374840    0.692834 v dsa[2]._8_/Q (sky130_fd_sc_hd__dfrtp_1)
                                                         dsa[2].last_carry (net)
                      0.055792    0.000406    0.693240 v dsa[2]._4_/B1 (sky130_fd_sc_hd__a21o_1)
     2    0.006055    0.046908    0.167438    0.860678 v dsa[2]._4_/X (sky130_fd_sc_hd__a21o_1)
                                                         dsa[2]._1_ (net)
                      0.046912    0.000472    0.861151 v dsa[2]._5_/B (sky130_fd_sc_hd__nand2_1)
     1    0.005709    0.067110    0.079937    0.941087 ^ dsa[2]._5_/Y (sky130_fd_sc_hd__nand2_1)
                                                         dsa[2]._2_ (net)
                      0.067112    0.000409    0.941496 ^ dsa[2]._6_/B (sky130_fd_sc_hd__xnor2_1)
     1    0.003163    0.122584    0.113514    1.055010 ^ dsa[2]._6_/Y (sky130_fd_sc_hd__xnor2_1)
                                                         dsa[2].y_out_next (net)
                      0.122584    0.000218    1.055227 ^ dsa[2]._9_/D (sky130_fd_sc_hd__dfrtp_1)
                                              1.055227   data arrival time

                                 10.000000   10.000000   clock core_clock (rise edge)
                                  0.000000   10.000000   clock source latency
     1    0.015086    0.000000    0.000000   10.000000 ^ clk (in)
                                                         clk (net)
                      0.001413    0.000707   10.000708 ^ clkbuf_0_clk/A (sky130_fd_sc_hd__clkbuf_16)
     8    0.084849    0.102020    0.155491   10.156198 ^ clkbuf_0_clk/X (sky130_fd_sc_hd__clkbuf_16)
                                                         clknet_0_clk (net)
                      0.102684    0.006628   10.162827 ^ clkbuf_3_7__f_clk/A (sky130_fd_sc_hd__clkbuf_16)
    10    0.030780    0.051710    0.155753   10.318579 ^ clkbuf_3_7__f_clk/X (sky130_fd_sc_hd__clkbuf_16)
                                                         clknet_3_7__leaf_clk (net)
                      0.051728    0.001180   10.319758 ^ dsa[2]._9_/CLK (sky130_fd_sc_hd__dfrtp_1)
                                  0.000000   10.319758   clock reconvergence pessimism
                                 -0.076707   10.243052   library setup time
                                             10.243052   data required time
---------------------------------------------------------------------------------------------
                                             10.243052   data required time
                                             -1.055227   data arrival time
---------------------------------------------------------------------------------------------
                                              9.187825   slack (MET)


Startpoint: dsa[3]._8_ (rising edge-triggered flip-flop clocked by core_clock)
Endpoint: dsa[3]._9_ (rising edge-triggered flip-flop clocked by core_clock)
Path Group: core_clock
Path Type: max

Fanout         Cap        Slew       Delay        Time   Description
---------------------------------------------------------------------------------------------
                                  0.000000    0.000000   clock core_clock (rise edge)
                                  0.000000    0.000000   clock source latency
     1    0.015086    0.000000    0.000000    0.000000 ^ clk (in)
                                                         clk (net)
                      0.001413    0.000707    0.000707 ^ clkbuf_0_clk/A (sky130_fd_sc_hd__clkbuf_16)
     8    0.084849    0.102020    0.155491    0.156197 ^ clkbuf_0_clk/X (sky130_fd_sc_hd__clkbuf_16)
                                                         clknet_0_clk (net)
                      0.102684    0.006629    0.162826 ^ clkbuf_3_7__f_clk/A (sky130_fd_sc_hd__clkbuf_16)
    10    0.030780    0.051710    0.155752    0.318579 ^ clkbuf_3_7__f_clk/X (sky130_fd_sc_hd__clkbuf_16)
                                                         clknet_3_7__leaf_clk (net)
                      0.051727    0.001159    0.319737 ^ dsa[3]._8_/CLK (sky130_fd_sc_hd__dfrtp_1)
     2    0.006407    0.055637    0.375652    0.695390 v dsa[3]._8_/Q (sky130_fd_sc_hd__dfrtp_1)
                                                         dsa[3].last_carry (net)
                      0.055637    0.000253    0.695643 v dsa[3]._4_/B1 (sky130_fd_sc_hd__a21o_1)
     2    0.006038    0.046942    0.167398    0.863040 v dsa[3]._4_/X (sky130_fd_sc_hd__a21o_1)
                                                         dsa[3]._1_ (net)
                      0.046942    0.000280    0.863321 v dsa[3]._5_/B (sky130_fd_sc_hd__nand2_1)
     1    0.005065    0.061696    0.076008    0.939329 ^ dsa[3]._5_/Y (sky130_fd_sc_hd__nand2_1)
                                                         dsa[3]._2_ (net)
                      0.061697    0.000243    0.939572 ^ dsa[3]._6_/B (sky130_fd_sc_hd__xnor2_1)
     1    0.003588    0.130600    0.115164    1.054735 ^ dsa[3]._6_/Y (sky130_fd_sc_hd__xnor2_1)
                                                         dsa[3].y_out_next (net)
                      0.130600    0.000273    1.055008 ^ dsa[3]._9_/D (sky130_fd_sc_hd__dfrtp_1)
                                              1.055008   data arrival time

                                 10.000000   10.000000   clock core_clock (rise edge)
                                  0.000000   10.000000   clock source latency
     1    0.015086    0.000000    0.000000   10.000000 ^ clk (in)
                                                         clk (net)
                      0.001413    0.000707   10.000708 ^ clkbuf_0_clk/A (sky130_fd_sc_hd__clkbuf_16)
     8    0.084849    0.102020    0.155491   10.156198 ^ clkbuf_0_clk/X (sky130_fd_sc_hd__clkbuf_16)
                                                         clknet_0_clk (net)
                      0.103280    0.009025   10.165223 ^ clkbuf_3_5__f_clk/A (sky130_fd_sc_hd__clkbuf_16)
     8    0.030792    0.051721    0.155981   10.321204 ^ clkbuf_3_5__f_clk/X (sky130_fd_sc_hd__clkbuf_16)
                                                         clknet_3_5__leaf_clk (net)
                      0.051735    0.000926   10.322130 ^ dsa[3]._9_/CLK (sky130_fd_sc_hd__dfrtp_1)
                                  0.000000   10.322130   clock reconvergence pessimism
                                 -0.078554   10.243576   library setup time
                                             10.243576   data required time
---------------------------------------------------------------------------------------------
                                             10.243576   data required time
                                             -1.055008   data arrival time
---------------------------------------------------------------------------------------------
                                              9.188567   slack (MET)


Startpoint: dsa[16]._8_ (rising edge-triggered flip-flop clocked by core_clock)
Endpoint: dsa[16]._9_ (rising edge-triggered flip-flop clocked by core_clock)
Path Group: core_clock
Path Type: max

Fanout         Cap        Slew       Delay        Time   Description
---------------------------------------------------------------------------------------------
                                  0.000000    0.000000   clock core_clock (rise edge)
                                  0.000000    0.000000   clock source latency
     1    0.015086    0.000000    0.000000    0.000000 ^ clk (in)
                                                         clk (net)
                      0.001413    0.000707    0.000707 ^ clkbuf_0_clk/A (sky130_fd_sc_hd__clkbuf_16)
     8    0.084849    0.102020    0.155491    0.156197 ^ clkbuf_0_clk/X (sky130_fd_sc_hd__clkbuf_16)
                                                         clknet_0_clk (net)
                      0.103596    0.010073    0.166271 ^ clkbuf_3_1__f_clk/A (sky130_fd_sc_hd__clkbuf_16)
     7    0.025481    0.046812    0.151679    0.317950 ^ clkbuf_3_1__f_clk/X (sky130_fd_sc_hd__clkbuf_16)
                                                         clknet_3_1__leaf_clk (net)
                      0.046854    0.001227    0.319177 ^ dsa[16]._8_/CLK (sky130_fd_sc_hd__dfrtp_1)
     2    0.006089    0.054184    0.372121    0.691298 v dsa[16]._8_/Q (sky130_fd_sc_hd__dfrtp_1)
                                                         dsa[16].last_carry (net)
                      0.054184    0.000287    0.691586 v dsa[16]._4_/B1 (sky130_fd_sc_hd__a21o_1)
     2    0.005863    0.046172    0.165960    0.857545 v dsa[16]._4_/X (sky130_fd_sc_hd__a21o_1)
                                                         dsa[16]._1_ (net)
                      0.046174    0.000352    0.857897 v dsa[16]._5_/B (sky130_fd_sc_hd__nand2_1)
     1    0.005208    0.062889    0.076498    0.934395 ^ dsa[16]._5_/Y (sky130_fd_sc_hd__nand2_1)
                                                         dsa[16]._2_ (net)
                      0.062890    0.000384    0.934779 ^ dsa[16]._6_/B (sky130_fd_sc_hd__xnor2_1)
     1    0.003335    0.125826    0.113592    1.048372 ^ dsa[16]._6_/Y (sky130_fd_sc_hd__xnor2_1)
                                                         dsa[16].y_out_next (net)
                      0.125826    0.000209    1.048581 ^ dsa[16]._9_/D (sky130_fd_sc_hd__dfrtp_1)
                                              1.048581   data arrival time

                                 10.000000   10.000000   clock core_clock (rise edge)
                                  0.000000   10.000000   clock source latency
     1    0.015086    0.000000    0.000000   10.000000 ^ clk (in)
                                                         clk (net)
                      0.001413    0.000707   10.000708 ^ clkbuf_0_clk/A (sky130_fd_sc_hd__clkbuf_16)
     8    0.084849    0.102020    0.155491   10.156198 ^ clkbuf_0_clk/X (sky130_fd_sc_hd__clkbuf_16)
                                                         clknet_0_clk (net)
                      0.103192    0.008714   10.164912 ^ clkbuf_3_4__f_clk/A (sky130_fd_sc_hd__clkbuf_16)
     9    0.023560    0.045046    0.149734   10.314646 ^ clkbuf_3_4__f_clk/X (sky130_fd_sc_hd__clkbuf_16)
                                                         clknet_3_4__leaf_clk (net)
                      0.045081    0.001090   10.315735 ^ dsa[16]._9_/CLK (sky130_fd_sc_hd__dfrtp_1)
                                  0.000000   10.315735   clock reconvergence pessimism
                                 -0.078482   10.237253   library setup time
                                             10.237253   data required time
---------------------------------------------------------------------------------------------
                                             10.237253   data required time
                                             -1.048581   data arrival time
---------------------------------------------------------------------------------------------
                                              9.188672   slack (MET)


Startpoint: dsa[27]._8_ (rising edge-triggered flip-flop clocked by core_clock)
Endpoint: dsa[27]._9_ (rising edge-triggered flip-flop clocked by core_clock)
Path Group: core_clock
Path Type: max

Fanout         Cap        Slew       Delay        Time   Description
---------------------------------------------------------------------------------------------
                                  0.000000    0.000000   clock core_clock (rise edge)
                                  0.000000    0.000000   clock source latency
     1    0.015086    0.000000    0.000000    0.000000 ^ clk (in)
                                                         clk (net)
                      0.001413    0.000707    0.000707 ^ clkbuf_0_clk/A (sky130_fd_sc_hd__clkbuf_16)
     8    0.084849    0.102020    0.155491    0.156197 ^ clkbuf_0_clk/X (sky130_fd_sc_hd__clkbuf_16)
                                                         clknet_0_clk (net)
                      0.102432    0.005282    0.161479 ^ clkbuf_3_2__f_clk/A (sky130_fd_sc_hd__clkbuf_16)
    10    0.033019    0.053602    0.157159    0.318638 ^ clkbuf_3_2__f_clk/X (sky130_fd_sc_hd__clkbuf_16)
                                                         clknet_3_2__leaf_clk (net)
                      0.053688    0.001965    0.320603 ^ dsa[27]._8_/CLK (sky130_fd_sc_hd__dfrtp_1)
     2    0.006056    0.054006    0.374438    0.695041 v dsa[27]._8_/Q (sky130_fd_sc_hd__dfrtp_1)
                                                         dsa[27].last_carry (net)
                      0.054006    0.000369    0.695410 v dsa[27]._4_/B1 (sky130_fd_sc_hd__a21o_1)
     2    0.005862    0.045990    0.165953    0.861363 v dsa[27]._4_/X (sky130_fd_sc_hd__a21o_1)
                                                         dsa[27]._1_ (net)
                      0.045991    0.000221    0.861584 v dsa[27]._5_/B (sky130_fd_sc_hd__nand2_1)
     1    0.005001    0.061528    0.075132    0.936716 ^ dsa[27]._5_/Y (sky130_fd_sc_hd__nand2_1)
                                                         dsa[27]._2_ (net)
                      0.061530    0.000373    0.937090 ^ dsa[27]._6_/B (sky130_fd_sc_hd__xnor2_1)
     1    0.003598    0.130805    0.115206    1.052296 ^ dsa[27]._6_/Y (sky130_fd_sc_hd__xnor2_1)
                                                         dsa[27].y_out_next (net)
                      0.130805    0.000256    1.052552 ^ dsa[27]._9_/D (sky130_fd_sc_hd__dfrtp_1)
                                              1.052552   data arrival time

                                 10.000000   10.000000   clock core_clock (rise edge)
                                  0.000000   10.000000   clock source latency
     1    0.015086    0.000000    0.000000   10.000000 ^ clk (in)
                                                         clk (net)
                      0.001413    0.000707   10.000708 ^ clkbuf_0_clk/A (sky130_fd_sc_hd__clkbuf_16)
     8    0.084849    0.102020    0.155491   10.156198 ^ clkbuf_0_clk/X (sky130_fd_sc_hd__clkbuf_16)
                                                         clknet_0_clk (net)
                      0.102432    0.005281   10.161479 ^ clkbuf_3_2__f_clk/A (sky130_fd_sc_hd__clkbuf_16)
    10    0.033019    0.053602    0.157160   10.318639 ^ clkbuf_3_2__f_clk/X (sky130_fd_sc_hd__clkbuf_16)
                                                         clknet_3_2__leaf_clk (net)
                      0.053632    0.001402   10.320041 ^ dsa[27]._9_/CLK (sky130_fd_sc_hd__dfrtp_1)
                                  0.000000   10.320041   clock reconvergence pessimism
                                 -0.078307   10.241734   library setup time
                                             10.241734   data required time
---------------------------------------------------------------------------------------------
                                             10.241734   data required time
                                             -1.052552   data arrival time
---------------------------------------------------------------------------------------------
                                              9.189182   slack (MET)


Startpoint: dsa[24]._8_ (rising edge-triggered flip-flop clocked by core_clock)
Endpoint: dsa[24]._9_ (rising edge-triggered flip-flop clocked by core_clock)
Path Group: core_clock
Path Type: max

Fanout         Cap        Slew       Delay        Time   Description
---------------------------------------------------------------------------------------------
                                  0.000000    0.000000   clock core_clock (rise edge)
                                  0.000000    0.000000   clock source latency
     1    0.015086    0.000000    0.000000    0.000000 ^ clk (in)
                                                         clk (net)
                      0.001413    0.000707    0.000707 ^ clkbuf_0_clk/A (sky130_fd_sc_hd__clkbuf_16)
     8    0.084849    0.102020    0.155491    0.156197 ^ clkbuf_0_clk/X (sky130_fd_sc_hd__clkbuf_16)
                                                         clknet_0_clk (net)
                      0.102432    0.005282    0.161479 ^ clkbuf_3_2__f_clk/A (sky130_fd_sc_hd__clkbuf_16)
    10    0.033019    0.053602    0.157159    0.318638 ^ clkbuf_3_2__f_clk/X (sky130_fd_sc_hd__clkbuf_16)
                                                         clknet_3_2__leaf_clk (net)
                      0.053694    0.002031    0.320669 ^ dsa[24]._8_/CLK (sky130_fd_sc_hd__dfrtp_1)
     2    0.005200    0.050080    0.369857    0.690526 v dsa[24]._8_/Q (sky130_fd_sc_hd__dfrtp_1)
                                                         dsa[24].last_carry (net)
                      0.050080    0.000340    0.690866 v dsa[24]._4_/B1 (sky130_fd_sc_hd__a21o_1)
     2    0.005786    0.045724    0.164180    0.855046 v dsa[24]._4_/X (sky130_fd_sc_hd__a21o_1)
                                                         dsa[24]._1_ (net)
                      0.045726    0.000368    0.855413 v dsa[24]._5_/B (sky130_fd_sc_hd__nand2_1)
     1    0.005405    0.064545    0.077519    0.932932 ^ dsa[24]._5_/Y (sky130_fd_sc_hd__nand2_1)
                                                         dsa[24]._2_ (net)
                      0.064546    0.000396    0.933328 ^ dsa[24]._6_/B (sky130_fd_sc_hd__xnor2_1)
     1    0.003473    0.128451    0.115191    1.048519 ^ dsa[24]._6_/Y (sky130_fd_sc_hd__xnor2_1)
                                                         dsa[24].y_out_next (net)
                      0.128451    0.000136    1.048655 ^ dsa[24]._9_/D (sky130_fd_sc_hd__dfrtp_1)
                                              1.048655   data arrival time

                                 10.000000   10.000000   clock core_clock (rise edge)
                                  0.000000   10.000000   clock source latency
     1    0.015086    0.000000    0.000000   10.000000 ^ clk (in)
                                                         clk (net)
                      0.001413    0.000707   10.000708 ^ clkbuf_0_clk/A (sky130_fd_sc_hd__clkbuf_16)
     8    0.084849    0.102020    0.155491   10.156198 ^ clkbuf_0_clk/X (sky130_fd_sc_hd__clkbuf_16)
                                                         clknet_0_clk (net)
                      0.102376    0.004924   10.161122 ^ clkbuf_3_3__f_clk/A (sky130_fd_sc_hd__clkbuf_16)
     9    0.028189    0.049503    0.153798   10.314919 ^ clkbuf_3_3__f_clk/X (sky130_fd_sc_hd__clkbuf_16)
                                                         clknet_3_3__leaf_clk (net)
                      0.049522    0.001407   10.316327 ^ dsa[24]._9_/CLK (sky130_fd_sc_hd__dfrtp_1)
                                  0.000000   10.316327   clock reconvergence pessimism
                                 -0.078401   10.237926   library setup time
                                             10.237926   data required time
---------------------------------------------------------------------------------------------
                                             10.237926   data required time
                                             -1.048655   data arrival time
---------------------------------------------------------------------------------------------
                                              9.189270   slack (MET)


Startpoint: dsa[11]._8_ (rising edge-triggered flip-flop clocked by core_clock)
Endpoint: dsa[11]._9_ (rising edge-triggered flip-flop clocked by core_clock)
Path Group: core_clock
Path Type: max

Fanout         Cap        Slew       Delay        Time   Description
---------------------------------------------------------------------------------------------
                                  0.000000    0.000000   clock core_clock (rise edge)
                                  0.000000    0.000000   clock source latency
     1    0.015086    0.000000    0.000000    0.000000 ^ clk (in)
                                                         clk (net)
                      0.001413    0.000707    0.000707 ^ clkbuf_0_clk/A (sky130_fd_sc_hd__clkbuf_16)
     8    0.084849    0.102020    0.155491    0.156197 ^ clkbuf_0_clk/X (sky130_fd_sc_hd__clkbuf_16)
                                                         clknet_0_clk (net)
                      0.102659    0.006504    0.162701 ^ clkbuf_3_6__f_clk/A (sky130_fd_sc_hd__clkbuf_16)
     8    0.028138    0.049460    0.153866    0.316568 ^ clkbuf_3_6__f_clk/X (sky130_fd_sc_hd__clkbuf_16)
                                                         clknet_3_6__leaf_clk (net)
                      0.049477    0.001212    0.317780 ^ dsa[11]._8_/CLK (sky130_fd_sc_hd__dfrtp_1)
     2    0.005563    0.051745    0.370238    0.688017 v dsa[11]._8_/Q (sky130_fd_sc_hd__dfrtp_1)
                                                         dsa[11].last_carry (net)
                      0.051745    0.000360    0.688377 v dsa[11]._4_/B1 (sky130_fd_sc_hd__a21o_1)
     2    0.006855    0.050666    0.169684    0.858062 v dsa[11]._4_/X (sky130_fd_sc_hd__a21o_1)
                                                         dsa[11]._1_ (net)
                      0.050668    0.000396    0.858458 v dsa[11]._5_/B (sky130_fd_sc_hd__nand2_1)
     1    0.005038    0.061463    0.077444    0.935902 ^ dsa[11]._5_/Y (sky130_fd_sc_hd__nand2_1)
                                                         dsa[11]._2_ (net)
                      0.061465    0.000377    0.936279 ^ dsa[11]._6_/B (sky130_fd_sc_hd__xnor2_1)
     1    0.003608    0.130995    0.115307    1.051586 ^ dsa[11]._6_/Y (sky130_fd_sc_hd__xnor2_1)
                                                         dsa[11].y_out_next (net)
                      0.130995    0.000146    1.051732 ^ dsa[11]._9_/D (sky130_fd_sc_hd__dfrtp_1)
                                              1.051732   data arrival time

                                 10.000000   10.000000   clock core_clock (rise edge)
                                  0.000000   10.000000   clock source latency
     1    0.015086    0.000000    0.000000   10.000000 ^ clk (in)
                                                         clk (net)
                      0.001413    0.000707   10.000708 ^ clkbuf_0_clk/A (sky130_fd_sc_hd__clkbuf_16)
     8    0.084849    0.102020    0.155491   10.156198 ^ clkbuf_0_clk/X (sky130_fd_sc_hd__clkbuf_16)
                                                         clknet_0_clk (net)
                      0.102684    0.006628   10.162827 ^ clkbuf_3_7__f_clk/A (sky130_fd_sc_hd__clkbuf_16)
    10    0.030780    0.051710    0.155753   10.318579 ^ clkbuf_3_7__f_clk/X (sky130_fd_sc_hd__clkbuf_16)
                                                         clknet_3_7__leaf_clk (net)
                      0.051732    0.001434   10.320014 ^ dsa[11]._9_/CLK (sky130_fd_sc_hd__dfrtp_1)
                                  0.000000   10.320014   clock reconvergence pessimism
                                 -0.078645   10.241368   library setup time
                                             10.241368   data required time
---------------------------------------------------------------------------------------------
                                             10.241368   data required time
                                             -1.051732   data arrival time
---------------------------------------------------------------------------------------------
                                              9.189636   slack (MET)


Startpoint: dsa[15]._8_ (rising edge-triggered flip-flop clocked by core_clock)
Endpoint: dsa[15]._9_ (rising edge-triggered flip-flop clocked by core_clock)
Path Group: core_clock
Path Type: max

Fanout         Cap        Slew       Delay        Time   Description
---------------------------------------------------------------------------------------------
                                  0.000000    0.000000   clock core_clock (rise edge)
                                  0.000000    0.000000   clock source latency
     1    0.015086    0.000000    0.000000    0.000000 ^ clk (in)
                                                         clk (net)
                      0.001413    0.000707    0.000707 ^ clkbuf_0_clk/A (sky130_fd_sc_hd__clkbuf_16)
     8    0.084849    0.102020    0.155491    0.156197 ^ clkbuf_0_clk/X (sky130_fd_sc_hd__clkbuf_16)
                                                         clknet_0_clk (net)
                      0.102376    0.004924    0.161122 ^ clkbuf_3_3__f_clk/A (sky130_fd_sc_hd__clkbuf_16)
     9    0.028189    0.049503    0.153798    0.314920 ^ clkbuf_3_3__f_clk/X (sky130_fd_sc_hd__clkbuf_16)
                                                         clknet_3_3__leaf_clk (net)
                      0.049517    0.001033    0.315953 ^ dsa[15]._8_/CLK (sky130_fd_sc_hd__dfrtp_1)
     2    0.006171    0.054577    0.373514    0.689467 v dsa[15]._8_/Q (sky130_fd_sc_hd__dfrtp_1)
                                                         dsa[15].last_carry (net)
                      0.054577    0.000340    0.689807 v dsa[15]._4_/B1 (sky130_fd_sc_hd__a21o_1)
     2    0.005403    0.044134    0.164029    0.853836 v dsa[15]._4_/X (sky130_fd_sc_hd__a21o_1)
                                                         dsa[15]._1_ (net)
                      0.044135    0.000275    0.854112 v dsa[15]._5_/B (sky130_fd_sc_hd__nand2_1)
     1    0.005370    0.064256    0.076579    0.930691 ^ dsa[15]._5_/Y (sky130_fd_sc_hd__nand2_1)
                                                         dsa[15]._2_ (net)
                      0.064258    0.000417    0.931108 ^ dsa[15]._6_/B (sky130_fd_sc_hd__xnor2_1)
     1    0.003515    0.129246    0.115407    1.046515 ^ dsa[15]._6_/Y (sky130_fd_sc_hd__xnor2_1)
                                                         dsa[15].y_out_next (net)
                      0.129246    0.000215    1.046730 ^ dsa[15]._9_/D (sky130_fd_sc_hd__dfrtp_1)
                                              1.046730   data arrival time

                                 10.000000   10.000000   clock core_clock (rise edge)
                                  0.000000   10.000000   clock source latency
     1    0.015086    0.000000    0.000000   10.000000 ^ clk (in)
                                                         clk (net)
                      0.001413    0.000707   10.000708 ^ clkbuf_0_clk/A (sky130_fd_sc_hd__clkbuf_16)
     8    0.084849    0.102020    0.155491   10.156198 ^ clkbuf_0_clk/X (sky130_fd_sc_hd__clkbuf_16)
                                                         clknet_0_clk (net)
                      0.103192    0.008714   10.164912 ^ clkbuf_3_4__f_clk/A (sky130_fd_sc_hd__clkbuf_16)
     9    0.023560    0.045046    0.149734   10.314646 ^ clkbuf_3_4__f_clk/X (sky130_fd_sc_hd__clkbuf_16)
                                                         clknet_3_4__leaf_clk (net)
                      0.045102    0.001341   10.315987 ^ dsa[15]._9_/CLK (sky130_fd_sc_hd__dfrtp_1)
                                  0.000000   10.315987   clock reconvergence pessimism
                                 -0.079269   10.236717   library setup time
                                             10.236717   data required time
---------------------------------------------------------------------------------------------
                                             10.236717   data required time
                                             -1.046730   data arrival time
---------------------------------------------------------------------------------------------
                                              9.189988   slack (MET)


Startpoint: dsa[23]._8_ (rising edge-triggered flip-flop clocked by core_clock)
Endpoint: dsa[23]._9_ (rising edge-triggered flip-flop clocked by core_clock)
Path Group: core_clock
Path Type: max

Fanout         Cap        Slew       Delay        Time   Description
---------------------------------------------------------------------------------------------
                                  0.000000    0.000000   clock core_clock (rise edge)
                                  0.000000    0.000000   clock source latency
     1    0.015086    0.000000    0.000000    0.000000 ^ clk (in)
                                                         clk (net)
                      0.001413    0.000707    0.000707 ^ clkbuf_0_clk/A (sky130_fd_sc_hd__clkbuf_16)
     8    0.084849    0.102020    0.155491    0.156197 ^ clkbuf_0_clk/X (sky130_fd_sc_hd__clkbuf_16)
                                                         clknet_0_clk (net)
                      0.102432    0.005282    0.161479 ^ clkbuf_3_2__f_clk/A (sky130_fd_sc_hd__clkbuf_16)
    10    0.033019    0.053602    0.157159    0.318638 ^ clkbuf_3_2__f_clk/X (sky130_fd_sc_hd__clkbuf_16)
                                                         clknet_3_2__leaf_clk (net)
                      0.053660    0.001681    0.320320 ^ dsa[23]._8_/CLK (sky130_fd_sc_hd__dfrtp_1)
     2    0.006451    0.055882    0.376543    0.696862 v dsa[23]._8_/Q (sky130_fd_sc_hd__dfrtp_1)
                                                         dsa[23].last_carry (net)
                      0.055882    0.000376    0.697238 v dsa[23]._4_/B1 (sky130_fd_sc_hd__a21o_1)
     2    0.005873    0.046088    0.166664    0.863903 v dsa[23]._4_/X (sky130_fd_sc_hd__a21o_1)
                                                         dsa[23]._1_ (net)
                      0.046090    0.000387    0.864290 v dsa[23]._5_/B (sky130_fd_sc_hd__nand2_1)
     1    0.005017    0.061301    0.075338    0.939628 ^ dsa[23]._5_/Y (sky130_fd_sc_hd__nand2_1)
                                                         dsa[23]._2_ (net)
                      0.061301    0.000237    0.939865 ^ dsa[23]._6_/B (sky130_fd_sc_hd__xnor2_1)
     1    0.002933    0.118224    0.109990    1.049855 ^ dsa[23]._6_/Y (sky130_fd_sc_hd__xnor2_1)
                                                         dsa[23].y_out_next (net)
                      0.118224    0.000189    1.050044 ^ dsa[23]._9_/D (sky130_fd_sc_hd__dfrtp_1)
                                              1.050044   data arrival time

                                 10.000000   10.000000   clock core_clock (rise edge)
                                  0.000000   10.000000   clock source latency
     1    0.015086    0.000000    0.000000   10.000000 ^ clk (in)
                                                         clk (net)
                      0.001413    0.000707   10.000708 ^ clkbuf_0_clk/A (sky130_fd_sc_hd__clkbuf_16)
     8    0.084849    0.102020    0.155491   10.156198 ^ clkbuf_0_clk/X (sky130_fd_sc_hd__clkbuf_16)
                                                         clknet_0_clk (net)
                      0.102376    0.004924   10.161122 ^ clkbuf_3_3__f_clk/A (sky130_fd_sc_hd__clkbuf_16)
     9    0.028189    0.049503    0.153798   10.314919 ^ clkbuf_3_3__f_clk/X (sky130_fd_sc_hd__clkbuf_16)
                                                         clknet_3_3__leaf_clk (net)
                      0.049521    0.001305   10.316225 ^ dsa[23]._9_/CLK (sky130_fd_sc_hd__dfrtp_1)
                                  0.000000   10.316225   clock reconvergence pessimism
                                 -0.076042   10.240183   library setup time
                                             10.240183   data required time
---------------------------------------------------------------------------------------------
                                             10.240183   data required time
                                             -1.050044   data arrival time
---------------------------------------------------------------------------------------------
                                              9.190139   slack (MET)


Startpoint: dsa[28]._8_ (rising edge-triggered flip-flop clocked by core_clock)
Endpoint: dsa[28]._9_ (rising edge-triggered flip-flop clocked by core_clock)
Path Group: core_clock
Path Type: max

Fanout         Cap        Slew       Delay        Time   Description
---------------------------------------------------------------------------------------------
                                  0.000000    0.000000   clock core_clock (rise edge)
                                  0.000000    0.000000   clock source latency
     1    0.015086    0.000000    0.000000    0.000000 ^ clk (in)
                                                         clk (net)
                      0.001413    0.000707    0.000707 ^ clkbuf_0_clk/A (sky130_fd_sc_hd__clkbuf_16)
     8    0.084849    0.102020    0.155491    0.156197 ^ clkbuf_0_clk/X (sky130_fd_sc_hd__clkbuf_16)
                                                         clknet_0_clk (net)
                      0.102432    0.005282    0.161479 ^ clkbuf_3_2__f_clk/A (sky130_fd_sc_hd__clkbuf_16)
    10    0.033019    0.053602    0.157159    0.318638 ^ clkbuf_3_2__f_clk/X (sky130_fd_sc_hd__clkbuf_16)
                                                         clknet_3_2__leaf_clk (net)
                      0.053694    0.002027    0.320666 ^ dsa[28]._8_/CLK (sky130_fd_sc_hd__dfrtp_1)
     2    0.006064    0.054049    0.374486    0.695152 v dsa[28]._8_/Q (sky130_fd_sc_hd__dfrtp_1)
                                                         dsa[28].last_carry (net)
                      0.054049    0.000351    0.695503 v dsa[28]._4_/B1 (sky130_fd_sc_hd__a21o_1)
     2    0.006110    0.047158    0.167041    0.862544 v dsa[28]._4_/X (sky130_fd_sc_hd__a21o_1)
                                                         dsa[28]._1_ (net)
                      0.047159    0.000339    0.862883 v dsa[28]._5_/B (sky130_fd_sc_hd__nand2_1)
     1    0.004999    0.061143    0.075698    0.938581 ^ dsa[28]._5_/Y (sky130_fd_sc_hd__nand2_1)
                                                         dsa[28]._2_ (net)
                      0.061143    0.000235    0.938816 ^ dsa[28]._6_/B (sky130_fd_sc_hd__xnor2_1)
     1    0.003594    0.130729    0.115070    1.053886 ^ dsa[28]._6_/Y (sky130_fd_sc_hd__xnor2_1)
                                                         dsa[28].y_out_next (net)
                      0.130729    0.000240    1.054126 ^ dsa[28]._9_/D (sky130_fd_sc_hd__dfrtp_1)
                                              1.054126   data arrival time

                                 10.000000   10.000000   clock core_clock (rise edge)
                                  0.000000   10.000000   clock source latency
     1    0.015086    0.000000    0.000000   10.000000 ^ clk (in)
                                                         clk (net)
                      0.001413    0.000707   10.000708 ^ clkbuf_0_clk/A (sky130_fd_sc_hd__clkbuf_16)
     8    0.084849    0.102020    0.155491   10.156198 ^ clkbuf_0_clk/X (sky130_fd_sc_hd__clkbuf_16)
                                                         clknet_0_clk (net)
                      0.103612    0.010123   10.166322 ^ clkbuf_3_0__f_clk/A (sky130_fd_sc_hd__clkbuf_16)
    10    0.033916    0.054391    0.158320   10.324642 ^ clkbuf_3_0__f_clk/X (sky130_fd_sc_hd__clkbuf_16)
                                                         clknet_3_0__leaf_clk (net)
                      0.054451    0.001456   10.326097 ^ dsa[28]._9_/CLK (sky130_fd_sc_hd__dfrtp_1)
                                  0.000000   10.326097   clock reconvergence pessimism
                                 -0.078163   10.247935   library setup time
                                             10.247935   data required time
---------------------------------------------------------------------------------------------
                                             10.247935   data required time
                                             -1.054126   data arrival time
---------------------------------------------------------------------------------------------
                                              9.193809   slack (MET)


Startpoint: dsa[8]._8_ (rising edge-triggered flip-flop clocked by core_clock)
Endpoint: dsa[8]._9_ (rising edge-triggered flip-flop clocked by core_clock)
Path Group: core_clock
Path Type: max

Fanout         Cap        Slew       Delay        Time   Description
---------------------------------------------------------------------------------------------
                                  0.000000    0.000000   clock core_clock (rise edge)
                                  0.000000    0.000000   clock source latency
     1    0.015086    0.000000    0.000000    0.000000 ^ clk (in)
                                                         clk (net)
                      0.001413    0.000707    0.000707 ^ clkbuf_0_clk/A (sky130_fd_sc_hd__clkbuf_16)
     8    0.084849    0.102020    0.155491    0.156197 ^ clkbuf_0_clk/X (sky130_fd_sc_hd__clkbuf_16)
                                                         clknet_0_clk (net)
                      0.103192    0.008714    0.164911 ^ clkbuf_3_4__f_clk/A (sky130_fd_sc_hd__clkbuf_16)
     9    0.023560    0.045046    0.149734    0.314645 ^ clkbuf_3_4__f_clk/X (sky130_fd_sc_hd__clkbuf_16)
                                                         clknet_3_4__leaf_clk (net)
                      0.045081    0.001088    0.315733 ^ dsa[8]._8_/CLK (sky130_fd_sc_hd__dfrtp_1)
     2    0.006031    0.053921    0.371166    0.686899 v dsa[8]._8_/Q (sky130_fd_sc_hd__dfrtp_1)
                                                         dsa[8].last_carry (net)
                      0.053921    0.000202    0.687101 v dsa[8]._4_/B1 (sky130_fd_sc_hd__a21o_1)
     2    0.007445    0.053401    0.173171    0.860272 v dsa[8]._4_/X (sky130_fd_sc_hd__a21o_1)
                                                         dsa[8]._1_ (net)
                      0.053403    0.000402    0.860674 v dsa[8]._5_/B (sky130_fd_sc_hd__nand2_1)
     1    0.005390    0.064568    0.080831    0.941505 ^ dsa[8]._5_/Y (sky130_fd_sc_hd__nand2_1)
                                                         dsa[8]._2_ (net)
                      0.064570    0.000414    0.941918 ^ dsa[8]._6_/B (sky130_fd_sc_hd__xnor2_1)
     1    0.002313    0.106465    0.105971    1.047889 ^ dsa[8]._6_/Y (sky130_fd_sc_hd__xnor2_1)
                                                         dsa[8].y_out_next (net)
                      0.106465    0.000167    1.048056 ^ dsa[8]._9_/D (sky130_fd_sc_hd__dfrtp_1)
                                              1.048056   data arrival time

                                 10.000000   10.000000   clock core_clock (rise edge)
                                  0.000000   10.000000   clock source latency
     1    0.015086    0.000000    0.000000   10.000000 ^ clk (in)
                                                         clk (net)
                      0.001413    0.000707   10.000708 ^ clkbuf_0_clk/A (sky130_fd_sc_hd__clkbuf_16)
     8    0.084849    0.102020    0.155491   10.156198 ^ clkbuf_0_clk/X (sky130_fd_sc_hd__clkbuf_16)
                                                         clknet_0_clk (net)
                      0.103192    0.008714   10.164912 ^ clkbuf_3_4__f_clk/A (sky130_fd_sc_hd__clkbuf_16)
     9    0.023560    0.045046    0.149734   10.314646 ^ clkbuf_3_4__f_clk/X (sky130_fd_sc_hd__clkbuf_16)
                                                         clknet_3_4__leaf_clk (net)
                      0.045104    0.001360   10.316006 ^ dsa[8]._9_/CLK (sky130_fd_sc_hd__dfrtp_1)
                                  0.000000   10.316006   clock reconvergence pessimism
                                 -0.074007   10.241998   library setup time
                                             10.241998   data required time
---------------------------------------------------------------------------------------------
                                             10.241998   data required time
                                             -1.048056   data arrival time
---------------------------------------------------------------------------------------------
                                              9.193942   slack (MET)


Startpoint: dsa[5]._8_ (rising edge-triggered flip-flop clocked by core_clock)
Endpoint: dsa[5]._9_ (rising edge-triggered flip-flop clocked by core_clock)
Path Group: core_clock
Path Type: max

Fanout         Cap        Slew       Delay        Time   Description
---------------------------------------------------------------------------------------------
                                  0.000000    0.000000   clock core_clock (rise edge)
                                  0.000000    0.000000   clock source latency
     1    0.015086    0.000000    0.000000    0.000000 ^ clk (in)
                                                         clk (net)
                      0.001413    0.000707    0.000707 ^ clkbuf_0_clk/A (sky130_fd_sc_hd__clkbuf_16)
     8    0.084849    0.102020    0.155491    0.156197 ^ clkbuf_0_clk/X (sky130_fd_sc_hd__clkbuf_16)
                                                         clknet_0_clk (net)
                      0.103280    0.009025    0.165222 ^ clkbuf_3_5__f_clk/A (sky130_fd_sc_hd__clkbuf_16)
     8    0.030792    0.051721    0.155982    0.321204 ^ clkbuf_3_5__f_clk/X (sky130_fd_sc_hd__clkbuf_16)
                                                         clknet_3_5__leaf_clk (net)
                      0.051745    0.001570    0.322774 ^ dsa[5]._8_/CLK (sky130_fd_sc_hd__dfrtp_1)
     2    0.006141    0.054417    0.374175    0.696949 v dsa[5]._8_/Q (sky130_fd_sc_hd__dfrtp_1)
                                                         dsa[5].last_carry (net)
                      0.054417    0.000342    0.697291 v dsa[5]._4_/B1 (sky130_fd_sc_hd__a21o_1)
     2    0.006005    0.046844    0.166671    0.863962 v dsa[5]._4_/X (sky130_fd_sc_hd__a21o_1)
                                                         dsa[5]._1_ (net)
                      0.046848    0.000472    0.864435 v dsa[5]._5_/B (sky130_fd_sc_hd__nand2_1)
     1    0.005408    0.064570    0.078034    0.942468 ^ dsa[5]._5_/Y (sky130_fd_sc_hd__nand2_1)
                                                         dsa[5]._2_ (net)
                      0.064571    0.000400    0.942868 ^ dsa[5]._6_/B (sky130_fd_sc_hd__xnor2_1)
     1    0.002790    0.115521    0.109859    1.052727 ^ dsa[5]._6_/Y (sky130_fd_sc_hd__xnor2_1)
                                                         dsa[5].y_out_next (net)
                      0.115522    0.000183    1.052910 ^ dsa[5]._9_/D (sky130_fd_sc_hd__dfrtp_1)
                                              1.052910   data arrival time

                                 10.000000   10.000000   clock core_clock (rise edge)
                                  0.000000   10.000000   clock source latency
     1    0.015086    0.000000    0.000000   10.000000 ^ clk (in)
                                                         clk (net)
                      0.001413    0.000707   10.000708 ^ clkbuf_0_clk/A (sky130_fd_sc_hd__clkbuf_16)
     8    0.084849    0.102020    0.155491   10.156198 ^ clkbuf_0_clk/X (sky130_fd_sc_hd__clkbuf_16)
                                                         clknet_0_clk (net)
                      0.103280    0.009025   10.165223 ^ clkbuf_3_5__f_clk/A (sky130_fd_sc_hd__clkbuf_16)
     8    0.030792    0.051721    0.155981   10.321204 ^ clkbuf_3_5__f_clk/X (sky130_fd_sc_hd__clkbuf_16)
                                                         clknet_3_5__leaf_clk (net)
                      0.051743    0.001469   10.322673 ^ dsa[5]._9_/CLK (sky130_fd_sc_hd__dfrtp_1)
                                  0.000000   10.322673   clock reconvergence pessimism
                                 -0.075076   10.247597   library setup time
                                             10.247597   data required time
---------------------------------------------------------------------------------------------
                                             10.247597   data required time
                                             -1.052910   data arrival time
---------------------------------------------------------------------------------------------
                                              9.194687   slack (MET)


Startpoint: dsa[25]._8_ (rising edge-triggered flip-flop clocked by core_clock)
Endpoint: dsa[25]._9_ (rising edge-triggered flip-flop clocked by core_clock)
Path Group: core_clock
Path Type: max

Fanout         Cap        Slew       Delay        Time   Description
---------------------------------------------------------------------------------------------
                                  0.000000    0.000000   clock core_clock (rise edge)
                                  0.000000    0.000000   clock source latency
     1    0.015086    0.000000    0.000000    0.000000 ^ clk (in)
                                                         clk (net)
                      0.001413    0.000707    0.000707 ^ clkbuf_0_clk/A (sky130_fd_sc_hd__clkbuf_16)
     8    0.084849    0.102020    0.155491    0.156197 ^ clkbuf_0_clk/X (sky130_fd_sc_hd__clkbuf_16)
                                                         clknet_0_clk (net)
                      0.102432    0.005282    0.161479 ^ clkbuf_3_2__f_clk/A (sky130_fd_sc_hd__clkbuf_16)
    10    0.033019    0.053602    0.157159    0.318638 ^ clkbuf_3_2__f_clk/X (sky130_fd_sc_hd__clkbuf_16)
                                                         clknet_3_2__leaf_clk (net)
                      0.053707    0.002151    0.320790 ^ dsa[25]._8_/CLK (sky130_fd_sc_hd__dfrtp_1)
     2    0.006034    0.053931    0.374287    0.695077 v dsa[25]._8_/Q (sky130_fd_sc_hd__dfrtp_1)
                                                         dsa[25].last_carry (net)
                      0.053931    0.000375    0.695452 v dsa[25]._4_/B1 (sky130_fd_sc_hd__a21o_1)
     2    0.006600    0.049293    0.169328    0.864780 v dsa[25]._4_/X (sky130_fd_sc_hd__a21o_1)
                                                         dsa[25]._1_ (net)
                      0.049295    0.000337    0.865118 v dsa[25]._5_/B (sky130_fd_sc_hd__nand2_1)
     1    0.005159    0.062480    0.077586    0.942703 ^ dsa[25]._5_/Y (sky130_fd_sc_hd__nand2_1)
                                                         dsa[25]._2_ (net)
                      0.062482    0.000382    0.943085 ^ dsa[25]._6_/B (sky130_fd_sc_hd__xnor2_1)
     1    0.002491    0.109854    0.106833    1.049919 ^ dsa[25]._6_/Y (sky130_fd_sc_hd__xnor2_1)
                                                         dsa[25].y_out_next (net)
                      0.109854    0.000183    1.050101 ^ dsa[25]._9_/D (sky130_fd_sc_hd__dfrtp_1)
                                              1.050101   data arrival time

                                 10.000000   10.000000   clock core_clock (rise edge)
                                  0.000000   10.000000   clock source latency
     1    0.015086    0.000000    0.000000   10.000000 ^ clk (in)
                                                         clk (net)
                      0.001413    0.000707   10.000708 ^ clkbuf_0_clk/A (sky130_fd_sc_hd__clkbuf_16)
     8    0.084849    0.102020    0.155491   10.156198 ^ clkbuf_0_clk/X (sky130_fd_sc_hd__clkbuf_16)
                                                         clknet_0_clk (net)
                      0.102432    0.005281   10.161479 ^ clkbuf_3_2__f_clk/A (sky130_fd_sc_hd__clkbuf_16)
    10    0.033019    0.053602    0.157160   10.318639 ^ clkbuf_3_2__f_clk/X (sky130_fd_sc_hd__clkbuf_16)
                                                         clknet_3_2__leaf_clk (net)
                      0.053662    0.001706   10.320345 ^ dsa[25]._9_/CLK (sky130_fd_sc_hd__dfrtp_1)
                                  0.000000   10.320345   clock reconvergence pessimism
                                 -0.073474   10.246871   library setup time
                                             10.246871   data required time
---------------------------------------------------------------------------------------------
                                             10.246871   data required time
                                             -1.050101   data arrival time
---------------------------------------------------------------------------------------------
                                              9.196770   slack (MET)


Startpoint: dsa[14]._8_ (rising edge-triggered flip-flop clocked by core_clock)
Endpoint: dsa[14]._9_ (rising edge-triggered flip-flop clocked by core_clock)
Path Group: core_clock
Path Type: max

Fanout         Cap        Slew       Delay        Time   Description
---------------------------------------------------------------------------------------------
                                  0.000000    0.000000   clock core_clock (rise edge)
                                  0.000000    0.000000   clock source latency
     1    0.015086    0.000000    0.000000    0.000000 ^ clk (in)
                                                         clk (net)
                      0.001413    0.000707    0.000707 ^ clkbuf_0_clk/A (sky130_fd_sc_hd__clkbuf_16)
     8    0.084849    0.102020    0.155491    0.156197 ^ clkbuf_0_clk/X (sky130_fd_sc_hd__clkbuf_16)
                                                         clknet_0_clk (net)
                      0.102376    0.004924    0.161122 ^ clkbuf_3_3__f_clk/A (sky130_fd_sc_hd__clkbuf_16)
     9    0.028189    0.049503    0.153798    0.314920 ^ clkbuf_3_3__f_clk/X (sky130_fd_sc_hd__clkbuf_16)
                                                         clknet_3_3__leaf_clk (net)
                      0.049521    0.001344    0.316264 ^ dsa[14]._8_/CLK (sky130_fd_sc_hd__dfrtp_1)
     2    0.005769    0.052720    0.371325    0.687589 v dsa[14]._8_/Q (sky130_fd_sc_hd__dfrtp_1)
                                                         dsa[14].last_carry (net)
                      0.052720    0.000367    0.687956 v dsa[14]._4_/B1 (sky130_fd_sc_hd__a21o_1)
     2    0.005389    0.044102    0.163218    0.851174 v dsa[14]._4_/X (sky130_fd_sc_hd__a21o_1)
                                                         dsa[14]._1_ (net)
                      0.044103    0.000316    0.851490 v dsa[14]._5_/B (sky130_fd_sc_hd__nand2_1)
     1    0.005619    0.066351    0.078125    0.929615 ^ dsa[14]._5_/Y (sky130_fd_sc_hd__nand2_1)
                                                         dsa[14]._2_ (net)
                      0.066352    0.000407    0.930022 ^ dsa[14]._6_/B (sky130_fd_sc_hd__xnor2_1)
     1    0.003201    0.123302    0.113588    1.043610 ^ dsa[14]._6_/Y (sky130_fd_sc_hd__xnor2_1)
                                                         dsa[14].y_out_next (net)
                      0.123302    0.000207    1.043817 ^ dsa[14]._9_/D (sky130_fd_sc_hd__dfrtp_1)
                                              1.043817   data arrival time

                                 10.000000   10.000000   clock core_clock (rise edge)
                                  0.000000   10.000000   clock source latency
     1    0.015086    0.000000    0.000000   10.000000 ^ clk (in)
                                                         clk (net)
                      0.001413    0.000707   10.000708 ^ clkbuf_0_clk/A (sky130_fd_sc_hd__clkbuf_16)
     8    0.084849    0.102020    0.155491   10.156198 ^ clkbuf_0_clk/X (sky130_fd_sc_hd__clkbuf_16)
                                                         clknet_0_clk (net)
                      0.102659    0.006503   10.162702 ^ clkbuf_3_6__f_clk/A (sky130_fd_sc_hd__clkbuf_16)
     8    0.028138    0.049460    0.153867   10.316568 ^ clkbuf_3_6__f_clk/X (sky130_fd_sc_hd__clkbuf_16)
                                                         clknet_3_6__leaf_clk (net)
                      0.049479    0.001313   10.317881 ^ dsa[14]._9_/CLK (sky130_fd_sc_hd__dfrtp_1)
                                  0.000000   10.317881   clock reconvergence pessimism
                                 -0.077220   10.240661   library setup time
                                             10.240661   data required time
---------------------------------------------------------------------------------------------
                                             10.240661   data required time
                                             -1.043817   data arrival time
---------------------------------------------------------------------------------------------
                                              9.196843   slack (MET)


Startpoint: dsa[17]._8_ (rising edge-triggered flip-flop clocked by core_clock)
Endpoint: dsa[17]._9_ (rising edge-triggered flip-flop clocked by core_clock)
Path Group: core_clock
Path Type: max

Fanout         Cap        Slew       Delay        Time   Description
---------------------------------------------------------------------------------------------
                                  0.000000    0.000000   clock core_clock (rise edge)
                                  0.000000    0.000000   clock source latency
     1    0.015086    0.000000    0.000000    0.000000 ^ clk (in)
                                                         clk (net)
                      0.001413    0.000707    0.000707 ^ clkbuf_0_clk/A (sky130_fd_sc_hd__clkbuf_16)
     8    0.084849    0.102020    0.155491    0.156197 ^ clkbuf_0_clk/X (sky130_fd_sc_hd__clkbuf_16)
                                                         clknet_0_clk (net)
                      0.103596    0.010073    0.166271 ^ clkbuf_3_1__f_clk/A (sky130_fd_sc_hd__clkbuf_16)
     7    0.025481    0.046812    0.151679    0.317950 ^ clkbuf_3_1__f_clk/X (sky130_fd_sc_hd__clkbuf_16)
                                                         clknet_3_1__leaf_clk (net)
                      0.046859    0.001281    0.319231 ^ dsa[17]._8_/CLK (sky130_fd_sc_hd__dfrtp_1)
     2    0.006486    0.056112    0.374202    0.693433 v dsa[17]._8_/Q (sky130_fd_sc_hd__dfrtp_1)
                                                         dsa[17].last_carry (net)
                      0.056112    0.000364    0.693797 v dsa[17]._4_/B1 (sky130_fd_sc_hd__a21o_1)
     2    0.005555    0.044785    0.165361    0.859158 v dsa[17]._4_/X (sky130_fd_sc_hd__a21o_1)
                                                         dsa[17]._1_ (net)
                      0.044785    0.000183    0.859342 v dsa[17]._5_/B (sky130_fd_sc_hd__nand2_1)
     1    0.005152    0.062424    0.075535    0.934877 ^ dsa[17]._5_/Y (sky130_fd_sc_hd__nand2_1)
                                                         dsa[17]._2_ (net)
                      0.062426    0.000381    0.935258 ^ dsa[17]._6_/B (sky130_fd_sc_hd__xnor2_1)
     1    0.002586    0.111677    0.107626    1.042884 ^ dsa[17]._6_/Y (sky130_fd_sc_hd__xnor2_1)
                                                         dsa[17].y_out_next (net)
                      0.111677    0.000177    1.043060 ^ dsa[17]._9_/D (sky130_fd_sc_hd__dfrtp_1)
                                              1.043060   data arrival time

                                 10.000000   10.000000   clock core_clock (rise edge)
                                  0.000000   10.000000   clock source latency
     1    0.015086    0.000000    0.000000   10.000000 ^ clk (in)
                                                         clk (net)
                      0.001413    0.000707   10.000708 ^ clkbuf_0_clk/A (sky130_fd_sc_hd__clkbuf_16)
     8    0.084849    0.102020    0.155491   10.156198 ^ clkbuf_0_clk/X (sky130_fd_sc_hd__clkbuf_16)
                                                         clknet_0_clk (net)
                      0.103192    0.008714   10.164912 ^ clkbuf_3_4__f_clk/A (sky130_fd_sc_hd__clkbuf_16)
     9    0.023560    0.045046    0.149734   10.314646 ^ clkbuf_3_4__f_clk/X (sky130_fd_sc_hd__clkbuf_16)
                                                         clknet_3_4__leaf_clk (net)
                      0.045081    0.001091   10.315736 ^ dsa[17]._9_/CLK (sky130_fd_sc_hd__dfrtp_1)
                                  0.000000   10.315736   clock reconvergence pessimism
                                 -0.075215   10.240521   library setup time
                                             10.240521   data required time
---------------------------------------------------------------------------------------------
                                             10.240521   data required time
                                             -1.043060   data arrival time
---------------------------------------------------------------------------------------------
                                              9.197461   slack (MET)


Startpoint: dsa[9]._8_ (rising edge-triggered flip-flop clocked by core_clock)
Endpoint: dsa[9]._9_ (rising edge-triggered flip-flop clocked by core_clock)
Path Group: core_clock
Path Type: max

Fanout         Cap        Slew       Delay        Time   Description
---------------------------------------------------------------------------------------------
                                  0.000000    0.000000   clock core_clock (rise edge)
                                  0.000000    0.000000   clock source latency
     1    0.015086    0.000000    0.000000    0.000000 ^ clk (in)
                                                         clk (net)
                      0.001413    0.000707    0.000707 ^ clkbuf_0_clk/A (sky130_fd_sc_hd__clkbuf_16)
     8    0.084849    0.102020    0.155491    0.156197 ^ clkbuf_0_clk/X (sky130_fd_sc_hd__clkbuf_16)
                                                         clknet_0_clk (net)
                      0.102659    0.006504    0.162701 ^ clkbuf_3_6__f_clk/A (sky130_fd_sc_hd__clkbuf_16)
     8    0.028138    0.049460    0.153866    0.316568 ^ clkbuf_3_6__f_clk/X (sky130_fd_sc_hd__clkbuf_16)
                                                         clknet_3_6__leaf_clk (net)
                      0.049482    0.001503    0.318071 ^ dsa[9]._8_/CLK (sky130_fd_sc_hd__dfrtp_1)
     2    0.005478    0.051349    0.369793    0.687865 v dsa[9]._8_/Q (sky130_fd_sc_hd__dfrtp_1)
                                                         dsa[9].last_carry (net)
                      0.051349    0.000321    0.688186 v dsa[9]._4_/B1 (sky130_fd_sc_hd__a21o_1)
     2    0.005674    0.045358    0.164071    0.852257 v dsa[9]._4_/X (sky130_fd_sc_hd__a21o_1)
                                                         dsa[9]._1_ (net)
                      0.045360    0.000368    0.852625 v dsa[9]._5_/B (sky130_fd_sc_hd__nand2_1)
     1    0.005028    0.061390    0.075078    0.927704 ^ dsa[9]._5_/Y (sky130_fd_sc_hd__nand2_1)
                                                         dsa[9]._2_ (net)
                      0.061390    0.000238    0.927942 ^ dsa[9]._6_/B (sky130_fd_sc_hd__xnor2_1)
     1    0.003561    0.130113    0.114903    1.042844 ^ dsa[9]._6_/Y (sky130_fd_sc_hd__xnor2_1)
                                                         dsa[9].y_out_next (net)
                      0.130113    0.000216    1.043060 ^ dsa[9]._9_/D (sky130_fd_sc_hd__dfrtp_1)
                                              1.043060   data arrival time

                                 10.000000   10.000000   clock core_clock (rise edge)
                                  0.000000   10.000000   clock source latency
     1    0.015086    0.000000    0.000000   10.000000 ^ clk (in)
                                                         clk (net)
                      0.001413    0.000707   10.000708 ^ clkbuf_0_clk/A (sky130_fd_sc_hd__clkbuf_16)
     8    0.084849    0.102020    0.155491   10.156198 ^ clkbuf_0_clk/X (sky130_fd_sc_hd__clkbuf_16)
                                                         clknet_0_clk (net)
                      0.102684    0.006628   10.162827 ^ clkbuf_3_7__f_clk/A (sky130_fd_sc_hd__clkbuf_16)
    10    0.030780    0.051710    0.155753   10.318579 ^ clkbuf_3_7__f_clk/X (sky130_fd_sc_hd__clkbuf_16)
                                                         clknet_3_7__leaf_clk (net)
                      0.051728    0.001173   10.319753 ^ dsa[9]._9_/CLK (sky130_fd_sc_hd__dfrtp_1)
                                  0.000000   10.319753   clock reconvergence pessimism
                                 -0.078443   10.241309   library setup time
                                             10.241309   data required time
---------------------------------------------------------------------------------------------
                                             10.241309   data required time
                                             -1.043060   data arrival time
---------------------------------------------------------------------------------------------
                                              9.198250   slack (MET)


Startpoint: dsa[12]._8_ (rising edge-triggered flip-flop clocked by core_clock)
Endpoint: dsa[12]._9_ (rising edge-triggered flip-flop clocked by core_clock)
Path Group: core_clock
Path Type: max

Fanout         Cap        Slew       Delay        Time   Description
---------------------------------------------------------------------------------------------
                                  0.000000    0.000000   clock core_clock (rise edge)
                                  0.000000    0.000000   clock source latency
     1    0.015086    0.000000    0.000000    0.000000 ^ clk (in)
                                                         clk (net)
                      0.001413    0.000707    0.000707 ^ clkbuf_0_clk/A (sky130_fd_sc_hd__clkbuf_16)
     8    0.084849    0.102020    0.155491    0.156197 ^ clkbuf_0_clk/X (sky130_fd_sc_hd__clkbuf_16)
                                                         clknet_0_clk (net)
                      0.102659    0.006504    0.162701 ^ clkbuf_3_6__f_clk/A (sky130_fd_sc_hd__clkbuf_16)
     8    0.028138    0.049460    0.153866    0.316568 ^ clkbuf_3_6__f_clk/X (sky130_fd_sc_hd__clkbuf_16)
                                                         clknet_3_6__leaf_clk (net)
                      0.049477    0.001241    0.317809 ^ dsa[12]._8_/CLK (sky130_fd_sc_hd__dfrtp_1)
     2    0.005528    0.051592    0.370046    0.687856 v dsa[12]._8_/Q (sky130_fd_sc_hd__dfrtp_1)
                                                         dsa[12].last_carry (net)
                      0.051592    0.000347    0.688203 v dsa[12]._4_/B1 (sky130_fd_sc_hd__a21o_1)
     2    0.006217    0.047581    0.166735    0.854938 v dsa[12]._4_/X (sky130_fd_sc_hd__a21o_1)
                                                         dsa[12]._1_ (net)
                      0.047582    0.000322    0.855260 v dsa[12]._5_/B (sky130_fd_sc_hd__nand2_1)
     1    0.005266    0.063379    0.077485    0.932746 ^ dsa[12]._5_/Y (sky130_fd_sc_hd__nand2_1)
                                                         dsa[12]._2_ (net)
                      0.063381    0.000388    0.933134 ^ dsa[12]._6_/B (sky130_fd_sc_hd__xnor2_1)
     1    0.003116    0.121687    0.112057    1.045191 ^ dsa[12]._6_/Y (sky130_fd_sc_hd__xnor2_1)
                                                         dsa[12].y_out_next (net)
                      0.121687    0.000130    1.045321 ^ dsa[12]._9_/D (sky130_fd_sc_hd__dfrtp_1)
                                              1.045321   data arrival time

                                 10.000000   10.000000   clock core_clock (rise edge)
                                  0.000000   10.000000   clock source latency
     1    0.015086    0.000000    0.000000   10.000000 ^ clk (in)
                                                         clk (net)
                      0.001413    0.000707   10.000708 ^ clkbuf_0_clk/A (sky130_fd_sc_hd__clkbuf_16)
     8    0.084849    0.102020    0.155491   10.156198 ^ clkbuf_0_clk/X (sky130_fd_sc_hd__clkbuf_16)
                                                         clknet_0_clk (net)
                      0.102684    0.006628   10.162827 ^ clkbuf_3_7__f_clk/A (sky130_fd_sc_hd__clkbuf_16)
    10    0.030780    0.051710    0.155753   10.318579 ^ clkbuf_3_7__f_clk/X (sky130_fd_sc_hd__clkbuf_16)
                                                         clknet_3_7__leaf_clk (net)
                      0.051744    0.001843   10.320422 ^ dsa[12]._9_/CLK (sky130_fd_sc_hd__dfrtp_1)
                                  0.000000   10.320422   clock reconvergence pessimism
                                 -0.076497   10.243925   library setup time
                                             10.243925   data required time
---------------------------------------------------------------------------------------------
                                             10.243925   data required time
                                             -1.045321   data arrival time
---------------------------------------------------------------------------------------------
                                              9.198605   slack (MET)


Startpoint: dsa[4]._8_ (rising edge-triggered flip-flop clocked by core_clock)
Endpoint: dsa[4]._9_ (rising edge-triggered flip-flop clocked by core_clock)
Path Group: core_clock
Path Type: max

Fanout         Cap        Slew       Delay        Time   Description
---------------------------------------------------------------------------------------------
                                  0.000000    0.000000   clock core_clock (rise edge)
                                  0.000000    0.000000   clock source latency
     1    0.015086    0.000000    0.000000    0.000000 ^ clk (in)
                                                         clk (net)
                      0.001413    0.000707    0.000707 ^ clkbuf_0_clk/A (sky130_fd_sc_hd__clkbuf_16)
     8    0.084849    0.102020    0.155491    0.156197 ^ clkbuf_0_clk/X (sky130_fd_sc_hd__clkbuf_16)
                                                         clknet_0_clk (net)
                      0.103280    0.009025    0.165222 ^ clkbuf_3_5__f_clk/A (sky130_fd_sc_hd__clkbuf_16)
     8    0.030792    0.051721    0.155982    0.321204 ^ clkbuf_3_5__f_clk/X (sky130_fd_sc_hd__clkbuf_16)
                                                         clknet_3_5__leaf_clk (net)
                      0.051752    0.001789    0.322993 ^ dsa[4]._8_/CLK (sky130_fd_sc_hd__dfrtp_1)
     2    0.005450    0.051178    0.370536    0.693529 v dsa[4]._8_/Q (sky130_fd_sc_hd__dfrtp_1)
                                                         dsa[4].last_carry (net)
                      0.051178    0.000189    0.693718 v dsa[4]._4_/B1 (sky130_fd_sc_hd__a21o_1)
     2    0.005755    0.045724    0.164391    0.858109 v dsa[4]._4_/X (sky130_fd_sc_hd__a21o_1)
                                                         dsa[4]._1_ (net)
                      0.045726    0.000358    0.858467 v dsa[4]._5_/B (sky130_fd_sc_hd__nand2_1)
     1    0.005987    0.069458    0.081106    0.939572 ^ dsa[4]._5_/Y (sky130_fd_sc_hd__nand2_1)
                                                         dsa[4]._2_ (net)
                      0.069487    0.000454    0.940027 ^ dsa[4]._6_/B (sky130_fd_sc_hd__xnor2_1)
     1    0.002539    0.110769    0.109339    1.049366 ^ dsa[4]._6_/Y (sky130_fd_sc_hd__xnor2_1)
                                                         dsa[4].y_out_next (net)
                      0.110769    0.000175    1.049541 ^ dsa[4]._9_/D (sky130_fd_sc_hd__dfrtp_1)
                                              1.049541   data arrival time

                                 10.000000   10.000000   clock core_clock (rise edge)
                                  0.000000   10.000000   clock source latency
     1    0.015086    0.000000    0.000000   10.000000 ^ clk (in)
                                                         clk (net)
                      0.001413    0.000707   10.000708 ^ clkbuf_0_clk/A (sky130_fd_sc_hd__clkbuf_16)
     8    0.084849    0.102020    0.155491   10.156198 ^ clkbuf_0_clk/X (sky130_fd_sc_hd__clkbuf_16)
                                                         clknet_0_clk (net)
                      0.103280    0.009025   10.165223 ^ clkbuf_3_5__f_clk/A (sky130_fd_sc_hd__clkbuf_16)
     8    0.030792    0.051721    0.155981   10.321204 ^ clkbuf_3_5__f_clk/X (sky130_fd_sc_hd__clkbuf_16)
                                                         clknet_3_5__leaf_clk (net)
                      0.051735    0.000932   10.322135 ^ dsa[4]._9_/CLK (sky130_fd_sc_hd__dfrtp_1)
                                  0.000000   10.322135   clock reconvergence pessimism
                                 -0.073981   10.248155   library setup time
                                             10.248155   data required time
---------------------------------------------------------------------------------------------
                                             10.248155   data required time
                                             -1.049541   data arrival time
---------------------------------------------------------------------------------------------
                                              9.198614   slack (MET)


Startpoint: dsa[6]._8_ (rising edge-triggered flip-flop clocked by core_clock)
Endpoint: dsa[6]._9_ (rising edge-triggered flip-flop clocked by core_clock)
Path Group: core_clock
Path Type: max

Fanout         Cap        Slew       Delay        Time   Description
---------------------------------------------------------------------------------------------
                                  0.000000    0.000000   clock core_clock (rise edge)
                                  0.000000    0.000000   clock source latency
     1    0.015086    0.000000    0.000000    0.000000 ^ clk (in)
                                                         clk (net)
                      0.001413    0.000707    0.000707 ^ clkbuf_0_clk/A (sky130_fd_sc_hd__clkbuf_16)
     8    0.084849    0.102020    0.155491    0.156197 ^ clkbuf_0_clk/X (sky130_fd_sc_hd__clkbuf_16)
                                                         clknet_0_clk (net)
                      0.103280    0.009025    0.165222 ^ clkbuf_3_5__f_clk/A (sky130_fd_sc_hd__clkbuf_16)
     8    0.030792    0.051721    0.155982    0.321204 ^ clkbuf_3_5__f_clk/X (sky130_fd_sc_hd__clkbuf_16)
                                                         clknet_3_5__leaf_clk (net)
                      0.051745    0.001534    0.322737 ^ dsa[6]._8_/CLK (sky130_fd_sc_hd__dfrtp_1)
     2    0.006067    0.054066    0.373781    0.696518 v dsa[6]._8_/Q (sky130_fd_sc_hd__dfrtp_1)
                                                         dsa[6].last_carry (net)
                      0.054066    0.000339    0.696857 v dsa[6]._4_/B1 (sky130_fd_sc_hd__a21o_1)
     2    0.006321    0.048206    0.168086    0.864943 v dsa[6]._4_/X (sky130_fd_sc_hd__a21o_1)
                                                         dsa[6]._1_ (net)
                      0.048206    0.000204    0.865147 v dsa[6]._5_/B (sky130_fd_sc_hd__nand2_1)
     1    0.005091    0.061906    0.076674    0.941820 ^ dsa[6]._5_/Y (sky130_fd_sc_hd__nand2_1)
                                                         dsa[6]._2_ (net)
                      0.061907    0.000379    0.942199 ^ dsa[6]._6_/B (sky130_fd_sc_hd__xnor2_1)
     1    0.002428    0.108664    0.106146    1.048345 ^ dsa[6]._6_/Y (sky130_fd_sc_hd__xnor2_1)
                                                         dsa[6].y_out_next (net)
                      0.108664    0.000167    1.048512 ^ dsa[6]._9_/D (sky130_fd_sc_hd__dfrtp_1)
                                              1.048512   data arrival time

                                 10.000000   10.000000   clock core_clock (rise edge)
                                  0.000000   10.000000   clock source latency
     1    0.015086    0.000000    0.000000   10.000000 ^ clk (in)
                                                         clk (net)
                      0.001413    0.000707   10.000708 ^ clkbuf_0_clk/A (sky130_fd_sc_hd__clkbuf_16)
     8    0.084849    0.102020    0.155491   10.156198 ^ clkbuf_0_clk/X (sky130_fd_sc_hd__clkbuf_16)
                                                         clknet_0_clk (net)
                      0.103280    0.009025   10.165223 ^ clkbuf_3_5__f_clk/A (sky130_fd_sc_hd__clkbuf_16)
     8    0.030792    0.051721    0.155981   10.321204 ^ clkbuf_3_5__f_clk/X (sky130_fd_sc_hd__clkbuf_16)
                                                         clknet_3_5__leaf_clk (net)
                      0.051744    0.001514   10.322718 ^ dsa[6]._9_/CLK (sky130_fd_sc_hd__dfrtp_1)
                                  0.000000   10.322718   clock reconvergence pessimism
                                 -0.073495   10.249224   library setup time
                                             10.249224   data required time
---------------------------------------------------------------------------------------------
                                             10.249224   data required time
                                             -1.048512   data arrival time
---------------------------------------------------------------------------------------------
                                              9.200711   slack (MET)


Startpoint: dsa[1]._8_ (rising edge-triggered flip-flop clocked by core_clock)
Endpoint: dsa[1]._9_ (rising edge-triggered flip-flop clocked by core_clock)
Path Group: core_clock
Path Type: max

Fanout         Cap        Slew       Delay        Time   Description
---------------------------------------------------------------------------------------------
                                  0.000000    0.000000   clock core_clock (rise edge)
                                  0.000000    0.000000   clock source latency
     1    0.015086    0.000000    0.000000    0.000000 ^ clk (in)
                                                         clk (net)
                      0.001413    0.000707    0.000707 ^ clkbuf_0_clk/A (sky130_fd_sc_hd__clkbuf_16)
     8    0.084849    0.102020    0.155491    0.156197 ^ clkbuf_0_clk/X (sky130_fd_sc_hd__clkbuf_16)
                                                         clknet_0_clk (net)
                      0.102684    0.006629    0.162826 ^ clkbuf_3_7__f_clk/A (sky130_fd_sc_hd__clkbuf_16)
    10    0.030780    0.051710    0.155752    0.318579 ^ clkbuf_3_7__f_clk/X (sky130_fd_sc_hd__clkbuf_16)
                                                         clknet_3_7__leaf_clk (net)
                      0.051752    0.001951    0.320530 ^ dsa[1]._8_/CLK (sky130_fd_sc_hd__dfrtp_1)
     2    0.006244    0.054873    0.374774    0.695304 v dsa[1]._8_/Q (sky130_fd_sc_hd__dfrtp_1)
                                                         dsa[1].last_carry (net)
                      0.054873    0.000291    0.695595 v dsa[1]._4_/B1 (sky130_fd_sc_hd__a21o_1)
     2    0.005544    0.044638    0.164762    0.860357 v dsa[1]._4_/X (sky130_fd_sc_hd__a21o_1)
                                                         dsa[1]._1_ (net)
                      0.044640    0.000329    0.860686 v dsa[1]._5_/B (sky130_fd_sc_hd__nand2_1)
     1    0.004990    0.061069    0.074467    0.935153 ^ dsa[1]._5_/Y (sky130_fd_sc_hd__nand2_1)
                                                         dsa[1]._2_ (net)
                      0.061071    0.000374    0.935527 ^ dsa[1]._6_/B (sky130_fd_sc_hd__xnor2_1)
     1    0.002555    0.111071    0.106945    1.042472 ^ dsa[1]._6_/Y (sky130_fd_sc_hd__xnor2_1)
                                                         dsa[1].y_out_next (net)
                      0.111071    0.000187    1.042659 ^ dsa[1]._9_/D (sky130_fd_sc_hd__dfrtp_1)
                                              1.042659   data arrival time

                                 10.000000   10.000000   clock core_clock (rise edge)
                                  0.000000   10.000000   clock source latency
     1    0.015086    0.000000    0.000000   10.000000 ^ clk (in)
                                                         clk (net)
                      0.001413    0.000707   10.000708 ^ clkbuf_0_clk/A (sky130_fd_sc_hd__clkbuf_16)
     8    0.084849    0.102020    0.155491   10.156198 ^ clkbuf_0_clk/X (sky130_fd_sc_hd__clkbuf_16)
                                                         clknet_0_clk (net)
                      0.102684    0.006628   10.162827 ^ clkbuf_3_7__f_clk/A (sky130_fd_sc_hd__clkbuf_16)
    10    0.030780    0.051710    0.155753   10.318579 ^ clkbuf_3_7__f_clk/X (sky130_fd_sc_hd__clkbuf_16)
                                                         clknet_3_7__leaf_clk (net)
                      0.051732    0.001441   10.320020 ^ dsa[1]._9_/CLK (sky130_fd_sc_hd__dfrtp_1)
                                  0.000000   10.320020   clock reconvergence pessimism
                                 -0.074051   10.245969   library setup time
                                             10.245969   data required time
---------------------------------------------------------------------------------------------
                                             10.245969   data required time
                                             -1.042659   data arrival time
---------------------------------------------------------------------------------------------
                                              9.203309   slack (MET)


Startpoint: dsa[10]._8_ (rising edge-triggered flip-flop clocked by core_clock)
Endpoint: dsa[10]._9_ (rising edge-triggered flip-flop clocked by core_clock)
Path Group: core_clock
Path Type: max

Fanout         Cap        Slew       Delay        Time   Description
---------------------------------------------------------------------------------------------
                                  0.000000    0.000000   clock core_clock (rise edge)
                                  0.000000    0.000000   clock source latency
     1    0.015086    0.000000    0.000000    0.000000 ^ clk (in)
                                                         clk (net)
                      0.001413    0.000707    0.000707 ^ clkbuf_0_clk/A (sky130_fd_sc_hd__clkbuf_16)
     8    0.084849    0.102020    0.155491    0.156197 ^ clkbuf_0_clk/X (sky130_fd_sc_hd__clkbuf_16)
                                                         clknet_0_clk (net)
                      0.102659    0.006504    0.162701 ^ clkbuf_3_6__f_clk/A (sky130_fd_sc_hd__clkbuf_16)
     8    0.028138    0.049460    0.153866    0.316568 ^ clkbuf_3_6__f_clk/X (sky130_fd_sc_hd__clkbuf_16)
                                                         clknet_3_6__leaf_clk (net)
                      0.049481    0.001471    0.318039 ^ dsa[10]._8_/CLK (sky130_fd_sc_hd__dfrtp_1)
     2    0.005753    0.052612    0.371270    0.689309 v dsa[10]._8_/Q (sky130_fd_sc_hd__dfrtp_1)
                                                         dsa[10].last_carry (net)
                      0.052612    0.000343    0.689652 v dsa[10]._4_/B1 (sky130_fd_sc_hd__a21o_1)
     2    0.005335    0.043880    0.162908    0.852560 v dsa[10]._4_/X (sky130_fd_sc_hd__a21o_1)
                                                         dsa[10]._1_ (net)
                      0.043881    0.000335    0.852895 v dsa[10]._5_/B (sky130_fd_sc_hd__nand2_1)
     1    0.005004    0.061185    0.074214    0.927109 ^ dsa[10]._5_/Y (sky130_fd_sc_hd__nand2_1)
                                                         dsa[10]._2_ (net)
                      0.061186    0.000375    0.927484 ^ dsa[10]._6_/B (sky130_fd_sc_hd__xnor2_1)
     1    0.002711    0.114020    0.108214    1.035698 ^ dsa[10]._6_/Y (sky130_fd_sc_hd__xnor2_1)
                                                         dsa[10].y_out_next (net)
                      0.114020    0.000199    1.035897 ^ dsa[10]._9_/D (sky130_fd_sc_hd__dfrtp_1)
                                              1.035897   data arrival time

                                 10.000000   10.000000   clock core_clock (rise edge)
                                  0.000000   10.000000   clock source latency
     1    0.015086    0.000000    0.000000   10.000000 ^ clk (in)
                                                         clk (net)
                      0.001413    0.000707   10.000708 ^ clkbuf_0_clk/A (sky130_fd_sc_hd__clkbuf_16)
     8    0.084849    0.102020    0.155491   10.156198 ^ clkbuf_0_clk/X (sky130_fd_sc_hd__clkbuf_16)
                                                         clknet_0_clk (net)
                      0.102659    0.006503   10.162702 ^ clkbuf_3_6__f_clk/A (sky130_fd_sc_hd__clkbuf_16)
     8    0.028138    0.049460    0.153867   10.316568 ^ clkbuf_3_6__f_clk/X (sky130_fd_sc_hd__clkbuf_16)
                                                         clknet_3_6__leaf_clk (net)
                      0.049479    0.001333   10.317902 ^ dsa[10]._9_/CLK (sky130_fd_sc_hd__dfrtp_1)
                                  0.000000   10.317902   clock reconvergence pessimism
                                 -0.075078   10.242823   library setup time
                                             10.242823   data required time
---------------------------------------------------------------------------------------------
                                             10.242823   data required time
                                             -1.035897   data arrival time
---------------------------------------------------------------------------------------------
                                              9.206926   slack (MET)


Startpoint: dsa[13]._8_ (rising edge-triggered flip-flop clocked by core_clock)
Endpoint: dsa[13]._9_ (rising edge-triggered flip-flop clocked by core_clock)
Path Group: core_clock
Path Type: max

Fanout         Cap        Slew       Delay        Time   Description
---------------------------------------------------------------------------------------------
                                  0.000000    0.000000   clock core_clock (rise edge)
                                  0.000000    0.000000   clock source latency
     1    0.015086    0.000000    0.000000    0.000000 ^ clk (in)
                                                         clk (net)
                      0.001413    0.000707    0.000707 ^ clkbuf_0_clk/A (sky130_fd_sc_hd__clkbuf_16)
     8    0.084849    0.102020    0.155491    0.156197 ^ clkbuf_0_clk/X (sky130_fd_sc_hd__clkbuf_16)
                                                         clknet_0_clk (net)
                      0.102376    0.004924    0.161122 ^ clkbuf_3_3__f_clk/A (sky130_fd_sc_hd__clkbuf_16)
     9    0.028189    0.049503    0.153798    0.314920 ^ clkbuf_3_3__f_clk/X (sky130_fd_sc_hd__clkbuf_16)
                                                         clknet_3_3__leaf_clk (net)
                      0.049522    0.001394    0.316314 ^ dsa[13]._8_/CLK (sky130_fd_sc_hd__dfrtp_1)
     2    0.005587    0.051818    0.370441    0.686755 v dsa[13]._8_/Q (sky130_fd_sc_hd__dfrtp_1)
                                                         dsa[13].last_carry (net)
                      0.051818    0.000190    0.686945 v dsa[13]._4_/B1 (sky130_fd_sc_hd__a21o_1)
     2    0.005532    0.044607    0.163564    0.850508 v dsa[13]._4_/X (sky130_fd_sc_hd__a21o_1)
                                                         dsa[13]._1_ (net)
                      0.044609    0.000347    0.850855 v dsa[13]._5_/B (sky130_fd_sc_hd__nand2_1)
     1    0.005307    0.063724    0.076402    0.927257 ^ dsa[13]._5_/Y (sky130_fd_sc_hd__nand2_1)
                                                         dsa[13]._2_ (net)
                      0.063726    0.000409    0.927666 ^ dsa[13]._6_/B (sky130_fd_sc_hd__xnor2_1)
     1    0.002435    0.108795    0.106746    1.034412 ^ dsa[13]._6_/Y (sky130_fd_sc_hd__xnor2_1)
                                                         dsa[13].y_out_next (net)
                      0.108795    0.000169    1.034581 ^ dsa[13]._9_/D (sky130_fd_sc_hd__dfrtp_1)
                                              1.034581   data arrival time

                                 10.000000   10.000000   clock core_clock (rise edge)
                                  0.000000   10.000000   clock source latency
     1    0.015086    0.000000    0.000000   10.000000 ^ clk (in)
                                                         clk (net)
                      0.001413    0.000707   10.000708 ^ clkbuf_0_clk/A (sky130_fd_sc_hd__clkbuf_16)
     8    0.084849    0.102020    0.155491   10.156198 ^ clkbuf_0_clk/X (sky130_fd_sc_hd__clkbuf_16)
                                                         clknet_0_clk (net)
                      0.102376    0.004924   10.161122 ^ clkbuf_3_3__f_clk/A (sky130_fd_sc_hd__clkbuf_16)
     9    0.028189    0.049503    0.153798   10.314919 ^ clkbuf_3_3__f_clk/X (sky130_fd_sc_hd__clkbuf_16)
                                                         clknet_3_3__leaf_clk (net)
                      0.049523    0.001420   10.316340 ^ dsa[13]._9_/CLK (sky130_fd_sc_hd__dfrtp_1)
                                  0.000000   10.316340   clock reconvergence pessimism
                                 -0.073866   10.242474   library setup time
                                             10.242474   data required time
---------------------------------------------------------------------------------------------
                                             10.242474   data required time
                                             -1.034581   data arrival time
---------------------------------------------------------------------------------------------
                                              9.207893   slack (MET)


Startpoint: dsa[7]._8_ (rising edge-triggered flip-flop clocked by core_clock)
Endpoint: dsa[7]._9_ (rising edge-triggered flip-flop clocked by core_clock)
Path Group: core_clock
Path Type: max

Fanout         Cap        Slew       Delay        Time   Description
---------------------------------------------------------------------------------------------
                                  0.000000    0.000000   clock core_clock (rise edge)
                                  0.000000    0.000000   clock source latency
     1    0.015086    0.000000    0.000000    0.000000 ^ clk (in)
                                                         clk (net)
                      0.001413    0.000707    0.000707 ^ clkbuf_0_clk/A (sky130_fd_sc_hd__clkbuf_16)
     8    0.084849    0.102020    0.155491    0.156197 ^ clkbuf_0_clk/X (sky130_fd_sc_hd__clkbuf_16)
                                                         clknet_0_clk (net)
                      0.103192    0.008714    0.164911 ^ clkbuf_3_4__f_clk/A (sky130_fd_sc_hd__clkbuf_16)
     9    0.023560    0.045046    0.149734    0.314645 ^ clkbuf_3_4__f_clk/X (sky130_fd_sc_hd__clkbuf_16)
                                                         clknet_3_4__leaf_clk (net)
                      0.045084    0.001125    0.315770 ^ dsa[7]._8_/CLK (sky130_fd_sc_hd__dfrtp_1)
     2    0.005211    0.050175    0.366715    0.682486 v dsa[7]._8_/Q (sky130_fd_sc_hd__dfrtp_1)
                                                         dsa[7].last_carry (net)
                      0.050175    0.000330    0.682815 v dsa[7]._4_/B1 (sky130_fd_sc_hd__a21o_1)
     2    0.005374    0.044013    0.162366    0.845181 v dsa[7]._4_/X (sky130_fd_sc_hd__a21o_1)
                                                         dsa[7]._1_ (net)
                      0.044014    0.000254    0.845436 v dsa[7]._5_/B (sky130_fd_sc_hd__nand2_1)
     1    0.004855    0.059945    0.073411    0.918847 ^ dsa[7]._5_/Y (sky130_fd_sc_hd__nand2_1)
                                                         dsa[7]._2_ (net)
                      0.059945    0.000226    0.919073 ^ dsa[7]._6_/B (sky130_fd_sc_hd__xnor2_1)
     1    0.003037    0.120194    0.110391    1.029464 ^ dsa[7]._6_/Y (sky130_fd_sc_hd__xnor2_1)
                                                         dsa[7].y_out_next (net)
                      0.120194    0.000197    1.029661 ^ dsa[7]._9_/D (sky130_fd_sc_hd__dfrtp_1)
                                              1.029661   data arrival time

                                 10.000000   10.000000   clock core_clock (rise edge)
                                  0.000000   10.000000   clock source latency
     1    0.015086    0.000000    0.000000   10.000000 ^ clk (in)
                                                         clk (net)
                      0.001413    0.000707   10.000708 ^ clkbuf_0_clk/A (sky130_fd_sc_hd__clkbuf_16)
     8    0.084849    0.102020    0.155491   10.156198 ^ clkbuf_0_clk/X (sky130_fd_sc_hd__clkbuf_16)
                                                         clknet_0_clk (net)
                      0.103192    0.008714   10.164912 ^ clkbuf_3_4__f_clk/A (sky130_fd_sc_hd__clkbuf_16)
     9    0.023560    0.045046    0.149734   10.314646 ^ clkbuf_3_4__f_clk/X (sky130_fd_sc_hd__clkbuf_16)
                                                         clknet_3_4__leaf_clk (net)
                      0.045079    0.001061   10.315707 ^ dsa[7]._9_/CLK (sky130_fd_sc_hd__dfrtp_1)
                                  0.000000   10.315707   clock reconvergence pessimism
                                 -0.077182   10.238525   library setup time
                                             10.238525   data required time
---------------------------------------------------------------------------------------------
                                             10.238525   data required time
                                             -1.029661   data arrival time
---------------------------------------------------------------------------------------------
                                              9.208864   slack (MET)


Startpoint: dsa[20]._8_ (rising edge-triggered flip-flop clocked by core_clock)
Endpoint: dsa[20]._9_ (rising edge-triggered flip-flop clocked by core_clock)
Path Group: core_clock
Path Type: max

Fanout         Cap        Slew       Delay        Time   Description
---------------------------------------------------------------------------------------------
                                  0.000000    0.000000   clock core_clock (rise edge)
                                  0.000000    0.000000   clock source latency
     1    0.015086    0.000000    0.000000    0.000000 ^ clk (in)
                                                         clk (net)
                      0.001413    0.000707    0.000707 ^ clkbuf_0_clk/A (sky130_fd_sc_hd__clkbuf_16)
     8    0.084849    0.102020    0.155491    0.156197 ^ clkbuf_0_clk/X (sky130_fd_sc_hd__clkbuf_16)
                                                         clknet_0_clk (net)
                      0.103596    0.010073    0.166271 ^ clkbuf_3_1__f_clk/A (sky130_fd_sc_hd__clkbuf_16)
     7    0.025481    0.046812    0.151679    0.317950 ^ clkbuf_3_1__f_clk/X (sky130_fd_sc_hd__clkbuf_16)
                                                         clknet_3_1__leaf_clk (net)
                      0.046849    0.001154    0.319104 ^ dsa[20]._8_/CLK (sky130_fd_sc_hd__dfrtp_1)
     2    0.005869    0.053190    0.370882    0.689986 v dsa[20]._8_/Q (sky130_fd_sc_hd__dfrtp_1)
                                                         dsa[20].last_carry (net)
                      0.053190    0.000381    0.690367 v dsa[20]._4_/B1 (sky130_fd_sc_hd__a21o_1)
     2    0.005463    0.044372    0.163780    0.854147 v dsa[20]._4_/X (sky130_fd_sc_hd__a21o_1)
                                                         dsa[20]._1_ (net)
                      0.044372    0.000207    0.854353 v dsa[20]._5_/B (sky130_fd_sc_hd__nand2_1)
     1    0.004980    0.060982    0.074284    0.928637 ^ dsa[20]._5_/Y (sky130_fd_sc_hd__nand2_1)
                                                         dsa[20]._2_ (net)
                      0.060984    0.000373    0.929010 ^ dsa[20]._6_/B (sky130_fd_sc_hd__xnor2_1)
     1    0.002530    0.110604    0.106723    1.035733 ^ dsa[20]._6_/Y (sky130_fd_sc_hd__xnor2_1)
                                                         dsa[20].y_out_next (net)
                      0.110604    0.000172    1.035905 ^ dsa[20]._9_/D (sky130_fd_sc_hd__dfrtp_1)
                                              1.035905   data arrival time

                                 10.000000   10.000000   clock core_clock (rise edge)
                                  0.000000   10.000000   clock source latency
     1    0.015086    0.000000    0.000000   10.000000 ^ clk (in)
                                                         clk (net)
                      0.001413    0.000707   10.000708 ^ clkbuf_0_clk/A (sky130_fd_sc_hd__clkbuf_16)
     8    0.084849    0.102020    0.155491   10.156198 ^ clkbuf_0_clk/X (sky130_fd_sc_hd__clkbuf_16)
                                                         clknet_0_clk (net)
                      0.103612    0.010123   10.166322 ^ clkbuf_3_0__f_clk/A (sky130_fd_sc_hd__clkbuf_16)
    10    0.033916    0.054391    0.158320   10.324642 ^ clkbuf_3_0__f_clk/X (sky130_fd_sc_hd__clkbuf_16)
                                                         clknet_3_0__leaf_clk (net)
                      0.054448    0.001431   10.326073 ^ dsa[20]._9_/CLK (sky130_fd_sc_hd__dfrtp_1)
                                  0.000000   10.326073   clock reconvergence pessimism
                                 -0.073526   10.252546   library setup time
                                             10.252546   data required time
---------------------------------------------------------------------------------------------
                                             10.252546   data required time
                                             -1.035905   data arrival time
---------------------------------------------------------------------------------------------
                                              9.216642   slack (MET)


Startpoint: dsa[0]._8_ (rising edge-triggered flip-flop clocked by core_clock)
Endpoint: dsa[0]._9_ (rising edge-triggered flip-flop clocked by core_clock)
Path Group: core_clock
Path Type: max

Fanout         Cap        Slew       Delay        Time   Description
---------------------------------------------------------------------------------------------
                                  0.000000    0.000000   clock core_clock (rise edge)
                                  0.000000    0.000000   clock source latency
     1    0.015086    0.000000    0.000000    0.000000 ^ clk (in)
                                                         clk (net)
                      0.001413    0.000707    0.000707 ^ clkbuf_0_clk/A (sky130_fd_sc_hd__clkbuf_16)
     8    0.084849    0.102020    0.155491    0.156197 ^ clkbuf_0_clk/X (sky130_fd_sc_hd__clkbuf_16)
                                                         clknet_0_clk (net)
                      0.102684    0.006629    0.162826 ^ clkbuf_3_7__f_clk/A (sky130_fd_sc_hd__clkbuf_16)
    10    0.030780    0.051710    0.155752    0.318579 ^ clkbuf_3_7__f_clk/X (sky130_fd_sc_hd__clkbuf_16)
                                                         clknet_3_7__leaf_clk (net)
                      0.051750    0.001917    0.320495 ^ dsa[0]._8_/CLK (sky130_fd_sc_hd__dfrtp_1)
     2    0.005086    0.049540    0.368604    0.689099 v dsa[0]._8_/Q (sky130_fd_sc_hd__dfrtp_1)
                                                         dsa[0].last_carry (net)
                      0.049540    0.000177    0.689276 v dsa[0]._4_/B1 (sky130_fd_sc_hd__a21o_1)
     2    0.005673    0.045234    0.163474    0.852750 v dsa[0]._4_/X (sky130_fd_sc_hd__a21o_1)
                                                         dsa[0]._1_ (net)
                      0.045236    0.000361    0.853111 v dsa[0]._5_/B (sky130_fd_sc_hd__nand2_1)
     1    0.005465    0.065053    0.077665    0.930776 ^ dsa[0]._5_/Y (sky130_fd_sc_hd__nand2_1)
                                                         dsa[0]._2_ (net)
                      0.065054    0.000413    0.931190 ^ dsa[0]._6_/B (sky130_fd_sc_hd__xnor2_1)
     1    0.002314    0.042145    0.057912    0.989102 v dsa[0]._6_/Y (sky130_fd_sc_hd__xnor2_1)
                                                         dsa[0].y_out_next (net)
                      0.042145    0.000161    0.989262 v dsa[0]._9_/D (sky130_fd_sc_hd__dfrtp_1)
                                              0.989262   data arrival time

                                 10.000000   10.000000   clock core_clock (rise edge)
                                  0.000000   10.000000   clock source latency
     1    0.015086    0.000000    0.000000   10.000000 ^ clk (in)
                                                         clk (net)
                      0.001413    0.000707   10.000708 ^ clkbuf_0_clk/A (sky130_fd_sc_hd__clkbuf_16)
     8    0.084849    0.102020    0.155491   10.156198 ^ clkbuf_0_clk/X (sky130_fd_sc_hd__clkbuf_16)
                                                         clknet_0_clk (net)
                      0.102684    0.006628   10.162827 ^ clkbuf_3_7__f_clk/A (sky130_fd_sc_hd__clkbuf_16)
    10    0.030780    0.051710    0.155753   10.318579 ^ clkbuf_3_7__f_clk/X (sky130_fd_sc_hd__clkbuf_16)
                                                         clknet_3_7__leaf_clk (net)
                      0.051734    0.001565   10.320144 ^ dsa[0]._9_/CLK (sky130_fd_sc_hd__dfrtp_1)
                                  0.000000   10.320144   clock reconvergence pessimism
                                 -0.111487   10.208656   library setup time
                                             10.208656   data required time
---------------------------------------------------------------------------------------------
                                             10.208656   data required time
                                             -0.989262   data arrival time
---------------------------------------------------------------------------------------------
                                              9.219395   slack (MET)


Startpoint: dsa[0]._8_ (rising edge-triggered flip-flop clocked by core_clock)
Endpoint: dsa[0]._8_ (rising edge-triggered flip-flop clocked by core_clock)
Path Group: core_clock
Path Type: max

Fanout         Cap        Slew       Delay        Time   Description
---------------------------------------------------------------------------------------------
                                  0.000000    0.000000   clock core_clock (rise edge)
                                  0.000000    0.000000   clock source latency
     1    0.015086    0.000000    0.000000    0.000000 ^ clk (in)
                                                         clk (net)
                      0.001413    0.000707    0.000707 ^ clkbuf_0_clk/A (sky130_fd_sc_hd__clkbuf_16)
     8    0.084849    0.102020    0.155491    0.156197 ^ clkbuf_0_clk/X (sky130_fd_sc_hd__clkbuf_16)
                                                         clknet_0_clk (net)
                      0.102684    0.006629    0.162826 ^ clkbuf_3_7__f_clk/A (sky130_fd_sc_hd__clkbuf_16)
    10    0.030780    0.051710    0.155752    0.318579 ^ clkbuf_3_7__f_clk/X (sky130_fd_sc_hd__clkbuf_16)
                                                         clknet_3_7__leaf_clk (net)
                      0.051750    0.001917    0.320495 ^ dsa[0]._8_/CLK (sky130_fd_sc_hd__dfrtp_1)
     2    0.005086    0.049540    0.368604    0.689099 v dsa[0]._8_/Q (sky130_fd_sc_hd__dfrtp_1)
                                                         dsa[0].last_carry (net)
                      0.049540    0.000188    0.689287 v dsa[0]._3_/A (sky130_fd_sc_hd__nand3_1)
     2    0.005407    0.084951    0.081613    0.770900 ^ dsa[0]._3_/Y (sky130_fd_sc_hd__nand3_1)
                                                         dsa[0]._0_ (net)
                      0.084951    0.000360    0.771260 ^ dsa[0]._7_/B1_N (sky130_fd_sc_hd__a21bo_1)
     1    0.002572    0.033159    0.199433    0.970693 v dsa[0]._7_/X (sky130_fd_sc_hd__a21bo_1)
                                                         dsa[0].last_carry_next (net)
                      0.033159    0.000189    0.970882 v dsa[0]._8_/D (sky130_fd_sc_hd__dfrtp_1)
                                              0.970882   data arrival time

                                 10.000000   10.000000   clock core_clock (rise edge)
                                  0.000000   10.000000   clock source latency
     1    0.015086    0.000000    0.000000   10.000000 ^ clk (in)
                                                         clk (net)
                      0.001413    0.000707   10.000708 ^ clkbuf_0_clk/A (sky130_fd_sc_hd__clkbuf_16)
     8    0.084849    0.102020    0.155491   10.156198 ^ clkbuf_0_clk/X (sky130_fd_sc_hd__clkbuf_16)
                                                         clknet_0_clk (net)
                      0.102684    0.006628   10.162827 ^ clkbuf_3_7__f_clk/A (sky130_fd_sc_hd__clkbuf_16)
    10    0.030780    0.051710    0.155753   10.318579 ^ clkbuf_3_7__f_clk/X (sky130_fd_sc_hd__clkbuf_16)
                                                         clknet_3_7__leaf_clk (net)
                      0.051750    0.001917   10.320496 ^ dsa[0]._8_/CLK (sky130_fd_sc_hd__dfrtp_1)
                                  0.000000   10.320496   clock reconvergence pessimism
                                 -0.107565   10.212932   library setup time
                                             10.212932   data required time
---------------------------------------------------------------------------------------------
                                             10.212932   data required time
                                             -0.970882   data arrival time
---------------------------------------------------------------------------------------------
                                              9.242049   slack (MET)



