
===========================================================================
report_checks -path_delay min (Hold)
============================================================================
======================= max_tt_025C_1v80 Corner ===================================

Startpoint: dsa[25]._9_ (rising edge-triggered flip-flop clocked by core_clock)
Endpoint: dsa[26]._9_ (rising edge-triggered flip-flop clocked by core_clock)
Path Group: core_clock
Path Type: min

Fanout         Cap        Slew       Delay        Time   Description
---------------------------------------------------------------------------------------------
                                  0.000000    0.000000   clock core_clock (rise edge)
                                  0.000000    0.000000   clock source latency
     1    0.015086    0.000000    0.000000    0.000000 ^ clk (in)
                                                         clk (net)
                      0.001413    0.000707    0.000707 ^ clkbuf_0_clk/A (sky130_fd_sc_hd__clkbuf_16)
     8    0.084849    0.102020    0.155491    0.156197 ^ clkbuf_0_clk/X (sky130_fd_sc_hd__clkbuf_16)
                                                         clknet_0_clk (net)
                      0.102432    0.005282    0.161479 ^ clkbuf_3_2__f_clk/A (sky130_fd_sc_hd__clkbuf_16)
    10    0.033019    0.053602    0.157159    0.318638 ^ clkbuf_3_2__f_clk/X (sky130_fd_sc_hd__clkbuf_16)
                                                         clknet_3_2__leaf_clk (net)
                      0.053662    0.001706    0.320345 ^ dsa[25]._9_/CLK (sky130_fd_sc_hd__dfrtp_1)
     2    0.008499    0.089251    0.356550    0.676894 ^ dsa[25]._9_/Q (sky130_fd_sc_hd__dfrtp_1)
                                                         dsa[25].y_out (net)
                      0.089251    0.000325    0.677219 ^ dsa[26]._6_/A (sky130_fd_sc_hd__xnor2_1)
     1    0.002424    0.032215    0.073156    0.750375 v dsa[26]._6_/Y (sky130_fd_sc_hd__xnor2_1)
                                                         dsa[26].y_out_next (net)
                      0.032215    0.000167    0.750541 v dsa[26]._9_/D (sky130_fd_sc_hd__dfrtp_1)
                                              0.750541   data arrival time

                                  0.000000    0.000000   clock core_clock (rise edge)
                                  0.000000    0.000000   clock source latency
     1    0.015086    0.000000    0.000000    0.000000 ^ clk (in)
                                                         clk (net)
                      0.001413    0.000707    0.000707 ^ clkbuf_0_clk/A (sky130_fd_sc_hd__clkbuf_16)
     8    0.084849    0.102020    0.155491    0.156197 ^ clkbuf_0_clk/X (sky130_fd_sc_hd__clkbuf_16)
                                                         clknet_0_clk (net)
                      0.102432    0.005282    0.161479 ^ clkbuf_3_2__f_clk/A (sky130_fd_sc_hd__clkbuf_16)
    10    0.033019    0.053602    0.157159    0.318638 ^ clkbuf_3_2__f_clk/X (sky130_fd_sc_hd__clkbuf_16)
                                                         clknet_3_2__leaf_clk (net)
                      0.053686    0.001949    0.320587 ^ dsa[26]._9_/CLK (sky130_fd_sc_hd__dfrtp_1)
                                  0.000000    0.320587   clock reconvergence pessimism
                                 -0.038590    0.281997   library hold time
                                              0.281997   data required time
---------------------------------------------------------------------------------------------
                                              0.281997   data required time
                                             -0.750541   data arrival time
---------------------------------------------------------------------------------------------
                                              0.468544   slack (MET)


Startpoint: dsa[0]._9_ (rising edge-triggered flip-flop clocked by core_clock)
Endpoint: dsa[1]._9_ (rising edge-triggered flip-flop clocked by core_clock)
Path Group: core_clock
Path Type: min

Fanout         Cap        Slew       Delay        Time   Description
---------------------------------------------------------------------------------------------
                                  0.000000    0.000000   clock core_clock (rise edge)
                                  0.000000    0.000000   clock source latency
     1    0.015086    0.000000    0.000000    0.000000 ^ clk (in)
                                                         clk (net)
                      0.001413    0.000707    0.000707 ^ clkbuf_0_clk/A (sky130_fd_sc_hd__clkbuf_16)
     8    0.084849    0.102020    0.155491    0.156197 ^ clkbuf_0_clk/X (sky130_fd_sc_hd__clkbuf_16)
                                                         clknet_0_clk (net)
                      0.102684    0.006629    0.162826 ^ clkbuf_3_7__f_clk/A (sky130_fd_sc_hd__clkbuf_16)
    10    0.030780    0.051710    0.155752    0.318579 ^ clkbuf_3_7__f_clk/X (sky130_fd_sc_hd__clkbuf_16)
                                                         clknet_3_7__leaf_clk (net)
                      0.051734    0.001565    0.320144 ^ dsa[0]._9_/CLK (sky130_fd_sc_hd__dfrtp_1)
     2    0.008541    0.089536    0.356114    0.676258 ^ dsa[0]._9_/Q (sky130_fd_sc_hd__dfrtp_1)
                                                         dsa[0].y_out (net)
                      0.089536    0.000328    0.676586 ^ dsa[1]._6_/A (sky130_fd_sc_hd__xnor2_1)
     1    0.002498    0.031468    0.073711    0.750297 v dsa[1]._6_/Y (sky130_fd_sc_hd__xnor2_1)
                                                         dsa[1].y_out_next (net)
                      0.031468    0.000183    0.750480 v dsa[1]._9_/D (sky130_fd_sc_hd__dfrtp_1)
                                              0.750480   data arrival time

                                  0.000000    0.000000   clock core_clock (rise edge)
                                  0.000000    0.000000   clock source latency
     1    0.015086    0.000000    0.000000    0.000000 ^ clk (in)
                                                         clk (net)
                      0.001413    0.000707    0.000707 ^ clkbuf_0_clk/A (sky130_fd_sc_hd__clkbuf_16)
     8    0.084849    0.102020    0.155491    0.156197 ^ clkbuf_0_clk/X (sky130_fd_sc_hd__clkbuf_16)
                                                         clknet_0_clk (net)
                      0.102684    0.006629    0.162826 ^ clkbuf_3_7__f_clk/A (sky130_fd_sc_hd__clkbuf_16)
    10    0.030780    0.051710    0.155752    0.318579 ^ clkbuf_3_7__f_clk/X (sky130_fd_sc_hd__clkbuf_16)
                                                         clknet_3_7__leaf_clk (net)
                      0.051732    0.001441    0.320020 ^ dsa[1]._9_/CLK (sky130_fd_sc_hd__dfrtp_1)
                                  0.000000    0.320020   clock reconvergence pessimism
                                 -0.038731    0.281288   library hold time
                                              0.281288   data required time
---------------------------------------------------------------------------------------------
                                              0.281288   data required time
                                             -0.750480   data arrival time
---------------------------------------------------------------------------------------------
                                              0.469192   slack (MET)


Startpoint: dsa[4]._9_ (rising edge-triggered flip-flop clocked by core_clock)
Endpoint: dsa[5]._9_ (rising edge-triggered flip-flop clocked by core_clock)
Path Group: core_clock
Path Type: min

Fanout         Cap        Slew       Delay        Time   Description
---------------------------------------------------------------------------------------------
                                  0.000000    0.000000   clock core_clock (rise edge)
                                  0.000000    0.000000   clock source latency
     1    0.015086    0.000000    0.000000    0.000000 ^ clk (in)
                                                         clk (net)
                      0.001413    0.000707    0.000707 ^ clkbuf_0_clk/A (sky130_fd_sc_hd__clkbuf_16)
     8    0.084849    0.102020    0.155491    0.156197 ^ clkbuf_0_clk/X (sky130_fd_sc_hd__clkbuf_16)
                                                         clknet_0_clk (net)
                      0.103280    0.009025    0.165222 ^ clkbuf_3_5__f_clk/A (sky130_fd_sc_hd__clkbuf_16)
     8    0.030792    0.051721    0.155982    0.321204 ^ clkbuf_3_5__f_clk/X (sky130_fd_sc_hd__clkbuf_16)
                                                         clknet_3_5__leaf_clk (net)
                      0.051735    0.000931    0.322135 ^ dsa[4]._9_/CLK (sky130_fd_sc_hd__dfrtp_1)
     2    0.008593    0.089933    0.356352    0.678487 ^ dsa[4]._9_/Q (sky130_fd_sc_hd__dfrtp_1)
                                                         dsa[4].y_out (net)
                      0.089935    0.000565    0.679052 ^ dsa[5]._6_/A (sky130_fd_sc_hd__xnor2_1)
     1    0.002733    0.033332    0.075296    0.754348 v dsa[5]._6_/Y (sky130_fd_sc_hd__xnor2_1)
                                                         dsa[5].y_out_next (net)
                      0.033332    0.000178    0.754526 v dsa[5]._9_/D (sky130_fd_sc_hd__dfrtp_1)
                                              0.754526   data arrival time

                                  0.000000    0.000000   clock core_clock (rise edge)
                                  0.000000    0.000000   clock source latency
     1    0.015086    0.000000    0.000000    0.000000 ^ clk (in)
                                                         clk (net)
                      0.001413    0.000707    0.000707 ^ clkbuf_0_clk/A (sky130_fd_sc_hd__clkbuf_16)
     8    0.084849    0.102020    0.155491    0.156197 ^ clkbuf_0_clk/X (sky130_fd_sc_hd__clkbuf_16)
                                                         clknet_0_clk (net)
                      0.103280    0.009025    0.165222 ^ clkbuf_3_5__f_clk/A (sky130_fd_sc_hd__clkbuf_16)
     8    0.030792    0.051721    0.155982    0.321204 ^ clkbuf_3_5__f_clk/X (sky130_fd_sc_hd__clkbuf_16)
                                                         clknet_3_5__leaf_clk (net)
                      0.051743    0.001469    0.322673 ^ dsa[5]._9_/CLK (sky130_fd_sc_hd__dfrtp_1)
                                  0.000000    0.322673   clock reconvergence pessimism
                                 -0.039487    0.283185   library hold time
                                              0.283185   data required time
---------------------------------------------------------------------------------------------
                                              0.283185   data required time
                                             -0.754526   data arrival time
---------------------------------------------------------------------------------------------
                                              0.471341   slack (MET)


Startpoint: dsa[15]._9_ (rising edge-triggered flip-flop clocked by core_clock)
Endpoint: dsa[16]._9_ (rising edge-triggered flip-flop clocked by core_clock)
Path Group: core_clock
Path Type: min

Fanout         Cap        Slew       Delay        Time   Description
---------------------------------------------------------------------------------------------
                                  0.000000    0.000000   clock core_clock (rise edge)
                                  0.000000    0.000000   clock source latency
     1    0.015086    0.000000    0.000000    0.000000 ^ clk (in)
                                                         clk (net)
                      0.001413    0.000707    0.000707 ^ clkbuf_0_clk/A (sky130_fd_sc_hd__clkbuf_16)
     8    0.084849    0.102020    0.155491    0.156197 ^ clkbuf_0_clk/X (sky130_fd_sc_hd__clkbuf_16)
                                                         clknet_0_clk (net)
                      0.103192    0.008714    0.164911 ^ clkbuf_3_4__f_clk/A (sky130_fd_sc_hd__clkbuf_16)
     9    0.023560    0.045046    0.149734    0.314645 ^ clkbuf_3_4__f_clk/X (sky130_fd_sc_hd__clkbuf_16)
                                                         clknet_3_4__leaf_clk (net)
                      0.045102    0.001341    0.315986 ^ dsa[15]._9_/CLK (sky130_fd_sc_hd__dfrtp_1)
     2    0.008342    0.088207    0.352166    0.668152 ^ dsa[15]._9_/Q (sky130_fd_sc_hd__dfrtp_1)
                                                         dsa[15].y_out (net)
                      0.088209    0.000565    0.668718 ^ dsa[16]._6_/A (sky130_fd_sc_hd__xnor2_1)
     1    0.003278    0.036667    0.078079    0.746797 v dsa[16]._6_/Y (sky130_fd_sc_hd__xnor2_1)
                                                         dsa[16].y_out_next (net)
                      0.036667    0.000204    0.747001 v dsa[16]._9_/D (sky130_fd_sc_hd__dfrtp_1)
                                              0.747001   data arrival time

                                  0.000000    0.000000   clock core_clock (rise edge)
                                  0.000000    0.000000   clock source latency
     1    0.015086    0.000000    0.000000    0.000000 ^ clk (in)
                                                         clk (net)
                      0.001413    0.000707    0.000707 ^ clkbuf_0_clk/A (sky130_fd_sc_hd__clkbuf_16)
     8    0.084849    0.102020    0.155491    0.156197 ^ clkbuf_0_clk/X (sky130_fd_sc_hd__clkbuf_16)
                                                         clknet_0_clk (net)
                      0.103192    0.008714    0.164911 ^ clkbuf_3_4__f_clk/A (sky130_fd_sc_hd__clkbuf_16)
     9    0.023560    0.045046    0.149734    0.314645 ^ clkbuf_3_4__f_clk/X (sky130_fd_sc_hd__clkbuf_16)
                                                         clknet_3_4__leaf_clk (net)
                      0.045081    0.001090    0.315735 ^ dsa[16]._9_/CLK (sky130_fd_sc_hd__dfrtp_1)
                                  0.000000    0.315735   clock reconvergence pessimism
                                 -0.042365    0.273370   library hold time
                                              0.273370   data required time
---------------------------------------------------------------------------------------------
                                              0.273370   data required time
                                             -0.747001   data arrival time
---------------------------------------------------------------------------------------------
                                              0.473631   slack (MET)


Startpoint: dsa[16]._9_ (rising edge-triggered flip-flop clocked by core_clock)
Endpoint: dsa[17]._9_ (rising edge-triggered flip-flop clocked by core_clock)
Path Group: core_clock
Path Type: min

Fanout         Cap        Slew       Delay        Time   Description
---------------------------------------------------------------------------------------------
                                  0.000000    0.000000   clock core_clock (rise edge)
                                  0.000000    0.000000   clock source latency
     1    0.015086    0.000000    0.000000    0.000000 ^ clk (in)
                                                         clk (net)
                      0.001413    0.000707    0.000707 ^ clkbuf_0_clk/A (sky130_fd_sc_hd__clkbuf_16)
     8    0.084849    0.102020    0.155491    0.156197 ^ clkbuf_0_clk/X (sky130_fd_sc_hd__clkbuf_16)
                                                         clknet_0_clk (net)
                      0.103192    0.008714    0.164911 ^ clkbuf_3_4__f_clk/A (sky130_fd_sc_hd__clkbuf_16)
     9    0.023560    0.045046    0.149734    0.314645 ^ clkbuf_3_4__f_clk/X (sky130_fd_sc_hd__clkbuf_16)
                                                         clknet_3_4__leaf_clk (net)
                      0.045081    0.001090    0.315735 ^ dsa[16]._9_/CLK (sky130_fd_sc_hd__dfrtp_1)
     2    0.009203    0.094047    0.357959    0.673694 ^ dsa[16]._9_/Q (sky130_fd_sc_hd__dfrtp_1)
                                                         dsa[16].y_out (net)
                      0.094049    0.000617    0.674311 ^ dsa[17]._6_/A (sky130_fd_sc_hd__xnor2_1)
     1    0.002529    0.031906    0.075144    0.749455 v dsa[17]._6_/Y (sky130_fd_sc_hd__xnor2_1)
                                                         dsa[17].y_out_next (net)
                      0.031906    0.000172    0.749627 v dsa[17]._9_/D (sky130_fd_sc_hd__dfrtp_1)
                                              0.749627   data arrival time

                                  0.000000    0.000000   clock core_clock (rise edge)
                                  0.000000    0.000000   clock source latency
     1    0.015086    0.000000    0.000000    0.000000 ^ clk (in)
                                                         clk (net)
                      0.001413    0.000707    0.000707 ^ clkbuf_0_clk/A (sky130_fd_sc_hd__clkbuf_16)
     8    0.084849    0.102020    0.155491    0.156197 ^ clkbuf_0_clk/X (sky130_fd_sc_hd__clkbuf_16)
                                                         clknet_0_clk (net)
                      0.103192    0.008714    0.164911 ^ clkbuf_3_4__f_clk/A (sky130_fd_sc_hd__clkbuf_16)
     9    0.023560    0.045046    0.149734    0.314645 ^ clkbuf_3_4__f_clk/X (sky130_fd_sc_hd__clkbuf_16)
                                                         clknet_3_4__leaf_clk (net)
                      0.045081    0.001091    0.315736 ^ dsa[17]._9_/CLK (sky130_fd_sc_hd__dfrtp_1)
                                  0.000000    0.315736   clock reconvergence pessimism
                                 -0.040426    0.275310   library hold time
                                              0.275310   data required time
---------------------------------------------------------------------------------------------
                                              0.275310   data required time
                                             -0.749627   data arrival time
---------------------------------------------------------------------------------------------
                                              0.474317   slack (MET)


Startpoint: dsa[19]._9_ (rising edge-triggered flip-flop clocked by core_clock)
Endpoint: dsa[20]._9_ (rising edge-triggered flip-flop clocked by core_clock)
Path Group: core_clock
Path Type: min

Fanout         Cap        Slew       Delay        Time   Description
---------------------------------------------------------------------------------------------
                                  0.000000    0.000000   clock core_clock (rise edge)
                                  0.000000    0.000000   clock source latency
     1    0.015086    0.000000    0.000000    0.000000 ^ clk (in)
                                                         clk (net)
                      0.001413    0.000707    0.000707 ^ clkbuf_0_clk/A (sky130_fd_sc_hd__clkbuf_16)
     8    0.084849    0.102020    0.155491    0.156197 ^ clkbuf_0_clk/X (sky130_fd_sc_hd__clkbuf_16)
                                                         clknet_0_clk (net)
                      0.103612    0.010124    0.166321 ^ clkbuf_3_0__f_clk/A (sky130_fd_sc_hd__clkbuf_16)
    10    0.033916    0.054391    0.158320    0.324641 ^ clkbuf_3_0__f_clk/X (sky130_fd_sc_hd__clkbuf_16)
                                                         clknet_3_0__leaf_clk (net)
                      0.054488    0.001869    0.326510 ^ dsa[19]._9_/CLK (sky130_fd_sc_hd__dfrtp_1)
     2    0.009103    0.093394    0.360810    0.687321 ^ dsa[19]._9_/Q (sky130_fd_sc_hd__dfrtp_1)
                                                         dsa[19].y_out (net)
                      0.093396    0.000632    0.687953 ^ dsa[20]._6_/A (sky130_fd_sc_hd__xnor2_1)
     1    0.002473    0.031337    0.074593    0.762546 v dsa[20]._6_/Y (sky130_fd_sc_hd__xnor2_1)
                                                         dsa[20].y_out_next (net)
                      0.031337    0.000167    0.762713 v dsa[20]._9_/D (sky130_fd_sc_hd__dfrtp_1)
                                              0.762713   data arrival time

                                  0.000000    0.000000   clock core_clock (rise edge)
                                  0.000000    0.000000   clock source latency
     1    0.015086    0.000000    0.000000    0.000000 ^ clk (in)
                                                         clk (net)
                      0.001413    0.000707    0.000707 ^ clkbuf_0_clk/A (sky130_fd_sc_hd__clkbuf_16)
     8    0.084849    0.102020    0.155491    0.156197 ^ clkbuf_0_clk/X (sky130_fd_sc_hd__clkbuf_16)
                                                         clknet_0_clk (net)
                      0.103612    0.010124    0.166321 ^ clkbuf_3_0__f_clk/A (sky130_fd_sc_hd__clkbuf_16)
    10    0.033916    0.054391    0.158320    0.324641 ^ clkbuf_3_0__f_clk/X (sky130_fd_sc_hd__clkbuf_16)
                                                         clknet_3_0__leaf_clk (net)
                      0.054448    0.001431    0.326072 ^ dsa[20]._9_/CLK (sky130_fd_sc_hd__dfrtp_1)
                                  0.000000    0.326072   clock reconvergence pessimism
                                 -0.038059    0.288014   library hold time
                                              0.288014   data required time
---------------------------------------------------------------------------------------------
                                              0.288014   data required time
                                             -0.762713   data arrival time
---------------------------------------------------------------------------------------------
                                              0.474699   slack (MET)


Startpoint: dsa[22]._9_ (rising edge-triggered flip-flop clocked by core_clock)
Endpoint: dsa[23]._9_ (rising edge-triggered flip-flop clocked by core_clock)
Path Group: core_clock
Path Type: min

Fanout         Cap        Slew       Delay        Time   Description
---------------------------------------------------------------------------------------------
                                  0.000000    0.000000   clock core_clock (rise edge)
                                  0.000000    0.000000   clock source latency
     1    0.015086    0.000000    0.000000    0.000000 ^ clk (in)
                                                         clk (net)
                      0.001413    0.000707    0.000707 ^ clkbuf_0_clk/A (sky130_fd_sc_hd__clkbuf_16)
     8    0.084849    0.102020    0.155491    0.156197 ^ clkbuf_0_clk/X (sky130_fd_sc_hd__clkbuf_16)
                                                         clknet_0_clk (net)
                      0.102376    0.004924    0.161122 ^ clkbuf_3_3__f_clk/A (sky130_fd_sc_hd__clkbuf_16)
     9    0.028189    0.049503    0.153798    0.314920 ^ clkbuf_3_3__f_clk/X (sky130_fd_sc_hd__clkbuf_16)
                                                         clknet_3_3__leaf_clk (net)
                      0.049520    0.001240    0.316159 ^ dsa[22]._9_/CLK (sky130_fd_sc_hd__dfrtp_1)
     2    0.008896    0.091976    0.357575    0.673734 ^ dsa[22]._9_/Q (sky130_fd_sc_hd__dfrtp_1)
                                                         dsa[22].y_out (net)
                      0.091977    0.000549    0.674284 ^ dsa[23]._6_/A (sky130_fd_sc_hd__xnor2_1)
     1    0.002876    0.033904    0.076705    0.750989 v dsa[23]._6_/Y (sky130_fd_sc_hd__xnor2_1)
                                                         dsa[23].y_out_next (net)
                      0.033905    0.000185    0.751174 v dsa[23]._9_/D (sky130_fd_sc_hd__dfrtp_1)
                                              0.751174   data arrival time

                                  0.000000    0.000000   clock core_clock (rise edge)
                                  0.000000    0.000000   clock source latency
     1    0.015086    0.000000    0.000000    0.000000 ^ clk (in)
                                                         clk (net)
                      0.001413    0.000707    0.000707 ^ clkbuf_0_clk/A (sky130_fd_sc_hd__clkbuf_16)
     8    0.084849    0.102020    0.155491    0.156197 ^ clkbuf_0_clk/X (sky130_fd_sc_hd__clkbuf_16)
                                                         clknet_0_clk (net)
                      0.102376    0.004924    0.161122 ^ clkbuf_3_3__f_clk/A (sky130_fd_sc_hd__clkbuf_16)
     9    0.028189    0.049503    0.153798    0.314920 ^ clkbuf_3_3__f_clk/X (sky130_fd_sc_hd__clkbuf_16)
                                                         clknet_3_3__leaf_clk (net)
                      0.049521    0.001305    0.316225 ^ dsa[23]._9_/CLK (sky130_fd_sc_hd__dfrtp_1)
                                  0.000000    0.316225   clock reconvergence pessimism
                                 -0.040228    0.275997   library hold time
                                              0.275997   data required time
---------------------------------------------------------------------------------------------
                                              0.275997   data required time
                                             -0.751174   data arrival time
---------------------------------------------------------------------------------------------
                                              0.475177   slack (MET)


Startpoint: dsa[3]._9_ (rising edge-triggered flip-flop clocked by core_clock)
Endpoint: dsa[4]._9_ (rising edge-triggered flip-flop clocked by core_clock)
Path Group: core_clock
Path Type: min

Fanout         Cap        Slew       Delay        Time   Description
---------------------------------------------------------------------------------------------
                                  0.000000    0.000000   clock core_clock (rise edge)
                                  0.000000    0.000000   clock source latency
     1    0.015086    0.000000    0.000000    0.000000 ^ clk (in)
                                                         clk (net)
                      0.001413    0.000707    0.000707 ^ clkbuf_0_clk/A (sky130_fd_sc_hd__clkbuf_16)
     8    0.084849    0.102020    0.155491    0.156197 ^ clkbuf_0_clk/X (sky130_fd_sc_hd__clkbuf_16)
                                                         clknet_0_clk (net)
                      0.103280    0.009025    0.165222 ^ clkbuf_3_5__f_clk/A (sky130_fd_sc_hd__clkbuf_16)
     8    0.030792    0.051721    0.155982    0.321204 ^ clkbuf_3_5__f_clk/X (sky130_fd_sc_hd__clkbuf_16)
                                                         clknet_3_5__leaf_clk (net)
                      0.051735    0.000926    0.322130 ^ dsa[3]._9_/CLK (sky130_fd_sc_hd__dfrtp_1)
     2    0.009225    0.094199    0.360687    0.682817 ^ dsa[3]._9_/Q (sky130_fd_sc_hd__dfrtp_1)
                                                         dsa[3].y_out (net)
                      0.094200    0.000514    0.683331 ^ dsa[4]._6_/A (sky130_fd_sc_hd__xnor2_1)
     1    0.002482    0.032248    0.074866    0.758197 v dsa[4]._6_/Y (sky130_fd_sc_hd__xnor2_1)
                                                         dsa[4].y_out_next (net)
                      0.032248    0.000170    0.758368 v dsa[4]._9_/D (sky130_fd_sc_hd__dfrtp_1)
                                              0.758368   data arrival time

                                  0.000000    0.000000   clock core_clock (rise edge)
                                  0.000000    0.000000   clock source latency
     1    0.015086    0.000000    0.000000    0.000000 ^ clk (in)
                                                         clk (net)
                      0.001413    0.000707    0.000707 ^ clkbuf_0_clk/A (sky130_fd_sc_hd__clkbuf_16)
     8    0.084849    0.102020    0.155491    0.156197 ^ clkbuf_0_clk/X (sky130_fd_sc_hd__clkbuf_16)
                                                         clknet_0_clk (net)
                      0.103280    0.009025    0.165222 ^ clkbuf_3_5__f_clk/A (sky130_fd_sc_hd__clkbuf_16)
     8    0.030792    0.051721    0.155982    0.321204 ^ clkbuf_3_5__f_clk/X (sky130_fd_sc_hd__clkbuf_16)
                                                         clknet_3_5__leaf_clk (net)
                      0.051735    0.000931    0.322135 ^ dsa[4]._9_/CLK (sky130_fd_sc_hd__dfrtp_1)
                                  0.000000    0.322135   clock reconvergence pessimism
                                 -0.039048    0.283087   library hold time
                                              0.283087   data required time
---------------------------------------------------------------------------------------------
                                              0.283087   data required time
                                             -0.758368   data arrival time
---------------------------------------------------------------------------------------------
                                              0.475280   slack (MET)


Startpoint: dsa[17]._9_ (rising edge-triggered flip-flop clocked by core_clock)
Endpoint: dsa[18]._9_ (rising edge-triggered flip-flop clocked by core_clock)
Path Group: core_clock
Path Type: min

Fanout         Cap        Slew       Delay        Time   Description
---------------------------------------------------------------------------------------------
                                  0.000000    0.000000   clock core_clock (rise edge)
                                  0.000000    0.000000   clock source latency
     1    0.015086    0.000000    0.000000    0.000000 ^ clk (in)
                                                         clk (net)
                      0.001413    0.000707    0.000707 ^ clkbuf_0_clk/A (sky130_fd_sc_hd__clkbuf_16)
     8    0.084849    0.102020    0.155491    0.156197 ^ clkbuf_0_clk/X (sky130_fd_sc_hd__clkbuf_16)
                                                         clknet_0_clk (net)
                      0.103192    0.008714    0.164911 ^ clkbuf_3_4__f_clk/A (sky130_fd_sc_hd__clkbuf_16)
     9    0.023560    0.045046    0.149734    0.314645 ^ clkbuf_3_4__f_clk/X (sky130_fd_sc_hd__clkbuf_16)
                                                         clknet_3_4__leaf_clk (net)
                      0.045081    0.001091    0.315736 ^ dsa[17]._9_/CLK (sky130_fd_sc_hd__dfrtp_1)
     2    0.008678    0.090509    0.354385    0.670121 ^ dsa[17]._9_/Q (sky130_fd_sc_hd__dfrtp_1)
                                                         dsa[17].y_out (net)
                      0.090511    0.000593    0.670714 ^ dsa[18]._6_/A (sky130_fd_sc_hd__xnor2_1)
     1    0.003344    0.037713    0.079110    0.749825 v dsa[18]._6_/Y (sky130_fd_sc_hd__xnor2_1)
                                                         dsa[18].y_out_next (net)
                      0.037713    0.000199    0.750024 v dsa[18]._9_/D (sky130_fd_sc_hd__dfrtp_1)
                                              0.750024   data arrival time

                                  0.000000    0.000000   clock core_clock (rise edge)
                                  0.000000    0.000000   clock source latency
     1    0.015086    0.000000    0.000000    0.000000 ^ clk (in)
                                                         clk (net)
                      0.001413    0.000707    0.000707 ^ clkbuf_0_clk/A (sky130_fd_sc_hd__clkbuf_16)
     8    0.084849    0.102020    0.155491    0.156197 ^ clkbuf_0_clk/X (sky130_fd_sc_hd__clkbuf_16)
                                                         clknet_0_clk (net)
                      0.103192    0.008714    0.164911 ^ clkbuf_3_4__f_clk/A (sky130_fd_sc_hd__clkbuf_16)
     9    0.023560    0.045046    0.149734    0.314645 ^ clkbuf_3_4__f_clk/X (sky130_fd_sc_hd__clkbuf_16)
                                                         clknet_3_4__leaf_clk (net)
                      0.045083    0.001116    0.315761 ^ dsa[18]._9_/CLK (sky130_fd_sc_hd__dfrtp_1)
                                  0.000000    0.315761   clock reconvergence pessimism
                                 -0.042790    0.272971   library hold time
                                              0.272971   data required time
---------------------------------------------------------------------------------------------
                                              0.272971   data required time
                                             -0.750024   data arrival time
---------------------------------------------------------------------------------------------
                                              0.477053   slack (MET)


Startpoint: dsa[13]._9_ (rising edge-triggered flip-flop clocked by core_clock)
Endpoint: dsa[14]._9_ (rising edge-triggered flip-flop clocked by core_clock)
Path Group: core_clock
Path Type: min

Fanout         Cap        Slew       Delay        Time   Description
---------------------------------------------------------------------------------------------
                                  0.000000    0.000000   clock core_clock (rise edge)
                                  0.000000    0.000000   clock source latency
     1    0.015086    0.000000    0.000000    0.000000 ^ clk (in)
                                                         clk (net)
                      0.001413    0.000707    0.000707 ^ clkbuf_0_clk/A (sky130_fd_sc_hd__clkbuf_16)
     8    0.084849    0.102020    0.155491    0.156197 ^ clkbuf_0_clk/X (sky130_fd_sc_hd__clkbuf_16)
                                                         clknet_0_clk (net)
                      0.102376    0.004924    0.161122 ^ clkbuf_3_3__f_clk/A (sky130_fd_sc_hd__clkbuf_16)
     9    0.028189    0.049503    0.153798    0.314920 ^ clkbuf_3_3__f_clk/X (sky130_fd_sc_hd__clkbuf_16)
                                                         clknet_3_3__leaf_clk (net)
                      0.049523    0.001420    0.316340 ^ dsa[13]._9_/CLK (sky130_fd_sc_hd__dfrtp_1)
     2    0.009005    0.092725    0.358262    0.674602 ^ dsa[13]._9_/Q (sky130_fd_sc_hd__dfrtp_1)
                                                         dsa[13].y_out (net)
                      0.092728    0.000627    0.675229 ^ dsa[14]._6_/A (sky130_fd_sc_hd__xnor2_1)
     1    0.003144    0.036138    0.078515    0.753744 v dsa[14]._6_/Y (sky130_fd_sc_hd__xnor2_1)
                                                         dsa[14].y_out_next (net)
                      0.036139    0.000202    0.753946 v dsa[14]._9_/D (sky130_fd_sc_hd__dfrtp_1)
                                              0.753946   data arrival time

                                  0.000000    0.000000   clock core_clock (rise edge)
                                  0.000000    0.000000   clock source latency
     1    0.015086    0.000000    0.000000    0.000000 ^ clk (in)
                                                         clk (net)
                      0.001413    0.000707    0.000707 ^ clkbuf_0_clk/A (sky130_fd_sc_hd__clkbuf_16)
     8    0.084849    0.102020    0.155491    0.156197 ^ clkbuf_0_clk/X (sky130_fd_sc_hd__clkbuf_16)
                                                         clknet_0_clk (net)
                      0.102659    0.006504    0.162701 ^ clkbuf_3_6__f_clk/A (sky130_fd_sc_hd__clkbuf_16)
     8    0.028138    0.049460    0.153866    0.316568 ^ clkbuf_3_6__f_clk/X (sky130_fd_sc_hd__clkbuf_16)
                                                         clknet_3_6__leaf_clk (net)
                      0.049479    0.001313    0.317881 ^ dsa[14]._9_/CLK (sky130_fd_sc_hd__dfrtp_1)
                                  0.000000    0.317881   clock reconvergence pessimism
                                 -0.041147    0.276734   library hold time
                                              0.276734   data required time
---------------------------------------------------------------------------------------------
                                              0.276734   data required time
                                             -0.753946   data arrival time
---------------------------------------------------------------------------------------------
                                              0.477212   slack (MET)


Startpoint: dsa[21]._9_ (rising edge-triggered flip-flop clocked by core_clock)
Endpoint: dsa[22]._9_ (rising edge-triggered flip-flop clocked by core_clock)
Path Group: core_clock
Path Type: min

Fanout         Cap        Slew       Delay        Time   Description
---------------------------------------------------------------------------------------------
                                  0.000000    0.000000   clock core_clock (rise edge)
                                  0.000000    0.000000   clock source latency
     1    0.015086    0.000000    0.000000    0.000000 ^ clk (in)
                                                         clk (net)
                      0.001413    0.000707    0.000707 ^ clkbuf_0_clk/A (sky130_fd_sc_hd__clkbuf_16)
     8    0.084849    0.102020    0.155491    0.156197 ^ clkbuf_0_clk/X (sky130_fd_sc_hd__clkbuf_16)
                                                         clknet_0_clk (net)
                      0.102376    0.004924    0.161122 ^ clkbuf_3_3__f_clk/A (sky130_fd_sc_hd__clkbuf_16)
     9    0.028189    0.049503    0.153798    0.314920 ^ clkbuf_3_3__f_clk/X (sky130_fd_sc_hd__clkbuf_16)
                                                         clknet_3_3__leaf_clk (net)
                      0.049517    0.001025    0.315945 ^ dsa[21]._9_/CLK (sky130_fd_sc_hd__dfrtp_1)
     2    0.008221    0.087211    0.353089    0.669034 ^ dsa[21]._9_/Q (sky130_fd_sc_hd__dfrtp_1)
                                                         dsa[21].y_out (net)
                      0.087212    0.000484    0.669518 ^ dsa[22]._6_/A (sky130_fd_sc_hd__xnor2_1)
     1    0.003825    0.040140    0.081061    0.750579 v dsa[22]._6_/Y (sky130_fd_sc_hd__xnor2_1)
                                                         dsa[22].y_out_next (net)
                      0.040141    0.000235    0.750814 v dsa[22]._9_/D (sky130_fd_sc_hd__dfrtp_1)
                                              0.750814   data arrival time

                                  0.000000    0.000000   clock core_clock (rise edge)
                                  0.000000    0.000000   clock source latency
     1    0.015086    0.000000    0.000000    0.000000 ^ clk (in)
                                                         clk (net)
                      0.001413    0.000707    0.000707 ^ clkbuf_0_clk/A (sky130_fd_sc_hd__clkbuf_16)
     8    0.084849    0.102020    0.155491    0.156197 ^ clkbuf_0_clk/X (sky130_fd_sc_hd__clkbuf_16)
                                                         clknet_0_clk (net)
                      0.102376    0.004924    0.161122 ^ clkbuf_3_3__f_clk/A (sky130_fd_sc_hd__clkbuf_16)
     9    0.028189    0.049503    0.153798    0.314920 ^ clkbuf_3_3__f_clk/X (sky130_fd_sc_hd__clkbuf_16)
                                                         clknet_3_3__leaf_clk (net)
                      0.049520    0.001240    0.316159 ^ dsa[22]._9_/CLK (sky130_fd_sc_hd__dfrtp_1)
                                  0.000000    0.316159   clock reconvergence pessimism
                                 -0.042766    0.273393   library hold time
                                              0.273393   data required time
---------------------------------------------------------------------------------------------
                                              0.273393   data required time
                                             -0.750814   data arrival time
---------------------------------------------------------------------------------------------
                                              0.477421   slack (MET)


Startpoint: dsa[2]._9_ (rising edge-triggered flip-flop clocked by core_clock)
Endpoint: dsa[3]._9_ (rising edge-triggered flip-flop clocked by core_clock)
Path Group: core_clock
Path Type: min

Fanout         Cap        Slew       Delay        Time   Description
---------------------------------------------------------------------------------------------
                                  0.000000    0.000000   clock core_clock (rise edge)
                                  0.000000    0.000000   clock source latency
     1    0.015086    0.000000    0.000000    0.000000 ^ clk (in)
                                                         clk (net)
                      0.001413    0.000707    0.000707 ^ clkbuf_0_clk/A (sky130_fd_sc_hd__clkbuf_16)
     8    0.084849    0.102020    0.155491    0.156197 ^ clkbuf_0_clk/X (sky130_fd_sc_hd__clkbuf_16)
                                                         clknet_0_clk (net)
                      0.102684    0.006629    0.162826 ^ clkbuf_3_7__f_clk/A (sky130_fd_sc_hd__clkbuf_16)
    10    0.030780    0.051710    0.155752    0.318579 ^ clkbuf_3_7__f_clk/X (sky130_fd_sc_hd__clkbuf_16)
                                                         clknet_3_7__leaf_clk (net)
                      0.051728    0.001179    0.319758 ^ dsa[2]._9_/CLK (sky130_fd_sc_hd__dfrtp_1)
     2    0.008842    0.091611    0.358035    0.677793 ^ dsa[2]._9_/Q (sky130_fd_sc_hd__dfrtp_1)
                                                         dsa[2].y_out (net)
                      0.091613    0.000581    0.678373 ^ dsa[3]._6_/A (sky130_fd_sc_hd__xnor2_1)
     1    0.003531    0.038254    0.080497    0.758870 v dsa[3]._6_/Y (sky130_fd_sc_hd__xnor2_1)
                                                         dsa[3].y_out_next (net)
                      0.038256    0.000268    0.759138 v dsa[3]._9_/D (sky130_fd_sc_hd__dfrtp_1)
                                              0.759138   data arrival time

                                  0.000000    0.000000   clock core_clock (rise edge)
                                  0.000000    0.000000   clock source latency
     1    0.015086    0.000000    0.000000    0.000000 ^ clk (in)
                                                         clk (net)
                      0.001413    0.000707    0.000707 ^ clkbuf_0_clk/A (sky130_fd_sc_hd__clkbuf_16)
     8    0.084849    0.102020    0.155491    0.156197 ^ clkbuf_0_clk/X (sky130_fd_sc_hd__clkbuf_16)
                                                         clknet_0_clk (net)
                      0.103280    0.009025    0.165222 ^ clkbuf_3_5__f_clk/A (sky130_fd_sc_hd__clkbuf_16)
     8    0.030792    0.051721    0.155982    0.321204 ^ clkbuf_3_5__f_clk/X (sky130_fd_sc_hd__clkbuf_16)
                                                         clknet_3_5__leaf_clk (net)
                      0.051735    0.000926    0.322130 ^ dsa[3]._9_/CLK (sky130_fd_sc_hd__dfrtp_1)
                                  0.000000    0.322130   clock reconvergence pessimism
                                 -0.041494    0.280636   library hold time
                                              0.280636   data required time
---------------------------------------------------------------------------------------------
                                              0.280636   data required time
                                             -0.759138   data arrival time
---------------------------------------------------------------------------------------------
                                              0.478502   slack (MET)


Startpoint: dsa[24]._9_ (rising edge-triggered flip-flop clocked by core_clock)
Endpoint: dsa[25]._9_ (rising edge-triggered flip-flop clocked by core_clock)
Path Group: core_clock
Path Type: min

Fanout         Cap        Slew       Delay        Time   Description
---------------------------------------------------------------------------------------------
                                  0.000000    0.000000   clock core_clock (rise edge)
                                  0.000000    0.000000   clock source latency
     1    0.015086    0.000000    0.000000    0.000000 ^ clk (in)
                                                         clk (net)
                      0.001413    0.000707    0.000707 ^ clkbuf_0_clk/A (sky130_fd_sc_hd__clkbuf_16)
     8    0.084849    0.102020    0.155491    0.156197 ^ clkbuf_0_clk/X (sky130_fd_sc_hd__clkbuf_16)
                                                         clknet_0_clk (net)
                      0.102376    0.004924    0.161122 ^ clkbuf_3_3__f_clk/A (sky130_fd_sc_hd__clkbuf_16)
     9    0.028189    0.049503    0.153798    0.314920 ^ clkbuf_3_3__f_clk/X (sky130_fd_sc_hd__clkbuf_16)
                                                         clknet_3_3__leaf_clk (net)
                      0.049522    0.001407    0.316327 ^ dsa[24]._9_/CLK (sky130_fd_sc_hd__dfrtp_1)
     2    0.010401    0.103601    0.367089    0.683416 ^ dsa[24]._9_/Q (sky130_fd_sc_hd__dfrtp_1)
                                                         dsa[24].y_out (net)
                      0.103601    0.000450    0.683866 ^ dsa[25]._6_/A (sky130_fd_sc_hd__xnor2_1)
     1    0.002434    0.031181    0.077059    0.760925 v dsa[25]._6_/Y (sky130_fd_sc_hd__xnor2_1)
                                                         dsa[25].y_out_next (net)
                      0.031182    0.000178    0.761103 v dsa[25]._9_/D (sky130_fd_sc_hd__dfrtp_1)
                                              0.761103   data arrival time

                                  0.000000    0.000000   clock core_clock (rise edge)
                                  0.000000    0.000000   clock source latency
     1    0.015086    0.000000    0.000000    0.000000 ^ clk (in)
                                                         clk (net)
                      0.001413    0.000707    0.000707 ^ clkbuf_0_clk/A (sky130_fd_sc_hd__clkbuf_16)
     8    0.084849    0.102020    0.155491    0.156197 ^ clkbuf_0_clk/X (sky130_fd_sc_hd__clkbuf_16)
                                                         clknet_0_clk (net)
                      0.102432    0.005282    0.161479 ^ clkbuf_3_2__f_clk/A (sky130_fd_sc_hd__clkbuf_16)
    10    0.033019    0.053602    0.157159    0.318638 ^ clkbuf_3_2__f_clk/X (sky130_fd_sc_hd__clkbuf_16)
                                                         clknet_3_2__leaf_clk (net)
                      0.053662    0.001706    0.320345 ^ dsa[25]._9_/CLK (sky130_fd_sc_hd__dfrtp_1)
                                  0.000000    0.320345   clock reconvergence pessimism
                                 -0.038175    0.282170   library hold time
                                              0.282170   data required time
---------------------------------------------------------------------------------------------
                                              0.282170   data required time
                                             -0.761103   data arrival time
---------------------------------------------------------------------------------------------
                                              0.478933   slack (MET)


Startpoint: dsa[27]._9_ (rising edge-triggered flip-flop clocked by core_clock)
Endpoint: dsa[28]._9_ (rising edge-triggered flip-flop clocked by core_clock)
Path Group: core_clock
Path Type: min

Fanout         Cap        Slew       Delay        Time   Description
---------------------------------------------------------------------------------------------
                                  0.000000    0.000000   clock core_clock (rise edge)
                                  0.000000    0.000000   clock source latency
     1    0.015086    0.000000    0.000000    0.000000 ^ clk (in)
                                                         clk (net)
                      0.001413    0.000707    0.000707 ^ clkbuf_0_clk/A (sky130_fd_sc_hd__clkbuf_16)
     8    0.084849    0.102020    0.155491    0.156197 ^ clkbuf_0_clk/X (sky130_fd_sc_hd__clkbuf_16)
                                                         clknet_0_clk (net)
                      0.102432    0.005282    0.161479 ^ clkbuf_3_2__f_clk/A (sky130_fd_sc_hd__clkbuf_16)
    10    0.033019    0.053602    0.157159    0.318638 ^ clkbuf_3_2__f_clk/X (sky130_fd_sc_hd__clkbuf_16)
                                                         clknet_3_2__leaf_clk (net)
                      0.053632    0.001402    0.320041 ^ dsa[27]._9_/CLK (sky130_fd_sc_hd__dfrtp_1)
     2    0.009551    0.096703    0.363351    0.683392 ^ dsa[27]._9_/Q (sky130_fd_sc_hd__dfrtp_1)
                                                         dsa[27].y_out (net)
                      0.096705    0.000658    0.684050 ^ dsa[28]._6_/A (sky130_fd_sc_hd__xnor2_1)
     1    0.003537    0.038242    0.081961    0.766011 v dsa[28]._6_/Y (sky130_fd_sc_hd__xnor2_1)
                                                         dsa[28].y_out_next (net)
                      0.038243    0.000235    0.766246 v dsa[28]._9_/D (sky130_fd_sc_hd__dfrtp_1)
                                              0.766246   data arrival time

                                  0.000000    0.000000   clock core_clock (rise edge)
                                  0.000000    0.000000   clock source latency
     1    0.015086    0.000000    0.000000    0.000000 ^ clk (in)
                                                         clk (net)
                      0.001413    0.000707    0.000707 ^ clkbuf_0_clk/A (sky130_fd_sc_hd__clkbuf_16)
     8    0.084849    0.102020    0.155491    0.156197 ^ clkbuf_0_clk/X (sky130_fd_sc_hd__clkbuf_16)
                                                         clknet_0_clk (net)
                      0.103612    0.010124    0.166321 ^ clkbuf_3_0__f_clk/A (sky130_fd_sc_hd__clkbuf_16)
    10    0.033916    0.054391    0.158320    0.324641 ^ clkbuf_3_0__f_clk/X (sky130_fd_sc_hd__clkbuf_16)
                                                         clknet_3_0__leaf_clk (net)
                      0.054451    0.001456    0.326098 ^ dsa[28]._9_/CLK (sky130_fd_sc_hd__dfrtp_1)
                                  0.000000    0.326098   clock reconvergence pessimism
                                 -0.040869    0.285228   library hold time
                                              0.285228   data required time
---------------------------------------------------------------------------------------------
                                              0.285228   data required time
                                             -0.766246   data arrival time
---------------------------------------------------------------------------------------------
                                              0.481017   slack (MET)


Startpoint: dsa[9]._9_ (rising edge-triggered flip-flop clocked by core_clock)
Endpoint: dsa[10]._9_ (rising edge-triggered flip-flop clocked by core_clock)
Path Group: core_clock
Path Type: min

Fanout         Cap        Slew       Delay        Time   Description
---------------------------------------------------------------------------------------------
                                  0.000000    0.000000   clock core_clock (rise edge)
                                  0.000000    0.000000   clock source latency
     1    0.015086    0.000000    0.000000    0.000000 ^ clk (in)
                                                         clk (net)
                      0.001413    0.000707    0.000707 ^ clkbuf_0_clk/A (sky130_fd_sc_hd__clkbuf_16)
     8    0.084849    0.102020    0.155491    0.156197 ^ clkbuf_0_clk/X (sky130_fd_sc_hd__clkbuf_16)
                                                         clknet_0_clk (net)
                      0.102684    0.006629    0.162826 ^ clkbuf_3_7__f_clk/A (sky130_fd_sc_hd__clkbuf_16)
    10    0.030780    0.051710    0.155752    0.318579 ^ clkbuf_3_7__f_clk/X (sky130_fd_sc_hd__clkbuf_16)
                                                         clknet_3_7__leaf_clk (net)
                      0.051728    0.001173    0.319752 ^ dsa[9]._9_/CLK (sky130_fd_sc_hd__dfrtp_1)
     2    0.009552    0.096697    0.362710    0.682462 ^ dsa[9]._9_/Q (sky130_fd_sc_hd__dfrtp_1)
                                                         dsa[10].y_in (net)
                      0.096699    0.000619    0.683080 ^ dsa[10]._6_/A (sky130_fd_sc_hd__xnor2_1)
     1    0.002654    0.032444    0.076642    0.759723 v dsa[10]._6_/Y (sky130_fd_sc_hd__xnor2_1)
                                                         dsa[10].y_out_next (net)
                      0.032445    0.000194    0.759917 v dsa[10]._9_/D (sky130_fd_sc_hd__dfrtp_1)
                                              0.759917   data arrival time

                                  0.000000    0.000000   clock core_clock (rise edge)
                                  0.000000    0.000000   clock source latency
     1    0.015086    0.000000    0.000000    0.000000 ^ clk (in)
                                                         clk (net)
                      0.001413    0.000707    0.000707 ^ clkbuf_0_clk/A (sky130_fd_sc_hd__clkbuf_16)
     8    0.084849    0.102020    0.155491    0.156197 ^ clkbuf_0_clk/X (sky130_fd_sc_hd__clkbuf_16)
                                                         clknet_0_clk (net)
                      0.102659    0.006504    0.162701 ^ clkbuf_3_6__f_clk/A (sky130_fd_sc_hd__clkbuf_16)
     8    0.028138    0.049460    0.153866    0.316568 ^ clkbuf_3_6__f_clk/X (sky130_fd_sc_hd__clkbuf_16)
                                                         clknet_3_6__leaf_clk (net)
                      0.049479    0.001333    0.317901 ^ dsa[10]._9_/CLK (sky130_fd_sc_hd__dfrtp_1)
                                  0.000000    0.317901   clock reconvergence pessimism
                                 -0.039643    0.278258   library hold time
                                              0.278258   data required time
---------------------------------------------------------------------------------------------
                                              0.278258   data required time
                                             -0.759917   data arrival time
---------------------------------------------------------------------------------------------
                                              0.481659   slack (MET)


Startpoint: dsa[23]._9_ (rising edge-triggered flip-flop clocked by core_clock)
Endpoint: dsa[24]._9_ (rising edge-triggered flip-flop clocked by core_clock)
Path Group: core_clock
Path Type: min

Fanout         Cap        Slew       Delay        Time   Description
---------------------------------------------------------------------------------------------
                                  0.000000    0.000000   clock core_clock (rise edge)
                                  0.000000    0.000000   clock source latency
     1    0.015086    0.000000    0.000000    0.000000 ^ clk (in)
                                                         clk (net)
                      0.001413    0.000707    0.000707 ^ clkbuf_0_clk/A (sky130_fd_sc_hd__clkbuf_16)
     8    0.084849    0.102020    0.155491    0.156197 ^ clkbuf_0_clk/X (sky130_fd_sc_hd__clkbuf_16)
                                                         clknet_0_clk (net)
                      0.102376    0.004924    0.161122 ^ clkbuf_3_3__f_clk/A (sky130_fd_sc_hd__clkbuf_16)
     9    0.028189    0.049503    0.153798    0.314920 ^ clkbuf_3_3__f_clk/X (sky130_fd_sc_hd__clkbuf_16)
                                                         clknet_3_3__leaf_clk (net)
                      0.049521    0.001305    0.316225 ^ dsa[23]._9_/CLK (sky130_fd_sc_hd__dfrtp_1)
     2    0.009126    0.093536    0.359109    0.675334 ^ dsa[23]._9_/Q (sky130_fd_sc_hd__dfrtp_1)
                                                         dsa[23].y_out (net)
                      0.093537    0.000580    0.675914 ^ dsa[24]._6_/A (sky130_fd_sc_hd__xnor2_1)
     1    0.003416    0.037777    0.080392    0.756307 v dsa[24]._6_/Y (sky130_fd_sc_hd__xnor2_1)
                                                         dsa[24].y_out_next (net)
                      0.037777    0.000133    0.756439 v dsa[24]._9_/D (sky130_fd_sc_hd__dfrtp_1)
                                              0.756439   data arrival time

                                  0.000000    0.000000   clock core_clock (rise edge)
                                  0.000000    0.000000   clock source latency
     1    0.015086    0.000000    0.000000    0.000000 ^ clk (in)
                                                         clk (net)
                      0.001413    0.000707    0.000707 ^ clkbuf_0_clk/A (sky130_fd_sc_hd__clkbuf_16)
     8    0.084849    0.102020    0.155491    0.156197 ^ clkbuf_0_clk/X (sky130_fd_sc_hd__clkbuf_16)
                                                         clknet_0_clk (net)
                      0.102376    0.004924    0.161122 ^ clkbuf_3_3__f_clk/A (sky130_fd_sc_hd__clkbuf_16)
     9    0.028189    0.049503    0.153798    0.314920 ^ clkbuf_3_3__f_clk/X (sky130_fd_sc_hd__clkbuf_16)
                                                         clknet_3_3__leaf_clk (net)
                      0.049522    0.001407    0.316327 ^ dsa[24]._9_/CLK (sky130_fd_sc_hd__dfrtp_1)
                                  0.000000    0.316327   clock reconvergence pessimism
                                 -0.041803    0.274524   library hold time
                                              0.274524   data required time
---------------------------------------------------------------------------------------------
                                              0.274524   data required time
                                             -0.756439   data arrival time
---------------------------------------------------------------------------------------------
                                              0.481916   slack (MET)


Startpoint: dsa[8]._9_ (rising edge-triggered flip-flop clocked by core_clock)
Endpoint: dsa[9]._9_ (rising edge-triggered flip-flop clocked by core_clock)
Path Group: core_clock
Path Type: min

Fanout         Cap        Slew       Delay        Time   Description
---------------------------------------------------------------------------------------------
                                  0.000000    0.000000   clock core_clock (rise edge)
                                  0.000000    0.000000   clock source latency
     1    0.015086    0.000000    0.000000    0.000000 ^ clk (in)
                                                         clk (net)
                      0.001413    0.000707    0.000707 ^ clkbuf_0_clk/A (sky130_fd_sc_hd__clkbuf_16)
     8    0.084849    0.102020    0.155491    0.156197 ^ clkbuf_0_clk/X (sky130_fd_sc_hd__clkbuf_16)
                                                         clknet_0_clk (net)
                      0.103192    0.008714    0.164911 ^ clkbuf_3_4__f_clk/A (sky130_fd_sc_hd__clkbuf_16)
     9    0.023560    0.045046    0.149734    0.314645 ^ clkbuf_3_4__f_clk/X (sky130_fd_sc_hd__clkbuf_16)
                                                         clknet_3_4__leaf_clk (net)
                      0.045104    0.001360    0.316005 ^ dsa[8]._9_/CLK (sky130_fd_sc_hd__dfrtp_1)
     2    0.009764    0.098411    0.361489    0.677494 ^ dsa[8]._9_/Q (sky130_fd_sc_hd__dfrtp_1)
                                                         dsa[8].y_out (net)
                      0.098413    0.000631    0.678125 ^ dsa[9]._6_/A (sky130_fd_sc_hd__xnor2_1)
     1    0.003504    0.038052    0.082245    0.760370 v dsa[9]._6_/Y (sky130_fd_sc_hd__xnor2_1)
                                                         dsa[9].y_out_next (net)
                      0.038052    0.000211    0.760582 v dsa[9]._9_/D (sky130_fd_sc_hd__dfrtp_1)
                                              0.760582   data arrival time

                                  0.000000    0.000000   clock core_clock (rise edge)
                                  0.000000    0.000000   clock source latency
     1    0.015086    0.000000    0.000000    0.000000 ^ clk (in)
                                                         clk (net)
                      0.001413    0.000707    0.000707 ^ clkbuf_0_clk/A (sky130_fd_sc_hd__clkbuf_16)
     8    0.084849    0.102020    0.155491    0.156197 ^ clkbuf_0_clk/X (sky130_fd_sc_hd__clkbuf_16)
                                                         clknet_0_clk (net)
                      0.102684    0.006629    0.162826 ^ clkbuf_3_7__f_clk/A (sky130_fd_sc_hd__clkbuf_16)
    10    0.030780    0.051710    0.155752    0.318579 ^ clkbuf_3_7__f_clk/X (sky130_fd_sc_hd__clkbuf_16)
                                                         clknet_3_7__leaf_clk (net)
                      0.051728    0.001173    0.319752 ^ dsa[9]._9_/CLK (sky130_fd_sc_hd__dfrtp_1)
                                  0.000000    0.319752   clock reconvergence pessimism
                                 -0.041413    0.278340   library hold time
                                              0.278340   data required time
---------------------------------------------------------------------------------------------
                                              0.278340   data required time
                                             -0.760582   data arrival time
---------------------------------------------------------------------------------------------
                                              0.482242   slack (MET)


Startpoint: dsa[28]._9_ (rising edge-triggered flip-flop clocked by core_clock)
Endpoint: dsa[29]._9_ (rising edge-triggered flip-flop clocked by core_clock)
Path Group: core_clock
Path Type: min

Fanout         Cap        Slew       Delay        Time   Description
---------------------------------------------------------------------------------------------
                                  0.000000    0.000000   clock core_clock (rise edge)
                                  0.000000    0.000000   clock source latency
     1    0.015086    0.000000    0.000000    0.000000 ^ clk (in)
                                                         clk (net)
                      0.001413    0.000707    0.000707 ^ clkbuf_0_clk/A (sky130_fd_sc_hd__clkbuf_16)
     8    0.084849    0.102020    0.155491    0.156197 ^ clkbuf_0_clk/X (sky130_fd_sc_hd__clkbuf_16)
                                                         clknet_0_clk (net)
                      0.103612    0.010124    0.166321 ^ clkbuf_3_0__f_clk/A (sky130_fd_sc_hd__clkbuf_16)
    10    0.033916    0.054391    0.158320    0.324641 ^ clkbuf_3_0__f_clk/X (sky130_fd_sc_hd__clkbuf_16)
                                                         clknet_3_0__leaf_clk (net)
                      0.054451    0.001456    0.326098 ^ dsa[28]._9_/CLK (sky130_fd_sc_hd__dfrtp_1)
     2    0.008626    0.090171    0.357562    0.683660 ^ dsa[28]._9_/Q (sky130_fd_sc_hd__dfrtp_1)
                                                         dsa[28].y_out (net)
                      0.090173    0.000596    0.684256 ^ dsa[29]._6_/A (sky130_fd_sc_hd__xnor2_1)
     1    0.002989    0.034537    0.076908    0.761164 v dsa[29]._6_/Y (sky130_fd_sc_hd__xnor2_1)
                                                         dsa[29].y_out_next (net)
                      0.034537    0.000124    0.761288 v dsa[29]._9_/D (sky130_fd_sc_hd__dfrtp_1)
                                              0.761288   data arrival time

                                  0.000000    0.000000   clock core_clock (rise edge)
                                  0.000000    0.000000   clock source latency
     1    0.015086    0.000000    0.000000    0.000000 ^ clk (in)
                                                         clk (net)
                      0.001413    0.000707    0.000707 ^ clkbuf_0_clk/A (sky130_fd_sc_hd__clkbuf_16)
     8    0.084849    0.102020    0.155491    0.156197 ^ clkbuf_0_clk/X (sky130_fd_sc_hd__clkbuf_16)
                                                         clknet_0_clk (net)
                      0.103596    0.010073    0.166271 ^ clkbuf_3_1__f_clk/A (sky130_fd_sc_hd__clkbuf_16)
     7    0.025481    0.046812    0.151679    0.317950 ^ clkbuf_3_1__f_clk/X (sky130_fd_sc_hd__clkbuf_16)
                                                         clknet_3_1__leaf_clk (net)
                      0.046854    0.001227    0.319178 ^ dsa[29]._9_/CLK (sky130_fd_sc_hd__dfrtp_1)
                                  0.000000    0.319178   clock reconvergence pessimism
                                 -0.041093    0.278085   library hold time
                                              0.278085   data required time
---------------------------------------------------------------------------------------------
                                              0.278085   data required time
                                             -0.761288   data arrival time
---------------------------------------------------------------------------------------------
                                              0.483203   slack (MET)


Startpoint: dsa[12]._9_ (rising edge-triggered flip-flop clocked by core_clock)
Endpoint: dsa[13]._9_ (rising edge-triggered flip-flop clocked by core_clock)
Path Group: core_clock
Path Type: min

Fanout         Cap        Slew       Delay        Time   Description
---------------------------------------------------------------------------------------------
                                  0.000000    0.000000   clock core_clock (rise edge)
                                  0.000000    0.000000   clock source latency
     1    0.015086    0.000000    0.000000    0.000000 ^ clk (in)
                                                         clk (net)
                      0.001413    0.000707    0.000707 ^ clkbuf_0_clk/A (sky130_fd_sc_hd__clkbuf_16)
     8    0.084849    0.102020    0.155491    0.156197 ^ clkbuf_0_clk/X (sky130_fd_sc_hd__clkbuf_16)
                                                         clknet_0_clk (net)
                      0.102684    0.006629    0.162826 ^ clkbuf_3_7__f_clk/A (sky130_fd_sc_hd__clkbuf_16)
    10    0.030780    0.051710    0.155752    0.318579 ^ clkbuf_3_7__f_clk/X (sky130_fd_sc_hd__clkbuf_16)
                                                         clknet_3_7__leaf_clk (net)
                      0.051744    0.001843    0.320422 ^ dsa[12]._9_/CLK (sky130_fd_sc_hd__dfrtp_1)
     2    0.009805    0.098742    0.364322    0.684744 ^ dsa[12]._9_/Q (sky130_fd_sc_hd__dfrtp_1)
                                                         dsa[12].y_out (net)
                      0.098742    0.000457    0.685201 ^ dsa[13]._6_/A (sky130_fd_sc_hd__xnor2_1)
     1    0.002378    0.030971    0.075387    0.760589 v dsa[13]._6_/Y (sky130_fd_sc_hd__xnor2_1)
                                                         dsa[13].y_out_next (net)
                      0.030971    0.000165    0.760753 v dsa[13]._9_/D (sky130_fd_sc_hd__dfrtp_1)
                                              0.760753   data arrival time

                                  0.000000    0.000000   clock core_clock (rise edge)
                                  0.000000    0.000000   clock source latency
     1    0.015086    0.000000    0.000000    0.000000 ^ clk (in)
                                                         clk (net)
                      0.001413    0.000707    0.000707 ^ clkbuf_0_clk/A (sky130_fd_sc_hd__clkbuf_16)
     8    0.084849    0.102020    0.155491    0.156197 ^ clkbuf_0_clk/X (sky130_fd_sc_hd__clkbuf_16)
                                                         clknet_0_clk (net)
                      0.102376    0.004924    0.161122 ^ clkbuf_3_3__f_clk/A (sky130_fd_sc_hd__clkbuf_16)
     9    0.028189    0.049503    0.153798    0.314920 ^ clkbuf_3_3__f_clk/X (sky130_fd_sc_hd__clkbuf_16)
                                                         clknet_3_3__leaf_clk (net)
                      0.049523    0.001420    0.316340 ^ dsa[13]._9_/CLK (sky130_fd_sc_hd__dfrtp_1)
                                  0.000000    0.316340   clock reconvergence pessimism
                                 -0.039033    0.277307   library hold time
                                              0.277307   data required time
---------------------------------------------------------------------------------------------
                                              0.277307   data required time
                                             -0.760753   data arrival time
---------------------------------------------------------------------------------------------
                                              0.483447   slack (MET)


Startpoint: dsa[18]._9_ (rising edge-triggered flip-flop clocked by core_clock)
Endpoint: dsa[19]._9_ (rising edge-triggered flip-flop clocked by core_clock)
Path Group: core_clock
Path Type: min

Fanout         Cap        Slew       Delay        Time   Description
---------------------------------------------------------------------------------------------
                                  0.000000    0.000000   clock core_clock (rise edge)
                                  0.000000    0.000000   clock source latency
     1    0.015086    0.000000    0.000000    0.000000 ^ clk (in)
                                                         clk (net)
                      0.001413    0.000707    0.000707 ^ clkbuf_0_clk/A (sky130_fd_sc_hd__clkbuf_16)
     8    0.084849    0.102020    0.155491    0.156197 ^ clkbuf_0_clk/X (sky130_fd_sc_hd__clkbuf_16)
                                                         clknet_0_clk (net)
                      0.103192    0.008714    0.164911 ^ clkbuf_3_4__f_clk/A (sky130_fd_sc_hd__clkbuf_16)
     9    0.023560    0.045046    0.149734    0.314645 ^ clkbuf_3_4__f_clk/X (sky130_fd_sc_hd__clkbuf_16)
                                                         clknet_3_4__leaf_clk (net)
                      0.045083    0.001116    0.315761 ^ dsa[18]._9_/CLK (sky130_fd_sc_hd__dfrtp_1)
     2    0.010781    0.106701    0.367685    0.683446 ^ dsa[18]._9_/Q (sky130_fd_sc_hd__dfrtp_1)
                                                         dsa[18].y_out (net)
                      0.106703    0.000677    0.684123 ^ dsa[19]._6_/A (sky130_fd_sc_hd__xnor2_1)
     1    0.003522    0.038959    0.084663    0.768786 v dsa[19]._6_/Y (sky130_fd_sc_hd__xnor2_1)
                                                         dsa[19].y_out_next (net)
                      0.038959    0.000136    0.768922 v dsa[19]._9_/D (sky130_fd_sc_hd__dfrtp_1)
                                              0.768922   data arrival time

                                  0.000000    0.000000   clock core_clock (rise edge)
                                  0.000000    0.000000   clock source latency
     1    0.015086    0.000000    0.000000    0.000000 ^ clk (in)
                                                         clk (net)
                      0.001413    0.000707    0.000707 ^ clkbuf_0_clk/A (sky130_fd_sc_hd__clkbuf_16)
     8    0.084849    0.102020    0.155491    0.156197 ^ clkbuf_0_clk/X (sky130_fd_sc_hd__clkbuf_16)
                                                         clknet_0_clk (net)
                      0.103612    0.010124    0.166321 ^ clkbuf_3_0__f_clk/A (sky130_fd_sc_hd__clkbuf_16)
    10    0.033916    0.054391    0.158320    0.324641 ^ clkbuf_3_0__f_clk/X (sky130_fd_sc_hd__clkbuf_16)
                                                         clknet_3_0__leaf_clk (net)
                      0.054488    0.001869    0.326510 ^ dsa[19]._9_/CLK (sky130_fd_sc_hd__dfrtp_1)
                                  0.000000    0.326510   clock reconvergence pessimism
                                 -0.041152    0.285358   library hold time
                                              0.285358   data required time
---------------------------------------------------------------------------------------------
                                              0.285358   data required time
                                             -0.768922   data arrival time
---------------------------------------------------------------------------------------------
                                              0.483564   slack (MET)


Startpoint: dsa[7]._9_ (rising edge-triggered flip-flop clocked by core_clock)
Endpoint: dsa[8]._9_ (rising edge-triggered flip-flop clocked by core_clock)
Path Group: core_clock
Path Type: min

Fanout         Cap        Slew       Delay        Time   Description
---------------------------------------------------------------------------------------------
                                  0.000000    0.000000   clock core_clock (rise edge)
                                  0.000000    0.000000   clock source latency
     1    0.015086    0.000000    0.000000    0.000000 ^ clk (in)
                                                         clk (net)
                      0.001413    0.000707    0.000707 ^ clkbuf_0_clk/A (sky130_fd_sc_hd__clkbuf_16)
     8    0.084849    0.102020    0.155491    0.156197 ^ clkbuf_0_clk/X (sky130_fd_sc_hd__clkbuf_16)
                                                         clknet_0_clk (net)
                      0.103192    0.008714    0.164911 ^ clkbuf_3_4__f_clk/A (sky130_fd_sc_hd__clkbuf_16)
     9    0.023560    0.045046    0.149734    0.314645 ^ clkbuf_3_4__f_clk/X (sky130_fd_sc_hd__clkbuf_16)
                                                         clknet_3_4__leaf_clk (net)
                      0.045079    0.001061    0.315707 ^ dsa[7]._9_/CLK (sky130_fd_sc_hd__dfrtp_1)
     2    0.010733    0.106317    0.367373    0.683079 ^ dsa[7]._9_/Q (sky130_fd_sc_hd__dfrtp_1)
                                                         dsa[7].y_out (net)
                      0.106319    0.000663    0.683742 ^ dsa[8]._6_/A (sky130_fd_sc_hd__xnor2_1)
     1    0.002256    0.030421    0.076569    0.760311 v dsa[8]._6_/Y (sky130_fd_sc_hd__xnor2_1)
                                                         dsa[8].y_out_next (net)
                      0.030421    0.000162    0.760474 v dsa[8]._9_/D (sky130_fd_sc_hd__dfrtp_1)
                                              0.760474   data arrival time

                                  0.000000    0.000000   clock core_clock (rise edge)
                                  0.000000    0.000000   clock source latency
     1    0.015086    0.000000    0.000000    0.000000 ^ clk (in)
                                                         clk (net)
                      0.001413    0.000707    0.000707 ^ clkbuf_0_clk/A (sky130_fd_sc_hd__clkbuf_16)
     8    0.084849    0.102020    0.155491    0.156197 ^ clkbuf_0_clk/X (sky130_fd_sc_hd__clkbuf_16)
                                                         clknet_0_clk (net)
                      0.103192    0.008714    0.164911 ^ clkbuf_3_4__f_clk/A (sky130_fd_sc_hd__clkbuf_16)
     9    0.023560    0.045046    0.149734    0.314645 ^ clkbuf_3_4__f_clk/X (sky130_fd_sc_hd__clkbuf_16)
                                                         clknet_3_4__leaf_clk (net)
                      0.045104    0.001360    0.316005 ^ dsa[8]._9_/CLK (sky130_fd_sc_hd__dfrtp_1)
                                  0.000000    0.316005   clock reconvergence pessimism
                                 -0.039817    0.276188   library hold time
                                              0.276188   data required time
---------------------------------------------------------------------------------------------
                                              0.276188   data required time
                                             -0.760474   data arrival time
---------------------------------------------------------------------------------------------
                                              0.484286   slack (MET)


Startpoint: dsa[30]._9_ (rising edge-triggered flip-flop clocked by core_clock)
Endpoint: dsa[31]._9_ (rising edge-triggered flip-flop clocked by core_clock)
Path Group: core_clock
Path Type: min

Fanout         Cap        Slew       Delay        Time   Description
---------------------------------------------------------------------------------------------
                                  0.000000    0.000000   clock core_clock (rise edge)
                                  0.000000    0.000000   clock source latency
     1    0.015086    0.000000    0.000000    0.000000 ^ clk (in)
                                                         clk (net)
                      0.001413    0.000707    0.000707 ^ clkbuf_0_clk/A (sky130_fd_sc_hd__clkbuf_16)
     8    0.084849    0.102020    0.155491    0.156197 ^ clkbuf_0_clk/X (sky130_fd_sc_hd__clkbuf_16)
                                                         clknet_0_clk (net)
                      0.103596    0.010073    0.166271 ^ clkbuf_3_1__f_clk/A (sky130_fd_sc_hd__clkbuf_16)
     7    0.025481    0.046812    0.151679    0.317950 ^ clkbuf_3_1__f_clk/X (sky130_fd_sc_hd__clkbuf_16)
                                                         clknet_3_1__leaf_clk (net)
                      0.046852    0.001198    0.319148 ^ dsa[30]._9_/CLK (sky130_fd_sc_hd__dfrtp_1)
     2    0.009328    0.094905    0.359467    0.678615 ^ dsa[30]._9_/Q (sky130_fd_sc_hd__dfrtp_1)
                                                         dsa[30].y_out (net)
                      0.094907    0.000618    0.679232 ^ dsa[31]._6_/A (sky130_fd_sc_hd__xnor2_1)
     1    0.004718    0.046383    0.088533    0.767766 v dsa[31]._6_/Y (sky130_fd_sc_hd__xnor2_1)
                                                         dsa[31].y_out_next (net)
                      0.046384    0.000323    0.768089 v dsa[31]._9_/D (sky130_fd_sc_hd__dfrtp_1)
                                              0.768089   data arrival time

                                  0.000000    0.000000   clock core_clock (rise edge)
                                  0.000000    0.000000   clock source latency
     1    0.015086    0.000000    0.000000    0.000000 ^ clk (in)
                                                         clk (net)
                      0.001413    0.000707    0.000707 ^ clkbuf_0_clk/A (sky130_fd_sc_hd__clkbuf_16)
     8    0.084849    0.102020    0.155491    0.156197 ^ clkbuf_0_clk/X (sky130_fd_sc_hd__clkbuf_16)
                                                         clknet_0_clk (net)
                      0.103612    0.010124    0.166321 ^ clkbuf_3_0__f_clk/A (sky130_fd_sc_hd__clkbuf_16)
    10    0.033916    0.054391    0.158320    0.324641 ^ clkbuf_3_0__f_clk/X (sky130_fd_sc_hd__clkbuf_16)
                                                         clknet_3_0__leaf_clk (net)
                      0.054477    0.001748    0.326390 ^ dsa[31]._9_/CLK (sky130_fd_sc_hd__dfrtp_1)
                                  0.000000    0.326390   clock reconvergence pessimism
                                 -0.044177    0.282213   library hold time
                                              0.282213   data required time
---------------------------------------------------------------------------------------------
                                              0.282213   data required time
                                             -0.768089   data arrival time
---------------------------------------------------------------------------------------------
                                              0.485876   slack (MET)


Startpoint: dsa[1]._9_ (rising edge-triggered flip-flop clocked by core_clock)
Endpoint: dsa[2]._9_ (rising edge-triggered flip-flop clocked by core_clock)
Path Group: core_clock
Path Type: min

Fanout         Cap        Slew       Delay        Time   Description
---------------------------------------------------------------------------------------------
                                  0.000000    0.000000   clock core_clock (rise edge)
                                  0.000000    0.000000   clock source latency
     1    0.015086    0.000000    0.000000    0.000000 ^ clk (in)
                                                         clk (net)
                      0.001413    0.000707    0.000707 ^ clkbuf_0_clk/A (sky130_fd_sc_hd__clkbuf_16)
     8    0.084849    0.102020    0.155491    0.156197 ^ clkbuf_0_clk/X (sky130_fd_sc_hd__clkbuf_16)
                                                         clknet_0_clk (net)
                      0.102684    0.006629    0.162826 ^ clkbuf_3_7__f_clk/A (sky130_fd_sc_hd__clkbuf_16)
    10    0.030780    0.051710    0.155752    0.318579 ^ clkbuf_3_7__f_clk/X (sky130_fd_sc_hd__clkbuf_16)
                                                         clknet_3_7__leaf_clk (net)
                      0.051732    0.001441    0.320020 ^ dsa[1]._9_/CLK (sky130_fd_sc_hd__dfrtp_1)
     2    0.009898    0.099524    0.364763    0.684782 ^ dsa[1]._9_/Q (sky130_fd_sc_hd__dfrtp_1)
                                                         dsa[1].y_out (net)
                      0.099527    0.000687    0.685469 ^ dsa[2]._6_/A (sky130_fd_sc_hd__xnor2_1)
     1    0.003106    0.036036    0.080142    0.765611 v dsa[2]._6_/Y (sky130_fd_sc_hd__xnor2_1)
                                                         dsa[2].y_out_next (net)
                      0.036037    0.000213    0.765824 v dsa[2]._9_/D (sky130_fd_sc_hd__dfrtp_1)
                                              0.765824   data arrival time

                                  0.000000    0.000000   clock core_clock (rise edge)
                                  0.000000    0.000000   clock source latency
     1    0.015086    0.000000    0.000000    0.000000 ^ clk (in)
                                                         clk (net)
                      0.001413    0.000707    0.000707 ^ clkbuf_0_clk/A (sky130_fd_sc_hd__clkbuf_16)
     8    0.084849    0.102020    0.155491    0.156197 ^ clkbuf_0_clk/X (sky130_fd_sc_hd__clkbuf_16)
                                                         clknet_0_clk (net)
                      0.102684    0.006629    0.162826 ^ clkbuf_3_7__f_clk/A (sky130_fd_sc_hd__clkbuf_16)
    10    0.030780    0.051710    0.155752    0.318579 ^ clkbuf_3_7__f_clk/X (sky130_fd_sc_hd__clkbuf_16)
                                                         clknet_3_7__leaf_clk (net)
                      0.051728    0.001179    0.319758 ^ dsa[2]._9_/CLK (sky130_fd_sc_hd__dfrtp_1)
                                  0.000000    0.319758   clock reconvergence pessimism
                                 -0.040592    0.279166   library hold time
                                              0.279166   data required time
---------------------------------------------------------------------------------------------
                                              0.279166   data required time
                                             -0.765824   data arrival time
---------------------------------------------------------------------------------------------
                                              0.486658   slack (MET)


Startpoint: dsa[5]._9_ (rising edge-triggered flip-flop clocked by core_clock)
Endpoint: dsa[6]._9_ (rising edge-triggered flip-flop clocked by core_clock)
Path Group: core_clock
Path Type: min

Fanout         Cap        Slew       Delay        Time   Description
---------------------------------------------------------------------------------------------
                                  0.000000    0.000000   clock core_clock (rise edge)
                                  0.000000    0.000000   clock source latency
     1    0.015086    0.000000    0.000000    0.000000 ^ clk (in)
                                                         clk (net)
                      0.001413    0.000707    0.000707 ^ clkbuf_0_clk/A (sky130_fd_sc_hd__clkbuf_16)
     8    0.084849    0.102020    0.155491    0.156197 ^ clkbuf_0_clk/X (sky130_fd_sc_hd__clkbuf_16)
                                                         clknet_0_clk (net)
                      0.103280    0.009025    0.165222 ^ clkbuf_3_5__f_clk/A (sky130_fd_sc_hd__clkbuf_16)
     8    0.030792    0.051721    0.155982    0.321204 ^ clkbuf_3_5__f_clk/X (sky130_fd_sc_hd__clkbuf_16)
                                                         clknet_3_5__leaf_clk (net)
                      0.051743    0.001469    0.322673 ^ dsa[5]._9_/CLK (sky130_fd_sc_hd__dfrtp_1)
     2    0.010931    0.107970    0.370964    0.693636 ^ dsa[5]._9_/Q (sky130_fd_sc_hd__dfrtp_1)
                                                         dsa[5].y_out (net)
                      0.107973    0.000754    0.694390 ^ dsa[6]._6_/A (sky130_fd_sc_hd__xnor2_1)
     1    0.002371    0.030821    0.077806    0.772196 v dsa[6]._6_/Y (sky130_fd_sc_hd__xnor2_1)
                                                         dsa[6].y_out_next (net)
                      0.030822    0.000163    0.772359 v dsa[6]._9_/D (sky130_fd_sc_hd__dfrtp_1)
                                              0.772359   data arrival time

                                  0.000000    0.000000   clock core_clock (rise edge)
                                  0.000000    0.000000   clock source latency
     1    0.015086    0.000000    0.000000    0.000000 ^ clk (in)
                                                         clk (net)
                      0.001413    0.000707    0.000707 ^ clkbuf_0_clk/A (sky130_fd_sc_hd__clkbuf_16)
     8    0.084849    0.102020    0.155491    0.156197 ^ clkbuf_0_clk/X (sky130_fd_sc_hd__clkbuf_16)
                                                         clknet_0_clk (net)
                      0.103280    0.009025    0.165222 ^ clkbuf_3_5__f_clk/A (sky130_fd_sc_hd__clkbuf_16)
     8    0.030792    0.051721    0.155982    0.321204 ^ clkbuf_3_5__f_clk/X (sky130_fd_sc_hd__clkbuf_16)
                                                         clknet_3_5__leaf_clk (net)
                      0.051744    0.001515    0.322718 ^ dsa[6]._9_/CLK (sky130_fd_sc_hd__dfrtp_1)
                                  0.000000    0.322718   clock reconvergence pessimism
                                 -0.038465    0.284253   library hold time
                                              0.284253   data required time
---------------------------------------------------------------------------------------------
                                              0.284253   data required time
                                             -0.772359   data arrival time
---------------------------------------------------------------------------------------------
                                              0.488106   slack (MET)


Startpoint: dsa[29]._9_ (rising edge-triggered flip-flop clocked by core_clock)
Endpoint: dsa[30]._9_ (rising edge-triggered flip-flop clocked by core_clock)
Path Group: core_clock
Path Type: min

Fanout         Cap        Slew       Delay        Time   Description
---------------------------------------------------------------------------------------------
                                  0.000000    0.000000   clock core_clock (rise edge)
                                  0.000000    0.000000   clock source latency
     1    0.015086    0.000000    0.000000    0.000000 ^ clk (in)
                                                         clk (net)
                      0.001413    0.000707    0.000707 ^ clkbuf_0_clk/A (sky130_fd_sc_hd__clkbuf_16)
     8    0.084849    0.102020    0.155491    0.156197 ^ clkbuf_0_clk/X (sky130_fd_sc_hd__clkbuf_16)
                                                         clknet_0_clk (net)
                      0.103596    0.010073    0.166271 ^ clkbuf_3_1__f_clk/A (sky130_fd_sc_hd__clkbuf_16)
     7    0.025481    0.046812    0.151679    0.317950 ^ clkbuf_3_1__f_clk/X (sky130_fd_sc_hd__clkbuf_16)
                                                         clknet_3_1__leaf_clk (net)
                      0.046854    0.001227    0.319178 ^ dsa[29]._9_/CLK (sky130_fd_sc_hd__dfrtp_1)
     2    0.009626    0.097287    0.361319    0.680497 ^ dsa[29]._9_/Q (sky130_fd_sc_hd__dfrtp_1)
                                                         dsa[29].y_out (net)
                      0.097289    0.000613    0.681110 ^ dsa[30]._6_/A (sky130_fd_sc_hd__xnor2_1)
     1    0.003749    0.039723    0.083390    0.764500 v dsa[30]._6_/Y (sky130_fd_sc_hd__xnor2_1)
                                                         dsa[30].y_out_next (net)
                      0.039724    0.000252    0.764751 v dsa[30]._9_/D (sky130_fd_sc_hd__dfrtp_1)
                                              0.764751   data arrival time

                                  0.000000    0.000000   clock core_clock (rise edge)
                                  0.000000    0.000000   clock source latency
     1    0.015086    0.000000    0.000000    0.000000 ^ clk (in)
                                                         clk (net)
                      0.001413    0.000707    0.000707 ^ clkbuf_0_clk/A (sky130_fd_sc_hd__clkbuf_16)
     8    0.084849    0.102020    0.155491    0.156197 ^ clkbuf_0_clk/X (sky130_fd_sc_hd__clkbuf_16)
                                                         clknet_0_clk (net)
                      0.103596    0.010073    0.166271 ^ clkbuf_3_1__f_clk/A (sky130_fd_sc_hd__clkbuf_16)
     7    0.025481    0.046812    0.151679    0.317950 ^ clkbuf_3_1__f_clk/X (sky130_fd_sc_hd__clkbuf_16)
                                                         clknet_3_1__leaf_clk (net)
                      0.046852    0.001198    0.319148 ^ dsa[30]._9_/CLK (sky130_fd_sc_hd__dfrtp_1)
                                  0.000000    0.319148   clock reconvergence pessimism
                                 -0.043205    0.275943   library hold time
                                              0.275943   data required time
---------------------------------------------------------------------------------------------
                                              0.275943   data required time
                                             -0.764751   data arrival time
---------------------------------------------------------------------------------------------
                                              0.488809   slack (MET)


Startpoint: dsa[26]._9_ (rising edge-triggered flip-flop clocked by core_clock)
Endpoint: dsa[27]._9_ (rising edge-triggered flip-flop clocked by core_clock)
Path Group: core_clock
Path Type: min

Fanout         Cap        Slew       Delay        Time   Description
---------------------------------------------------------------------------------------------
                                  0.000000    0.000000   clock core_clock (rise edge)
                                  0.000000    0.000000   clock source latency
     1    0.015086    0.000000    0.000000    0.000000 ^ clk (in)
                                                         clk (net)
                      0.001413    0.000707    0.000707 ^ clkbuf_0_clk/A (sky130_fd_sc_hd__clkbuf_16)
     8    0.084849    0.102020    0.155491    0.156197 ^ clkbuf_0_clk/X (sky130_fd_sc_hd__clkbuf_16)
                                                         clknet_0_clk (net)
                      0.102432    0.005282    0.161479 ^ clkbuf_3_2__f_clk/A (sky130_fd_sc_hd__clkbuf_16)
    10    0.033019    0.053602    0.157159    0.318638 ^ clkbuf_3_2__f_clk/X (sky130_fd_sc_hd__clkbuf_16)
                                                         clknet_3_2__leaf_clk (net)
                      0.053686    0.001949    0.320587 ^ dsa[26]._9_/CLK (sky130_fd_sc_hd__dfrtp_1)
     2    0.010085    0.101064    0.366591    0.687178 ^ dsa[26]._9_/Q (sky130_fd_sc_hd__dfrtp_1)
                                                         dsa[26].y_out (net)
                      0.101067    0.000699    0.687877 ^ dsa[27]._6_/A (sky130_fd_sc_hd__xnor2_1)
     1    0.003541    0.038418    0.083180    0.771056 v dsa[27]._6_/Y (sky130_fd_sc_hd__xnor2_1)
                                                         dsa[27].y_out_next (net)
                      0.038419    0.000251    0.771307 v dsa[27]._9_/D (sky130_fd_sc_hd__dfrtp_1)
                                              0.771307   data arrival time

                                  0.000000    0.000000   clock core_clock (rise edge)
                                  0.000000    0.000000   clock source latency
     1    0.015086    0.000000    0.000000    0.000000 ^ clk (in)
                                                         clk (net)
                      0.001413    0.000707    0.000707 ^ clkbuf_0_clk/A (sky130_fd_sc_hd__clkbuf_16)
     8    0.084849    0.102020    0.155491    0.156197 ^ clkbuf_0_clk/X (sky130_fd_sc_hd__clkbuf_16)
                                                         clknet_0_clk (net)
                      0.102432    0.005282    0.161479 ^ clkbuf_3_2__f_clk/A (sky130_fd_sc_hd__clkbuf_16)
    10    0.033019    0.053602    0.157159    0.318638 ^ clkbuf_3_2__f_clk/X (sky130_fd_sc_hd__clkbuf_16)
                                                         clknet_3_2__leaf_clk (net)
                      0.053632    0.001402    0.320041 ^ dsa[27]._9_/CLK (sky130_fd_sc_hd__dfrtp_1)
                                  0.000000    0.320041   clock reconvergence pessimism
                                 -0.041127    0.278913   library hold time
                                              0.278913   data required time
---------------------------------------------------------------------------------------------
                                              0.278913   data required time
                                             -0.771307   data arrival time
---------------------------------------------------------------------------------------------
                                              0.492394   slack (MET)


Startpoint: dsa[30]._9_ (rising edge-triggered flip-flop clocked by core_clock)
Endpoint: dsa[31]._8_ (rising edge-triggered flip-flop clocked by core_clock)
Path Group: core_clock
Path Type: min

Fanout         Cap        Slew       Delay        Time   Description
---------------------------------------------------------------------------------------------
                                  0.000000    0.000000   clock core_clock (rise edge)
                                  0.000000    0.000000   clock source latency
     1    0.015086    0.000000    0.000000    0.000000 ^ clk (in)
                                                         clk (net)
                      0.001413    0.000707    0.000707 ^ clkbuf_0_clk/A (sky130_fd_sc_hd__clkbuf_16)
     8    0.084849    0.102020    0.155491    0.156197 ^ clkbuf_0_clk/X (sky130_fd_sc_hd__clkbuf_16)
                                                         clknet_0_clk (net)
                      0.103596    0.010073    0.166271 ^ clkbuf_3_1__f_clk/A (sky130_fd_sc_hd__clkbuf_16)
     7    0.025481    0.046812    0.151679    0.317950 ^ clkbuf_3_1__f_clk/X (sky130_fd_sc_hd__clkbuf_16)
                                                         clknet_3_1__leaf_clk (net)
                      0.046852    0.001198    0.319148 ^ dsa[30]._9_/CLK (sky130_fd_sc_hd__dfrtp_1)
     2    0.009328    0.094905    0.359467    0.678615 ^ dsa[30]._9_/Q (sky130_fd_sc_hd__dfrtp_1)
                                                         dsa[30].y_out (net)
                      0.094906    0.000529    0.679144 ^ dsa[31]._7_/A1 (sky130_fd_sc_hd__a21bo_1)
     1    0.002511    0.033082    0.110174    0.789318 ^ dsa[31]._7_/X (sky130_fd_sc_hd__a21bo_1)
                                                         dsa[31].last_carry_next (net)
                      0.033082    0.000183    0.789501 ^ dsa[31]._8_/D (sky130_fd_sc_hd__dfrtp_1)
                                              0.789501   data arrival time

                                  0.000000    0.000000   clock core_clock (rise edge)
                                  0.000000    0.000000   clock source latency
     1    0.015086    0.000000    0.000000    0.000000 ^ clk (in)
                                                         clk (net)
                      0.001413    0.000707    0.000707 ^ clkbuf_0_clk/A (sky130_fd_sc_hd__clkbuf_16)
     8    0.084849    0.102020    0.155491    0.156197 ^ clkbuf_0_clk/X (sky130_fd_sc_hd__clkbuf_16)
                                                         clknet_0_clk (net)
                      0.103612    0.010124    0.166321 ^ clkbuf_3_0__f_clk/A (sky130_fd_sc_hd__clkbuf_16)
    10    0.033916    0.054391    0.158320    0.324641 ^ clkbuf_3_0__f_clk/X (sky130_fd_sc_hd__clkbuf_16)
                                                         clknet_3_0__leaf_clk (net)
                      0.054509    0.002081    0.326722 ^ dsa[31]._8_/CLK (sky130_fd_sc_hd__dfrtp_1)
                                  0.000000    0.326722   clock reconvergence pessimism
                                 -0.030970    0.295752   library hold time
                                              0.295752   data required time
---------------------------------------------------------------------------------------------
                                              0.295752   data required time
                                             -0.789501   data arrival time
---------------------------------------------------------------------------------------------
                                              0.493749   slack (MET)


Startpoint: dsa[10]._9_ (rising edge-triggered flip-flop clocked by core_clock)
Endpoint: dsa[11]._9_ (rising edge-triggered flip-flop clocked by core_clock)
Path Group: core_clock
Path Type: min

Fanout         Cap        Slew       Delay        Time   Description
---------------------------------------------------------------------------------------------
                                  0.000000    0.000000   clock core_clock (rise edge)
                                  0.000000    0.000000   clock source latency
     1    0.015086    0.000000    0.000000    0.000000 ^ clk (in)
                                                         clk (net)
                      0.001413    0.000707    0.000707 ^ clkbuf_0_clk/A (sky130_fd_sc_hd__clkbuf_16)
     8    0.084849    0.102020    0.155491    0.156197 ^ clkbuf_0_clk/X (sky130_fd_sc_hd__clkbuf_16)
                                                         clknet_0_clk (net)
                      0.102659    0.006504    0.162701 ^ clkbuf_3_6__f_clk/A (sky130_fd_sc_hd__clkbuf_16)
     8    0.028138    0.049460    0.153866    0.316568 ^ clkbuf_3_6__f_clk/X (sky130_fd_sc_hd__clkbuf_16)
                                                         clknet_3_6__leaf_clk (net)
                      0.049479    0.001333    0.317901 ^ dsa[10]._9_/CLK (sky130_fd_sc_hd__dfrtp_1)
     2    0.010737    0.106358    0.369060    0.686961 ^ dsa[10]._9_/Q (sky130_fd_sc_hd__dfrtp_1)
                                                         dsa[10].y_out (net)
                      0.106360    0.000654    0.687615 ^ dsa[11]._6_/A (sky130_fd_sc_hd__xnor2_1)
     1    0.003551    0.038450    0.084737    0.772352 v dsa[11]._6_/Y (sky130_fd_sc_hd__xnor2_1)
                                                         dsa[11].y_out_next (net)
                      0.038450    0.000143    0.772495 v dsa[11]._9_/D (sky130_fd_sc_hd__dfrtp_1)
                                              0.772495   data arrival time

                                  0.000000    0.000000   clock core_clock (rise edge)
                                  0.000000    0.000000   clock source latency
     1    0.015086    0.000000    0.000000    0.000000 ^ clk (in)
                                                         clk (net)
                      0.001413    0.000707    0.000707 ^ clkbuf_0_clk/A (sky130_fd_sc_hd__clkbuf_16)
     8    0.084849    0.102020    0.155491    0.156197 ^ clkbuf_0_clk/X (sky130_fd_sc_hd__clkbuf_16)
                                                         clknet_0_clk (net)
                      0.102684    0.006629    0.162826 ^ clkbuf_3_7__f_clk/A (sky130_fd_sc_hd__clkbuf_16)
    10    0.030780    0.051710    0.155752    0.318579 ^ clkbuf_3_7__f_clk/X (sky130_fd_sc_hd__clkbuf_16)
                                                         clknet_3_7__leaf_clk (net)
                      0.051732    0.001435    0.320013 ^ dsa[11]._9_/CLK (sky130_fd_sc_hd__dfrtp_1)
                                  0.000000    0.320013   clock reconvergence pessimism
                                 -0.041574    0.278439   library hold time
                                              0.278439   data required time
---------------------------------------------------------------------------------------------
                                              0.278439   data required time
                                             -0.772495   data arrival time
---------------------------------------------------------------------------------------------
                                              0.494055   slack (MET)


Startpoint: dsa[15]._9_ (rising edge-triggered flip-flop clocked by core_clock)
Endpoint: dsa[16]._8_ (rising edge-triggered flip-flop clocked by core_clock)
Path Group: core_clock
Path Type: min

Fanout         Cap        Slew       Delay        Time   Description
---------------------------------------------------------------------------------------------
                                  0.000000    0.000000   clock core_clock (rise edge)
                                  0.000000    0.000000   clock source latency
     1    0.015086    0.000000    0.000000    0.000000 ^ clk (in)
                                                         clk (net)
                      0.001413    0.000707    0.000707 ^ clkbuf_0_clk/A (sky130_fd_sc_hd__clkbuf_16)
     8    0.084849    0.102020    0.155491    0.156197 ^ clkbuf_0_clk/X (sky130_fd_sc_hd__clkbuf_16)
                                                         clknet_0_clk (net)
                      0.103192    0.008714    0.164911 ^ clkbuf_3_4__f_clk/A (sky130_fd_sc_hd__clkbuf_16)
     9    0.023560    0.045046    0.149734    0.314645 ^ clkbuf_3_4__f_clk/X (sky130_fd_sc_hd__clkbuf_16)
                                                         clknet_3_4__leaf_clk (net)
                      0.045102    0.001341    0.315986 ^ dsa[15]._9_/CLK (sky130_fd_sc_hd__dfrtp_1)
     2    0.008342    0.088207    0.352166    0.668152 ^ dsa[15]._9_/Q (sky130_fd_sc_hd__dfrtp_1)
                                                         dsa[15].y_out (net)
                      0.088209    0.000532    0.668684 ^ dsa[16]._7_/A1 (sky130_fd_sc_hd__a21bo_1)
     1    0.003096    0.037217    0.111889    0.780573 ^ dsa[16]._7_/X (sky130_fd_sc_hd__a21bo_1)
                                                         dsa[16].last_carry_next (net)
                      0.037217    0.000126    0.780699 ^ dsa[16]._8_/D (sky130_fd_sc_hd__dfrtp_1)
                                              0.780699   data arrival time

                                  0.000000    0.000000   clock core_clock (rise edge)
                                  0.000000    0.000000   clock source latency
     1    0.015086    0.000000    0.000000    0.000000 ^ clk (in)
                                                         clk (net)
                      0.001413    0.000707    0.000707 ^ clkbuf_0_clk/A (sky130_fd_sc_hd__clkbuf_16)
     8    0.084849    0.102020    0.155491    0.156197 ^ clkbuf_0_clk/X (sky130_fd_sc_hd__clkbuf_16)
                                                         clknet_0_clk (net)
                      0.103596    0.010073    0.166271 ^ clkbuf_3_1__f_clk/A (sky130_fd_sc_hd__clkbuf_16)
     7    0.025481    0.046812    0.151679    0.317950 ^ clkbuf_3_1__f_clk/X (sky130_fd_sc_hd__clkbuf_16)
                                                         clknet_3_1__leaf_clk (net)
                      0.046854    0.001227    0.319177 ^ dsa[16]._8_/CLK (sky130_fd_sc_hd__dfrtp_1)
                                  0.000000    0.319177   clock reconvergence pessimism
                                 -0.032880    0.286297   library hold time
                                              0.286297   data required time
---------------------------------------------------------------------------------------------
                                              0.286297   data required time
                                             -0.780699   data arrival time
---------------------------------------------------------------------------------------------
                                              0.494402   slack (MET)


Startpoint: dsa[16]._9_ (rising edge-triggered flip-flop clocked by core_clock)
Endpoint: dsa[17]._8_ (rising edge-triggered flip-flop clocked by core_clock)
Path Group: core_clock
Path Type: min

Fanout         Cap        Slew       Delay        Time   Description
---------------------------------------------------------------------------------------------
                                  0.000000    0.000000   clock core_clock (rise edge)
                                  0.000000    0.000000   clock source latency
     1    0.015086    0.000000    0.000000    0.000000 ^ clk (in)
                                                         clk (net)
                      0.001413    0.000707    0.000707 ^ clkbuf_0_clk/A (sky130_fd_sc_hd__clkbuf_16)
     8    0.084849    0.102020    0.155491    0.156197 ^ clkbuf_0_clk/X (sky130_fd_sc_hd__clkbuf_16)
                                                         clknet_0_clk (net)
                      0.103192    0.008714    0.164911 ^ clkbuf_3_4__f_clk/A (sky130_fd_sc_hd__clkbuf_16)
     9    0.023560    0.045046    0.149734    0.314645 ^ clkbuf_3_4__f_clk/X (sky130_fd_sc_hd__clkbuf_16)
                                                         clknet_3_4__leaf_clk (net)
                      0.045081    0.001090    0.315735 ^ dsa[16]._9_/CLK (sky130_fd_sc_hd__dfrtp_1)
     2    0.009203    0.094047    0.357959    0.673694 ^ dsa[16]._9_/Q (sky130_fd_sc_hd__dfrtp_1)
                                                         dsa[16].y_out (net)
                      0.094048    0.000486    0.674179 ^ dsa[17]._7_/A1 (sky130_fd_sc_hd__a21bo_1)
     1    0.002320    0.031767    0.108660    0.782839 ^ dsa[17]._7_/X (sky130_fd_sc_hd__a21bo_1)
                                                         dsa[17].last_carry_next (net)
                      0.031767    0.000164    0.783003 ^ dsa[17]._8_/D (sky130_fd_sc_hd__dfrtp_1)
                                              0.783003   data arrival time

                                  0.000000    0.000000   clock core_clock (rise edge)
                                  0.000000    0.000000   clock source latency
     1    0.015086    0.000000    0.000000    0.000000 ^ clk (in)
                                                         clk (net)
                      0.001413    0.000707    0.000707 ^ clkbuf_0_clk/A (sky130_fd_sc_hd__clkbuf_16)
     8    0.084849    0.102020    0.155491    0.156197 ^ clkbuf_0_clk/X (sky130_fd_sc_hd__clkbuf_16)
                                                         clknet_0_clk (net)
                      0.103596    0.010073    0.166271 ^ clkbuf_3_1__f_clk/A (sky130_fd_sc_hd__clkbuf_16)
     7    0.025481    0.046812    0.151679    0.317950 ^ clkbuf_3_1__f_clk/X (sky130_fd_sc_hd__clkbuf_16)
                                                         clknet_3_1__leaf_clk (net)
                      0.046859    0.001281    0.319231 ^ dsa[17]._8_/CLK (sky130_fd_sc_hd__dfrtp_1)
                                  0.000000    0.319231   clock reconvergence pessimism
                                 -0.031737    0.287494   library hold time
                                              0.287494   data required time
---------------------------------------------------------------------------------------------
                                              0.287494   data required time
                                             -0.783003   data arrival time
---------------------------------------------------------------------------------------------
                                              0.495509   slack (MET)


Startpoint: dsa[21]._9_ (rising edge-triggered flip-flop clocked by core_clock)
Endpoint: dsa[22]._8_ (rising edge-triggered flip-flop clocked by core_clock)
Path Group: core_clock
Path Type: min

Fanout         Cap        Slew       Delay        Time   Description
---------------------------------------------------------------------------------------------
                                  0.000000    0.000000   clock core_clock (rise edge)
                                  0.000000    0.000000   clock source latency
     1    0.015086    0.000000    0.000000    0.000000 ^ clk (in)
                                                         clk (net)
                      0.001413    0.000707    0.000707 ^ clkbuf_0_clk/A (sky130_fd_sc_hd__clkbuf_16)
     8    0.084849    0.102020    0.155491    0.156197 ^ clkbuf_0_clk/X (sky130_fd_sc_hd__clkbuf_16)
                                                         clknet_0_clk (net)
                      0.102376    0.004924    0.161122 ^ clkbuf_3_3__f_clk/A (sky130_fd_sc_hd__clkbuf_16)
     9    0.028189    0.049503    0.153798    0.314920 ^ clkbuf_3_3__f_clk/X (sky130_fd_sc_hd__clkbuf_16)
                                                         clknet_3_3__leaf_clk (net)
                      0.049517    0.001025    0.315945 ^ dsa[21]._9_/CLK (sky130_fd_sc_hd__dfrtp_1)
     2    0.008221    0.087211    0.353089    0.669034 ^ dsa[21]._9_/Q (sky130_fd_sc_hd__dfrtp_1)
                                                         dsa[21].y_out (net)
                      0.087211    0.000280    0.669314 ^ dsa[22]._7_/A1 (sky130_fd_sc_hd__a21bo_1)
     1    0.003411    0.039464    0.113594    0.782907 ^ dsa[22]._7_/X (sky130_fd_sc_hd__a21bo_1)
                                                         dsa[22].last_carry_next (net)
                      0.039465    0.000216    0.783123 ^ dsa[22]._8_/D (sky130_fd_sc_hd__dfrtp_1)
                                              0.783123   data arrival time

                                  0.000000    0.000000   clock core_clock (rise edge)
                                  0.000000    0.000000   clock source latency
     1    0.015086    0.000000    0.000000    0.000000 ^ clk (in)
                                                         clk (net)
                      0.001413    0.000707    0.000707 ^ clkbuf_0_clk/A (sky130_fd_sc_hd__clkbuf_16)
     8    0.084849    0.102020    0.155491    0.156197 ^ clkbuf_0_clk/X (sky130_fd_sc_hd__clkbuf_16)
                                                         clknet_0_clk (net)
                      0.102432    0.005282    0.161479 ^ clkbuf_3_2__f_clk/A (sky130_fd_sc_hd__clkbuf_16)
    10    0.033019    0.053602    0.157159    0.318638 ^ clkbuf_3_2__f_clk/X (sky130_fd_sc_hd__clkbuf_16)
                                                         clknet_3_2__leaf_clk (net)
                      0.053630    0.001377    0.320016 ^ dsa[22]._8_/CLK (sky130_fd_sc_hd__dfrtp_1)
                                  0.000000    0.320016   clock reconvergence pessimism
                                 -0.032426    0.287589   library hold time
                                              0.287589   data required time
---------------------------------------------------------------------------------------------
                                              0.287589   data required time
                                             -0.783123   data arrival time
---------------------------------------------------------------------------------------------
                                              0.495534   slack (MET)


Startpoint: dsa[11]._9_ (rising edge-triggered flip-flop clocked by core_clock)
Endpoint: dsa[12]._9_ (rising edge-triggered flip-flop clocked by core_clock)
Path Group: core_clock
Path Type: min

Fanout         Cap        Slew       Delay        Time   Description
---------------------------------------------------------------------------------------------
                                  0.000000    0.000000   clock core_clock (rise edge)
                                  0.000000    0.000000   clock source latency
     1    0.015086    0.000000    0.000000    0.000000 ^ clk (in)
                                                         clk (net)
                      0.001413    0.000707    0.000707 ^ clkbuf_0_clk/A (sky130_fd_sc_hd__clkbuf_16)
     8    0.084849    0.102020    0.155491    0.156197 ^ clkbuf_0_clk/X (sky130_fd_sc_hd__clkbuf_16)
                                                         clknet_0_clk (net)
                      0.102684    0.006629    0.162826 ^ clkbuf_3_7__f_clk/A (sky130_fd_sc_hd__clkbuf_16)
    10    0.030780    0.051710    0.155752    0.318579 ^ clkbuf_3_7__f_clk/X (sky130_fd_sc_hd__clkbuf_16)
                                                         clknet_3_7__leaf_clk (net)
                      0.051732    0.001435    0.320013 ^ dsa[11]._9_/CLK (sky130_fd_sc_hd__dfrtp_1)
     2    0.011121    0.109513    0.372174    0.692187 ^ dsa[11]._9_/Q (sky130_fd_sc_hd__dfrtp_1)
                                                         dsa[11].y_out (net)
                      0.109515    0.000737    0.692924 ^ dsa[12]._6_/A (sky130_fd_sc_hd__xnor2_1)
     1    0.003059    0.035379    0.082610    0.775534 v dsa[12]._6_/Y (sky130_fd_sc_hd__xnor2_1)
                                                         dsa[12].y_out_next (net)
                      0.035379    0.000127    0.775661 v dsa[12]._9_/D (sky130_fd_sc_hd__dfrtp_1)
                                              0.775661   data arrival time

                                  0.000000    0.000000   clock core_clock (rise edge)
                                  0.000000    0.000000   clock source latency
     1    0.015086    0.000000    0.000000    0.000000 ^ clk (in)
                                                         clk (net)
                      0.001413    0.000707    0.000707 ^ clkbuf_0_clk/A (sky130_fd_sc_hd__clkbuf_16)
     8    0.084849    0.102020    0.155491    0.156197 ^ clkbuf_0_clk/X (sky130_fd_sc_hd__clkbuf_16)
                                                         clknet_0_clk (net)
                      0.102684    0.006629    0.162826 ^ clkbuf_3_7__f_clk/A (sky130_fd_sc_hd__clkbuf_16)
    10    0.030780    0.051710    0.155752    0.318579 ^ clkbuf_3_7__f_clk/X (sky130_fd_sc_hd__clkbuf_16)
                                                         clknet_3_7__leaf_clk (net)
                      0.051744    0.001843    0.320422 ^ dsa[12]._9_/CLK (sky130_fd_sc_hd__dfrtp_1)
                                  0.000000    0.320422   clock reconvergence pessimism
                                 -0.040321    0.280101   library hold time
                                              0.280101   data required time
---------------------------------------------------------------------------------------------
                                              0.280101   data required time
                                             -0.775661   data arrival time
---------------------------------------------------------------------------------------------
                                              0.495559   slack (MET)


Startpoint: dsa[25]._9_ (rising edge-triggered flip-flop clocked by core_clock)
Endpoint: dsa[26]._8_ (rising edge-triggered flip-flop clocked by core_clock)
Path Group: core_clock
Path Type: min

Fanout         Cap        Slew       Delay        Time   Description
---------------------------------------------------------------------------------------------
                                  0.000000    0.000000   clock core_clock (rise edge)
                                  0.000000    0.000000   clock source latency
     1    0.015086    0.000000    0.000000    0.000000 ^ clk (in)
                                                         clk (net)
                      0.001413    0.000707    0.000707 ^ clkbuf_0_clk/A (sky130_fd_sc_hd__clkbuf_16)
     8    0.084849    0.102020    0.155491    0.156197 ^ clkbuf_0_clk/X (sky130_fd_sc_hd__clkbuf_16)
                                                         clknet_0_clk (net)
                      0.102432    0.005282    0.161479 ^ clkbuf_3_2__f_clk/A (sky130_fd_sc_hd__clkbuf_16)
    10    0.033019    0.053602    0.157159    0.318638 ^ clkbuf_3_2__f_clk/X (sky130_fd_sc_hd__clkbuf_16)
                                                         clknet_3_2__leaf_clk (net)
                      0.053662    0.001706    0.320345 ^ dsa[25]._9_/CLK (sky130_fd_sc_hd__dfrtp_1)
     2    0.008499    0.089251    0.356550    0.676894 ^ dsa[25]._9_/Q (sky130_fd_sc_hd__dfrtp_1)
                                                         dsa[25].y_out (net)
                      0.089251    0.000393    0.677287 ^ dsa[26]._7_/A1 (sky130_fd_sc_hd__a21bo_1)
     1    0.002488    0.032927    0.108216    0.785503 ^ dsa[26]._7_/X (sky130_fd_sc_hd__a21bo_1)
                                                         dsa[26].last_carry_next (net)
                      0.032927    0.000171    0.785675 ^ dsa[26]._8_/D (sky130_fd_sc_hd__dfrtp_1)
                                              0.785675   data arrival time

                                  0.000000    0.000000   clock core_clock (rise edge)
                                  0.000000    0.000000   clock source latency
     1    0.015086    0.000000    0.000000    0.000000 ^ clk (in)
                                                         clk (net)
                      0.001413    0.000707    0.000707 ^ clkbuf_0_clk/A (sky130_fd_sc_hd__clkbuf_16)
     8    0.084849    0.102020    0.155491    0.156197 ^ clkbuf_0_clk/X (sky130_fd_sc_hd__clkbuf_16)
                                                         clknet_0_clk (net)
                      0.102432    0.005282    0.161479 ^ clkbuf_3_2__f_clk/A (sky130_fd_sc_hd__clkbuf_16)
    10    0.033019    0.053602    0.157159    0.318638 ^ clkbuf_3_2__f_clk/X (sky130_fd_sc_hd__clkbuf_16)
                                                         clknet_3_2__leaf_clk (net)
                      0.053712    0.002204    0.320842 ^ dsa[26]._8_/CLK (sky130_fd_sc_hd__dfrtp_1)
                                  0.000000    0.320842   clock reconvergence pessimism
                                 -0.031046    0.289797   library hold time
                                              0.289797   data required time
---------------------------------------------------------------------------------------------
                                              0.289797   data required time
                                             -0.785675   data arrival time
---------------------------------------------------------------------------------------------
                                              0.495878   slack (MET)


Startpoint: dsa[23]._9_ (rising edge-triggered flip-flop clocked by core_clock)
Endpoint: dsa[24]._8_ (rising edge-triggered flip-flop clocked by core_clock)
Path Group: core_clock
Path Type: min

Fanout         Cap        Slew       Delay        Time   Description
---------------------------------------------------------------------------------------------
                                  0.000000    0.000000   clock core_clock (rise edge)
                                  0.000000    0.000000   clock source latency
     1    0.015086    0.000000    0.000000    0.000000 ^ clk (in)
                                                         clk (net)
                      0.001413    0.000707    0.000707 ^ clkbuf_0_clk/A (sky130_fd_sc_hd__clkbuf_16)
     8    0.084849    0.102020    0.155491    0.156197 ^ clkbuf_0_clk/X (sky130_fd_sc_hd__clkbuf_16)
                                                         clknet_0_clk (net)
                      0.102376    0.004924    0.161122 ^ clkbuf_3_3__f_clk/A (sky130_fd_sc_hd__clkbuf_16)
     9    0.028189    0.049503    0.153798    0.314920 ^ clkbuf_3_3__f_clk/X (sky130_fd_sc_hd__clkbuf_16)
                                                         clknet_3_3__leaf_clk (net)
                      0.049521    0.001305    0.316225 ^ dsa[23]._9_/CLK (sky130_fd_sc_hd__dfrtp_1)
     2    0.009126    0.093536    0.359109    0.675334 ^ dsa[23]._9_/Q (sky130_fd_sc_hd__dfrtp_1)
                                                         dsa[23].y_out (net)
                      0.093537    0.000517    0.675851 ^ dsa[24]._7_/A1 (sky130_fd_sc_hd__a21bo_1)
     1    0.002769    0.034889    0.111431    0.787282 ^ dsa[24]._7_/X (sky130_fd_sc_hd__a21bo_1)
                                                         dsa[24].last_carry_next (net)
                      0.034889    0.000180    0.787462 ^ dsa[24]._8_/D (sky130_fd_sc_hd__dfrtp_1)
                                              0.787462   data arrival time

                                  0.000000    0.000000   clock core_clock (rise edge)
                                  0.000000    0.000000   clock source latency
     1    0.015086    0.000000    0.000000    0.000000 ^ clk (in)
                                                         clk (net)
                      0.001413    0.000707    0.000707 ^ clkbuf_0_clk/A (sky130_fd_sc_hd__clkbuf_16)
     8    0.084849    0.102020    0.155491    0.156197 ^ clkbuf_0_clk/X (sky130_fd_sc_hd__clkbuf_16)
                                                         clknet_0_clk (net)
                      0.102432    0.005282    0.161479 ^ clkbuf_3_2__f_clk/A (sky130_fd_sc_hd__clkbuf_16)
    10    0.033019    0.053602    0.157159    0.318638 ^ clkbuf_3_2__f_clk/X (sky130_fd_sc_hd__clkbuf_16)
                                                         clknet_3_2__leaf_clk (net)
                      0.053694    0.002031    0.320669 ^ dsa[24]._8_/CLK (sky130_fd_sc_hd__dfrtp_1)
                                  0.000000    0.320669   clock reconvergence pessimism
                                 -0.031459    0.289210   library hold time
                                              0.289210   data required time
---------------------------------------------------------------------------------------------
                                              0.289210   data required time
                                             -0.787462   data arrival time
---------------------------------------------------------------------------------------------
                                              0.498252   slack (MET)


Startpoint: dsa[0]._9_ (rising edge-triggered flip-flop clocked by core_clock)
Endpoint: dsa[1]._8_ (rising edge-triggered flip-flop clocked by core_clock)
Path Group: core_clock
Path Type: min

Fanout         Cap        Slew       Delay        Time   Description
---------------------------------------------------------------------------------------------
                                  0.000000    0.000000   clock core_clock (rise edge)
                                  0.000000    0.000000   clock source latency
     1    0.015086    0.000000    0.000000    0.000000 ^ clk (in)
                                                         clk (net)
                      0.001413    0.000707    0.000707 ^ clkbuf_0_clk/A (sky130_fd_sc_hd__clkbuf_16)
     8    0.084849    0.102020    0.155491    0.156197 ^ clkbuf_0_clk/X (sky130_fd_sc_hd__clkbuf_16)
                                                         clknet_0_clk (net)
                      0.102684    0.006629    0.162826 ^ clkbuf_3_7__f_clk/A (sky130_fd_sc_hd__clkbuf_16)
    10    0.030780    0.051710    0.155752    0.318579 ^ clkbuf_3_7__f_clk/X (sky130_fd_sc_hd__clkbuf_16)
                                                         clknet_3_7__leaf_clk (net)
                      0.051734    0.001565    0.320144 ^ dsa[0]._9_/CLK (sky130_fd_sc_hd__dfrtp_1)
     2    0.008541    0.089536    0.356114    0.676258 ^ dsa[0]._9_/Q (sky130_fd_sc_hd__dfrtp_1)
                                                         dsa[0].y_out (net)
                      0.089536    0.000395    0.676653 ^ dsa[1]._7_/A1 (sky130_fd_sc_hd__a21bo_1)
     1    0.002814    0.035211    0.110443    0.787096 ^ dsa[1]._7_/X (sky130_fd_sc_hd__a21bo_1)
                                                         dsa[1].last_carry_next (net)
                      0.035211    0.000182    0.787278 ^ dsa[1]._8_/D (sky130_fd_sc_hd__dfrtp_1)
                                              0.787278   data arrival time

                                  0.000000    0.000000   clock core_clock (rise edge)
                                  0.000000    0.000000   clock source latency
     1    0.015086    0.000000    0.000000    0.000000 ^ clk (in)
                                                         clk (net)
                      0.001413    0.000707    0.000707 ^ clkbuf_0_clk/A (sky130_fd_sc_hd__clkbuf_16)
     8    0.084849    0.102020    0.155491    0.156197 ^ clkbuf_0_clk/X (sky130_fd_sc_hd__clkbuf_16)
                                                         clknet_0_clk (net)
                      0.102684    0.006629    0.162826 ^ clkbuf_3_7__f_clk/A (sky130_fd_sc_hd__clkbuf_16)
    10    0.030780    0.051710    0.155752    0.318579 ^ clkbuf_3_7__f_clk/X (sky130_fd_sc_hd__clkbuf_16)
                                                         clknet_3_7__leaf_clk (net)
                      0.051752    0.001951    0.320530 ^ dsa[1]._8_/CLK (sky130_fd_sc_hd__dfrtp_1)
                                  0.000000    0.320530   clock reconvergence pessimism
                                 -0.031792    0.288738   library hold time
                                              0.288738   data required time
---------------------------------------------------------------------------------------------
                                              0.288738   data required time
                                             -0.787278   data arrival time
---------------------------------------------------------------------------------------------
                                              0.498540   slack (MET)


Startpoint: dsa[22]._9_ (rising edge-triggered flip-flop clocked by core_clock)
Endpoint: dsa[23]._8_ (rising edge-triggered flip-flop clocked by core_clock)
Path Group: core_clock
Path Type: min

Fanout         Cap        Slew       Delay        Time   Description
---------------------------------------------------------------------------------------------
                                  0.000000    0.000000   clock core_clock (rise edge)
                                  0.000000    0.000000   clock source latency
     1    0.015086    0.000000    0.000000    0.000000 ^ clk (in)
                                                         clk (net)
                      0.001413    0.000707    0.000707 ^ clkbuf_0_clk/A (sky130_fd_sc_hd__clkbuf_16)
     8    0.084849    0.102020    0.155491    0.156197 ^ clkbuf_0_clk/X (sky130_fd_sc_hd__clkbuf_16)
                                                         clknet_0_clk (net)
                      0.102376    0.004924    0.161122 ^ clkbuf_3_3__f_clk/A (sky130_fd_sc_hd__clkbuf_16)
     9    0.028189    0.049503    0.153798    0.314920 ^ clkbuf_3_3__f_clk/X (sky130_fd_sc_hd__clkbuf_16)
                                                         clknet_3_3__leaf_clk (net)
                      0.049520    0.001240    0.316159 ^ dsa[22]._9_/CLK (sky130_fd_sc_hd__dfrtp_1)
     2    0.008896    0.091976    0.357575    0.673734 ^ dsa[22]._9_/Q (sky130_fd_sc_hd__dfrtp_1)
                                                         dsa[22].y_out (net)
                      0.091976    0.000503    0.674237 ^ dsa[23]._7_/A1 (sky130_fd_sc_hd__a21bo_1)
     1    0.003037    0.036796    0.112709    0.786946 ^ dsa[23]._7_/X (sky130_fd_sc_hd__a21bo_1)
                                                         dsa[23].last_carry_next (net)
                      0.036796    0.000129    0.787074 ^ dsa[23]._8_/D (sky130_fd_sc_hd__dfrtp_1)
                                              0.787074   data arrival time

                                  0.000000    0.000000   clock core_clock (rise edge)
                                  0.000000    0.000000   clock source latency
     1    0.015086    0.000000    0.000000    0.000000 ^ clk (in)
                                                         clk (net)
                      0.001413    0.000707    0.000707 ^ clkbuf_0_clk/A (sky130_fd_sc_hd__clkbuf_16)
     8    0.084849    0.102020    0.155491    0.156197 ^ clkbuf_0_clk/X (sky130_fd_sc_hd__clkbuf_16)
                                                         clknet_0_clk (net)
                      0.102432    0.005282    0.161479 ^ clkbuf_3_2__f_clk/A (sky130_fd_sc_hd__clkbuf_16)
    10    0.033019    0.053602    0.157159    0.318638 ^ clkbuf_3_2__f_clk/X (sky130_fd_sc_hd__clkbuf_16)
                                                         clknet_3_2__leaf_clk (net)
                      0.053660    0.001681    0.320320 ^ dsa[23]._8_/CLK (sky130_fd_sc_hd__dfrtp_1)
                                  0.000000    0.320320   clock reconvergence pessimism
                                 -0.031863    0.288456   library hold time
                                              0.288456   data required time
---------------------------------------------------------------------------------------------
                                              0.288456   data required time
                                             -0.787074   data arrival time
---------------------------------------------------------------------------------------------
                                              0.498618   slack (MET)


Startpoint: dsa[29]._9_ (rising edge-triggered flip-flop clocked by core_clock)
Endpoint: dsa[30]._8_ (rising edge-triggered flip-flop clocked by core_clock)
Path Group: core_clock
Path Type: min

Fanout         Cap        Slew       Delay        Time   Description
---------------------------------------------------------------------------------------------
                                  0.000000    0.000000   clock core_clock (rise edge)
                                  0.000000    0.000000   clock source latency
     1    0.015086    0.000000    0.000000    0.000000 ^ clk (in)
                                                         clk (net)
                      0.001413    0.000707    0.000707 ^ clkbuf_0_clk/A (sky130_fd_sc_hd__clkbuf_16)
     8    0.084849    0.102020    0.155491    0.156197 ^ clkbuf_0_clk/X (sky130_fd_sc_hd__clkbuf_16)
                                                         clknet_0_clk (net)
                      0.103596    0.010073    0.166271 ^ clkbuf_3_1__f_clk/A (sky130_fd_sc_hd__clkbuf_16)
     7    0.025481    0.046812    0.151679    0.317950 ^ clkbuf_3_1__f_clk/X (sky130_fd_sc_hd__clkbuf_16)
                                                         clknet_3_1__leaf_clk (net)
                      0.046854    0.001227    0.319178 ^ dsa[29]._9_/CLK (sky130_fd_sc_hd__dfrtp_1)
     2    0.009626    0.097287    0.361319    0.680497 ^ dsa[29]._9_/Q (sky130_fd_sc_hd__dfrtp_1)
                                                         dsa[29].y_out (net)
                      0.097288    0.000561    0.681058 ^ dsa[30]._7_/A1 (sky130_fd_sc_hd__a21bo_1)
     1    0.002866    0.035576    0.113256    0.794314 ^ dsa[30]._7_/X (sky130_fd_sc_hd__a21bo_1)
                                                         dsa[30].last_carry_next (net)
                      0.035576    0.000211    0.794525 ^ dsa[30]._8_/D (sky130_fd_sc_hd__dfrtp_1)
                                              0.794525   data arrival time

                                  0.000000    0.000000   clock core_clock (rise edge)
                                  0.000000    0.000000   clock source latency
     1    0.015086    0.000000    0.000000    0.000000 ^ clk (in)
                                                         clk (net)
                      0.001413    0.000707    0.000707 ^ clkbuf_0_clk/A (sky130_fd_sc_hd__clkbuf_16)
     8    0.084849    0.102020    0.155491    0.156197 ^ clkbuf_0_clk/X (sky130_fd_sc_hd__clkbuf_16)
                                                         clknet_0_clk (net)
                      0.103612    0.010124    0.166321 ^ clkbuf_3_0__f_clk/A (sky130_fd_sc_hd__clkbuf_16)
    10    0.033916    0.054391    0.158320    0.324641 ^ clkbuf_3_0__f_clk/X (sky130_fd_sc_hd__clkbuf_16)
                                                         clknet_3_0__leaf_clk (net)
                      0.054513    0.002122    0.326763 ^ dsa[30]._8_/CLK (sky130_fd_sc_hd__dfrtp_1)
                                  0.000000    0.326763   clock reconvergence pessimism
                                 -0.031491    0.295272   library hold time
                                              0.295272   data required time
---------------------------------------------------------------------------------------------
                                              0.295272   data required time
                                             -0.794525   data arrival time
---------------------------------------------------------------------------------------------
                                              0.499253   slack (MET)


Startpoint: dsa[14]._9_ (rising edge-triggered flip-flop clocked by core_clock)
Endpoint: dsa[15]._9_ (rising edge-triggered flip-flop clocked by core_clock)
Path Group: core_clock
Path Type: min

Fanout         Cap        Slew       Delay        Time   Description
---------------------------------------------------------------------------------------------
                                  0.000000    0.000000   clock core_clock (rise edge)
                                  0.000000    0.000000   clock source latency
     1    0.015086    0.000000    0.000000    0.000000 ^ clk (in)
                                                         clk (net)
                      0.001413    0.000707    0.000707 ^ clkbuf_0_clk/A (sky130_fd_sc_hd__clkbuf_16)
     8    0.084849    0.102020    0.155491    0.156197 ^ clkbuf_0_clk/X (sky130_fd_sc_hd__clkbuf_16)
                                                         clknet_0_clk (net)
                      0.102659    0.006504    0.162701 ^ clkbuf_3_6__f_clk/A (sky130_fd_sc_hd__clkbuf_16)
     8    0.028138    0.049460    0.153866    0.316568 ^ clkbuf_3_6__f_clk/X (sky130_fd_sc_hd__clkbuf_16)
                                                         clknet_3_6__leaf_clk (net)
                      0.049479    0.001313    0.317881 ^ dsa[14]._9_/CLK (sky130_fd_sc_hd__dfrtp_1)
     2    0.010996    0.108496    0.370527    0.688408 ^ dsa[14]._9_/Q (sky130_fd_sc_hd__dfrtp_1)
                                                         dsa[14].y_out (net)
                      0.108500    0.000820    0.689228 ^ dsa[15]._6_/A (sky130_fd_sc_hd__xnor2_1)
     1    0.003458    0.037965    0.084748    0.773977 v dsa[15]._6_/Y (sky130_fd_sc_hd__xnor2_1)
                                                         dsa[15].y_out_next (net)
                      0.037966    0.000210    0.774187 v dsa[15]._9_/D (sky130_fd_sc_hd__dfrtp_1)
                                              0.774187   data arrival time

                                  0.000000    0.000000   clock core_clock (rise edge)
                                  0.000000    0.000000   clock source latency
     1    0.015086    0.000000    0.000000    0.000000 ^ clk (in)
                                                         clk (net)
                      0.001413    0.000707    0.000707 ^ clkbuf_0_clk/A (sky130_fd_sc_hd__clkbuf_16)
     8    0.084849    0.102020    0.155491    0.156197 ^ clkbuf_0_clk/X (sky130_fd_sc_hd__clkbuf_16)
                                                         clknet_0_clk (net)
                      0.103192    0.008714    0.164911 ^ clkbuf_3_4__f_clk/A (sky130_fd_sc_hd__clkbuf_16)
     9    0.023560    0.045046    0.149734    0.314645 ^ clkbuf_3_4__f_clk/X (sky130_fd_sc_hd__clkbuf_16)
                                                         clknet_3_4__leaf_clk (net)
                      0.045102    0.001341    0.315986 ^ dsa[15]._9_/CLK (sky130_fd_sc_hd__dfrtp_1)
                                  0.000000    0.315986   clock reconvergence pessimism
                                 -0.042889    0.273098   library hold time
                                              0.273098   data required time
---------------------------------------------------------------------------------------------
                                              0.273098   data required time
                                             -0.774187   data arrival time
---------------------------------------------------------------------------------------------
                                              0.501089   slack (MET)


Startpoint: dsa[4]._9_ (rising edge-triggered flip-flop clocked by core_clock)
Endpoint: dsa[5]._8_ (rising edge-triggered flip-flop clocked by core_clock)
Path Group: core_clock
Path Type: min

Fanout         Cap        Slew       Delay        Time   Description
---------------------------------------------------------------------------------------------
                                  0.000000    0.000000   clock core_clock (rise edge)
                                  0.000000    0.000000   clock source latency
     1    0.015086    0.000000    0.000000    0.000000 ^ clk (in)
                                                         clk (net)
                      0.001413    0.000707    0.000707 ^ clkbuf_0_clk/A (sky130_fd_sc_hd__clkbuf_16)
     8    0.084849    0.102020    0.155491    0.156197 ^ clkbuf_0_clk/X (sky130_fd_sc_hd__clkbuf_16)
                                                         clknet_0_clk (net)
                      0.103280    0.009025    0.165222 ^ clkbuf_3_5__f_clk/A (sky130_fd_sc_hd__clkbuf_16)
     8    0.030792    0.051721    0.155982    0.321204 ^ clkbuf_3_5__f_clk/X (sky130_fd_sc_hd__clkbuf_16)
                                                         clknet_3_5__leaf_clk (net)
                      0.051735    0.000931    0.322135 ^ dsa[4]._9_/CLK (sky130_fd_sc_hd__dfrtp_1)
     2    0.008593    0.089933    0.356352    0.678487 ^ dsa[4]._9_/Q (sky130_fd_sc_hd__dfrtp_1)
                                                         dsa[4].y_out (net)
                      0.089933    0.000448    0.678936 ^ dsa[5]._7_/A1 (sky130_fd_sc_hd__a21bo_1)
     1    0.003167    0.037712    0.112897    0.791833 ^ dsa[5]._7_/X (sky130_fd_sc_hd__a21bo_1)
                                                         dsa[5].last_carry_next (net)
                      0.037712    0.000133    0.791966 ^ dsa[5]._8_/D (sky130_fd_sc_hd__dfrtp_1)
                                              0.791966   data arrival time

                                  0.000000    0.000000   clock core_clock (rise edge)
                                  0.000000    0.000000   clock source latency
     1    0.015086    0.000000    0.000000    0.000000 ^ clk (in)
                                                         clk (net)
                      0.001413    0.000707    0.000707 ^ clkbuf_0_clk/A (sky130_fd_sc_hd__clkbuf_16)
     8    0.084849    0.102020    0.155491    0.156197 ^ clkbuf_0_clk/X (sky130_fd_sc_hd__clkbuf_16)
                                                         clknet_0_clk (net)
                      0.103280    0.009025    0.165222 ^ clkbuf_3_5__f_clk/A (sky130_fd_sc_hd__clkbuf_16)
     8    0.030792    0.051721    0.155982    0.321204 ^ clkbuf_3_5__f_clk/X (sky130_fd_sc_hd__clkbuf_16)
                                                         clknet_3_5__leaf_clk (net)
                      0.051745    0.001570    0.322774 ^ dsa[5]._8_/CLK (sky130_fd_sc_hd__dfrtp_1)
                                  0.000000    0.322774   clock reconvergence pessimism
                                 -0.032316    0.290457   library hold time
                                              0.290457   data required time
---------------------------------------------------------------------------------------------
                                              0.290457   data required time
                                             -0.791966   data arrival time
---------------------------------------------------------------------------------------------
                                              0.501509   slack (MET)


Startpoint: dsa[17]._9_ (rising edge-triggered flip-flop clocked by core_clock)
Endpoint: dsa[18]._8_ (rising edge-triggered flip-flop clocked by core_clock)
Path Group: core_clock
Path Type: min

Fanout         Cap        Slew       Delay        Time   Description
---------------------------------------------------------------------------------------------
                                  0.000000    0.000000   clock core_clock (rise edge)
                                  0.000000    0.000000   clock source latency
     1    0.015086    0.000000    0.000000    0.000000 ^ clk (in)
                                                         clk (net)
                      0.001413    0.000707    0.000707 ^ clkbuf_0_clk/A (sky130_fd_sc_hd__clkbuf_16)
     8    0.084849    0.102020    0.155491    0.156197 ^ clkbuf_0_clk/X (sky130_fd_sc_hd__clkbuf_16)
                                                         clknet_0_clk (net)
                      0.103192    0.008714    0.164911 ^ clkbuf_3_4__f_clk/A (sky130_fd_sc_hd__clkbuf_16)
     9    0.023560    0.045046    0.149734    0.314645 ^ clkbuf_3_4__f_clk/X (sky130_fd_sc_hd__clkbuf_16)
                                                         clknet_3_4__leaf_clk (net)
                      0.045081    0.001091    0.315736 ^ dsa[17]._9_/CLK (sky130_fd_sc_hd__dfrtp_1)
     2    0.008678    0.090509    0.354385    0.670121 ^ dsa[17]._9_/Q (sky130_fd_sc_hd__dfrtp_1)
                                                         dsa[17].y_out (net)
                      0.090512    0.000655    0.670776 ^ dsa[18]._7_/A1 (sky130_fd_sc_hd__a21bo_1)
     1    0.003610    0.040894    0.115948    0.786724 ^ dsa[18]._7_/X (sky130_fd_sc_hd__a21bo_1)
                                                         dsa[18].last_carry_next (net)
                      0.040894    0.000218    0.786941 ^ dsa[18]._8_/D (sky130_fd_sc_hd__dfrtp_1)
                                              0.786941   data arrival time

                                  0.000000    0.000000   clock core_clock (rise edge)
                                  0.000000    0.000000   clock source latency
     1    0.015086    0.000000    0.000000    0.000000 ^ clk (in)
                                                         clk (net)
                      0.001413    0.000707    0.000707 ^ clkbuf_0_clk/A (sky130_fd_sc_hd__clkbuf_16)
     8    0.084849    0.102020    0.155491    0.156197 ^ clkbuf_0_clk/X (sky130_fd_sc_hd__clkbuf_16)
                                                         clknet_0_clk (net)
                      0.103596    0.010073    0.166271 ^ clkbuf_3_1__f_clk/A (sky130_fd_sc_hd__clkbuf_16)
     7    0.025481    0.046812    0.151679    0.317950 ^ clkbuf_3_1__f_clk/X (sky130_fd_sc_hd__clkbuf_16)
                                                         clknet_3_1__leaf_clk (net)
                      0.046823    0.000729    0.318679 ^ dsa[18]._8_/CLK (sky130_fd_sc_hd__dfrtp_1)
                                  0.000000    0.318679   clock reconvergence pessimism
                                 -0.033655    0.285024   library hold time
                                              0.285024   data required time
---------------------------------------------------------------------------------------------
                                              0.285024   data required time
                                             -0.786941   data arrival time
---------------------------------------------------------------------------------------------
                                              0.501917   slack (MET)


Startpoint: dsa[3]._9_ (rising edge-triggered flip-flop clocked by core_clock)
Endpoint: dsa[4]._8_ (rising edge-triggered flip-flop clocked by core_clock)
Path Group: core_clock
Path Type: min

Fanout         Cap        Slew       Delay        Time   Description
---------------------------------------------------------------------------------------------
                                  0.000000    0.000000   clock core_clock (rise edge)
                                  0.000000    0.000000   clock source latency
     1    0.015086    0.000000    0.000000    0.000000 ^ clk (in)
                                                         clk (net)
                      0.001413    0.000707    0.000707 ^ clkbuf_0_clk/A (sky130_fd_sc_hd__clkbuf_16)
     8    0.084849    0.102020    0.155491    0.156197 ^ clkbuf_0_clk/X (sky130_fd_sc_hd__clkbuf_16)
                                                         clknet_0_clk (net)
                      0.103280    0.009025    0.165222 ^ clkbuf_3_5__f_clk/A (sky130_fd_sc_hd__clkbuf_16)
     8    0.030792    0.051721    0.155982    0.321204 ^ clkbuf_3_5__f_clk/X (sky130_fd_sc_hd__clkbuf_16)
                                                         clknet_3_5__leaf_clk (net)
                      0.051735    0.000926    0.322130 ^ dsa[3]._9_/CLK (sky130_fd_sc_hd__dfrtp_1)
     2    0.009225    0.094199    0.360687    0.682817 ^ dsa[3]._9_/Q (sky130_fd_sc_hd__dfrtp_1)
                                                         dsa[3].y_out (net)
                      0.094199    0.000307    0.683124 ^ dsa[4]._7_/A1 (sky130_fd_sc_hd__a21bo_1)
     1    0.002598    0.033685    0.110513    0.793637 ^ dsa[4]._7_/X (sky130_fd_sc_hd__a21bo_1)
                                                         dsa[4].last_carry_next (net)
                      0.033685    0.000190    0.793827 ^ dsa[4]._8_/D (sky130_fd_sc_hd__dfrtp_1)
                                              0.793827   data arrival time

                                  0.000000    0.000000   clock core_clock (rise edge)
                                  0.000000    0.000000   clock source latency
     1    0.015086    0.000000    0.000000    0.000000 ^ clk (in)
                                                         clk (net)
                      0.001413    0.000707    0.000707 ^ clkbuf_0_clk/A (sky130_fd_sc_hd__clkbuf_16)
     8    0.084849    0.102020    0.155491    0.156197 ^ clkbuf_0_clk/X (sky130_fd_sc_hd__clkbuf_16)
                                                         clknet_0_clk (net)
                      0.103280    0.009025    0.165222 ^ clkbuf_3_5__f_clk/A (sky130_fd_sc_hd__clkbuf_16)
     8    0.030792    0.051721    0.155982    0.321204 ^ clkbuf_3_5__f_clk/X (sky130_fd_sc_hd__clkbuf_16)
                                                         clknet_3_5__leaf_clk (net)
                      0.051752    0.001789    0.322993 ^ dsa[4]._8_/CLK (sky130_fd_sc_hd__dfrtp_1)
                                  0.000000    0.322993   clock reconvergence pessimism
                                 -0.031472    0.291521   library hold time
                                              0.291521   data required time
---------------------------------------------------------------------------------------------
                                              0.291521   data required time
                                             -0.793827   data arrival time
---------------------------------------------------------------------------------------------
                                              0.502306   slack (MET)


Startpoint: dsa[13]._9_ (rising edge-triggered flip-flop clocked by core_clock)
Endpoint: dsa[14]._8_ (rising edge-triggered flip-flop clocked by core_clock)
Path Group: core_clock
Path Type: min

Fanout         Cap        Slew       Delay        Time   Description
---------------------------------------------------------------------------------------------
                                  0.000000    0.000000   clock core_clock (rise edge)
                                  0.000000    0.000000   clock source latency
     1    0.015086    0.000000    0.000000    0.000000 ^ clk (in)
                                                         clk (net)
                      0.001413    0.000707    0.000707 ^ clkbuf_0_clk/A (sky130_fd_sc_hd__clkbuf_16)
     8    0.084849    0.102020    0.155491    0.156197 ^ clkbuf_0_clk/X (sky130_fd_sc_hd__clkbuf_16)
                                                         clknet_0_clk (net)
                      0.102376    0.004924    0.161122 ^ clkbuf_3_3__f_clk/A (sky130_fd_sc_hd__clkbuf_16)
     9    0.028189    0.049503    0.153798    0.314920 ^ clkbuf_3_3__f_clk/X (sky130_fd_sc_hd__clkbuf_16)
                                                         clknet_3_3__leaf_clk (net)
                      0.049523    0.001420    0.316340 ^ dsa[13]._9_/CLK (sky130_fd_sc_hd__dfrtp_1)
     2    0.009005    0.092725    0.358262    0.674602 ^ dsa[13]._9_/Q (sky130_fd_sc_hd__dfrtp_1)
                                                         dsa[13].y_out (net)
                      0.092727    0.000604    0.675206 ^ dsa[14]._7_/A1 (sky130_fd_sc_hd__a21bo_1)
     1    0.003103    0.037263    0.113380    0.788586 ^ dsa[14]._7_/X (sky130_fd_sc_hd__a21bo_1)
                                                         dsa[14].last_carry_next (net)
                      0.037263    0.000131    0.788717 ^ dsa[14]._8_/D (sky130_fd_sc_hd__dfrtp_1)
                                              0.788717   data arrival time

                                  0.000000    0.000000   clock core_clock (rise edge)
                                  0.000000    0.000000   clock source latency
     1    0.015086    0.000000    0.000000    0.000000 ^ clk (in)
                                                         clk (net)
                      0.001413    0.000707    0.000707 ^ clkbuf_0_clk/A (sky130_fd_sc_hd__clkbuf_16)
     8    0.084849    0.102020    0.155491    0.156197 ^ clkbuf_0_clk/X (sky130_fd_sc_hd__clkbuf_16)
                                                         clknet_0_clk (net)
                      0.102376    0.004924    0.161122 ^ clkbuf_3_3__f_clk/A (sky130_fd_sc_hd__clkbuf_16)
     9    0.028189    0.049503    0.153798    0.314920 ^ clkbuf_3_3__f_clk/X (sky130_fd_sc_hd__clkbuf_16)
                                                         clknet_3_3__leaf_clk (net)
                      0.049521    0.001344    0.316264 ^ dsa[14]._8_/CLK (sky130_fd_sc_hd__dfrtp_1)
                                  0.000000    0.316264   clock reconvergence pessimism
                                 -0.032526    0.283738   library hold time
                                              0.283738   data required time
---------------------------------------------------------------------------------------------
                                              0.283738   data required time
                                             -0.788717   data arrival time
---------------------------------------------------------------------------------------------
                                              0.504978   slack (MET)


Startpoint: dsa[2]._9_ (rising edge-triggered flip-flop clocked by core_clock)
Endpoint: dsa[3]._8_ (rising edge-triggered flip-flop clocked by core_clock)
Path Group: core_clock
Path Type: min

Fanout         Cap        Slew       Delay        Time   Description
---------------------------------------------------------------------------------------------
                                  0.000000    0.000000   clock core_clock (rise edge)
                                  0.000000    0.000000   clock source latency
     1    0.015086    0.000000    0.000000    0.000000 ^ clk (in)
                                                         clk (net)
                      0.001413    0.000707    0.000707 ^ clkbuf_0_clk/A (sky130_fd_sc_hd__clkbuf_16)
     8    0.084849    0.102020    0.155491    0.156197 ^ clkbuf_0_clk/X (sky130_fd_sc_hd__clkbuf_16)
                                                         clknet_0_clk (net)
                      0.102684    0.006629    0.162826 ^ clkbuf_3_7__f_clk/A (sky130_fd_sc_hd__clkbuf_16)
    10    0.030780    0.051710    0.155752    0.318579 ^ clkbuf_3_7__f_clk/X (sky130_fd_sc_hd__clkbuf_16)
                                                         clknet_3_7__leaf_clk (net)
                      0.051728    0.001179    0.319758 ^ dsa[2]._9_/CLK (sky130_fd_sc_hd__dfrtp_1)
     2    0.008842    0.091611    0.358035    0.677793 ^ dsa[2]._9_/Q (sky130_fd_sc_hd__dfrtp_1)
                                                         dsa[2].y_out (net)
                      0.091612    0.000472    0.678265 ^ dsa[3]._7_/A1 (sky130_fd_sc_hd__a21bo_1)
     1    0.003287    0.038563    0.114220    0.792485 ^ dsa[3]._7_/X (sky130_fd_sc_hd__a21bo_1)
                                                         dsa[3].last_carry_next (net)
                      0.038586    0.000139    0.792624 ^ dsa[3]._8_/D (sky130_fd_sc_hd__dfrtp_1)
                                              0.792624   data arrival time

                                  0.000000    0.000000   clock core_clock (rise edge)
                                  0.000000    0.000000   clock source latency
     1    0.015086    0.000000    0.000000    0.000000 ^ clk (in)
                                                         clk (net)
                      0.001413    0.000707    0.000707 ^ clkbuf_0_clk/A (sky130_fd_sc_hd__clkbuf_16)
     8    0.084849    0.102020    0.155491    0.156197 ^ clkbuf_0_clk/X (sky130_fd_sc_hd__clkbuf_16)
                                                         clknet_0_clk (net)
                      0.102684    0.006629    0.162826 ^ clkbuf_3_7__f_clk/A (sky130_fd_sc_hd__clkbuf_16)
    10    0.030780    0.051710    0.155752    0.318579 ^ clkbuf_3_7__f_clk/X (sky130_fd_sc_hd__clkbuf_16)
                                                         clknet_3_7__leaf_clk (net)
                      0.051727    0.001159    0.319737 ^ dsa[3]._8_/CLK (sky130_fd_sc_hd__dfrtp_1)
                                  0.000000    0.319737   clock reconvergence pessimism
                                 -0.032502    0.287236   library hold time
                                              0.287236   data required time
---------------------------------------------------------------------------------------------
                                              0.287236   data required time
                                             -0.792624   data arrival time
---------------------------------------------------------------------------------------------
                                              0.505388   slack (MET)


Startpoint: dsa[28]._9_ (rising edge-triggered flip-flop clocked by core_clock)
Endpoint: dsa[29]._8_ (rising edge-triggered flip-flop clocked by core_clock)
Path Group: core_clock
Path Type: min

Fanout         Cap        Slew       Delay        Time   Description
---------------------------------------------------------------------------------------------
                                  0.000000    0.000000   clock core_clock (rise edge)
                                  0.000000    0.000000   clock source latency
     1    0.015086    0.000000    0.000000    0.000000 ^ clk (in)
                                                         clk (net)
                      0.001413    0.000707    0.000707 ^ clkbuf_0_clk/A (sky130_fd_sc_hd__clkbuf_16)
     8    0.084849    0.102020    0.155491    0.156197 ^ clkbuf_0_clk/X (sky130_fd_sc_hd__clkbuf_16)
                                                         clknet_0_clk (net)
                      0.103612    0.010124    0.166321 ^ clkbuf_3_0__f_clk/A (sky130_fd_sc_hd__clkbuf_16)
    10    0.033916    0.054391    0.158320    0.324641 ^ clkbuf_3_0__f_clk/X (sky130_fd_sc_hd__clkbuf_16)
                                                         clknet_3_0__leaf_clk (net)
                      0.054451    0.001456    0.326098 ^ dsa[28]._9_/CLK (sky130_fd_sc_hd__dfrtp_1)
     2    0.008626    0.090171    0.357562    0.683660 ^ dsa[28]._9_/Q (sky130_fd_sc_hd__dfrtp_1)
                                                         dsa[28].y_out (net)
                      0.090173    0.000565    0.684225 ^ dsa[29]._7_/A1 (sky130_fd_sc_hd__a21bo_1)
     1    0.003538    0.040375    0.115347    0.799572 ^ dsa[29]._7_/X (sky130_fd_sc_hd__a21bo_1)
                                                         dsa[29].last_carry_next (net)
                      0.040376    0.000262    0.799834 ^ dsa[29]._8_/D (sky130_fd_sc_hd__dfrtp_1)
                                              0.799834   data arrival time

                                  0.000000    0.000000   clock core_clock (rise edge)
                                  0.000000    0.000000   clock source latency
     1    0.015086    0.000000    0.000000    0.000000 ^ clk (in)
                                                         clk (net)
                      0.001413    0.000707    0.000707 ^ clkbuf_0_clk/A (sky130_fd_sc_hd__clkbuf_16)
     8    0.084849    0.102020    0.155491    0.156197 ^ clkbuf_0_clk/X (sky130_fd_sc_hd__clkbuf_16)
                                                         clknet_0_clk (net)
                      0.103612    0.010124    0.166321 ^ clkbuf_3_0__f_clk/A (sky130_fd_sc_hd__clkbuf_16)
    10    0.033916    0.054391    0.158320    0.324641 ^ clkbuf_3_0__f_clk/X (sky130_fd_sc_hd__clkbuf_16)
                                                         clknet_3_0__leaf_clk (net)
                      0.054456    0.001519    0.326161 ^ dsa[29]._8_/CLK (sky130_fd_sc_hd__dfrtp_1)
                                  0.000000    0.326161   clock reconvergence pessimism
                                 -0.032504    0.293656   library hold time
                                              0.293656   data required time
---------------------------------------------------------------------------------------------
                                              0.293656   data required time
                                             -0.799834   data arrival time
---------------------------------------------------------------------------------------------
                                              0.506178   slack (MET)


Startpoint: dsa[27]._9_ (rising edge-triggered flip-flop clocked by core_clock)
Endpoint: dsa[28]._8_ (rising edge-triggered flip-flop clocked by core_clock)
Path Group: core_clock
Path Type: min

Fanout         Cap        Slew       Delay        Time   Description
---------------------------------------------------------------------------------------------
                                  0.000000    0.000000   clock core_clock (rise edge)
                                  0.000000    0.000000   clock source latency
     1    0.015086    0.000000    0.000000    0.000000 ^ clk (in)
                                                         clk (net)
                      0.001413    0.000707    0.000707 ^ clkbuf_0_clk/A (sky130_fd_sc_hd__clkbuf_16)
     8    0.084849    0.102020    0.155491    0.156197 ^ clkbuf_0_clk/X (sky130_fd_sc_hd__clkbuf_16)
                                                         clknet_0_clk (net)
                      0.102432    0.005282    0.161479 ^ clkbuf_3_2__f_clk/A (sky130_fd_sc_hd__clkbuf_16)
    10    0.033019    0.053602    0.157159    0.318638 ^ clkbuf_3_2__f_clk/X (sky130_fd_sc_hd__clkbuf_16)
                                                         clknet_3_2__leaf_clk (net)
                      0.053632    0.001402    0.320041 ^ dsa[27]._9_/CLK (sky130_fd_sc_hd__dfrtp_1)
     2    0.009551    0.096703    0.363351    0.683392 ^ dsa[27]._9_/Q (sky130_fd_sc_hd__dfrtp_1)
                                                         dsa[27].y_out (net)
                      0.096706    0.000725    0.684117 ^ dsa[28]._7_/A1 (sky130_fd_sc_hd__a21bo_1)
     1    0.002691    0.034341    0.111927    0.796044 ^ dsa[28]._7_/X (sky130_fd_sc_hd__a21bo_1)
                                                         dsa[28].last_carry_next (net)
                      0.034341    0.000196    0.796239 ^ dsa[28]._8_/D (sky130_fd_sc_hd__dfrtp_1)
                                              0.796239   data arrival time

                                  0.000000    0.000000   clock core_clock (rise edge)
                                  0.000000    0.000000   clock source latency
     1    0.015086    0.000000    0.000000    0.000000 ^ clk (in)
                                                         clk (net)
                      0.001413    0.000707    0.000707 ^ clkbuf_0_clk/A (sky130_fd_sc_hd__clkbuf_16)
     8    0.084849    0.102020    0.155491    0.156197 ^ clkbuf_0_clk/X (sky130_fd_sc_hd__clkbuf_16)
                                                         clknet_0_clk (net)
                      0.102432    0.005282    0.161479 ^ clkbuf_3_2__f_clk/A (sky130_fd_sc_hd__clkbuf_16)
    10    0.033019    0.053602    0.157159    0.318638 ^ clkbuf_3_2__f_clk/X (sky130_fd_sc_hd__clkbuf_16)
                                                         clknet_3_2__leaf_clk (net)
                      0.053694    0.002027    0.320666 ^ dsa[28]._8_/CLK (sky130_fd_sc_hd__dfrtp_1)
                                  0.000000    0.320666   clock reconvergence pessimism
                                 -0.031345    0.289321   library hold time
                                              0.289321   data required time
---------------------------------------------------------------------------------------------
                                              0.289321   data required time
                                             -0.796239   data arrival time
---------------------------------------------------------------------------------------------
                                              0.506918   slack (MET)


Startpoint: dsa[8]._9_ (rising edge-triggered flip-flop clocked by core_clock)
Endpoint: dsa[9]._8_ (rising edge-triggered flip-flop clocked by core_clock)
Path Group: core_clock
Path Type: min

Fanout         Cap        Slew       Delay        Time   Description
---------------------------------------------------------------------------------------------
                                  0.000000    0.000000   clock core_clock (rise edge)
                                  0.000000    0.000000   clock source latency
     1    0.015086    0.000000    0.000000    0.000000 ^ clk (in)
                                                         clk (net)
                      0.001413    0.000707    0.000707 ^ clkbuf_0_clk/A (sky130_fd_sc_hd__clkbuf_16)
     8    0.084849    0.102020    0.155491    0.156197 ^ clkbuf_0_clk/X (sky130_fd_sc_hd__clkbuf_16)
                                                         clknet_0_clk (net)
                      0.103192    0.008714    0.164911 ^ clkbuf_3_4__f_clk/A (sky130_fd_sc_hd__clkbuf_16)
     9    0.023560    0.045046    0.149734    0.314645 ^ clkbuf_3_4__f_clk/X (sky130_fd_sc_hd__clkbuf_16)
                                                         clknet_3_4__leaf_clk (net)
                      0.045104    0.001360    0.316005 ^ dsa[8]._9_/CLK (sky130_fd_sc_hd__dfrtp_1)
     2    0.009764    0.098411    0.361489    0.677494 ^ dsa[8]._9_/Q (sky130_fd_sc_hd__dfrtp_1)
                                                         dsa[8].y_out (net)
                      0.098413    0.000595    0.678089 ^ dsa[9]._7_/A1 (sky130_fd_sc_hd__a21bo_1)
     1    0.002986    0.036433    0.114442    0.792531 ^ dsa[9]._7_/X (sky130_fd_sc_hd__a21bo_1)
                                                         dsa[9].last_carry_next (net)
                      0.036433    0.000127    0.792658 ^ dsa[9]._8_/D (sky130_fd_sc_hd__dfrtp_1)
                                              0.792658   data arrival time

                                  0.000000    0.000000   clock core_clock (rise edge)
                                  0.000000    0.000000   clock source latency
     1    0.015086    0.000000    0.000000    0.000000 ^ clk (in)
                                                         clk (net)
                      0.001413    0.000707    0.000707 ^ clkbuf_0_clk/A (sky130_fd_sc_hd__clkbuf_16)
     8    0.084849    0.102020    0.155491    0.156197 ^ clkbuf_0_clk/X (sky130_fd_sc_hd__clkbuf_16)
                                                         clknet_0_clk (net)
                      0.102659    0.006504    0.162701 ^ clkbuf_3_6__f_clk/A (sky130_fd_sc_hd__clkbuf_16)
     8    0.028138    0.049460    0.153866    0.316568 ^ clkbuf_3_6__f_clk/X (sky130_fd_sc_hd__clkbuf_16)
                                                         clknet_3_6__leaf_clk (net)
                      0.049482    0.001503    0.318071 ^ dsa[9]._8_/CLK (sky130_fd_sc_hd__dfrtp_1)
                                  0.000000    0.318071   clock reconvergence pessimism
                                 -0.032357    0.285714   library hold time
                                              0.285714   data required time
---------------------------------------------------------------------------------------------
                                              0.285714   data required time
                                             -0.792658   data arrival time
---------------------------------------------------------------------------------------------
                                              0.506944   slack (MET)


Startpoint: dsa[18]._9_ (rising edge-triggered flip-flop clocked by core_clock)
Endpoint: dsa[19]._8_ (rising edge-triggered flip-flop clocked by core_clock)
Path Group: core_clock
Path Type: min

Fanout         Cap        Slew       Delay        Time   Description
---------------------------------------------------------------------------------------------
                                  0.000000    0.000000   clock core_clock (rise edge)
                                  0.000000    0.000000   clock source latency
     1    0.015086    0.000000    0.000000    0.000000 ^ clk (in)
                                                         clk (net)
                      0.001413    0.000707    0.000707 ^ clkbuf_0_clk/A (sky130_fd_sc_hd__clkbuf_16)
     8    0.084849    0.102020    0.155491    0.156197 ^ clkbuf_0_clk/X (sky130_fd_sc_hd__clkbuf_16)
                                                         clknet_0_clk (net)
                      0.103192    0.008714    0.164911 ^ clkbuf_3_4__f_clk/A (sky130_fd_sc_hd__clkbuf_16)
     9    0.023560    0.045046    0.149734    0.314645 ^ clkbuf_3_4__f_clk/X (sky130_fd_sc_hd__clkbuf_16)
                                                         clknet_3_4__leaf_clk (net)
                      0.045083    0.001116    0.315761 ^ dsa[18]._9_/CLK (sky130_fd_sc_hd__dfrtp_1)
     2    0.010781    0.106701    0.367685    0.683446 ^ dsa[18]._9_/Q (sky130_fd_sc_hd__dfrtp_1)
                                                         dsa[18].y_out (net)
                      0.106701    0.000449    0.683895 ^ dsa[19]._7_/A1 (sky130_fd_sc_hd__a21bo_1)
     1    0.003159    0.037658    0.118232    0.802126 ^ dsa[19]._7_/X (sky130_fd_sc_hd__a21bo_1)
                                                         dsa[19].last_carry_next (net)
                      0.037658    0.000136    0.802262 ^ dsa[19]._8_/D (sky130_fd_sc_hd__dfrtp_1)
                                              0.802262   data arrival time

                                  0.000000    0.000000   clock core_clock (rise edge)
                                  0.000000    0.000000   clock source latency
     1    0.015086    0.000000    0.000000    0.000000 ^ clk (in)
                                                         clk (net)
                      0.001413    0.000707    0.000707 ^ clkbuf_0_clk/A (sky130_fd_sc_hd__clkbuf_16)
     8    0.084849    0.102020    0.155491    0.156197 ^ clkbuf_0_clk/X (sky130_fd_sc_hd__clkbuf_16)
                                                         clknet_0_clk (net)
                      0.103612    0.010124    0.166321 ^ clkbuf_3_0__f_clk/A (sky130_fd_sc_hd__clkbuf_16)
    10    0.033916    0.054391    0.158320    0.324641 ^ clkbuf_3_0__f_clk/X (sky130_fd_sc_hd__clkbuf_16)
                                                         clknet_3_0__leaf_clk (net)
                      0.054494    0.001923    0.326564 ^ dsa[19]._8_/CLK (sky130_fd_sc_hd__dfrtp_1)
                                  0.000000    0.326564   clock reconvergence pessimism
                                 -0.031930    0.294634   library hold time
                                              0.294634   data required time
---------------------------------------------------------------------------------------------
                                              0.294634   data required time
                                             -0.802262   data arrival time
---------------------------------------------------------------------------------------------
                                              0.507628   slack (MET)


Startpoint: dsa[20]._9_ (rising edge-triggered flip-flop clocked by core_clock)
Endpoint: dsa[21]._9_ (rising edge-triggered flip-flop clocked by core_clock)
Path Group: core_clock
Path Type: min

Fanout         Cap        Slew       Delay        Time   Description
---------------------------------------------------------------------------------------------
                                  0.000000    0.000000   clock core_clock (rise edge)
                                  0.000000    0.000000   clock source latency
     1    0.015086    0.000000    0.000000    0.000000 ^ clk (in)
                                                         clk (net)
                      0.001413    0.000707    0.000707 ^ clkbuf_0_clk/A (sky130_fd_sc_hd__clkbuf_16)
     8    0.084849    0.102020    0.155491    0.156197 ^ clkbuf_0_clk/X (sky130_fd_sc_hd__clkbuf_16)
                                                         clknet_0_clk (net)
                      0.103612    0.010124    0.166321 ^ clkbuf_3_0__f_clk/A (sky130_fd_sc_hd__clkbuf_16)
    10    0.033916    0.054391    0.158320    0.324641 ^ clkbuf_3_0__f_clk/X (sky130_fd_sc_hd__clkbuf_16)
                                                         clknet_3_0__leaf_clk (net)
                      0.054448    0.001431    0.326072 ^ dsa[20]._9_/CLK (sky130_fd_sc_hd__dfrtp_1)
     2    0.009862    0.099244    0.365484    0.691556 ^ dsa[20]._9_/Q (sky130_fd_sc_hd__dfrtp_1)
                                                         dsa[20].y_out (net)
                      0.099250    0.000885    0.692442 ^ dsa[21]._6_/A (sky130_fd_sc_hd__xnor2_1)
     1    0.004229    0.043510    0.086827    0.779269 v dsa[21]._6_/Y (sky130_fd_sc_hd__xnor2_1)
                                                         dsa[21].y_out_next (net)
                      0.043511    0.000279    0.779548 v dsa[21]._9_/D (sky130_fd_sc_hd__dfrtp_1)
                                              0.779548   data arrival time

                                  0.000000    0.000000   clock core_clock (rise edge)
                                  0.000000    0.000000   clock source latency
     1    0.015086    0.000000    0.000000    0.000000 ^ clk (in)
                                                         clk (net)
                      0.001413    0.000707    0.000707 ^ clkbuf_0_clk/A (sky130_fd_sc_hd__clkbuf_16)
     8    0.084849    0.102020    0.155491    0.156197 ^ clkbuf_0_clk/X (sky130_fd_sc_hd__clkbuf_16)
                                                         clknet_0_clk (net)
                      0.102376    0.004924    0.161122 ^ clkbuf_3_3__f_clk/A (sky130_fd_sc_hd__clkbuf_16)
     9    0.028189    0.049503    0.153798    0.314920 ^ clkbuf_3_3__f_clk/X (sky130_fd_sc_hd__clkbuf_16)
                                                         clknet_3_3__leaf_clk (net)
                      0.049517    0.001025    0.315945 ^ dsa[21]._9_/CLK (sky130_fd_sc_hd__dfrtp_1)
                                  0.000000    0.315945   clock reconvergence pessimism
                                 -0.044139    0.271806   library hold time
                                              0.271806   data required time
---------------------------------------------------------------------------------------------
                                              0.271806   data required time
                                             -0.779548   data arrival time
---------------------------------------------------------------------------------------------
                                              0.507742   slack (MET)


Startpoint: dsa[24]._9_ (rising edge-triggered flip-flop clocked by core_clock)
Endpoint: dsa[25]._8_ (rising edge-triggered flip-flop clocked by core_clock)
Path Group: core_clock
Path Type: min

Fanout         Cap        Slew       Delay        Time   Description
---------------------------------------------------------------------------------------------
                                  0.000000    0.000000   clock core_clock (rise edge)
                                  0.000000    0.000000   clock source latency
     1    0.015086    0.000000    0.000000    0.000000 ^ clk (in)
                                                         clk (net)
                      0.001413    0.000707    0.000707 ^ clkbuf_0_clk/A (sky130_fd_sc_hd__clkbuf_16)
     8    0.084849    0.102020    0.155491    0.156197 ^ clkbuf_0_clk/X (sky130_fd_sc_hd__clkbuf_16)
                                                         clknet_0_clk (net)
                      0.102376    0.004924    0.161122 ^ clkbuf_3_3__f_clk/A (sky130_fd_sc_hd__clkbuf_16)
     9    0.028189    0.049503    0.153798    0.314920 ^ clkbuf_3_3__f_clk/X (sky130_fd_sc_hd__clkbuf_16)
                                                         clknet_3_3__leaf_clk (net)
                      0.049522    0.001407    0.316327 ^ dsa[24]._9_/CLK (sky130_fd_sc_hd__dfrtp_1)
     2    0.010401    0.103601    0.367089    0.683416 ^ dsa[24]._9_/Q (sky130_fd_sc_hd__dfrtp_1)
                                                         dsa[24].y_out (net)
                      0.103602    0.000540    0.683956 ^ dsa[25]._7_/A1 (sky130_fd_sc_hd__a21bo_1)
     1    0.002817    0.035232    0.114976    0.798932 ^ dsa[25]._7_/X (sky130_fd_sc_hd__a21bo_1)
                                                         dsa[25].last_carry_next (net)
                      0.035232    0.000184    0.799116 ^ dsa[25]._8_/D (sky130_fd_sc_hd__dfrtp_1)
                                              0.799116   data arrival time

                                  0.000000    0.000000   clock core_clock (rise edge)
                                  0.000000    0.000000   clock source latency
     1    0.015086    0.000000    0.000000    0.000000 ^ clk (in)
                                                         clk (net)
                      0.001413    0.000707    0.000707 ^ clkbuf_0_clk/A (sky130_fd_sc_hd__clkbuf_16)
     8    0.084849    0.102020    0.155491    0.156197 ^ clkbuf_0_clk/X (sky130_fd_sc_hd__clkbuf_16)
                                                         clknet_0_clk (net)
                      0.102432    0.005282    0.161479 ^ clkbuf_3_2__f_clk/A (sky130_fd_sc_hd__clkbuf_16)
    10    0.033019    0.053602    0.157159    0.318638 ^ clkbuf_3_2__f_clk/X (sky130_fd_sc_hd__clkbuf_16)
                                                         clknet_3_2__leaf_clk (net)
                      0.053707    0.002151    0.320790 ^ dsa[25]._8_/CLK (sky130_fd_sc_hd__dfrtp_1)
                                  0.000000    0.320790   clock reconvergence pessimism
                                 -0.031529    0.289260   library hold time
                                              0.289260   data required time
---------------------------------------------------------------------------------------------
                                              0.289260   data required time
                                             -0.799116   data arrival time
---------------------------------------------------------------------------------------------
                                              0.509856   slack (MET)


Startpoint: dsa[26]._9_ (rising edge-triggered flip-flop clocked by core_clock)
Endpoint: dsa[27]._8_ (rising edge-triggered flip-flop clocked by core_clock)
Path Group: core_clock
Path Type: min

Fanout         Cap        Slew       Delay        Time   Description
---------------------------------------------------------------------------------------------
                                  0.000000    0.000000   clock core_clock (rise edge)
                                  0.000000    0.000000   clock source latency
     1    0.015086    0.000000    0.000000    0.000000 ^ clk (in)
                                                         clk (net)
                      0.001413    0.000707    0.000707 ^ clkbuf_0_clk/A (sky130_fd_sc_hd__clkbuf_16)
     8    0.084849    0.102020    0.155491    0.156197 ^ clkbuf_0_clk/X (sky130_fd_sc_hd__clkbuf_16)
                                                         clknet_0_clk (net)
                      0.102432    0.005282    0.161479 ^ clkbuf_3_2__f_clk/A (sky130_fd_sc_hd__clkbuf_16)
    10    0.033019    0.053602    0.157159    0.318638 ^ clkbuf_3_2__f_clk/X (sky130_fd_sc_hd__clkbuf_16)
                                                         clknet_3_2__leaf_clk (net)
                      0.053686    0.001949    0.320587 ^ dsa[26]._9_/CLK (sky130_fd_sc_hd__dfrtp_1)
     2    0.010085    0.101064    0.366591    0.687178 ^ dsa[26]._9_/Q (sky130_fd_sc_hd__dfrtp_1)
                                                         dsa[26].y_out (net)
                      0.101068    0.000768    0.687946 ^ dsa[27]._7_/A1 (sky130_fd_sc_hd__a21bo_1)
     1    0.002542    0.033288    0.112368    0.800314 ^ dsa[27]._7_/X (sky130_fd_sc_hd__a21bo_1)
                                                         dsa[27].last_carry_next (net)
                      0.033288    0.000174    0.800488 ^ dsa[27]._8_/D (sky130_fd_sc_hd__dfrtp_1)
                                              0.800488   data arrival time

                                  0.000000    0.000000   clock core_clock (rise edge)
                                  0.000000    0.000000   clock source latency
     1    0.015086    0.000000    0.000000    0.000000 ^ clk (in)
                                                         clk (net)
                      0.001413    0.000707    0.000707 ^ clkbuf_0_clk/A (sky130_fd_sc_hd__clkbuf_16)
     8    0.084849    0.102020    0.155491    0.156197 ^ clkbuf_0_clk/X (sky130_fd_sc_hd__clkbuf_16)
                                                         clknet_0_clk (net)
                      0.102432    0.005282    0.161479 ^ clkbuf_3_2__f_clk/A (sky130_fd_sc_hd__clkbuf_16)
    10    0.033019    0.053602    0.157159    0.318638 ^ clkbuf_3_2__f_clk/X (sky130_fd_sc_hd__clkbuf_16)
                                                         clknet_3_2__leaf_clk (net)
                      0.053688    0.001965    0.320603 ^ dsa[27]._8_/CLK (sky130_fd_sc_hd__dfrtp_1)
                                  0.000000    0.320603   clock reconvergence pessimism
                                 -0.031125    0.289479   library hold time
                                              0.289479   data required time
---------------------------------------------------------------------------------------------
                                              0.289479   data required time
                                             -0.800488   data arrival time
---------------------------------------------------------------------------------------------
                                              0.511009   slack (MET)


Startpoint: dsa[20]._9_ (rising edge-triggered flip-flop clocked by core_clock)
Endpoint: dsa[21]._8_ (rising edge-triggered flip-flop clocked by core_clock)
Path Group: core_clock
Path Type: min

Fanout         Cap        Slew       Delay        Time   Description
---------------------------------------------------------------------------------------------
                                  0.000000    0.000000   clock core_clock (rise edge)
                                  0.000000    0.000000   clock source latency
     1    0.015086    0.000000    0.000000    0.000000 ^ clk (in)
                                                         clk (net)
                      0.001413    0.000707    0.000707 ^ clkbuf_0_clk/A (sky130_fd_sc_hd__clkbuf_16)
     8    0.084849    0.102020    0.155491    0.156197 ^ clkbuf_0_clk/X (sky130_fd_sc_hd__clkbuf_16)
                                                         clknet_0_clk (net)
                      0.103612    0.010124    0.166321 ^ clkbuf_3_0__f_clk/A (sky130_fd_sc_hd__clkbuf_16)
    10    0.033916    0.054391    0.158320    0.324641 ^ clkbuf_3_0__f_clk/X (sky130_fd_sc_hd__clkbuf_16)
                                                         clknet_3_0__leaf_clk (net)
                      0.054448    0.001431    0.326072 ^ dsa[20]._9_/CLK (sky130_fd_sc_hd__dfrtp_1)
     2    0.009862    0.099244    0.365484    0.691556 ^ dsa[20]._9_/Q (sky130_fd_sc_hd__dfrtp_1)
                                                         dsa[20].y_out (net)
                      0.099246    0.000672    0.692228 ^ dsa[21]._7_/A1 (sky130_fd_sc_hd__a21bo_1)
     1    0.003002    0.036538    0.114815    0.807043 ^ dsa[21]._7_/X (sky130_fd_sc_hd__a21bo_1)
                                                         dsa[21].last_carry_next (net)
                      0.036538    0.000127    0.807170 ^ dsa[21]._8_/D (sky130_fd_sc_hd__dfrtp_1)
                                              0.807170   data arrival time

                                  0.000000    0.000000   clock core_clock (rise edge)
                                  0.000000    0.000000   clock source latency
     1    0.015086    0.000000    0.000000    0.000000 ^ clk (in)
                                                         clk (net)
                      0.001413    0.000707    0.000707 ^ clkbuf_0_clk/A (sky130_fd_sc_hd__clkbuf_16)
     8    0.084849    0.102020    0.155491    0.156197 ^ clkbuf_0_clk/X (sky130_fd_sc_hd__clkbuf_16)
                                                         clknet_0_clk (net)
                      0.103612    0.010124    0.166321 ^ clkbuf_3_0__f_clk/A (sky130_fd_sc_hd__clkbuf_16)
    10    0.033916    0.054391    0.158320    0.324641 ^ clkbuf_3_0__f_clk/X (sky130_fd_sc_hd__clkbuf_16)
                                                         clknet_3_0__leaf_clk (net)
                      0.054452    0.001467    0.326108 ^ dsa[21]._8_/CLK (sky130_fd_sc_hd__dfrtp_1)
                                  0.000000    0.326108   clock reconvergence pessimism
                                 -0.031701    0.294407   library hold time
                                              0.294407   data required time
---------------------------------------------------------------------------------------------
                                              0.294407   data required time
                                             -0.807170   data arrival time
---------------------------------------------------------------------------------------------
                                              0.512763   slack (MET)


Startpoint: dsa[9]._9_ (rising edge-triggered flip-flop clocked by core_clock)
Endpoint: dsa[10]._8_ (rising edge-triggered flip-flop clocked by core_clock)
Path Group: core_clock
Path Type: min

Fanout         Cap        Slew       Delay        Time   Description
---------------------------------------------------------------------------------------------
                                  0.000000    0.000000   clock core_clock (rise edge)
                                  0.000000    0.000000   clock source latency
     1    0.015086    0.000000    0.000000    0.000000 ^ clk (in)
                                                         clk (net)
                      0.001413    0.000707    0.000707 ^ clkbuf_0_clk/A (sky130_fd_sc_hd__clkbuf_16)
     8    0.084849    0.102020    0.155491    0.156197 ^ clkbuf_0_clk/X (sky130_fd_sc_hd__clkbuf_16)
                                                         clknet_0_clk (net)
                      0.102684    0.006629    0.162826 ^ clkbuf_3_7__f_clk/A (sky130_fd_sc_hd__clkbuf_16)
    10    0.030780    0.051710    0.155752    0.318579 ^ clkbuf_3_7__f_clk/X (sky130_fd_sc_hd__clkbuf_16)
                                                         clknet_3_7__leaf_clk (net)
                      0.051728    0.001173    0.319752 ^ dsa[9]._9_/CLK (sky130_fd_sc_hd__dfrtp_1)
     2    0.009552    0.096697    0.362710    0.682462 ^ dsa[9]._9_/Q (sky130_fd_sc_hd__dfrtp_1)
                                                         dsa[10].y_in (net)
                      0.096698    0.000539    0.683001 ^ dsa[10]._7_/A1 (sky130_fd_sc_hd__a21bo_1)
     1    0.003321    0.038803    0.116027    0.799028 ^ dsa[10]._7_/X (sky130_fd_sc_hd__a21bo_1)
                                                         dsa[10].last_carry_next (net)
                      0.038827    0.000243    0.799271 ^ dsa[10]._8_/D (sky130_fd_sc_hd__dfrtp_1)
                                              0.799271   data arrival time

                                  0.000000    0.000000   clock core_clock (rise edge)
                                  0.000000    0.000000   clock source latency
     1    0.015086    0.000000    0.000000    0.000000 ^ clk (in)
                                                         clk (net)
                      0.001413    0.000707    0.000707 ^ clkbuf_0_clk/A (sky130_fd_sc_hd__clkbuf_16)
     8    0.084849    0.102020    0.155491    0.156197 ^ clkbuf_0_clk/X (sky130_fd_sc_hd__clkbuf_16)
                                                         clknet_0_clk (net)
                      0.102659    0.006504    0.162701 ^ clkbuf_3_6__f_clk/A (sky130_fd_sc_hd__clkbuf_16)
     8    0.028138    0.049460    0.153866    0.316568 ^ clkbuf_3_6__f_clk/X (sky130_fd_sc_hd__clkbuf_16)
                                                         clknet_3_6__leaf_clk (net)
                      0.049481    0.001471    0.318039 ^ dsa[10]._8_/CLK (sky130_fd_sc_hd__dfrtp_1)
                                  0.000000    0.318039   clock reconvergence pessimism
                                 -0.032859    0.285181   library hold time
                                              0.285181   data required time
---------------------------------------------------------------------------------------------
                                              0.285181   data required time
                                             -0.799271   data arrival time
---------------------------------------------------------------------------------------------
                                              0.514091   slack (MET)


Startpoint: dsa[12]._9_ (rising edge-triggered flip-flop clocked by core_clock)
Endpoint: dsa[13]._8_ (rising edge-triggered flip-flop clocked by core_clock)
Path Group: core_clock
Path Type: min

Fanout         Cap        Slew       Delay        Time   Description
---------------------------------------------------------------------------------------------
                                  0.000000    0.000000   clock core_clock (rise edge)
                                  0.000000    0.000000   clock source latency
     1    0.015086    0.000000    0.000000    0.000000 ^ clk (in)
                                                         clk (net)
                      0.001413    0.000707    0.000707 ^ clkbuf_0_clk/A (sky130_fd_sc_hd__clkbuf_16)
     8    0.084849    0.102020    0.155491    0.156197 ^ clkbuf_0_clk/X (sky130_fd_sc_hd__clkbuf_16)
                                                         clknet_0_clk (net)
                      0.102684    0.006629    0.162826 ^ clkbuf_3_7__f_clk/A (sky130_fd_sc_hd__clkbuf_16)
    10    0.030780    0.051710    0.155752    0.318579 ^ clkbuf_3_7__f_clk/X (sky130_fd_sc_hd__clkbuf_16)
                                                         clknet_3_7__leaf_clk (net)
                      0.051744    0.001843    0.320422 ^ dsa[12]._9_/CLK (sky130_fd_sc_hd__dfrtp_1)
     2    0.009805    0.098742    0.364322    0.684744 ^ dsa[12]._9_/Q (sky130_fd_sc_hd__dfrtp_1)
                                                         dsa[12].y_out (net)
                      0.098743    0.000493    0.685237 ^ dsa[13]._7_/A1 (sky130_fd_sc_hd__a21bo_1)
     1    0.002784    0.034998    0.113201    0.798438 ^ dsa[13]._7_/X (sky130_fd_sc_hd__a21bo_1)
                                                         dsa[13].last_carry_next (net)
                      0.034998    0.000182    0.798620 ^ dsa[13]._8_/D (sky130_fd_sc_hd__dfrtp_1)
                                              0.798620   data arrival time

                                  0.000000    0.000000   clock core_clock (rise edge)
                                  0.000000    0.000000   clock source latency
     1    0.015086    0.000000    0.000000    0.000000 ^ clk (in)
                                                         clk (net)
                      0.001413    0.000707    0.000707 ^ clkbuf_0_clk/A (sky130_fd_sc_hd__clkbuf_16)
     8    0.084849    0.102020    0.155491    0.156197 ^ clkbuf_0_clk/X (sky130_fd_sc_hd__clkbuf_16)
                                                         clknet_0_clk (net)
                      0.102376    0.004924    0.161122 ^ clkbuf_3_3__f_clk/A (sky130_fd_sc_hd__clkbuf_16)
     9    0.028189    0.049503    0.153798    0.314920 ^ clkbuf_3_3__f_clk/X (sky130_fd_sc_hd__clkbuf_16)
                                                         clknet_3_3__leaf_clk (net)
                      0.049522    0.001394    0.316314 ^ dsa[13]._8_/CLK (sky130_fd_sc_hd__dfrtp_1)
                                  0.000000    0.316314   clock reconvergence pessimism
                                 -0.032051    0.284263   library hold time
                                              0.284263   data required time
---------------------------------------------------------------------------------------------
                                              0.284263   data required time
                                             -0.798620   data arrival time
---------------------------------------------------------------------------------------------
                                              0.514357   slack (MET)


Startpoint: dsa[1]._9_ (rising edge-triggered flip-flop clocked by core_clock)
Endpoint: dsa[2]._8_ (rising edge-triggered flip-flop clocked by core_clock)
Path Group: core_clock
Path Type: min

Fanout         Cap        Slew       Delay        Time   Description
---------------------------------------------------------------------------------------------
                                  0.000000    0.000000   clock core_clock (rise edge)
                                  0.000000    0.000000   clock source latency
     1    0.015086    0.000000    0.000000    0.000000 ^ clk (in)
                                                         clk (net)
                      0.001413    0.000707    0.000707 ^ clkbuf_0_clk/A (sky130_fd_sc_hd__clkbuf_16)
     8    0.084849    0.102020    0.155491    0.156197 ^ clkbuf_0_clk/X (sky130_fd_sc_hd__clkbuf_16)
                                                         clknet_0_clk (net)
                      0.102684    0.006629    0.162826 ^ clkbuf_3_7__f_clk/A (sky130_fd_sc_hd__clkbuf_16)
    10    0.030780    0.051710    0.155752    0.318579 ^ clkbuf_3_7__f_clk/X (sky130_fd_sc_hd__clkbuf_16)
                                                         clknet_3_7__leaf_clk (net)
                      0.051732    0.001441    0.320020 ^ dsa[1]._9_/CLK (sky130_fd_sc_hd__dfrtp_1)
     2    0.009898    0.099524    0.364763    0.684782 ^ dsa[1]._9_/Q (sky130_fd_sc_hd__dfrtp_1)
                                                         dsa[1].y_out (net)
                      0.099526    0.000671    0.685454 ^ dsa[2]._7_/A1 (sky130_fd_sc_hd__a21bo_1)
     1    0.003007    0.036569    0.114892    0.800345 ^ dsa[2]._7_/X (sky130_fd_sc_hd__a21bo_1)
                                                         dsa[2].last_carry_next (net)
                      0.036569    0.000222    0.800568 ^ dsa[2]._8_/D (sky130_fd_sc_hd__dfrtp_1)
                                              0.800568   data arrival time

                                  0.000000    0.000000   clock core_clock (rise edge)
                                  0.000000    0.000000   clock source latency
     1    0.015086    0.000000    0.000000    0.000000 ^ clk (in)
                                                         clk (net)
                      0.001413    0.000707    0.000707 ^ clkbuf_0_clk/A (sky130_fd_sc_hd__clkbuf_16)
     8    0.084849    0.102020    0.155491    0.156197 ^ clkbuf_0_clk/X (sky130_fd_sc_hd__clkbuf_16)
                                                         clknet_0_clk (net)
                      0.102659    0.006504    0.162701 ^ clkbuf_3_6__f_clk/A (sky130_fd_sc_hd__clkbuf_16)
     8    0.028138    0.049460    0.153866    0.316568 ^ clkbuf_3_6__f_clk/X (sky130_fd_sc_hd__clkbuf_16)
                                                         clknet_3_6__leaf_clk (net)
                      0.049481    0.001426    0.317994 ^ dsa[2]._8_/CLK (sky130_fd_sc_hd__dfrtp_1)
                                  0.000000    0.317994   clock reconvergence pessimism
                                 -0.032386    0.285608   library hold time
                                              0.285608   data required time
---------------------------------------------------------------------------------------------
                                              0.285608   data required time
                                             -0.800568   data arrival time
---------------------------------------------------------------------------------------------
                                              0.514960   slack (MET)


Startpoint: dsa[19]._9_ (rising edge-triggered flip-flop clocked by core_clock)
Endpoint: dsa[20]._8_ (rising edge-triggered flip-flop clocked by core_clock)
Path Group: core_clock
Path Type: min

Fanout         Cap        Slew       Delay        Time   Description
---------------------------------------------------------------------------------------------
                                  0.000000    0.000000   clock core_clock (rise edge)
                                  0.000000    0.000000   clock source latency
     1    0.015086    0.000000    0.000000    0.000000 ^ clk (in)
                                                         clk (net)
                      0.001413    0.000707    0.000707 ^ clkbuf_0_clk/A (sky130_fd_sc_hd__clkbuf_16)
     8    0.084849    0.102020    0.155491    0.156197 ^ clkbuf_0_clk/X (sky130_fd_sc_hd__clkbuf_16)
                                                         clknet_0_clk (net)
                      0.103612    0.010124    0.166321 ^ clkbuf_3_0__f_clk/A (sky130_fd_sc_hd__clkbuf_16)
    10    0.033916    0.054391    0.158320    0.324641 ^ clkbuf_3_0__f_clk/X (sky130_fd_sc_hd__clkbuf_16)
                                                         clknet_3_0__leaf_clk (net)
                      0.054488    0.001869    0.326510 ^ dsa[19]._9_/CLK (sky130_fd_sc_hd__dfrtp_1)
     2    0.009103    0.093394    0.360810    0.687321 ^ dsa[19]._9_/Q (sky130_fd_sc_hd__dfrtp_1)
                                                         dsa[19].y_out (net)
                      0.093395    0.000516    0.687836 ^ dsa[20]._7_/A1 (sky130_fd_sc_hd__a21bo_1)
     1    0.003228    0.038138    0.114366    0.802203 ^ dsa[20]._7_/X (sky130_fd_sc_hd__a21bo_1)
                                                         dsa[20].last_carry_next (net)
                      0.038161    0.000232    0.802435 ^ dsa[20]._8_/D (sky130_fd_sc_hd__dfrtp_1)
                                              0.802435   data arrival time

                                  0.000000    0.000000   clock core_clock (rise edge)
                                  0.000000    0.000000   clock source latency
     1    0.015086    0.000000    0.000000    0.000000 ^ clk (in)
                                                         clk (net)
                      0.001413    0.000707    0.000707 ^ clkbuf_0_clk/A (sky130_fd_sc_hd__clkbuf_16)
     8    0.084849    0.102020    0.155491    0.156197 ^ clkbuf_0_clk/X (sky130_fd_sc_hd__clkbuf_16)
                                                         clknet_0_clk (net)
                      0.103596    0.010073    0.166271 ^ clkbuf_3_1__f_clk/A (sky130_fd_sc_hd__clkbuf_16)
     7    0.025481    0.046812    0.151679    0.317950 ^ clkbuf_3_1__f_clk/X (sky130_fd_sc_hd__clkbuf_16)
                                                         clknet_3_1__leaf_clk (net)
                      0.046849    0.001154    0.319104 ^ dsa[20]._8_/CLK (sky130_fd_sc_hd__dfrtp_1)
                                  0.000000    0.319104   clock reconvergence pessimism
                                 -0.033079    0.286025   library hold time
                                              0.286025   data required time
---------------------------------------------------------------------------------------------
                                              0.286025   data required time
                                             -0.802435   data arrival time
---------------------------------------------------------------------------------------------
                                              0.516409   slack (MET)


Startpoint: dsa[5]._9_ (rising edge-triggered flip-flop clocked by core_clock)
Endpoint: dsa[6]._8_ (rising edge-triggered flip-flop clocked by core_clock)
Path Group: core_clock
Path Type: min

Fanout         Cap        Slew       Delay        Time   Description
---------------------------------------------------------------------------------------------
                                  0.000000    0.000000   clock core_clock (rise edge)
                                  0.000000    0.000000   clock source latency
     1    0.015086    0.000000    0.000000    0.000000 ^ clk (in)
                                                         clk (net)
                      0.001413    0.000707    0.000707 ^ clkbuf_0_clk/A (sky130_fd_sc_hd__clkbuf_16)
     8    0.084849    0.102020    0.155491    0.156197 ^ clkbuf_0_clk/X (sky130_fd_sc_hd__clkbuf_16)
                                                         clknet_0_clk (net)
                      0.103280    0.009025    0.165222 ^ clkbuf_3_5__f_clk/A (sky130_fd_sc_hd__clkbuf_16)
     8    0.030792    0.051721    0.155982    0.321204 ^ clkbuf_3_5__f_clk/X (sky130_fd_sc_hd__clkbuf_16)
                                                         clknet_3_5__leaf_clk (net)
                      0.051743    0.001469    0.322673 ^ dsa[5]._9_/CLK (sky130_fd_sc_hd__dfrtp_1)
     2    0.010931    0.107970    0.370964    0.693636 ^ dsa[5]._9_/Q (sky130_fd_sc_hd__dfrtp_1)
                                                         dsa[5].y_out (net)
                      0.107974    0.000847    0.694483 ^ dsa[6]._7_/A1 (sky130_fd_sc_hd__a21bo_1)
     1    0.002601    0.033703    0.114959    0.809442 ^ dsa[6]._7_/X (sky130_fd_sc_hd__a21bo_1)
                                                         dsa[6].last_carry_next (net)
                      0.033703    0.000192    0.809634 ^ dsa[6]._8_/D (sky130_fd_sc_hd__dfrtp_1)
                                              0.809634   data arrival time

                                  0.000000    0.000000   clock core_clock (rise edge)
                                  0.000000    0.000000   clock source latency
     1    0.015086    0.000000    0.000000    0.000000 ^ clk (in)
                                                         clk (net)
                      0.001413    0.000707    0.000707 ^ clkbuf_0_clk/A (sky130_fd_sc_hd__clkbuf_16)
     8    0.084849    0.102020    0.155491    0.156197 ^ clkbuf_0_clk/X (sky130_fd_sc_hd__clkbuf_16)
                                                         clknet_0_clk (net)
                      0.103280    0.009025    0.165222 ^ clkbuf_3_5__f_clk/A (sky130_fd_sc_hd__clkbuf_16)
     8    0.030792    0.051721    0.155982    0.321204 ^ clkbuf_3_5__f_clk/X (sky130_fd_sc_hd__clkbuf_16)
                                                         clknet_3_5__leaf_clk (net)
                      0.051745    0.001534    0.322737 ^ dsa[6]._8_/CLK (sky130_fd_sc_hd__dfrtp_1)
                                  0.000000    0.322737   clock reconvergence pessimism
                                 -0.031477    0.291261   library hold time
                                              0.291261   data required time
---------------------------------------------------------------------------------------------
                                              0.291261   data required time
                                             -0.809634   data arrival time
---------------------------------------------------------------------------------------------
                                              0.518373   slack (MET)


Startpoint: dsa[10]._9_ (rising edge-triggered flip-flop clocked by core_clock)
Endpoint: dsa[11]._8_ (rising edge-triggered flip-flop clocked by core_clock)
Path Group: core_clock
Path Type: min

Fanout         Cap        Slew       Delay        Time   Description
---------------------------------------------------------------------------------------------
                                  0.000000    0.000000   clock core_clock (rise edge)
                                  0.000000    0.000000   clock source latency
     1    0.015086    0.000000    0.000000    0.000000 ^ clk (in)
                                                         clk (net)
                      0.001413    0.000707    0.000707 ^ clkbuf_0_clk/A (sky130_fd_sc_hd__clkbuf_16)
     8    0.084849    0.102020    0.155491    0.156197 ^ clkbuf_0_clk/X (sky130_fd_sc_hd__clkbuf_16)
                                                         clknet_0_clk (net)
                      0.102659    0.006504    0.162701 ^ clkbuf_3_6__f_clk/A (sky130_fd_sc_hd__clkbuf_16)
     8    0.028138    0.049460    0.153866    0.316568 ^ clkbuf_3_6__f_clk/X (sky130_fd_sc_hd__clkbuf_16)
                                                         clknet_3_6__leaf_clk (net)
                      0.049479    0.001333    0.317901 ^ dsa[10]._9_/CLK (sky130_fd_sc_hd__dfrtp_1)
     2    0.010737    0.106358    0.369060    0.686961 ^ dsa[10]._9_/Q (sky130_fd_sc_hd__dfrtp_1)
                                                         dsa[10].y_out (net)
                      0.106358    0.000422    0.687383 ^ dsa[11]._7_/A1 (sky130_fd_sc_hd__a21bo_1)
     1    0.002986    0.036419    0.116959    0.804342 ^ dsa[11]._7_/X (sky130_fd_sc_hd__a21bo_1)
                                                         dsa[11].last_carry_next (net)
                      0.036419    0.000206    0.804548 ^ dsa[11]._8_/D (sky130_fd_sc_hd__dfrtp_1)
                                              0.804548   data arrival time

                                  0.000000    0.000000   clock core_clock (rise edge)
                                  0.000000    0.000000   clock source latency
     1    0.015086    0.000000    0.000000    0.000000 ^ clk (in)
                                                         clk (net)
                      0.001413    0.000707    0.000707 ^ clkbuf_0_clk/A (sky130_fd_sc_hd__clkbuf_16)
     8    0.084849    0.102020    0.155491    0.156197 ^ clkbuf_0_clk/X (sky130_fd_sc_hd__clkbuf_16)
                                                         clknet_0_clk (net)
                      0.102659    0.006504    0.162701 ^ clkbuf_3_6__f_clk/A (sky130_fd_sc_hd__clkbuf_16)
     8    0.028138    0.049460    0.153866    0.316568 ^ clkbuf_3_6__f_clk/X (sky130_fd_sc_hd__clkbuf_16)
                                                         clknet_3_6__leaf_clk (net)
                      0.049477    0.001212    0.317780 ^ dsa[11]._8_/CLK (sky130_fd_sc_hd__dfrtp_1)
                                  0.000000    0.317780   clock reconvergence pessimism
                                 -0.032355    0.285425   library hold time
                                              0.285425   data required time
---------------------------------------------------------------------------------------------
                                              0.285425   data required time
                                             -0.804548   data arrival time
---------------------------------------------------------------------------------------------
                                              0.519124   slack (MET)


Startpoint: dsa[6]._9_ (rising edge-triggered flip-flop clocked by core_clock)
Endpoint: dsa[7]._9_ (rising edge-triggered flip-flop clocked by core_clock)
Path Group: core_clock
Path Type: min

Fanout         Cap        Slew       Delay        Time   Description
---------------------------------------------------------------------------------------------
                                  0.000000    0.000000   clock core_clock (rise edge)
                                  0.000000    0.000000   clock source latency
     1    0.015086    0.000000    0.000000    0.000000 ^ clk (in)
                                                         clk (net)
                      0.001413    0.000707    0.000707 ^ clkbuf_0_clk/A (sky130_fd_sc_hd__clkbuf_16)
     8    0.084849    0.102020    0.155491    0.156197 ^ clkbuf_0_clk/X (sky130_fd_sc_hd__clkbuf_16)
                                                         clknet_0_clk (net)
                      0.103280    0.009025    0.165222 ^ clkbuf_3_5__f_clk/A (sky130_fd_sc_hd__clkbuf_16)
     8    0.030792    0.051721    0.155982    0.321204 ^ clkbuf_3_5__f_clk/X (sky130_fd_sc_hd__clkbuf_16)
                                                         clknet_3_5__leaf_clk (net)
                      0.051744    0.001515    0.322718 ^ dsa[6]._9_/CLK (sky130_fd_sc_hd__dfrtp_1)
     2    0.012968    0.124715    0.383075    0.705793 ^ dsa[6]._9_/Q (sky130_fd_sc_hd__dfrtp_1)
                                                         dsa[6].y_out (net)
                      0.124727    0.001324    0.707117 ^ dsa[7]._6_/A (sky130_fd_sc_hd__xnor2_1)
     1    0.002980    0.034439    0.086070    0.793187 v dsa[7]._6_/Y (sky130_fd_sc_hd__xnor2_1)
                                                         dsa[7].y_out_next (net)
                      0.034440    0.000192    0.793379 v dsa[7]._9_/D (sky130_fd_sc_hd__dfrtp_1)
                                              0.793379   data arrival time

                                  0.000000    0.000000   clock core_clock (rise edge)
                                  0.000000    0.000000   clock source latency
     1    0.015086    0.000000    0.000000    0.000000 ^ clk (in)
                                                         clk (net)
                      0.001413    0.000707    0.000707 ^ clkbuf_0_clk/A (sky130_fd_sc_hd__clkbuf_16)
     8    0.084849    0.102020    0.155491    0.156197 ^ clkbuf_0_clk/X (sky130_fd_sc_hd__clkbuf_16)
                                                         clknet_0_clk (net)
                      0.103192    0.008714    0.164911 ^ clkbuf_3_4__f_clk/A (sky130_fd_sc_hd__clkbuf_16)
     9    0.023560    0.045046    0.149734    0.314645 ^ clkbuf_3_4__f_clk/X (sky130_fd_sc_hd__clkbuf_16)
                                                         clknet_3_4__leaf_clk (net)
                      0.045079    0.001061    0.315707 ^ dsa[7]._9_/CLK (sky130_fd_sc_hd__dfrtp_1)
                                  0.000000    0.315707   clock reconvergence pessimism
                                 -0.041459    0.274248   library hold time
                                              0.274248   data required time
---------------------------------------------------------------------------------------------
                                              0.274248   data required time
                                             -0.793379   data arrival time
---------------------------------------------------------------------------------------------
                                              0.519131   slack (MET)


Startpoint: dsa[7]._9_ (rising edge-triggered flip-flop clocked by core_clock)
Endpoint: dsa[8]._8_ (rising edge-triggered flip-flop clocked by core_clock)
Path Group: core_clock
Path Type: min

Fanout         Cap        Slew       Delay        Time   Description
---------------------------------------------------------------------------------------------
                                  0.000000    0.000000   clock core_clock (rise edge)
                                  0.000000    0.000000   clock source latency
     1    0.015086    0.000000    0.000000    0.000000 ^ clk (in)
                                                         clk (net)
                      0.001413    0.000707    0.000707 ^ clkbuf_0_clk/A (sky130_fd_sc_hd__clkbuf_16)
     8    0.084849    0.102020    0.155491    0.156197 ^ clkbuf_0_clk/X (sky130_fd_sc_hd__clkbuf_16)
                                                         clknet_0_clk (net)
                      0.103192    0.008714    0.164911 ^ clkbuf_3_4__f_clk/A (sky130_fd_sc_hd__clkbuf_16)
     9    0.023560    0.045046    0.149734    0.314645 ^ clkbuf_3_4__f_clk/X (sky130_fd_sc_hd__clkbuf_16)
                                                         clknet_3_4__leaf_clk (net)
                      0.045079    0.001061    0.315707 ^ dsa[7]._9_/CLK (sky130_fd_sc_hd__dfrtp_1)
     2    0.010733    0.106317    0.367373    0.683079 ^ dsa[7]._9_/Q (sky130_fd_sc_hd__dfrtp_1)
                                                         dsa[7].y_out (net)
                      0.106317    0.000435    0.683515 ^ dsa[8]._7_/A1 (sky130_fd_sc_hd__a21bo_1)
     1    0.003379    0.039195    0.119517    0.803032 ^ dsa[8]._7_/X (sky130_fd_sc_hd__a21bo_1)
                                                         dsa[8].last_carry_next (net)
                      0.039219    0.000218    0.803250 ^ dsa[8]._8_/D (sky130_fd_sc_hd__dfrtp_1)
                                              0.803250   data arrival time

                                  0.000000    0.000000   clock core_clock (rise edge)
                                  0.000000    0.000000   clock source latency
     1    0.015086    0.000000    0.000000    0.000000 ^ clk (in)
                                                         clk (net)
                      0.001413    0.000707    0.000707 ^ clkbuf_0_clk/A (sky130_fd_sc_hd__clkbuf_16)
     8    0.084849    0.102020    0.155491    0.156197 ^ clkbuf_0_clk/X (sky130_fd_sc_hd__clkbuf_16)
                                                         clknet_0_clk (net)
                      0.103192    0.008714    0.164911 ^ clkbuf_3_4__f_clk/A (sky130_fd_sc_hd__clkbuf_16)
     9    0.023560    0.045046    0.149734    0.314645 ^ clkbuf_3_4__f_clk/X (sky130_fd_sc_hd__clkbuf_16)
                                                         clknet_3_4__leaf_clk (net)
                      0.045081    0.001088    0.315733 ^ dsa[8]._8_/CLK (sky130_fd_sc_hd__dfrtp_1)
                                  0.000000    0.315733   clock reconvergence pessimism
                                 -0.033542    0.282191   library hold time
                                              0.282191   data required time
---------------------------------------------------------------------------------------------
                                              0.282191   data required time
                                             -0.803250   data arrival time
---------------------------------------------------------------------------------------------
                                              0.521059   slack (MET)


Startpoint: dsa[11]._9_ (rising edge-triggered flip-flop clocked by core_clock)
Endpoint: dsa[12]._8_ (rising edge-triggered flip-flop clocked by core_clock)
Path Group: core_clock
Path Type: min

Fanout         Cap        Slew       Delay        Time   Description
---------------------------------------------------------------------------------------------
                                  0.000000    0.000000   clock core_clock (rise edge)
                                  0.000000    0.000000   clock source latency
     1    0.015086    0.000000    0.000000    0.000000 ^ clk (in)
                                                         clk (net)
                      0.001413    0.000707    0.000707 ^ clkbuf_0_clk/A (sky130_fd_sc_hd__clkbuf_16)
     8    0.084849    0.102020    0.155491    0.156197 ^ clkbuf_0_clk/X (sky130_fd_sc_hd__clkbuf_16)
                                                         clknet_0_clk (net)
                      0.102684    0.006629    0.162826 ^ clkbuf_3_7__f_clk/A (sky130_fd_sc_hd__clkbuf_16)
    10    0.030780    0.051710    0.155752    0.318579 ^ clkbuf_3_7__f_clk/X (sky130_fd_sc_hd__clkbuf_16)
                                                         clknet_3_7__leaf_clk (net)
                      0.051732    0.001435    0.320013 ^ dsa[11]._9_/CLK (sky130_fd_sc_hd__dfrtp_1)
     2    0.011121    0.109513    0.372174    0.692187 ^ dsa[11]._9_/Q (sky130_fd_sc_hd__dfrtp_1)
                                                         dsa[11].y_out (net)
                      0.109515    0.000693    0.692880 ^ dsa[12]._7_/A1 (sky130_fd_sc_hd__a21bo_1)
     1    0.002644    0.034002    0.115732    0.808612 ^ dsa[12]._7_/X (sky130_fd_sc_hd__a21bo_1)
                                                         dsa[12].last_carry_next (net)
                      0.034002    0.000194    0.808806 ^ dsa[12]._8_/D (sky130_fd_sc_hd__dfrtp_1)
                                              0.808806   data arrival time

                                  0.000000    0.000000   clock core_clock (rise edge)
                                  0.000000    0.000000   clock source latency
     1    0.015086    0.000000    0.000000    0.000000 ^ clk (in)
                                                         clk (net)
                      0.001413    0.000707    0.000707 ^ clkbuf_0_clk/A (sky130_fd_sc_hd__clkbuf_16)
     8    0.084849    0.102020    0.155491    0.156197 ^ clkbuf_0_clk/X (sky130_fd_sc_hd__clkbuf_16)
                                                         clknet_0_clk (net)
                      0.102659    0.006504    0.162701 ^ clkbuf_3_6__f_clk/A (sky130_fd_sc_hd__clkbuf_16)
     8    0.028138    0.049460    0.153866    0.316568 ^ clkbuf_3_6__f_clk/X (sky130_fd_sc_hd__clkbuf_16)
                                                         clknet_3_6__leaf_clk (net)
                      0.049477    0.001241    0.317809 ^ dsa[12]._8_/CLK (sky130_fd_sc_hd__dfrtp_1)
                                  0.000000    0.317809   clock reconvergence pessimism
                                 -0.031849    0.285961   library hold time
                                              0.285961   data required time
---------------------------------------------------------------------------------------------
                                              0.285961   data required time
                                             -0.808806   data arrival time
---------------------------------------------------------------------------------------------
                                              0.522845   slack (MET)


Startpoint: dsa[14]._9_ (rising edge-triggered flip-flop clocked by core_clock)
Endpoint: dsa[15]._8_ (rising edge-triggered flip-flop clocked by core_clock)
Path Group: core_clock
Path Type: min

Fanout         Cap        Slew       Delay        Time   Description
---------------------------------------------------------------------------------------------
                                  0.000000    0.000000   clock core_clock (rise edge)
                                  0.000000    0.000000   clock source latency
     1    0.015086    0.000000    0.000000    0.000000 ^ clk (in)
                                                         clk (net)
                      0.001413    0.000707    0.000707 ^ clkbuf_0_clk/A (sky130_fd_sc_hd__clkbuf_16)
     8    0.084849    0.102020    0.155491    0.156197 ^ clkbuf_0_clk/X (sky130_fd_sc_hd__clkbuf_16)
                                                         clknet_0_clk (net)
                      0.102659    0.006504    0.162701 ^ clkbuf_3_6__f_clk/A (sky130_fd_sc_hd__clkbuf_16)
     8    0.028138    0.049460    0.153866    0.316568 ^ clkbuf_3_6__f_clk/X (sky130_fd_sc_hd__clkbuf_16)
                                                         clknet_3_6__leaf_clk (net)
                      0.049479    0.001313    0.317881 ^ dsa[14]._9_/CLK (sky130_fd_sc_hd__dfrtp_1)
     2    0.010996    0.108496    0.370527    0.688408 ^ dsa[14]._9_/Q (sky130_fd_sc_hd__dfrtp_1)
                                                         dsa[14].y_out (net)
                      0.108498    0.000670    0.689079 ^ dsa[15]._7_/A1 (sky130_fd_sc_hd__a21bo_1)
     1    0.003792    0.042273    0.122760    0.811839 ^ dsa[15]._7_/X (sky130_fd_sc_hd__a21bo_1)
                                                         dsa[15].last_carry_next (net)
                      0.042274    0.000274    0.812113 ^ dsa[15]._8_/D (sky130_fd_sc_hd__dfrtp_1)
                                              0.812113   data arrival time

                                  0.000000    0.000000   clock core_clock (rise edge)
                                  0.000000    0.000000   clock source latency
     1    0.015086    0.000000    0.000000    0.000000 ^ clk (in)
                                                         clk (net)
                      0.001413    0.000707    0.000707 ^ clkbuf_0_clk/A (sky130_fd_sc_hd__clkbuf_16)
     8    0.084849    0.102020    0.155491    0.156197 ^ clkbuf_0_clk/X (sky130_fd_sc_hd__clkbuf_16)
                                                         clknet_0_clk (net)
                      0.102376    0.004924    0.161122 ^ clkbuf_3_3__f_clk/A (sky130_fd_sc_hd__clkbuf_16)
     9    0.028189    0.049503    0.153798    0.314920 ^ clkbuf_3_3__f_clk/X (sky130_fd_sc_hd__clkbuf_16)
                                                         clknet_3_3__leaf_clk (net)
                      0.049517    0.001033    0.315953 ^ dsa[15]._8_/CLK (sky130_fd_sc_hd__dfrtp_1)
                                  0.000000    0.315953   clock reconvergence pessimism
                                 -0.033576    0.282377   library hold time
                                              0.282377   data required time
---------------------------------------------------------------------------------------------
                                              0.282377   data required time
                                             -0.812113   data arrival time
---------------------------------------------------------------------------------------------
                                              0.529736   slack (MET)


Startpoint: dsa[6]._9_ (rising edge-triggered flip-flop clocked by core_clock)
Endpoint: dsa[7]._8_ (rising edge-triggered flip-flop clocked by core_clock)
Path Group: core_clock
Path Type: min

Fanout         Cap        Slew       Delay        Time   Description
---------------------------------------------------------------------------------------------
                                  0.000000    0.000000   clock core_clock (rise edge)
                                  0.000000    0.000000   clock source latency
     1    0.015086    0.000000    0.000000    0.000000 ^ clk (in)
                                                         clk (net)
                      0.001413    0.000707    0.000707 ^ clkbuf_0_clk/A (sky130_fd_sc_hd__clkbuf_16)
     8    0.084849    0.102020    0.155491    0.156197 ^ clkbuf_0_clk/X (sky130_fd_sc_hd__clkbuf_16)
                                                         clknet_0_clk (net)
                      0.103280    0.009025    0.165222 ^ clkbuf_3_5__f_clk/A (sky130_fd_sc_hd__clkbuf_16)
     8    0.030792    0.051721    0.155982    0.321204 ^ clkbuf_3_5__f_clk/X (sky130_fd_sc_hd__clkbuf_16)
                                                         clknet_3_5__leaf_clk (net)
                      0.051744    0.001515    0.322718 ^ dsa[6]._9_/CLK (sky130_fd_sc_hd__dfrtp_1)
     2    0.012968    0.124715    0.383075    0.705793 ^ dsa[6]._9_/Q (sky130_fd_sc_hd__dfrtp_1)
                                                         dsa[6].y_out (net)
                      0.124725    0.001212    0.707005 ^ dsa[7]._7_/A1 (sky130_fd_sc_hd__a21bo_1)
     1    0.002620    0.033848    0.120200    0.827205 ^ dsa[7]._7_/X (sky130_fd_sc_hd__a21bo_1)
                                                         dsa[7].last_carry_next (net)
                      0.033848    0.000175    0.827380 ^ dsa[7]._8_/D (sky130_fd_sc_hd__dfrtp_1)
                                              0.827380   data arrival time

                                  0.000000    0.000000   clock core_clock (rise edge)
                                  0.000000    0.000000   clock source latency
     1    0.015086    0.000000    0.000000    0.000000 ^ clk (in)
                                                         clk (net)
                      0.001413    0.000707    0.000707 ^ clkbuf_0_clk/A (sky130_fd_sc_hd__clkbuf_16)
     8    0.084849    0.102020    0.155491    0.156197 ^ clkbuf_0_clk/X (sky130_fd_sc_hd__clkbuf_16)
                                                         clknet_0_clk (net)
                      0.103192    0.008714    0.164911 ^ clkbuf_3_4__f_clk/A (sky130_fd_sc_hd__clkbuf_16)
     9    0.023560    0.045046    0.149734    0.314645 ^ clkbuf_3_4__f_clk/X (sky130_fd_sc_hd__clkbuf_16)
                                                         clknet_3_4__leaf_clk (net)
                      0.045084    0.001125    0.315770 ^ dsa[7]._8_/CLK (sky130_fd_sc_hd__dfrtp_1)
                                  0.000000    0.315770   clock reconvergence pessimism
                                 -0.032415    0.283355   library hold time
                                              0.283355   data required time
---------------------------------------------------------------------------------------------
                                              0.283355   data required time
                                             -0.827380   data arrival time
---------------------------------------------------------------------------------------------
                                              0.544026   slack (MET)


Startpoint: dsa[0]._8_ (rising edge-triggered flip-flop clocked by core_clock)
Endpoint: dsa[0]._9_ (rising edge-triggered flip-flop clocked by core_clock)
Path Group: core_clock
Path Type: min

Fanout         Cap        Slew       Delay        Time   Description
---------------------------------------------------------------------------------------------
                                  0.000000    0.000000   clock core_clock (rise edge)
                                  0.000000    0.000000   clock source latency
     1    0.015086    0.000000    0.000000    0.000000 ^ clk (in)
                                                         clk (net)
                      0.001413    0.000707    0.000707 ^ clkbuf_0_clk/A (sky130_fd_sc_hd__clkbuf_16)
     8    0.084849    0.102020    0.155491    0.156197 ^ clkbuf_0_clk/X (sky130_fd_sc_hd__clkbuf_16)
                                                         clknet_0_clk (net)
                      0.102684    0.006629    0.162826 ^ clkbuf_3_7__f_clk/A (sky130_fd_sc_hd__clkbuf_16)
    10    0.030780    0.051710    0.155752    0.318579 ^ clkbuf_3_7__f_clk/X (sky130_fd_sc_hd__clkbuf_16)
                                                         clknet_3_7__leaf_clk (net)
                      0.051750    0.001917    0.320495 ^ dsa[0]._8_/CLK (sky130_fd_sc_hd__dfrtp_1)
     2    0.005531    0.065897    0.335906    0.656401 ^ dsa[0]._8_/Q (sky130_fd_sc_hd__dfrtp_1)
                                                         dsa[0].last_carry (net)
                      0.065897    0.000201    0.656602 ^ dsa[0]._3_/A (sky130_fd_sc_hd__nand3_1)
     2    0.005136    0.071323    0.081650    0.738252 v dsa[0]._3_/Y (sky130_fd_sc_hd__nand3_1)
                                                         dsa[0]._0_ (net)
                      0.071324    0.000350    0.738603 v dsa[0]._5_/A (sky130_fd_sc_hd__nand2_1)
     1    0.005465    0.061727    0.081655    0.820257 ^ dsa[0]._5_/Y (sky130_fd_sc_hd__nand2_1)
                                                         dsa[0]._2_ (net)
                      0.061729    0.000413    0.820670 ^ dsa[0]._6_/B (sky130_fd_sc_hd__xnor2_1)
     1    0.002314    0.030719    0.057067    0.877738 v dsa[0]._6_/Y (sky130_fd_sc_hd__xnor2_1)
                                                         dsa[0].y_out_next (net)
                      0.030719    0.000161    0.877899 v dsa[0]._9_/D (sky130_fd_sc_hd__dfrtp_1)
                                              0.877899   data arrival time

                                  0.000000    0.000000   clock core_clock (rise edge)
                                  0.000000    0.000000   clock source latency
     1    0.015086    0.000000    0.000000    0.000000 ^ clk (in)
                                                         clk (net)
                      0.001413    0.000707    0.000707 ^ clkbuf_0_clk/A (sky130_fd_sc_hd__clkbuf_16)
     8    0.084849    0.102020    0.155491    0.156197 ^ clkbuf_0_clk/X (sky130_fd_sc_hd__clkbuf_16)
                                                         clknet_0_clk (net)
                      0.102684    0.006629    0.162826 ^ clkbuf_3_7__f_clk/A (sky130_fd_sc_hd__clkbuf_16)
    10    0.030780    0.051710    0.155752    0.318579 ^ clkbuf_3_7__f_clk/X (sky130_fd_sc_hd__clkbuf_16)
                                                         clknet_3_7__leaf_clk (net)
                      0.051734    0.001565    0.320144 ^ dsa[0]._9_/CLK (sky130_fd_sc_hd__dfrtp_1)
                                  0.000000    0.320144   clock reconvergence pessimism
                                 -0.038426    0.281718   library hold time
                                              0.281718   data required time
---------------------------------------------------------------------------------------------
                                              0.281718   data required time
                                             -0.877899   data arrival time
---------------------------------------------------------------------------------------------
                                              0.596181   slack (MET)


Startpoint: dsa[0]._8_ (rising edge-triggered flip-flop clocked by core_clock)
Endpoint: dsa[0]._8_ (rising edge-triggered flip-flop clocked by core_clock)
Path Group: core_clock
Path Type: min

Fanout         Cap        Slew       Delay        Time   Description
---------------------------------------------------------------------------------------------
                                  0.000000    0.000000   clock core_clock (rise edge)
                                  0.000000    0.000000   clock source latency
     1    0.015086    0.000000    0.000000    0.000000 ^ clk (in)
                                                         clk (net)
                      0.001413    0.000707    0.000707 ^ clkbuf_0_clk/A (sky130_fd_sc_hd__clkbuf_16)
     8    0.084849    0.102020    0.155491    0.156197 ^ clkbuf_0_clk/X (sky130_fd_sc_hd__clkbuf_16)
                                                         clknet_0_clk (net)
                      0.102684    0.006629    0.162826 ^ clkbuf_3_7__f_clk/A (sky130_fd_sc_hd__clkbuf_16)
    10    0.030780    0.051710    0.155752    0.318579 ^ clkbuf_3_7__f_clk/X (sky130_fd_sc_hd__clkbuf_16)
                                                         clknet_3_7__leaf_clk (net)
                      0.051750    0.001917    0.320495 ^ dsa[0]._8_/CLK (sky130_fd_sc_hd__dfrtp_1)
     2    0.005531    0.065897    0.335906    0.656401 ^ dsa[0]._8_/Q (sky130_fd_sc_hd__dfrtp_1)
                                                         dsa[0].last_carry (net)
                      0.065897    0.000201    0.656602 ^ dsa[0]._3_/A (sky130_fd_sc_hd__nand3_1)
     2    0.005136    0.071323    0.081650    0.738252 v dsa[0]._3_/Y (sky130_fd_sc_hd__nand3_1)
                                                         dsa[0]._0_ (net)
                      0.071324    0.000340    0.738592 v dsa[0]._7_/B1_N (sky130_fd_sc_hd__a21bo_1)
     1    0.002629    0.033908    0.179239    0.917831 ^ dsa[0]._7_/X (sky130_fd_sc_hd__a21bo_1)
                                                         dsa[0].last_carry_next (net)
                      0.033908    0.000193    0.918025 ^ dsa[0]._8_/D (sky130_fd_sc_hd__dfrtp_1)
                                              0.918025   data arrival time

                                  0.000000    0.000000   clock core_clock (rise edge)
                                  0.000000    0.000000   clock source latency
     1    0.015086    0.000000    0.000000    0.000000 ^ clk (in)
                                                         clk (net)
                      0.001413    0.000707    0.000707 ^ clkbuf_0_clk/A (sky130_fd_sc_hd__clkbuf_16)
     8    0.084849    0.102020    0.155491    0.156197 ^ clkbuf_0_clk/X (sky130_fd_sc_hd__clkbuf_16)
                                                         clknet_0_clk (net)
                      0.102684    0.006629    0.162826 ^ clkbuf_3_7__f_clk/A (sky130_fd_sc_hd__clkbuf_16)
    10    0.030780    0.051710    0.155752    0.318579 ^ clkbuf_3_7__f_clk/X (sky130_fd_sc_hd__clkbuf_16)
                                                         clknet_3_7__leaf_clk (net)
                      0.051750    0.001917    0.320495 ^ dsa[0]._8_/CLK (sky130_fd_sc_hd__dfrtp_1)
                                  0.000000    0.320495   clock reconvergence pessimism
                                 -0.031519    0.288976   library hold time
                                              0.288976   data required time
---------------------------------------------------------------------------------------------
                                              0.288976   data required time
                                             -0.918025   data arrival time
---------------------------------------------------------------------------------------------
                                              0.629048   slack (MET)



