
===========================================================================
report_checks -path_delay max (Setup)
============================================================================
======================= nom_tt_025C_1v80 Corner ===================================

Startpoint: dsa[15]._8_ (rising edge-triggered flip-flop clocked by core_clock)
Endpoint: dsa[15]._8_ (rising edge-triggered flip-flop clocked by core_clock)
Path Group: core_clock
Path Type: max

Fanout         Cap        Slew       Delay        Time   Description
---------------------------------------------------------------------------------------------
                                  0.000000    0.000000   clock core_clock (rise edge)
                                  0.000000    0.000000   clock source latency
     1    0.011568    0.000000    0.000000    0.000000 ^ clk (in)
                                                         clk (net)
                      0.000309    0.000154    0.000154 ^ clkbuf_0_clk/A (sky130_fd_sc_hd__clkbuf_16)
     8    0.073958    0.091061    0.151616    0.151771 ^ clkbuf_0_clk/X (sky130_fd_sc_hd__clkbuf_16)
                                                         clknet_0_clk (net)
                      0.091061    0.000318    0.152088 ^ clkbuf_3_3__f_clk/A (sky130_fd_sc_hd__clkbuf_16)
     9    0.023889    0.045288    0.146095    0.298183 ^ clkbuf_3_3__f_clk/X (sky130_fd_sc_hd__clkbuf_16)
                                                         clknet_3_3__leaf_clk (net)
                      0.045288    0.000028    0.298211 ^ dsa[15]._8_/CLK (sky130_fd_sc_hd__dfrtp_1)
     2    0.005346    0.050678    0.367685    0.665896 v dsa[15]._8_/Q (sky130_fd_sc_hd__dfrtp_1)
                                                         dsa[15].last_carry (net)
                      0.050678    0.000015    0.665912 v dsa[15]._4_/B1 (sky130_fd_sc_hd__a21o_1)
     2    0.005011    0.043808    0.160949    0.826861 v dsa[15]._4_/X (sky130_fd_sc_hd__a21o_1)
                                                         dsa[15]._1_ (net)
                      0.043808    0.000004    0.826864 v dsa[15]._7_/A2 (sky130_fd_sc_hd__a21bo_1)
     1    0.003123    0.035826    0.185011    1.011876 v dsa[15]._7_/X (sky130_fd_sc_hd__a21bo_1)
                                                         dsa[15].last_carry_next (net)
                      0.035826    0.000019    1.011894 v dsa[15]._8_/D (sky130_fd_sc_hd__dfrtp_1)
                                              1.011894   data arrival time

                                 10.000000   10.000000   clock core_clock (rise edge)
                                  0.000000   10.000000   clock source latency
     1    0.011568    0.000000    0.000000   10.000000 ^ clk (in)
                                                         clk (net)
                      0.000309    0.000155   10.000154 ^ clkbuf_0_clk/A (sky130_fd_sc_hd__clkbuf_16)
     8    0.073958    0.091061    0.151616   10.151771 ^ clkbuf_0_clk/X (sky130_fd_sc_hd__clkbuf_16)
                                                         clknet_0_clk (net)
                      0.091061    0.000318   10.152088 ^ clkbuf_3_3__f_clk/A (sky130_fd_sc_hd__clkbuf_16)
     9    0.023889    0.045288    0.146096   10.298184 ^ clkbuf_3_3__f_clk/X (sky130_fd_sc_hd__clkbuf_16)
                                                         clknet_3_3__leaf_clk (net)
                      0.045288    0.000028   10.298211 ^ dsa[15]._8_/CLK (sky130_fd_sc_hd__dfrtp_1)
                                  0.000000   10.298211   clock reconvergence pessimism
                                 -0.110205   10.188006   library setup time
                                             10.188006   data required time
---------------------------------------------------------------------------------------------
                                             10.188006   data required time
                                             -1.011894   data arrival time
---------------------------------------------------------------------------------------------
                                              9.176111   slack (MET)


Startpoint: dsa[8]._8_ (rising edge-triggered flip-flop clocked by core_clock)
Endpoint: dsa[8]._8_ (rising edge-triggered flip-flop clocked by core_clock)
Path Group: core_clock
Path Type: max

Fanout         Cap        Slew       Delay        Time   Description
---------------------------------------------------------------------------------------------
                                  0.000000    0.000000   clock core_clock (rise edge)
                                  0.000000    0.000000   clock source latency
     1    0.011568    0.000000    0.000000    0.000000 ^ clk (in)
                                                         clk (net)
                      0.000309    0.000154    0.000154 ^ clkbuf_0_clk/A (sky130_fd_sc_hd__clkbuf_16)
     8    0.073958    0.091061    0.151616    0.151771 ^ clkbuf_0_clk/X (sky130_fd_sc_hd__clkbuf_16)
                                                         clknet_0_clk (net)
                      0.091062    0.000489    0.152260 ^ clkbuf_3_4__f_clk/A (sky130_fd_sc_hd__clkbuf_16)
     9    0.021994    0.043609    0.144272    0.296531 ^ clkbuf_3_4__f_clk/X (sky130_fd_sc_hd__clkbuf_16)
                                                         clknet_3_4__leaf_clk (net)
                      0.043609    0.000087    0.296618 ^ dsa[8]._8_/CLK (sky130_fd_sc_hd__dfrtp_1)
     2    0.005043    0.051149    0.365433    0.662051 v dsa[8]._8_/Q (sky130_fd_sc_hd__dfrtp_1)
                                                         dsa[8].last_carry (net)
                      0.051149    0.000002    0.662053 v dsa[8]._4_/B1 (sky130_fd_sc_hd__a21o_1)
     2    0.005733    0.045373    0.164477    0.826530 v dsa[8]._4_/X (sky130_fd_sc_hd__a21o_1)
                                                         dsa[8]._1_ (net)
                      0.045373    0.000019    0.826549 v dsa[8]._7_/A2 (sky130_fd_sc_hd__a21bo_1)
     1    0.002833    0.034390    0.183765    1.010314 v dsa[8]._7_/X (sky130_fd_sc_hd__a21bo_1)
                                                         dsa[8].last_carry_next (net)
                      0.034390    0.000014    1.010328 v dsa[8]._8_/D (sky130_fd_sc_hd__dfrtp_1)
                                              1.010328   data arrival time

                                 10.000000   10.000000   clock core_clock (rise edge)
                                  0.000000   10.000000   clock source latency
     1    0.011568    0.000000    0.000000   10.000000 ^ clk (in)
                                                         clk (net)
                      0.000309    0.000155   10.000154 ^ clkbuf_0_clk/A (sky130_fd_sc_hd__clkbuf_16)
     8    0.073958    0.091061    0.151616   10.151771 ^ clkbuf_0_clk/X (sky130_fd_sc_hd__clkbuf_16)
                                                         clknet_0_clk (net)
                      0.091062    0.000489   10.152260 ^ clkbuf_3_4__f_clk/A (sky130_fd_sc_hd__clkbuf_16)
     9    0.021994    0.043609    0.144272   10.296532 ^ clkbuf_3_4__f_clk/X (sky130_fd_sc_hd__clkbuf_16)
                                                         clknet_3_4__leaf_clk (net)
                      0.043609    0.000086   10.296618 ^ dsa[8]._8_/CLK (sky130_fd_sc_hd__dfrtp_1)
                                  0.000000   10.296618   clock reconvergence pessimism
                                 -0.109962   10.186656   library setup time
                                             10.186656   data required time
---------------------------------------------------------------------------------------------
                                             10.186656   data required time
                                             -1.010328   data arrival time
---------------------------------------------------------------------------------------------
                                              9.176328   slack (MET)


Startpoint: dsa[3]._8_ (rising edge-triggered flip-flop clocked by core_clock)
Endpoint: dsa[3]._8_ (rising edge-triggered flip-flop clocked by core_clock)
Path Group: core_clock
Path Type: max

Fanout         Cap        Slew       Delay        Time   Description
---------------------------------------------------------------------------------------------
                                  0.000000    0.000000   clock core_clock (rise edge)
                                  0.000000    0.000000   clock source latency
     1    0.011568    0.000000    0.000000    0.000000 ^ clk (in)
                                                         clk (net)
                      0.000309    0.000154    0.000154 ^ clkbuf_0_clk/A (sky130_fd_sc_hd__clkbuf_16)
     8    0.073958    0.091061    0.151616    0.151771 ^ clkbuf_0_clk/X (sky130_fd_sc_hd__clkbuf_16)
                                                         clknet_0_clk (net)
                      0.091061    0.000394    0.152164 ^ clkbuf_3_7__f_clk/A (sky130_fd_sc_hd__clkbuf_16)
    10    0.024446    0.045798    0.146630    0.298794 ^ clkbuf_3_7__f_clk/X (sky130_fd_sc_hd__clkbuf_16)
                                                         clknet_3_7__leaf_clk (net)
                      0.045798    0.000048    0.298841 ^ dsa[3]._8_/CLK (sky130_fd_sc_hd__dfrtp_1)
     2    0.005277    0.052171    0.367510    0.666352 v dsa[3]._8_/Q (sky130_fd_sc_hd__dfrtp_1)
                                                         dsa[3].last_carry (net)
                      0.052171    0.000010    0.666362 v dsa[3]._4_/B1 (sky130_fd_sc_hd__a21o_1)
     2    0.005193    0.044566    0.162289    0.828651 v dsa[3]._4_/X (sky130_fd_sc_hd__a21o_1)
                                                         dsa[3]._1_ (net)
                      0.044566    0.000009    0.828660 v dsa[3]._7_/A2 (sky130_fd_sc_hd__a21bo_1)
     1    0.002715    0.033834    0.182676    1.011336 v dsa[3]._7_/X (sky130_fd_sc_hd__a21bo_1)
                                                         dsa[3].last_carry_next (net)
                      0.033834    0.000011    1.011347 v dsa[3]._8_/D (sky130_fd_sc_hd__dfrtp_1)
                                              1.011347   data arrival time

                                 10.000000   10.000000   clock core_clock (rise edge)
                                  0.000000   10.000000   clock source latency
     1    0.011568    0.000000    0.000000   10.000000 ^ clk (in)
                                                         clk (net)
                      0.000309    0.000155   10.000154 ^ clkbuf_0_clk/A (sky130_fd_sc_hd__clkbuf_16)
     8    0.073958    0.091061    0.151616   10.151771 ^ clkbuf_0_clk/X (sky130_fd_sc_hd__clkbuf_16)
                                                         clknet_0_clk (net)
                      0.091061    0.000394   10.152164 ^ clkbuf_3_7__f_clk/A (sky130_fd_sc_hd__clkbuf_16)
    10    0.024446    0.045798    0.146629   10.298794 ^ clkbuf_3_7__f_clk/X (sky130_fd_sc_hd__clkbuf_16)
                                                         clknet_3_7__leaf_clk (net)
                      0.045798    0.000048   10.298842 ^ dsa[3]._8_/CLK (sky130_fd_sc_hd__dfrtp_1)
                                  0.000000   10.298842   clock reconvergence pessimism
                                 -0.109219   10.189623   library setup time
                                             10.189623   data required time
---------------------------------------------------------------------------------------------
                                             10.189623   data required time
                                             -1.011347   data arrival time
---------------------------------------------------------------------------------------------
                                              9.178276   slack (MET)


Startpoint: dsa[11]._8_ (rising edge-triggered flip-flop clocked by core_clock)
Endpoint: dsa[11]._8_ (rising edge-triggered flip-flop clocked by core_clock)
Path Group: core_clock
Path Type: max

Fanout         Cap        Slew       Delay        Time   Description
---------------------------------------------------------------------------------------------
                                  0.000000    0.000000   clock core_clock (rise edge)
                                  0.000000    0.000000   clock source latency
     1    0.011568    0.000000    0.000000    0.000000 ^ clk (in)
                                                         clk (net)
                      0.000309    0.000154    0.000154 ^ clkbuf_0_clk/A (sky130_fd_sc_hd__clkbuf_16)
     8    0.073958    0.091061    0.151616    0.151771 ^ clkbuf_0_clk/X (sky130_fd_sc_hd__clkbuf_16)
                                                         clknet_0_clk (net)
                      0.091061    0.000370    0.152141 ^ clkbuf_3_6__f_clk/A (sky130_fd_sc_hd__clkbuf_16)
     8    0.023743    0.045156    0.145959    0.298099 ^ clkbuf_3_6__f_clk/X (sky130_fd_sc_hd__clkbuf_16)
                                                         clknet_3_6__leaf_clk (net)
                      0.045156    0.000050    0.298149 ^ dsa[11]._8_/CLK (sky130_fd_sc_hd__dfrtp_1)
     2    0.005003    0.050966    0.365795    0.663944 v dsa[11]._8_/Q (sky130_fd_sc_hd__dfrtp_1)
                                                         dsa[11].last_carry (net)
                      0.050966    0.000014    0.663958 v dsa[11]._4_/B1 (sky130_fd_sc_hd__a21o_1)
     2    0.005665    0.046544    0.164107    0.828065 v dsa[11]._4_/X (sky130_fd_sc_hd__a21o_1)
                                                         dsa[11]._1_ (net)
                      0.046544    0.000018    0.828083 v dsa[11]._7_/A2 (sky130_fd_sc_hd__a21bo_1)
     1    0.002509    0.034084    0.182140    1.010223 v dsa[11]._7_/X (sky130_fd_sc_hd__a21bo_1)
                                                         dsa[11].last_carry_next (net)
                      0.034084    0.000008    1.010231 v dsa[11]._8_/D (sky130_fd_sc_hd__dfrtp_1)
                                              1.010231   data arrival time

                                 10.000000   10.000000   clock core_clock (rise edge)
                                  0.000000   10.000000   clock source latency
     1    0.011568    0.000000    0.000000   10.000000 ^ clk (in)
                                                         clk (net)
                      0.000309    0.000155   10.000154 ^ clkbuf_0_clk/A (sky130_fd_sc_hd__clkbuf_16)
     8    0.073958    0.091061    0.151616   10.151771 ^ clkbuf_0_clk/X (sky130_fd_sc_hd__clkbuf_16)
                                                         clknet_0_clk (net)
                      0.091061    0.000370   10.152141 ^ clkbuf_3_6__f_clk/A (sky130_fd_sc_hd__clkbuf_16)
     8    0.023743    0.045156    0.145959   10.298100 ^ clkbuf_3_6__f_clk/X (sky130_fd_sc_hd__clkbuf_16)
                                                         clknet_3_6__leaf_clk (net)
                      0.045156    0.000050   10.298149 ^ dsa[11]._8_/CLK (sky130_fd_sc_hd__dfrtp_1)
                                  0.000000   10.298149   clock reconvergence pessimism
                                 -0.109475   10.188674   library setup time
                                             10.188674   data required time
---------------------------------------------------------------------------------------------
                                             10.188674   data required time
                                             -1.010231   data arrival time
---------------------------------------------------------------------------------------------
                                              9.178443   slack (MET)


Startpoint: dsa[23]._8_ (rising edge-triggered flip-flop clocked by core_clock)
Endpoint: dsa[23]._8_ (rising edge-triggered flip-flop clocked by core_clock)
Path Group: core_clock
Path Type: max

Fanout         Cap        Slew       Delay        Time   Description
---------------------------------------------------------------------------------------------
                                  0.000000    0.000000   clock core_clock (rise edge)
                                  0.000000    0.000000   clock source latency
     1    0.011568    0.000000    0.000000    0.000000 ^ clk (in)
                                                         clk (net)
                      0.000309    0.000154    0.000154 ^ clkbuf_0_clk/A (sky130_fd_sc_hd__clkbuf_16)
     8    0.073958    0.091061    0.151616    0.151771 ^ clkbuf_0_clk/X (sky130_fd_sc_hd__clkbuf_16)
                                                         clknet_0_clk (net)
                      0.091061    0.000357    0.152127 ^ clkbuf_3_2__f_clk/A (sky130_fd_sc_hd__clkbuf_16)
    10    0.026536    0.047711    0.148609    0.300736 ^ clkbuf_3_2__f_clk/X (sky130_fd_sc_hd__clkbuf_16)
                                                         clknet_3_2__leaf_clk (net)
                      0.047711    0.000077    0.300813 ^ dsa[23]._8_/CLK (sky130_fd_sc_hd__dfrtp_1)
     2    0.005166    0.051670    0.367622    0.668435 v dsa[23]._8_/Q (sky130_fd_sc_hd__dfrtp_1)
                                                         dsa[23].last_carry (net)
                      0.051670    0.000008    0.668443 v dsa[23]._4_/B1 (sky130_fd_sc_hd__a21o_1)
     2    0.005205    0.044575    0.162170    0.830613 v dsa[23]._4_/X (sky130_fd_sc_hd__a21o_1)
                                                         dsa[23]._1_ (net)
                      0.044575    0.000015    0.830628 v dsa[23]._7_/A2 (sky130_fd_sc_hd__a21bo_1)
     1    0.002637    0.034693    0.182175    1.012804 v dsa[23]._7_/X (sky130_fd_sc_hd__a21bo_1)
                                                         dsa[23].last_carry_next (net)
                      0.034693    0.000010    1.012813 v dsa[23]._8_/D (sky130_fd_sc_hd__dfrtp_1)
                                              1.012813   data arrival time

                                 10.000000   10.000000   clock core_clock (rise edge)
                                  0.000000   10.000000   clock source latency
     1    0.011568    0.000000    0.000000   10.000000 ^ clk (in)
                                                         clk (net)
                      0.000309    0.000155   10.000154 ^ clkbuf_0_clk/A (sky130_fd_sc_hd__clkbuf_16)
     8    0.073958    0.091061    0.151616   10.151771 ^ clkbuf_0_clk/X (sky130_fd_sc_hd__clkbuf_16)
                                                         clknet_0_clk (net)
                      0.091061    0.000357   10.152127 ^ clkbuf_3_2__f_clk/A (sky130_fd_sc_hd__clkbuf_16)
    10    0.026536    0.047711    0.148609   10.300736 ^ clkbuf_3_2__f_clk/X (sky130_fd_sc_hd__clkbuf_16)
                                                         clknet_3_2__leaf_clk (net)
                      0.047711    0.000076   10.300813 ^ dsa[23]._8_/CLK (sky130_fd_sc_hd__dfrtp_1)
                                  0.000000   10.300813   clock reconvergence pessimism
                                 -0.109157   10.191656   library setup time
                                             10.191656   data required time
---------------------------------------------------------------------------------------------
                                             10.191656   data required time
                                             -1.012813   data arrival time
---------------------------------------------------------------------------------------------
                                              9.178843   slack (MET)


Startpoint: dsa[2]._8_ (rising edge-triggered flip-flop clocked by core_clock)
Endpoint: dsa[2]._8_ (rising edge-triggered flip-flop clocked by core_clock)
Path Group: core_clock
Path Type: max

Fanout         Cap        Slew       Delay        Time   Description
---------------------------------------------------------------------------------------------
                                  0.000000    0.000000   clock core_clock (rise edge)
                                  0.000000    0.000000   clock source latency
     1    0.011568    0.000000    0.000000    0.000000 ^ clk (in)
                                                         clk (net)
                      0.000309    0.000154    0.000154 ^ clkbuf_0_clk/A (sky130_fd_sc_hd__clkbuf_16)
     8    0.073958    0.091061    0.151616    0.151771 ^ clkbuf_0_clk/X (sky130_fd_sc_hd__clkbuf_16)
                                                         clknet_0_clk (net)
                      0.091061    0.000370    0.152141 ^ clkbuf_3_6__f_clk/A (sky130_fd_sc_hd__clkbuf_16)
     8    0.023743    0.045156    0.145959    0.298099 ^ clkbuf_3_6__f_clk/X (sky130_fd_sc_hd__clkbuf_16)
                                                         clknet_3_6__leaf_clk (net)
                      0.045156    0.000026    0.298125 ^ dsa[2]._8_/CLK (sky130_fd_sc_hd__dfrtp_1)
     2    0.005347    0.050684    0.367638    0.665763 v dsa[2]._8_/Q (sky130_fd_sc_hd__dfrtp_1)
                                                         dsa[2].last_carry (net)
                      0.050684    0.000023    0.665786 v dsa[2]._4_/B1 (sky130_fd_sc_hd__a21o_1)
     2    0.005202    0.044606    0.161844    0.827630 v dsa[2]._4_/X (sky130_fd_sc_hd__a21o_1)
                                                         dsa[2]._1_ (net)
                      0.044606    0.000012    0.827642 v dsa[2]._7_/A2 (sky130_fd_sc_hd__a21bo_1)
     1    0.002653    0.033529    0.182285    1.009927 v dsa[2]._7_/X (sky130_fd_sc_hd__a21bo_1)
                                                         dsa[2].last_carry_next (net)
                      0.033529    0.000010    1.009938 v dsa[2]._8_/D (sky130_fd_sc_hd__dfrtp_1)
                                              1.009938   data arrival time

                                 10.000000   10.000000   clock core_clock (rise edge)
                                  0.000000   10.000000   clock source latency
     1    0.011568    0.000000    0.000000   10.000000 ^ clk (in)
                                                         clk (net)
                      0.000309    0.000155   10.000154 ^ clkbuf_0_clk/A (sky130_fd_sc_hd__clkbuf_16)
     8    0.073958    0.091061    0.151616   10.151771 ^ clkbuf_0_clk/X (sky130_fd_sc_hd__clkbuf_16)
                                                         clknet_0_clk (net)
                      0.091061    0.000370   10.152141 ^ clkbuf_3_6__f_clk/A (sky130_fd_sc_hd__clkbuf_16)
     8    0.023743    0.045156    0.145959   10.298100 ^ clkbuf_3_6__f_clk/X (sky130_fd_sc_hd__clkbuf_16)
                                                         clknet_3_6__leaf_clk (net)
                      0.045156    0.000026   10.298125 ^ dsa[2]._8_/CLK (sky130_fd_sc_hd__dfrtp_1)
                                  0.000000   10.298125   clock reconvergence pessimism
                                 -0.109233   10.188892   library setup time
                                             10.188892   data required time
---------------------------------------------------------------------------------------------
                                             10.188892   data required time
                                             -1.009938   data arrival time
---------------------------------------------------------------------------------------------
                                              9.178955   slack (MET)


Startpoint: dsa[22]._8_ (rising edge-triggered flip-flop clocked by core_clock)
Endpoint: dsa[22]._8_ (rising edge-triggered flip-flop clocked by core_clock)
Path Group: core_clock
Path Type: max

Fanout         Cap        Slew       Delay        Time   Description
---------------------------------------------------------------------------------------------
                                  0.000000    0.000000   clock core_clock (rise edge)
                                  0.000000    0.000000   clock source latency
     1    0.011568    0.000000    0.000000    0.000000 ^ clk (in)
                                                         clk (net)
                      0.000309    0.000154    0.000154 ^ clkbuf_0_clk/A (sky130_fd_sc_hd__clkbuf_16)
     8    0.073958    0.091061    0.151616    0.151771 ^ clkbuf_0_clk/X (sky130_fd_sc_hd__clkbuf_16)
                                                         clknet_0_clk (net)
                      0.091061    0.000357    0.152127 ^ clkbuf_3_2__f_clk/A (sky130_fd_sc_hd__clkbuf_16)
    10    0.026536    0.047711    0.148609    0.300736 ^ clkbuf_3_2__f_clk/X (sky130_fd_sc_hd__clkbuf_16)
                                                         clknet_3_2__leaf_clk (net)
                      0.047711    0.000039    0.300776 ^ dsa[22]._8_/CLK (sky130_fd_sc_hd__dfrtp_1)
     2    0.005129    0.051510    0.367426    0.668202 v dsa[22]._8_/Q (sky130_fd_sc_hd__dfrtp_1)
                                                         dsa[22].last_carry (net)
                      0.051510    0.000006    0.668208 v dsa[22]._4_/B1 (sky130_fd_sc_hd__a21o_1)
     2    0.005122    0.044270    0.161740    0.829948 v dsa[22]._4_/X (sky130_fd_sc_hd__a21o_1)
                                                         dsa[22]._1_ (net)
                      0.044270    0.000009    0.829957 v dsa[22]._7_/A2 (sky130_fd_sc_hd__a21bo_1)
     1    0.002768    0.034087    0.182895    1.012852 v dsa[22]._7_/X (sky130_fd_sc_hd__a21bo_1)
                                                         dsa[22].last_carry_next (net)
                      0.034087    0.000012    1.012864 v dsa[22]._8_/D (sky130_fd_sc_hd__dfrtp_1)
                                              1.012864   data arrival time

                                 10.000000   10.000000   clock core_clock (rise edge)
                                  0.000000   10.000000   clock source latency
     1    0.011568    0.000000    0.000000   10.000000 ^ clk (in)
                                                         clk (net)
                      0.000309    0.000155   10.000154 ^ clkbuf_0_clk/A (sky130_fd_sc_hd__clkbuf_16)
     8    0.073958    0.091061    0.151616   10.151771 ^ clkbuf_0_clk/X (sky130_fd_sc_hd__clkbuf_16)
                                                         clknet_0_clk (net)
                      0.091061    0.000357   10.152127 ^ clkbuf_3_2__f_clk/A (sky130_fd_sc_hd__clkbuf_16)
    10    0.026536    0.047711    0.148609   10.300736 ^ clkbuf_3_2__f_clk/X (sky130_fd_sc_hd__clkbuf_16)
                                                         clknet_3_2__leaf_clk (net)
                      0.047711    0.000039   10.300776 ^ dsa[22]._8_/CLK (sky130_fd_sc_hd__dfrtp_1)
                                  0.000000   10.300776   clock reconvergence pessimism
                                 -0.108892   10.191883   library setup time
                                             10.191883   data required time
---------------------------------------------------------------------------------------------
                                             10.191883   data required time
                                             -1.012864   data arrival time
---------------------------------------------------------------------------------------------
                                              9.179020   slack (MET)


Startpoint: dsa[21]._8_ (rising edge-triggered flip-flop clocked by core_clock)
Endpoint: dsa[21]._8_ (rising edge-triggered flip-flop clocked by core_clock)
Path Group: core_clock
Path Type: max

Fanout         Cap        Slew       Delay        Time   Description
---------------------------------------------------------------------------------------------
                                  0.000000    0.000000   clock core_clock (rise edge)
                                  0.000000    0.000000   clock source latency
     1    0.011568    0.000000    0.000000    0.000000 ^ clk (in)
                                                         clk (net)
                      0.000309    0.000154    0.000154 ^ clkbuf_0_clk/A (sky130_fd_sc_hd__clkbuf_16)
     8    0.073958    0.091061    0.151616    0.151771 ^ clkbuf_0_clk/X (sky130_fd_sc_hd__clkbuf_16)
                                                         clknet_0_clk (net)
                      0.091062    0.000468    0.152239 ^ clkbuf_3_0__f_clk/A (sky130_fd_sc_hd__clkbuf_16)
    10    0.025807    0.047041    0.147910    0.300149 ^ clkbuf_3_0__f_clk/X (sky130_fd_sc_hd__clkbuf_16)
                                                         clknet_3_0__leaf_clk (net)
                      0.047041    0.000043    0.300192 ^ dsa[21]._8_/CLK (sky130_fd_sc_hd__dfrtp_1)
     2    0.004958    0.050756    0.366251    0.666443 v dsa[21]._8_/Q (sky130_fd_sc_hd__dfrtp_1)
                                                         dsa[21].last_carry (net)
                      0.050756    0.000008    0.666451 v dsa[21]._4_/B1 (sky130_fd_sc_hd__a21o_1)
     2    0.005267    0.044877    0.162172    0.828623 v dsa[21]._4_/X (sky130_fd_sc_hd__a21o_1)
                                                         dsa[21]._1_ (net)
                      0.044877    0.000009    0.828632 v dsa[21]._7_/A2 (sky130_fd_sc_hd__a21bo_1)
     1    0.002637    0.034694    0.182297    1.010929 v dsa[21]._7_/X (sky130_fd_sc_hd__a21bo_1)
                                                         dsa[21].last_carry_next (net)
                      0.034694    0.000010    1.010939 v dsa[21]._8_/D (sky130_fd_sc_hd__dfrtp_1)
                                              1.010939   data arrival time

                                 10.000000   10.000000   clock core_clock (rise edge)
                                  0.000000   10.000000   clock source latency
     1    0.011568    0.000000    0.000000   10.000000 ^ clk (in)
                                                         clk (net)
                      0.000309    0.000155   10.000154 ^ clkbuf_0_clk/A (sky130_fd_sc_hd__clkbuf_16)
     8    0.073958    0.091061    0.151616   10.151771 ^ clkbuf_0_clk/X (sky130_fd_sc_hd__clkbuf_16)
                                                         clknet_0_clk (net)
                      0.091062    0.000469   10.152240 ^ clkbuf_3_0__f_clk/A (sky130_fd_sc_hd__clkbuf_16)
    10    0.025807    0.047041    0.147910   10.300150 ^ clkbuf_3_0__f_clk/X (sky130_fd_sc_hd__clkbuf_16)
                                                         clknet_3_0__leaf_clk (net)
                      0.047041    0.000043   10.300192 ^ dsa[21]._8_/CLK (sky130_fd_sc_hd__dfrtp_1)
                                  0.000000   10.300192   clock reconvergence pessimism
                                 -0.109310   10.190882   library setup time
                                             10.190882   data required time
---------------------------------------------------------------------------------------------
                                             10.190882   data required time
                                             -1.010939   data arrival time
---------------------------------------------------------------------------------------------
                                              9.179942   slack (MET)


Startpoint: dsa[29]._8_ (rising edge-triggered flip-flop clocked by core_clock)
Endpoint: dsa[29]._8_ (rising edge-triggered flip-flop clocked by core_clock)
Path Group: core_clock
Path Type: max

Fanout         Cap        Slew       Delay        Time   Description
---------------------------------------------------------------------------------------------
                                  0.000000    0.000000   clock core_clock (rise edge)
                                  0.000000    0.000000   clock source latency
     1    0.011568    0.000000    0.000000    0.000000 ^ clk (in)
                                                         clk (net)
                      0.000309    0.000154    0.000154 ^ clkbuf_0_clk/A (sky130_fd_sc_hd__clkbuf_16)
     8    0.073958    0.091061    0.151616    0.151771 ^ clkbuf_0_clk/X (sky130_fd_sc_hd__clkbuf_16)
                                                         clknet_0_clk (net)
                      0.091062    0.000468    0.152239 ^ clkbuf_3_0__f_clk/A (sky130_fd_sc_hd__clkbuf_16)
    10    0.025807    0.047041    0.147910    0.300149 ^ clkbuf_3_0__f_clk/X (sky130_fd_sc_hd__clkbuf_16)
                                                         clknet_3_0__leaf_clk (net)
                      0.047041    0.000153    0.300302 ^ dsa[29]._8_/CLK (sky130_fd_sc_hd__dfrtp_1)
     2    0.004865    0.050348    0.365751    0.666052 v dsa[29]._8_/Q (sky130_fd_sc_hd__dfrtp_1)
                                                         dsa[29].last_carry (net)
                      0.050348    0.000005    0.666058 v dsa[29]._4_/B1 (sky130_fd_sc_hd__a21o_1)
     2    0.005378    0.045344    0.162561    0.828618 v dsa[29]._4_/X (sky130_fd_sc_hd__a21o_1)
                                                         dsa[29]._1_ (net)
                      0.045344    0.000012    0.828631 v dsa[29]._7_/A2 (sky130_fd_sc_hd__a21bo_1)
     1    0.002650    0.033523    0.182567    1.011198 v dsa[29]._7_/X (sky130_fd_sc_hd__a21bo_1)
                                                         dsa[29].last_carry_next (net)
                      0.033523    0.000010    1.011208 v dsa[29]._8_/D (sky130_fd_sc_hd__dfrtp_1)
                                              1.011208   data arrival time

                                 10.000000   10.000000   clock core_clock (rise edge)
                                  0.000000   10.000000   clock source latency
     1    0.011568    0.000000    0.000000   10.000000 ^ clk (in)
                                                         clk (net)
                      0.000309    0.000155   10.000154 ^ clkbuf_0_clk/A (sky130_fd_sc_hd__clkbuf_16)
     8    0.073958    0.091061    0.151616   10.151771 ^ clkbuf_0_clk/X (sky130_fd_sc_hd__clkbuf_16)
                                                         clknet_0_clk (net)
                      0.091062    0.000469   10.152240 ^ clkbuf_3_0__f_clk/A (sky130_fd_sc_hd__clkbuf_16)
    10    0.025807    0.047041    0.147910   10.300150 ^ clkbuf_3_0__f_clk/X (sky130_fd_sc_hd__clkbuf_16)
                                                         clknet_3_0__leaf_clk (net)
                      0.047041    0.000153   10.300303 ^ dsa[29]._8_/CLK (sky130_fd_sc_hd__dfrtp_1)
                                  0.000000   10.300303   clock reconvergence pessimism
                                 -0.108800   10.191503   library setup time
                                             10.191503   data required time
---------------------------------------------------------------------------------------------
                                             10.191503   data required time
                                             -1.011208   data arrival time
---------------------------------------------------------------------------------------------
                                              9.180294   slack (MET)


Startpoint: dsa[19]._8_ (rising edge-triggered flip-flop clocked by core_clock)
Endpoint: dsa[19]._8_ (rising edge-triggered flip-flop clocked by core_clock)
Path Group: core_clock
Path Type: max

Fanout         Cap        Slew       Delay        Time   Description
---------------------------------------------------------------------------------------------
                                  0.000000    0.000000   clock core_clock (rise edge)
                                  0.000000    0.000000   clock source latency
     1    0.011568    0.000000    0.000000    0.000000 ^ clk (in)
                                                         clk (net)
                      0.000309    0.000154    0.000154 ^ clkbuf_0_clk/A (sky130_fd_sc_hd__clkbuf_16)
     8    0.073958    0.091061    0.151616    0.151771 ^ clkbuf_0_clk/X (sky130_fd_sc_hd__clkbuf_16)
                                                         clknet_0_clk (net)
                      0.091062    0.000468    0.152239 ^ clkbuf_3_0__f_clk/A (sky130_fd_sc_hd__clkbuf_16)
    10    0.025807    0.047041    0.147910    0.300149 ^ clkbuf_3_0__f_clk/X (sky130_fd_sc_hd__clkbuf_16)
                                                         clknet_3_0__leaf_clk (net)
                      0.047041    0.000139    0.300288 ^ dsa[19]._8_/CLK (sky130_fd_sc_hd__dfrtp_1)
     2    0.005142    0.051568    0.367244    0.667532 v dsa[19]._8_/Q (sky130_fd_sc_hd__dfrtp_1)
                                                         dsa[19].last_carry (net)
                      0.051568    0.000010    0.667542 v dsa[19]._4_/B1 (sky130_fd_sc_hd__a21o_1)
     2    0.005033    0.043899    0.161344    0.828886 v dsa[19]._4_/X (sky130_fd_sc_hd__a21o_1)
                                                         dsa[19]._1_ (net)
                      0.043899    0.000006    0.828892 v dsa[19]._7_/A2 (sky130_fd_sc_hd__a21bo_1)
     1    0.002676    0.033646    0.182152    1.011044 v dsa[19]._7_/X (sky130_fd_sc_hd__a21bo_1)
                                                         dsa[19].last_carry_next (net)
                      0.033646    0.000010    1.011055 v dsa[19]._8_/D (sky130_fd_sc_hd__dfrtp_1)
                                              1.011055   data arrival time

                                 10.000000   10.000000   clock core_clock (rise edge)
                                  0.000000   10.000000   clock source latency
     1    0.011568    0.000000    0.000000   10.000000 ^ clk (in)
                                                         clk (net)
                      0.000309    0.000155   10.000154 ^ clkbuf_0_clk/A (sky130_fd_sc_hd__clkbuf_16)
     8    0.073958    0.091061    0.151616   10.151771 ^ clkbuf_0_clk/X (sky130_fd_sc_hd__clkbuf_16)
                                                         clknet_0_clk (net)
                      0.091062    0.000469   10.152240 ^ clkbuf_3_0__f_clk/A (sky130_fd_sc_hd__clkbuf_16)
    10    0.025807    0.047041    0.147910   10.300150 ^ clkbuf_3_0__f_clk/X (sky130_fd_sc_hd__clkbuf_16)
                                                         clknet_3_0__leaf_clk (net)
                      0.047041    0.000139   10.300289 ^ dsa[19]._8_/CLK (sky130_fd_sc_hd__dfrtp_1)
                                  0.000000   10.300289   clock reconvergence pessimism
                                 -0.108853   10.191436   library setup time
                                             10.191436   data required time
---------------------------------------------------------------------------------------------
                                             10.191436   data required time
                                             -1.011055   data arrival time
---------------------------------------------------------------------------------------------
                                              9.180381   slack (MET)


Startpoint: dsa[18]._8_ (rising edge-triggered flip-flop clocked by core_clock)
Endpoint: dsa[18]._8_ (rising edge-triggered flip-flop clocked by core_clock)
Path Group: core_clock
Path Type: max

Fanout         Cap        Slew       Delay        Time   Description
---------------------------------------------------------------------------------------------
                                  0.000000    0.000000   clock core_clock (rise edge)
                                  0.000000    0.000000   clock source latency
     1    0.011568    0.000000    0.000000    0.000000 ^ clk (in)
                                                         clk (net)
                      0.000309    0.000154    0.000154 ^ clkbuf_0_clk/A (sky130_fd_sc_hd__clkbuf_16)
     8    0.073958    0.091061    0.151616    0.151771 ^ clkbuf_0_clk/X (sky130_fd_sc_hd__clkbuf_16)
                                                         clknet_0_clk (net)
                      0.091062    0.000448    0.152219 ^ clkbuf_3_1__f_clk/A (sky130_fd_sc_hd__clkbuf_16)
     7    0.022774    0.044294    0.145044    0.297263 ^ clkbuf_3_1__f_clk/X (sky130_fd_sc_hd__clkbuf_16)
                                                         clknet_3_1__leaf_clk (net)
                      0.044294    0.000017    0.297280 ^ dsa[18]._8_/CLK (sky130_fd_sc_hd__dfrtp_1)
     2    0.004924    0.050620    0.365047    0.662327 v dsa[18]._8_/Q (sky130_fd_sc_hd__dfrtp_1)
                                                         dsa[18].last_carry (net)
                      0.050620    0.000006    0.662333 v dsa[18]._4_/B1 (sky130_fd_sc_hd__a21o_1)
     2    0.005204    0.044618    0.161837    0.824169 v dsa[18]._4_/X (sky130_fd_sc_hd__a21o_1)
                                                         dsa[18]._1_ (net)
                      0.044618    0.000017    0.824186 v dsa[18]._7_/A2 (sky130_fd_sc_hd__a21bo_1)
     1    0.002731    0.033909    0.182798    1.006984 v dsa[18]._7_/X (sky130_fd_sc_hd__a21bo_1)
                                                         dsa[18].last_carry_next (net)
                      0.033909    0.000012    1.006995 v dsa[18]._8_/D (sky130_fd_sc_hd__dfrtp_1)
                                              1.006995   data arrival time

                                 10.000000   10.000000   clock core_clock (rise edge)
                                  0.000000   10.000000   clock source latency
     1    0.011568    0.000000    0.000000   10.000000 ^ clk (in)
                                                         clk (net)
                      0.000309    0.000155   10.000154 ^ clkbuf_0_clk/A (sky130_fd_sc_hd__clkbuf_16)
     8    0.073958    0.091061    0.151616   10.151771 ^ clkbuf_0_clk/X (sky130_fd_sc_hd__clkbuf_16)
                                                         clknet_0_clk (net)
                      0.091062    0.000449   10.152219 ^ clkbuf_3_1__f_clk/A (sky130_fd_sc_hd__clkbuf_16)
     7    0.022774    0.044294    0.145044   10.297263 ^ clkbuf_3_1__f_clk/X (sky130_fd_sc_hd__clkbuf_16)
                                                         clknet_3_1__leaf_clk (net)
                      0.044294    0.000017   10.297279 ^ dsa[18]._8_/CLK (sky130_fd_sc_hd__dfrtp_1)
                                  0.000000   10.297279   clock reconvergence pessimism
                                 -0.109596   10.187684   library setup time
                                             10.187684   data required time
---------------------------------------------------------------------------------------------
                                             10.187684   data required time
                                             -1.006995   data arrival time
---------------------------------------------------------------------------------------------
                                              9.180689   slack (MET)


Startpoint: dsa[20]._8_ (rising edge-triggered flip-flop clocked by core_clock)
Endpoint: dsa[20]._8_ (rising edge-triggered flip-flop clocked by core_clock)
Path Group: core_clock
Path Type: max

Fanout         Cap        Slew       Delay        Time   Description
---------------------------------------------------------------------------------------------
                                  0.000000    0.000000   clock core_clock (rise edge)
                                  0.000000    0.000000   clock source latency
     1    0.011568    0.000000    0.000000    0.000000 ^ clk (in)
                                                         clk (net)
                      0.000309    0.000154    0.000154 ^ clkbuf_0_clk/A (sky130_fd_sc_hd__clkbuf_16)
     8    0.073958    0.091061    0.151616    0.151771 ^ clkbuf_0_clk/X (sky130_fd_sc_hd__clkbuf_16)
                                                         clknet_0_clk (net)
                      0.091062    0.000448    0.152219 ^ clkbuf_3_1__f_clk/A (sky130_fd_sc_hd__clkbuf_16)
     7    0.022774    0.044294    0.145044    0.297263 ^ clkbuf_3_1__f_clk/X (sky130_fd_sc_hd__clkbuf_16)
                                                         clknet_3_1__leaf_clk (net)
                      0.044294    0.000038    0.297301 ^ dsa[20]._8_/CLK (sky130_fd_sc_hd__dfrtp_1)
     2    0.005229    0.050160    0.366684    0.663985 v dsa[20]._8_/Q (sky130_fd_sc_hd__dfrtp_1)
                                                         dsa[20].last_carry (net)
                      0.050160    0.000019    0.664004 v dsa[20]._4_/B1 (sky130_fd_sc_hd__a21o_1)
     2    0.005058    0.044006    0.161000    0.825004 v dsa[20]._4_/X (sky130_fd_sc_hd__a21o_1)
                                                         dsa[20]._1_ (net)
                      0.044006    0.000010    0.825014 v dsa[20]._7_/A2 (sky130_fd_sc_hd__a21bo_1)
     1    0.002666    0.033592    0.182127    1.007141 v dsa[20]._7_/X (sky130_fd_sc_hd__a21bo_1)
                                                         dsa[20].last_carry_next (net)
                      0.033592    0.000011    1.007152 v dsa[20]._8_/D (sky130_fd_sc_hd__dfrtp_1)
                                              1.007152   data arrival time

                                 10.000000   10.000000   clock core_clock (rise edge)
                                  0.000000   10.000000   clock source latency
     1    0.011568    0.000000    0.000000   10.000000 ^ clk (in)
                                                         clk (net)
                      0.000309    0.000155   10.000154 ^ clkbuf_0_clk/A (sky130_fd_sc_hd__clkbuf_16)
     8    0.073958    0.091061    0.151616   10.151771 ^ clkbuf_0_clk/X (sky130_fd_sc_hd__clkbuf_16)
                                                         clknet_0_clk (net)
                      0.091062    0.000449   10.152219 ^ clkbuf_3_1__f_clk/A (sky130_fd_sc_hd__clkbuf_16)
     7    0.022774    0.044294    0.145044   10.297263 ^ clkbuf_3_1__f_clk/X (sky130_fd_sc_hd__clkbuf_16)
                                                         clknet_3_1__leaf_clk (net)
                      0.044294    0.000038   10.297301 ^ dsa[20]._8_/CLK (sky130_fd_sc_hd__dfrtp_1)
                                  0.000000   10.297301   clock reconvergence pessimism
                                 -0.109458   10.187843   library setup time
                                             10.187843   data required time
---------------------------------------------------------------------------------------------
                                             10.187843   data required time
                                             -1.007152   data arrival time
---------------------------------------------------------------------------------------------
                                              9.180692   slack (MET)


Startpoint: dsa[30]._8_ (rising edge-triggered flip-flop clocked by core_clock)
Endpoint: dsa[30]._8_ (rising edge-triggered flip-flop clocked by core_clock)
Path Group: core_clock
Path Type: max

Fanout         Cap        Slew       Delay        Time   Description
---------------------------------------------------------------------------------------------
                                  0.000000    0.000000   clock core_clock (rise edge)
                                  0.000000    0.000000   clock source latency
     1    0.011568    0.000000    0.000000    0.000000 ^ clk (in)
                                                         clk (net)
                      0.000309    0.000154    0.000154 ^ clkbuf_0_clk/A (sky130_fd_sc_hd__clkbuf_16)
     8    0.073958    0.091061    0.151616    0.151771 ^ clkbuf_0_clk/X (sky130_fd_sc_hd__clkbuf_16)
                                                         clknet_0_clk (net)
                      0.091062    0.000468    0.152239 ^ clkbuf_3_0__f_clk/A (sky130_fd_sc_hd__clkbuf_16)
    10    0.025807    0.047041    0.147910    0.300149 ^ clkbuf_3_0__f_clk/X (sky130_fd_sc_hd__clkbuf_16)
                                                         clknet_3_0__leaf_clk (net)
                      0.047041    0.000140    0.300289 ^ dsa[30]._8_/CLK (sky130_fd_sc_hd__dfrtp_1)
     2    0.005178    0.051727    0.367439    0.667728 v dsa[30]._8_/Q (sky130_fd_sc_hd__dfrtp_1)
                                                         dsa[30].last_carry (net)
                      0.051727    0.000011    0.667739 v dsa[30]._4_/B1 (sky130_fd_sc_hd__a21o_1)
     2    0.004997    0.043745    0.161224    0.828962 v dsa[30]._4_/X (sky130_fd_sc_hd__a21o_1)
                                                         dsa[30]._1_ (net)
                      0.043745    0.000004    0.828966 v dsa[30]._7_/A2 (sky130_fd_sc_hd__a21bo_1)
     1    0.002574    0.034389    0.181432    1.010398 v dsa[30]._7_/X (sky130_fd_sc_hd__a21bo_1)
                                                         dsa[30].last_carry_next (net)
                      0.034389    0.000009    1.010407 v dsa[30]._8_/D (sky130_fd_sc_hd__dfrtp_1)
                                              1.010407   data arrival time

                                 10.000000   10.000000   clock core_clock (rise edge)
                                  0.000000   10.000000   clock source latency
     1    0.011568    0.000000    0.000000   10.000000 ^ clk (in)
                                                         clk (net)
                      0.000309    0.000155   10.000154 ^ clkbuf_0_clk/A (sky130_fd_sc_hd__clkbuf_16)
     8    0.073958    0.091061    0.151616   10.151771 ^ clkbuf_0_clk/X (sky130_fd_sc_hd__clkbuf_16)
                                                         clknet_0_clk (net)
                      0.091062    0.000469   10.152240 ^ clkbuf_3_0__f_clk/A (sky130_fd_sc_hd__clkbuf_16)
    10    0.025807    0.047041    0.147910   10.300150 ^ clkbuf_3_0__f_clk/X (sky130_fd_sc_hd__clkbuf_16)
                                                         clknet_3_0__leaf_clk (net)
                      0.047041    0.000139   10.300289 ^ dsa[30]._8_/CLK (sky130_fd_sc_hd__dfrtp_1)
                                  0.000000   10.300289   clock reconvergence pessimism
                                 -0.109177   10.191112   library setup time
                                             10.191112   data required time
---------------------------------------------------------------------------------------------
                                             10.191112   data required time
                                             -1.010407   data arrival time
---------------------------------------------------------------------------------------------
                                              9.180704   slack (MET)


Startpoint: dsa[28]._8_ (rising edge-triggered flip-flop clocked by core_clock)
Endpoint: dsa[28]._8_ (rising edge-triggered flip-flop clocked by core_clock)
Path Group: core_clock
Path Type: max

Fanout         Cap        Slew       Delay        Time   Description
---------------------------------------------------------------------------------------------
                                  0.000000    0.000000   clock core_clock (rise edge)
                                  0.000000    0.000000   clock source latency
     1    0.011568    0.000000    0.000000    0.000000 ^ clk (in)
                                                         clk (net)
                      0.000309    0.000154    0.000154 ^ clkbuf_0_clk/A (sky130_fd_sc_hd__clkbuf_16)
     8    0.073958    0.091061    0.151616    0.151771 ^ clkbuf_0_clk/X (sky130_fd_sc_hd__clkbuf_16)
                                                         clknet_0_clk (net)
                      0.091061    0.000357    0.152127 ^ clkbuf_3_2__f_clk/A (sky130_fd_sc_hd__clkbuf_16)
    10    0.026536    0.047711    0.148609    0.300736 ^ clkbuf_3_2__f_clk/X (sky130_fd_sc_hd__clkbuf_16)
                                                         clknet_3_2__leaf_clk (net)
                      0.047711    0.000143    0.300879 ^ dsa[28]._8_/CLK (sky130_fd_sc_hd__dfrtp_1)
     2    0.005085    0.051314    0.367187    0.668066 v dsa[28]._8_/Q (sky130_fd_sc_hd__dfrtp_1)
                                                         dsa[28].last_carry (net)
                      0.051314    0.000006    0.668072 v dsa[28]._4_/B1 (sky130_fd_sc_hd__a21o_1)
     2    0.005274    0.044907    0.162389    0.830461 v dsa[28]._4_/X (sky130_fd_sc_hd__a21o_1)
                                                         dsa[28]._1_ (net)
                      0.044907    0.000014    0.830475 v dsa[28]._7_/A2 (sky130_fd_sc_hd__a21bo_1)
     1    0.002417    0.033639    0.180884    1.011359 v dsa[28]._7_/X (sky130_fd_sc_hd__a21bo_1)
                                                         dsa[28].last_carry_next (net)
                      0.033639    0.000007    1.011366 v dsa[28]._8_/D (sky130_fd_sc_hd__dfrtp_1)
                                              1.011366   data arrival time

                                 10.000000   10.000000   clock core_clock (rise edge)
                                  0.000000   10.000000   clock source latency
     1    0.011568    0.000000    0.000000   10.000000 ^ clk (in)
                                                         clk (net)
                      0.000309    0.000155   10.000154 ^ clkbuf_0_clk/A (sky130_fd_sc_hd__clkbuf_16)
     8    0.073958    0.091061    0.151616   10.151771 ^ clkbuf_0_clk/X (sky130_fd_sc_hd__clkbuf_16)
                                                         clknet_0_clk (net)
                      0.091061    0.000357   10.152127 ^ clkbuf_3_2__f_clk/A (sky130_fd_sc_hd__clkbuf_16)
    10    0.026536    0.047711    0.148609   10.300736 ^ clkbuf_3_2__f_clk/X (sky130_fd_sc_hd__clkbuf_16)
                                                         clknet_3_2__leaf_clk (net)
                      0.047711    0.000143   10.300879 ^ dsa[28]._8_/CLK (sky130_fd_sc_hd__dfrtp_1)
                                  0.000000   10.300879   clock reconvergence pessimism
                                 -0.108697   10.192183   library setup time
                                             10.192183   data required time
---------------------------------------------------------------------------------------------
                                             10.192183   data required time
                                             -1.011366   data arrival time
---------------------------------------------------------------------------------------------
                                              9.180817   slack (MET)


Startpoint: dsa[16]._8_ (rising edge-triggered flip-flop clocked by core_clock)
Endpoint: dsa[16]._8_ (rising edge-triggered flip-flop clocked by core_clock)
Path Group: core_clock
Path Type: max

Fanout         Cap        Slew       Delay        Time   Description
---------------------------------------------------------------------------------------------
                                  0.000000    0.000000   clock core_clock (rise edge)
                                  0.000000    0.000000   clock source latency
     1    0.011568    0.000000    0.000000    0.000000 ^ clk (in)
                                                         clk (net)
                      0.000309    0.000154    0.000154 ^ clkbuf_0_clk/A (sky130_fd_sc_hd__clkbuf_16)
     8    0.073958    0.091061    0.151616    0.151771 ^ clkbuf_0_clk/X (sky130_fd_sc_hd__clkbuf_16)
                                                         clknet_0_clk (net)
                      0.091062    0.000448    0.152219 ^ clkbuf_3_1__f_clk/A (sky130_fd_sc_hd__clkbuf_16)
     7    0.022774    0.044294    0.145044    0.297263 ^ clkbuf_3_1__f_clk/X (sky130_fd_sc_hd__clkbuf_16)
                                                         clknet_3_1__leaf_clk (net)
                      0.044294    0.000050    0.297313 ^ dsa[16]._8_/CLK (sky130_fd_sc_hd__dfrtp_1)
     2    0.005063    0.051236    0.365798    0.663111 v dsa[16]._8_/Q (sky130_fd_sc_hd__dfrtp_1)
                                                         dsa[16].last_carry (net)
                      0.051236    0.000007    0.663118 v dsa[16]._4_/B1 (sky130_fd_sc_hd__a21o_1)
     2    0.005059    0.044006    0.161354    0.824472 v dsa[16]._4_/X (sky130_fd_sc_hd__a21o_1)
                                                         dsa[16]._1_ (net)
                      0.044006    0.000009    0.824481 v dsa[16]._7_/A2 (sky130_fd_sc_hd__a21bo_1)
     1    0.002637    0.034696    0.181945    1.006427 v dsa[16]._7_/X (sky130_fd_sc_hd__a21bo_1)
                                                         dsa[16].last_carry_next (net)
                      0.034696    0.000010    1.006436 v dsa[16]._8_/D (sky130_fd_sc_hd__dfrtp_1)
                                              1.006436   data arrival time

                                 10.000000   10.000000   clock core_clock (rise edge)
                                  0.000000   10.000000   clock source latency
     1    0.011568    0.000000    0.000000   10.000000 ^ clk (in)
                                                         clk (net)
                      0.000309    0.000155   10.000154 ^ clkbuf_0_clk/A (sky130_fd_sc_hd__clkbuf_16)
     8    0.073958    0.091061    0.151616   10.151771 ^ clkbuf_0_clk/X (sky130_fd_sc_hd__clkbuf_16)
                                                         clknet_0_clk (net)
                      0.091062    0.000449   10.152219 ^ clkbuf_3_1__f_clk/A (sky130_fd_sc_hd__clkbuf_16)
     7    0.022774    0.044294    0.145044   10.297263 ^ clkbuf_3_1__f_clk/X (sky130_fd_sc_hd__clkbuf_16)
                                                         clknet_3_1__leaf_clk (net)
                      0.044294    0.000051   10.297314 ^ dsa[16]._8_/CLK (sky130_fd_sc_hd__dfrtp_1)
                                  0.000000   10.297314   clock reconvergence pessimism
                                 -0.109939   10.187374   library setup time
                                             10.187374   data required time
---------------------------------------------------------------------------------------------
                                             10.187374   data required time
                                             -1.006436   data arrival time
---------------------------------------------------------------------------------------------
                                              9.180937   slack (MET)


Startpoint: dsa[5]._8_ (rising edge-triggered flip-flop clocked by core_clock)
Endpoint: dsa[5]._8_ (rising edge-triggered flip-flop clocked by core_clock)
Path Group: core_clock
Path Type: max

Fanout         Cap        Slew       Delay        Time   Description
---------------------------------------------------------------------------------------------
                                  0.000000    0.000000   clock core_clock (rise edge)
                                  0.000000    0.000000   clock source latency
     1    0.011568    0.000000    0.000000    0.000000 ^ clk (in)
                                                         clk (net)
                      0.000309    0.000154    0.000154 ^ clkbuf_0_clk/A (sky130_fd_sc_hd__clkbuf_16)
     8    0.073958    0.091061    0.151616    0.151771 ^ clkbuf_0_clk/X (sky130_fd_sc_hd__clkbuf_16)
                                                         clknet_0_clk (net)
                      0.091062    0.000488    0.152258 ^ clkbuf_3_5__f_clk/A (sky130_fd_sc_hd__clkbuf_16)
     8    0.023945    0.045337    0.146155    0.298414 ^ clkbuf_3_5__f_clk/X (sky130_fd_sc_hd__clkbuf_16)
                                                         clknet_3_5__leaf_clk (net)
                      0.045337    0.000071    0.298485 ^ dsa[5]._8_/CLK (sky130_fd_sc_hd__dfrtp_1)
     2    0.005005    0.050973    0.365872    0.664356 v dsa[5]._8_/Q (sky130_fd_sc_hd__dfrtp_1)
                                                         dsa[5].last_carry (net)
                      0.050973    0.000006    0.664362 v dsa[5]._4_/B1 (sky130_fd_sc_hd__a21o_1)
     2    0.005063    0.044025    0.161289    0.825651 v dsa[5]._4_/X (sky130_fd_sc_hd__a21o_1)
                                                         dsa[5]._1_ (net)
                      0.044025    0.000009    0.825660 v dsa[5]._7_/A2 (sky130_fd_sc_hd__a21bo_1)
     1    0.002637    0.034693    0.181953    1.007613 v dsa[5]._7_/X (sky130_fd_sc_hd__a21bo_1)
                                                         dsa[5].last_carry_next (net)
                      0.034693    0.000010    1.007623 v dsa[5]._8_/D (sky130_fd_sc_hd__dfrtp_1)
                                              1.007623   data arrival time

                                 10.000000   10.000000   clock core_clock (rise edge)
                                  0.000000   10.000000   clock source latency
     1    0.011568    0.000000    0.000000   10.000000 ^ clk (in)
                                                         clk (net)
                      0.000309    0.000155   10.000154 ^ clkbuf_0_clk/A (sky130_fd_sc_hd__clkbuf_16)
     8    0.073958    0.091061    0.151616   10.151771 ^ clkbuf_0_clk/X (sky130_fd_sc_hd__clkbuf_16)
                                                         clknet_0_clk (net)
                      0.091062    0.000488   10.152258 ^ clkbuf_3_5__f_clk/A (sky130_fd_sc_hd__clkbuf_16)
     8    0.023945    0.045337    0.146156   10.298414 ^ clkbuf_3_5__f_clk/X (sky130_fd_sc_hd__clkbuf_16)
                                                         clknet_3_5__leaf_clk (net)
                      0.045337    0.000071   10.298485 ^ dsa[5]._8_/CLK (sky130_fd_sc_hd__dfrtp_1)
                                  0.000000   10.298485   clock reconvergence pessimism
                                 -0.109700   10.188786   library setup time
                                             10.188786   data required time
---------------------------------------------------------------------------------------------
                                             10.188786   data required time
                                             -1.007623   data arrival time
---------------------------------------------------------------------------------------------
                                              9.181163   slack (MET)


Startpoint: dsa[12]._8_ (rising edge-triggered flip-flop clocked by core_clock)
Endpoint: dsa[12]._8_ (rising edge-triggered flip-flop clocked by core_clock)
Path Group: core_clock
Path Type: max

Fanout         Cap        Slew       Delay        Time   Description
---------------------------------------------------------------------------------------------
                                  0.000000    0.000000   clock core_clock (rise edge)
                                  0.000000    0.000000   clock source latency
     1    0.011568    0.000000    0.000000    0.000000 ^ clk (in)
                                                         clk (net)
                      0.000309    0.000154    0.000154 ^ clkbuf_0_clk/A (sky130_fd_sc_hd__clkbuf_16)
     8    0.073958    0.091061    0.151616    0.151771 ^ clkbuf_0_clk/X (sky130_fd_sc_hd__clkbuf_16)
                                                         clknet_0_clk (net)
                      0.091061    0.000370    0.152141 ^ clkbuf_3_6__f_clk/A (sky130_fd_sc_hd__clkbuf_16)
     8    0.023743    0.045156    0.145959    0.298099 ^ clkbuf_3_6__f_clk/X (sky130_fd_sc_hd__clkbuf_16)
                                                         clknet_3_6__leaf_clk (net)
                      0.045156    0.000074    0.298174 ^ dsa[12]._8_/CLK (sky130_fd_sc_hd__dfrtp_1)
     2    0.004933    0.050654    0.365414    0.663588 v dsa[12]._8_/Q (sky130_fd_sc_hd__dfrtp_1)
                                                         dsa[12].last_carry (net)
                      0.050654    0.000009    0.663597 v dsa[12]._4_/B1 (sky130_fd_sc_hd__a21o_1)
     2    0.005415    0.045498    0.162833    0.826430 v dsa[12]._4_/X (sky130_fd_sc_hd__a21o_1)
                                                         dsa[12]._1_ (net)
                      0.045498    0.000006    0.826436 v dsa[12]._7_/A2 (sky130_fd_sc_hd__a21bo_1)
     1    0.002418    0.033641    0.181124    1.007560 v dsa[12]._7_/X (sky130_fd_sc_hd__a21bo_1)
                                                         dsa[12].last_carry_next (net)
                      0.033641    0.000007    1.007566 v dsa[12]._8_/D (sky130_fd_sc_hd__dfrtp_1)
                                              1.007566   data arrival time

                                 10.000000   10.000000   clock core_clock (rise edge)
                                  0.000000   10.000000   clock source latency
     1    0.011568    0.000000    0.000000   10.000000 ^ clk (in)
                                                         clk (net)
                      0.000309    0.000155   10.000154 ^ clkbuf_0_clk/A (sky130_fd_sc_hd__clkbuf_16)
     8    0.073958    0.091061    0.151616   10.151771 ^ clkbuf_0_clk/X (sky130_fd_sc_hd__clkbuf_16)
                                                         clknet_0_clk (net)
                      0.091061    0.000370   10.152141 ^ clkbuf_3_6__f_clk/A (sky130_fd_sc_hd__clkbuf_16)
     8    0.023743    0.045156    0.145959   10.298100 ^ clkbuf_3_6__f_clk/X (sky130_fd_sc_hd__clkbuf_16)
                                                         clknet_3_6__leaf_clk (net)
                      0.045156    0.000075   10.298174 ^ dsa[12]._8_/CLK (sky130_fd_sc_hd__dfrtp_1)
                                  0.000000   10.298174   clock reconvergence pessimism
                                 -0.109282   10.188891   library setup time
                                             10.188891   data required time
---------------------------------------------------------------------------------------------
                                             10.188891   data required time
                                             -1.007566   data arrival time
---------------------------------------------------------------------------------------------
                                              9.181325   slack (MET)


Startpoint: dsa[14]._8_ (rising edge-triggered flip-flop clocked by core_clock)
Endpoint: dsa[14]._8_ (rising edge-triggered flip-flop clocked by core_clock)
Path Group: core_clock
Path Type: max

Fanout         Cap        Slew       Delay        Time   Description
---------------------------------------------------------------------------------------------
                                  0.000000    0.000000   clock core_clock (rise edge)
                                  0.000000    0.000000   clock source latency
     1    0.011568    0.000000    0.000000    0.000000 ^ clk (in)
                                                         clk (net)
                      0.000309    0.000154    0.000154 ^ clkbuf_0_clk/A (sky130_fd_sc_hd__clkbuf_16)
     8    0.073958    0.091061    0.151616    0.151771 ^ clkbuf_0_clk/X (sky130_fd_sc_hd__clkbuf_16)
                                                         clknet_0_clk (net)
                      0.091061    0.000318    0.152088 ^ clkbuf_3_3__f_clk/A (sky130_fd_sc_hd__clkbuf_16)
     9    0.023889    0.045288    0.146095    0.298183 ^ clkbuf_3_3__f_clk/X (sky130_fd_sc_hd__clkbuf_16)
                                                         clknet_3_3__leaf_clk (net)
                      0.045288    0.000074    0.298257 ^ dsa[14]._8_/CLK (sky130_fd_sc_hd__dfrtp_1)
     2    0.004953    0.050744    0.365574    0.663831 v dsa[14]._8_/Q (sky130_fd_sc_hd__dfrtp_1)
                                                         dsa[14].last_carry (net)
                      0.050744    0.000010    0.663841 v dsa[14]._4_/B1 (sky130_fd_sc_hd__a21o_1)
     2    0.005051    0.043975    0.161158    0.824999 v dsa[14]._4_/X (sky130_fd_sc_hd__a21o_1)
                                                         dsa[14]._1_ (net)
                      0.043975    0.000009    0.825008 v dsa[14]._7_/A2 (sky130_fd_sc_hd__a21bo_1)
     1    0.002637    0.034694    0.181933    1.006941 v dsa[14]._7_/X (sky130_fd_sc_hd__a21bo_1)
                                                         dsa[14].last_carry_next (net)
                      0.034694    0.000010    1.006951 v dsa[14]._8_/D (sky130_fd_sc_hd__dfrtp_1)
                                              1.006951   data arrival time

                                 10.000000   10.000000   clock core_clock (rise edge)
                                  0.000000   10.000000   clock source latency
     1    0.011568    0.000000    0.000000   10.000000 ^ clk (in)
                                                         clk (net)
                      0.000309    0.000155   10.000154 ^ clkbuf_0_clk/A (sky130_fd_sc_hd__clkbuf_16)
     8    0.073958    0.091061    0.151616   10.151771 ^ clkbuf_0_clk/X (sky130_fd_sc_hd__clkbuf_16)
                                                         clknet_0_clk (net)
                      0.091061    0.000318   10.152088 ^ clkbuf_3_3__f_clk/A (sky130_fd_sc_hd__clkbuf_16)
     9    0.023889    0.045288    0.146096   10.298184 ^ clkbuf_3_3__f_clk/X (sky130_fd_sc_hd__clkbuf_16)
                                                         clknet_3_3__leaf_clk (net)
                      0.045288    0.000073   10.298257 ^ dsa[14]._8_/CLK (sky130_fd_sc_hd__dfrtp_1)
                                  0.000000   10.298257   clock reconvergence pessimism
                                 -0.109711   10.188545   library setup time
                                             10.188545   data required time
---------------------------------------------------------------------------------------------
                                             10.188545   data required time
                                             -1.006951   data arrival time
---------------------------------------------------------------------------------------------
                                              9.181595   slack (MET)


Startpoint: dsa[26]._8_ (rising edge-triggered flip-flop clocked by core_clock)
Endpoint: dsa[26]._8_ (rising edge-triggered flip-flop clocked by core_clock)
Path Group: core_clock
Path Type: max

Fanout         Cap        Slew       Delay        Time   Description
---------------------------------------------------------------------------------------------
                                  0.000000    0.000000   clock core_clock (rise edge)
                                  0.000000    0.000000   clock source latency
     1    0.011568    0.000000    0.000000    0.000000 ^ clk (in)
                                                         clk (net)
                      0.000309    0.000154    0.000154 ^ clkbuf_0_clk/A (sky130_fd_sc_hd__clkbuf_16)
     8    0.073958    0.091061    0.151616    0.151771 ^ clkbuf_0_clk/X (sky130_fd_sc_hd__clkbuf_16)
                                                         clknet_0_clk (net)
                      0.091061    0.000357    0.152127 ^ clkbuf_3_2__f_clk/A (sky130_fd_sc_hd__clkbuf_16)
    10    0.026536    0.047711    0.148609    0.300736 ^ clkbuf_3_2__f_clk/X (sky130_fd_sc_hd__clkbuf_16)
                                                         clknet_3_2__leaf_clk (net)
                      0.047711    0.000127    0.300864 ^ dsa[26]._8_/CLK (sky130_fd_sc_hd__dfrtp_1)
     2    0.005107    0.051414    0.367308    0.668172 v dsa[26]._8_/Q (sky130_fd_sc_hd__dfrtp_1)
                                                         dsa[26].last_carry (net)
                      0.051414    0.000007    0.668179 v dsa[26]._4_/B1 (sky130_fd_sc_hd__a21o_1)
     2    0.005474    0.044255    0.163344    0.831523 v dsa[26]._4_/X (sky130_fd_sc_hd__a21o_1)
                                                         dsa[26]._1_ (net)
                      0.044255    0.000018    0.831541 v dsa[26]._7_/A2 (sky130_fd_sc_hd__a21bo_1)
     1    0.002221    0.032695    0.179348    1.010890 v dsa[26]._7_/X (sky130_fd_sc_hd__a21bo_1)
                                                         dsa[26].last_carry_next (net)
                      0.032695    0.000004    1.010893 v dsa[26]._8_/D (sky130_fd_sc_hd__dfrtp_1)
                                              1.010893   data arrival time

                                 10.000000   10.000000   clock core_clock (rise edge)
                                  0.000000   10.000000   clock source latency
     1    0.011568    0.000000    0.000000   10.000000 ^ clk (in)
                                                         clk (net)
                      0.000309    0.000155   10.000154 ^ clkbuf_0_clk/A (sky130_fd_sc_hd__clkbuf_16)
     8    0.073958    0.091061    0.151616   10.151771 ^ clkbuf_0_clk/X (sky130_fd_sc_hd__clkbuf_16)
                                                         clknet_0_clk (net)
                      0.091061    0.000357   10.152127 ^ clkbuf_3_2__f_clk/A (sky130_fd_sc_hd__clkbuf_16)
    10    0.026536    0.047711    0.148609   10.300736 ^ clkbuf_3_2__f_clk/X (sky130_fd_sc_hd__clkbuf_16)
                                                         clknet_3_2__leaf_clk (net)
                      0.047711    0.000127   10.300863 ^ dsa[26]._8_/CLK (sky130_fd_sc_hd__dfrtp_1)
                                  0.000000   10.300863   clock reconvergence pessimism
                                 -0.108285   10.192577   library setup time
                                             10.192577   data required time
---------------------------------------------------------------------------------------------
                                             10.192577   data required time
                                             -1.010893   data arrival time
---------------------------------------------------------------------------------------------
                                              9.181684   slack (MET)


Startpoint: dsa[10]._8_ (rising edge-triggered flip-flop clocked by core_clock)
Endpoint: dsa[10]._8_ (rising edge-triggered flip-flop clocked by core_clock)
Path Group: core_clock
Path Type: max

Fanout         Cap        Slew       Delay        Time   Description
---------------------------------------------------------------------------------------------
                                  0.000000    0.000000   clock core_clock (rise edge)
                                  0.000000    0.000000   clock source latency
     1    0.011568    0.000000    0.000000    0.000000 ^ clk (in)
                                                         clk (net)
                      0.000309    0.000154    0.000154 ^ clkbuf_0_clk/A (sky130_fd_sc_hd__clkbuf_16)
     8    0.073958    0.091061    0.151616    0.151771 ^ clkbuf_0_clk/X (sky130_fd_sc_hd__clkbuf_16)
                                                         clknet_0_clk (net)
                      0.091061    0.000370    0.152141 ^ clkbuf_3_6__f_clk/A (sky130_fd_sc_hd__clkbuf_16)
     8    0.023743    0.045156    0.145959    0.298099 ^ clkbuf_3_6__f_clk/X (sky130_fd_sc_hd__clkbuf_16)
                                                         clknet_3_6__leaf_clk (net)
                      0.045156    0.000094    0.298193 ^ dsa[10]._8_/CLK (sky130_fd_sc_hd__dfrtp_1)
     2    0.005066    0.051243    0.366133    0.664327 v dsa[10]._8_/Q (sky130_fd_sc_hd__dfrtp_1)
                                                         dsa[10].last_carry (net)
                      0.051243    0.000015    0.664342 v dsa[10]._4_/B1 (sky130_fd_sc_hd__a21o_1)
     2    0.004978    0.043670    0.160981    0.825323 v dsa[10]._4_/X (sky130_fd_sc_hd__a21o_1)
                                                         dsa[10]._1_ (net)
                      0.043670    0.000010    0.825333 v dsa[10]._7_/A2 (sky130_fd_sc_hd__a21bo_1)
     1    0.002653    0.033532    0.181906    1.007239 v dsa[10]._7_/X (sky130_fd_sc_hd__a21bo_1)
                                                         dsa[10].last_carry_next (net)
                      0.033532    0.000010    1.007250 v dsa[10]._8_/D (sky130_fd_sc_hd__dfrtp_1)
                                              1.007250   data arrival time

                                 10.000000   10.000000   clock core_clock (rise edge)
                                  0.000000   10.000000   clock source latency
     1    0.011568    0.000000    0.000000   10.000000 ^ clk (in)
                                                         clk (net)
                      0.000309    0.000155   10.000154 ^ clkbuf_0_clk/A (sky130_fd_sc_hd__clkbuf_16)
     8    0.073958    0.091061    0.151616   10.151771 ^ clkbuf_0_clk/X (sky130_fd_sc_hd__clkbuf_16)
                                                         clknet_0_clk (net)
                      0.091061    0.000370   10.152141 ^ clkbuf_3_6__f_clk/A (sky130_fd_sc_hd__clkbuf_16)
     8    0.023743    0.045156    0.145959   10.298100 ^ clkbuf_3_6__f_clk/X (sky130_fd_sc_hd__clkbuf_16)
                                                         clknet_3_6__leaf_clk (net)
                      0.045156    0.000094   10.298194 ^ dsa[10]._8_/CLK (sky130_fd_sc_hd__dfrtp_1)
                                  0.000000   10.298194   clock reconvergence pessimism
                                 -0.109235   10.188959   library setup time
                                             10.188959   data required time
---------------------------------------------------------------------------------------------
                                             10.188959   data required time
                                             -1.007250   data arrival time
---------------------------------------------------------------------------------------------
                                              9.181710   slack (MET)


Startpoint: dsa[1]._8_ (rising edge-triggered flip-flop clocked by core_clock)
Endpoint: dsa[1]._8_ (rising edge-triggered flip-flop clocked by core_clock)
Path Group: core_clock
Path Type: max

Fanout         Cap        Slew       Delay        Time   Description
---------------------------------------------------------------------------------------------
                                  0.000000    0.000000   clock core_clock (rise edge)
                                  0.000000    0.000000   clock source latency
     1    0.011568    0.000000    0.000000    0.000000 ^ clk (in)
                                                         clk (net)
                      0.000309    0.000154    0.000154 ^ clkbuf_0_clk/A (sky130_fd_sc_hd__clkbuf_16)
     8    0.073958    0.091061    0.151616    0.151771 ^ clkbuf_0_clk/X (sky130_fd_sc_hd__clkbuf_16)
                                                         clknet_0_clk (net)
                      0.091061    0.000394    0.152164 ^ clkbuf_3_7__f_clk/A (sky130_fd_sc_hd__clkbuf_16)
    10    0.024446    0.045798    0.146630    0.298794 ^ clkbuf_3_7__f_clk/X (sky130_fd_sc_hd__clkbuf_16)
                                                         clknet_3_7__leaf_clk (net)
                      0.045798    0.000053    0.298847 ^ dsa[1]._8_/CLK (sky130_fd_sc_hd__dfrtp_1)
     2    0.005143    0.051578    0.366786    0.665633 v dsa[1]._8_/Q (sky130_fd_sc_hd__dfrtp_1)
                                                         dsa[1].last_carry (net)
                      0.051578    0.000007    0.665639 v dsa[1]._4_/B1 (sky130_fd_sc_hd__a21o_1)
     2    0.005215    0.043151    0.162187    0.827826 v dsa[1]._4_/X (sky130_fd_sc_hd__a21o_1)
                                                         dsa[1]._1_ (net)
                      0.043151    0.000015    0.827842 v dsa[1]._7_/A2 (sky130_fd_sc_hd__a21bo_1)
     1    0.002415    0.033621    0.180158    1.007999 v dsa[1]._7_/X (sky130_fd_sc_hd__a21bo_1)
                                                         dsa[1].last_carry_next (net)
                      0.033621    0.000007    1.008006 v dsa[1]._8_/D (sky130_fd_sc_hd__dfrtp_1)
                                              1.008006   data arrival time

                                 10.000000   10.000000   clock core_clock (rise edge)
                                  0.000000   10.000000   clock source latency
     1    0.011568    0.000000    0.000000   10.000000 ^ clk (in)
                                                         clk (net)
                      0.000309    0.000155   10.000154 ^ clkbuf_0_clk/A (sky130_fd_sc_hd__clkbuf_16)
     8    0.073958    0.091061    0.151616   10.151771 ^ clkbuf_0_clk/X (sky130_fd_sc_hd__clkbuf_16)
                                                         clknet_0_clk (net)
                      0.091061    0.000394   10.152164 ^ clkbuf_3_7__f_clk/A (sky130_fd_sc_hd__clkbuf_16)
    10    0.024446    0.045798    0.146629   10.298794 ^ clkbuf_3_7__f_clk/X (sky130_fd_sc_hd__clkbuf_16)
                                                         clknet_3_7__leaf_clk (net)
                      0.045798    0.000052   10.298846 ^ dsa[1]._8_/CLK (sky130_fd_sc_hd__dfrtp_1)
                                  0.000000   10.298846   clock reconvergence pessimism
                                 -0.109127   10.189719   library setup time
                                             10.189719   data required time
---------------------------------------------------------------------------------------------
                                             10.189719   data required time
                                             -1.008006   data arrival time
---------------------------------------------------------------------------------------------
                                              9.181713   slack (MET)


Startpoint: dsa[9]._8_ (rising edge-triggered flip-flop clocked by core_clock)
Endpoint: dsa[9]._8_ (rising edge-triggered flip-flop clocked by core_clock)
Path Group: core_clock
Path Type: max

Fanout         Cap        Slew       Delay        Time   Description
---------------------------------------------------------------------------------------------
                                  0.000000    0.000000   clock core_clock (rise edge)
                                  0.000000    0.000000   clock source latency
     1    0.011568    0.000000    0.000000    0.000000 ^ clk (in)
                                                         clk (net)
                      0.000309    0.000154    0.000154 ^ clkbuf_0_clk/A (sky130_fd_sc_hd__clkbuf_16)
     8    0.073958    0.091061    0.151616    0.151771 ^ clkbuf_0_clk/X (sky130_fd_sc_hd__clkbuf_16)
                                                         clknet_0_clk (net)
                      0.091061    0.000370    0.152141 ^ clkbuf_3_6__f_clk/A (sky130_fd_sc_hd__clkbuf_16)
     8    0.023743    0.045156    0.145959    0.298099 ^ clkbuf_3_6__f_clk/X (sky130_fd_sc_hd__clkbuf_16)
                                                         clknet_3_6__leaf_clk (net)
                      0.045156    0.000100    0.298199 ^ dsa[9]._8_/CLK (sky130_fd_sc_hd__dfrtp_1)
     2    0.004986    0.050892    0.365704    0.663904 v dsa[9]._8_/Q (sky130_fd_sc_hd__dfrtp_1)
                                                         dsa[9].last_carry (net)
                      0.050892    0.000004    0.663908 v dsa[9]._4_/B1 (sky130_fd_sc_hd__a21o_1)
     2    0.004978    0.043671    0.160866    0.824775 v dsa[9]._4_/X (sky130_fd_sc_hd__a21o_1)
                                                         dsa[9]._1_ (net)
                      0.043671    0.000007    0.824782 v dsa[9]._7_/A2 (sky130_fd_sc_hd__a21bo_1)
     1    0.002637    0.034693    0.181809    1.006591 v dsa[9]._7_/X (sky130_fd_sc_hd__a21bo_1)
                                                         dsa[9].last_carry_next (net)
                      0.034693    0.000010    1.006601 v dsa[9]._8_/D (sky130_fd_sc_hd__dfrtp_1)
                                              1.006601   data arrival time

                                 10.000000   10.000000   clock core_clock (rise edge)
                                  0.000000   10.000000   clock source latency
     1    0.011568    0.000000    0.000000   10.000000 ^ clk (in)
                                                         clk (net)
                      0.000309    0.000155   10.000154 ^ clkbuf_0_clk/A (sky130_fd_sc_hd__clkbuf_16)
     8    0.073958    0.091061    0.151616   10.151771 ^ clkbuf_0_clk/X (sky130_fd_sc_hd__clkbuf_16)
                                                         clknet_0_clk (net)
                      0.091061    0.000370   10.152141 ^ clkbuf_3_6__f_clk/A (sky130_fd_sc_hd__clkbuf_16)
     8    0.023743    0.045156    0.145959   10.298100 ^ clkbuf_3_6__f_clk/X (sky130_fd_sc_hd__clkbuf_16)
                                                         clknet_3_6__leaf_clk (net)
                      0.045156    0.000100   10.298200 ^ dsa[9]._8_/CLK (sky130_fd_sc_hd__dfrtp_1)
                                  0.000000   10.298200   clock reconvergence pessimism
                                 -0.109741   10.188459   library setup time
                                             10.188459   data required time
---------------------------------------------------------------------------------------------
                                             10.188459   data required time
                                             -1.006601   data arrival time
---------------------------------------------------------------------------------------------
                                              9.181858   slack (MET)


Startpoint: dsa[6]._8_ (rising edge-triggered flip-flop clocked by core_clock)
Endpoint: dsa[6]._8_ (rising edge-triggered flip-flop clocked by core_clock)
Path Group: core_clock
Path Type: max

Fanout         Cap        Slew       Delay        Time   Description
---------------------------------------------------------------------------------------------
                                  0.000000    0.000000   clock core_clock (rise edge)
                                  0.000000    0.000000   clock source latency
     1    0.011568    0.000000    0.000000    0.000000 ^ clk (in)
                                                         clk (net)
                      0.000309    0.000154    0.000154 ^ clkbuf_0_clk/A (sky130_fd_sc_hd__clkbuf_16)
     8    0.073958    0.091061    0.151616    0.151771 ^ clkbuf_0_clk/X (sky130_fd_sc_hd__clkbuf_16)
                                                         clknet_0_clk (net)
                      0.091062    0.000488    0.152258 ^ clkbuf_3_5__f_clk/A (sky130_fd_sc_hd__clkbuf_16)
     8    0.023945    0.045337    0.146155    0.298414 ^ clkbuf_3_5__f_clk/X (sky130_fd_sc_hd__clkbuf_16)
                                                         clknet_3_5__leaf_clk (net)
                      0.045337    0.000083    0.298497 ^ dsa[6]._8_/CLK (sky130_fd_sc_hd__dfrtp_1)
     2    0.005046    0.051153    0.366092    0.664588 v dsa[6]._8_/Q (sky130_fd_sc_hd__dfrtp_1)
                                                         dsa[6].last_carry (net)
                      0.051153    0.000007    0.664595 v dsa[6]._4_/B1 (sky130_fd_sc_hd__a21o_1)
     2    0.005313    0.043569    0.162516    0.827111 v dsa[6]._4_/X (sky130_fd_sc_hd__a21o_1)
                                                         dsa[6]._1_ (net)
                      0.043569    0.000013    0.827124 v dsa[6]._7_/A2 (sky130_fd_sc_hd__a21bo_1)
     1    0.002339    0.033258    0.179834    1.006959 v dsa[6]._7_/X (sky130_fd_sc_hd__a21bo_1)
                                                         dsa[6].last_carry_next (net)
                      0.033258    0.000005    1.006964 v dsa[6]._8_/D (sky130_fd_sc_hd__dfrtp_1)
                                              1.006964   data arrival time

                                 10.000000   10.000000   clock core_clock (rise edge)
                                  0.000000   10.000000   clock source latency
     1    0.011568    0.000000    0.000000   10.000000 ^ clk (in)
                                                         clk (net)
                      0.000309    0.000155   10.000154 ^ clkbuf_0_clk/A (sky130_fd_sc_hd__clkbuf_16)
     8    0.073958    0.091061    0.151616   10.151771 ^ clkbuf_0_clk/X (sky130_fd_sc_hd__clkbuf_16)
                                                         clknet_0_clk (net)
                      0.091062    0.000488   10.152258 ^ clkbuf_3_5__f_clk/A (sky130_fd_sc_hd__clkbuf_16)
     8    0.023945    0.045337    0.146156   10.298414 ^ clkbuf_3_5__f_clk/X (sky130_fd_sc_hd__clkbuf_16)
                                                         clknet_3_5__leaf_clk (net)
                      0.045337    0.000083   10.298496 ^ dsa[6]._8_/CLK (sky130_fd_sc_hd__dfrtp_1)
                                  0.000000   10.298496   clock reconvergence pessimism
                                 -0.109073   10.189423   library setup time
                                             10.189423   data required time
---------------------------------------------------------------------------------------------
                                             10.189423   data required time
                                             -1.006964   data arrival time
---------------------------------------------------------------------------------------------
                                              9.182459   slack (MET)


Startpoint: dsa[24]._8_ (rising edge-triggered flip-flop clocked by core_clock)
Endpoint: dsa[24]._8_ (rising edge-triggered flip-flop clocked by core_clock)
Path Group: core_clock
Path Type: max

Fanout         Cap        Slew       Delay        Time   Description
---------------------------------------------------------------------------------------------
                                  0.000000    0.000000   clock core_clock (rise edge)
                                  0.000000    0.000000   clock source latency
     1    0.011568    0.000000    0.000000    0.000000 ^ clk (in)
                                                         clk (net)
                      0.000309    0.000154    0.000154 ^ clkbuf_0_clk/A (sky130_fd_sc_hd__clkbuf_16)
     8    0.073958    0.091061    0.151616    0.151771 ^ clkbuf_0_clk/X (sky130_fd_sc_hd__clkbuf_16)
                                                         clknet_0_clk (net)
                      0.091061    0.000357    0.152127 ^ clkbuf_3_2__f_clk/A (sky130_fd_sc_hd__clkbuf_16)
    10    0.026536    0.047711    0.148609    0.300736 ^ clkbuf_3_2__f_clk/X (sky130_fd_sc_hd__clkbuf_16)
                                                         clknet_3_2__leaf_clk (net)
                      0.047711    0.000080    0.300817 ^ dsa[24]._8_/CLK (sky130_fd_sc_hd__dfrtp_1)
     2    0.004865    0.050346    0.366001    0.666818 v dsa[24]._8_/Q (sky130_fd_sc_hd__dfrtp_1)
                                                         dsa[24].last_carry (net)
                      0.050346    0.000010    0.666827 v dsa[24]._4_/B1 (sky130_fd_sc_hd__a21o_1)
     2    0.005187    0.044548    0.161668    0.828496 v dsa[24]._4_/X (sky130_fd_sc_hd__a21o_1)
                                                         dsa[24]._1_ (net)
                      0.044548    0.000017    0.828513 v dsa[24]._7_/A2 (sky130_fd_sc_hd__a21bo_1)
     1    0.002454    0.033814    0.180977    1.009490 v dsa[24]._7_/X (sky130_fd_sc_hd__a21bo_1)
                                                         dsa[24].last_carry_next (net)
                      0.033814    0.000007    1.009497 v dsa[24]._8_/D (sky130_fd_sc_hd__dfrtp_1)
                                              1.009497   data arrival time

                                 10.000000   10.000000   clock core_clock (rise edge)
                                  0.000000   10.000000   clock source latency
     1    0.011568    0.000000    0.000000   10.000000 ^ clk (in)
                                                         clk (net)
                      0.000309    0.000155   10.000154 ^ clkbuf_0_clk/A (sky130_fd_sc_hd__clkbuf_16)
     8    0.073958    0.091061    0.151616   10.151771 ^ clkbuf_0_clk/X (sky130_fd_sc_hd__clkbuf_16)
                                                         clknet_0_clk (net)
                      0.091061    0.000357   10.152127 ^ clkbuf_3_2__f_clk/A (sky130_fd_sc_hd__clkbuf_16)
    10    0.026536    0.047711    0.148609   10.300736 ^ clkbuf_3_2__f_clk/X (sky130_fd_sc_hd__clkbuf_16)
                                                         clknet_3_2__leaf_clk (net)
                      0.047711    0.000080   10.300817 ^ dsa[24]._8_/CLK (sky130_fd_sc_hd__dfrtp_1)
                                  0.000000   10.300817   clock reconvergence pessimism
                                 -0.108774   10.192043   library setup time
                                             10.192043   data required time
---------------------------------------------------------------------------------------------
                                             10.192043   data required time
                                             -1.009497   data arrival time
---------------------------------------------------------------------------------------------
                                              9.182546   slack (MET)


Startpoint: dsa[17]._8_ (rising edge-triggered flip-flop clocked by core_clock)
Endpoint: dsa[17]._8_ (rising edge-triggered flip-flop clocked by core_clock)
Path Group: core_clock
Path Type: max

Fanout         Cap        Slew       Delay        Time   Description
---------------------------------------------------------------------------------------------
                                  0.000000    0.000000   clock core_clock (rise edge)
                                  0.000000    0.000000   clock source latency
     1    0.011568    0.000000    0.000000    0.000000 ^ clk (in)
                                                         clk (net)
                      0.000309    0.000154    0.000154 ^ clkbuf_0_clk/A (sky130_fd_sc_hd__clkbuf_16)
     8    0.073958    0.091061    0.151616    0.151771 ^ clkbuf_0_clk/X (sky130_fd_sc_hd__clkbuf_16)
                                                         clknet_0_clk (net)
                      0.091062    0.000448    0.152219 ^ clkbuf_3_1__f_clk/A (sky130_fd_sc_hd__clkbuf_16)
     7    0.022774    0.044294    0.145044    0.297263 ^ clkbuf_3_1__f_clk/X (sky130_fd_sc_hd__clkbuf_16)
                                                         clknet_3_1__leaf_clk (net)
                      0.044294    0.000031    0.297294 ^ dsa[17]._8_/CLK (sky130_fd_sc_hd__dfrtp_1)
     2    0.005429    0.052852    0.367770    0.665064 v dsa[17]._8_/Q (sky130_fd_sc_hd__dfrtp_1)
                                                         dsa[17].last_carry (net)
                      0.052852    0.000009    0.665073 v dsa[17]._4_/B1 (sky130_fd_sc_hd__a21o_1)
     2    0.005022    0.043845    0.161706    0.826779 v dsa[17]._4_/X (sky130_fd_sc_hd__a21o_1)
                                                         dsa[17]._1_ (net)
                      0.043845    0.000007    0.826786 v dsa[17]._7_/A2 (sky130_fd_sc_hd__a21bo_1)
     1    0.002182    0.032506    0.178928    1.005714 v dsa[17]._7_/X (sky130_fd_sc_hd__a21bo_1)
                                                         dsa[17].last_carry_next (net)
                      0.032506    0.000003    1.005717 v dsa[17]._8_/D (sky130_fd_sc_hd__dfrtp_1)
                                              1.005717   data arrival time

                                 10.000000   10.000000   clock core_clock (rise edge)
                                  0.000000   10.000000   clock source latency
     1    0.011568    0.000000    0.000000   10.000000 ^ clk (in)
                                                         clk (net)
                      0.000309    0.000155   10.000154 ^ clkbuf_0_clk/A (sky130_fd_sc_hd__clkbuf_16)
     8    0.073958    0.091061    0.151616   10.151771 ^ clkbuf_0_clk/X (sky130_fd_sc_hd__clkbuf_16)
                                                         clknet_0_clk (net)
                      0.091062    0.000449   10.152219 ^ clkbuf_3_1__f_clk/A (sky130_fd_sc_hd__clkbuf_16)
     7    0.022774    0.044294    0.145044   10.297263 ^ clkbuf_3_1__f_clk/X (sky130_fd_sc_hd__clkbuf_16)
                                                         clknet_3_1__leaf_clk (net)
                      0.044294    0.000031   10.297294 ^ dsa[17]._8_/CLK (sky130_fd_sc_hd__dfrtp_1)
                                  0.000000   10.297294   clock reconvergence pessimism
                                 -0.108984   10.188310   library setup time
                                             10.188310   data required time
---------------------------------------------------------------------------------------------
                                             10.188310   data required time
                                             -1.005717   data arrival time
---------------------------------------------------------------------------------------------
                                              9.182592   slack (MET)


Startpoint: dsa[25]._8_ (rising edge-triggered flip-flop clocked by core_clock)
Endpoint: dsa[25]._8_ (rising edge-triggered flip-flop clocked by core_clock)
Path Group: core_clock
Path Type: max

Fanout         Cap        Slew       Delay        Time   Description
---------------------------------------------------------------------------------------------
                                  0.000000    0.000000   clock core_clock (rise edge)
                                  0.000000    0.000000   clock source latency
     1    0.011568    0.000000    0.000000    0.000000 ^ clk (in)
                                                         clk (net)
                      0.000309    0.000154    0.000154 ^ clkbuf_0_clk/A (sky130_fd_sc_hd__clkbuf_16)
     8    0.073958    0.091061    0.151616    0.151771 ^ clkbuf_0_clk/X (sky130_fd_sc_hd__clkbuf_16)
                                                         clknet_0_clk (net)
                      0.091061    0.000357    0.152127 ^ clkbuf_3_2__f_clk/A (sky130_fd_sc_hd__clkbuf_16)
    10    0.026536    0.047711    0.148609    0.300736 ^ clkbuf_3_2__f_clk/X (sky130_fd_sc_hd__clkbuf_16)
                                                         clknet_3_2__leaf_clk (net)
                      0.047711    0.000116    0.300853 ^ dsa[25]._8_/CLK (sky130_fd_sc_hd__dfrtp_1)
     2    0.004964    0.050782    0.366535    0.667388 v dsa[25]._8_/Q (sky130_fd_sc_hd__dfrtp_1)
                                                         dsa[25].last_carry (net)
                      0.050782    0.000008    0.667396 v dsa[25]._4_/B1 (sky130_fd_sc_hd__a21o_1)
     2    0.005121    0.044267    0.161497    0.828893 v dsa[25]._4_/X (sky130_fd_sc_hd__a21o_1)
                                                         dsa[25]._1_ (net)
                      0.044267    0.000004    0.828897 v dsa[25]._7_/A2 (sky130_fd_sc_hd__a21bo_1)
     1    0.002378    0.033449    0.180371    1.009268 v dsa[25]._7_/X (sky130_fd_sc_hd__a21bo_1)
                                                         dsa[25].last_carry_next (net)
                      0.033449    0.000006    1.009274 v dsa[25]._8_/D (sky130_fd_sc_hd__dfrtp_1)
                                              1.009274   data arrival time

                                 10.000000   10.000000   clock core_clock (rise edge)
                                  0.000000   10.000000   clock source latency
     1    0.011568    0.000000    0.000000   10.000000 ^ clk (in)
                                                         clk (net)
                      0.000309    0.000155   10.000154 ^ clkbuf_0_clk/A (sky130_fd_sc_hd__clkbuf_16)
     8    0.073958    0.091061    0.151616   10.151771 ^ clkbuf_0_clk/X (sky130_fd_sc_hd__clkbuf_16)
                                                         clknet_0_clk (net)
                      0.091061    0.000357   10.152127 ^ clkbuf_3_2__f_clk/A (sky130_fd_sc_hd__clkbuf_16)
    10    0.026536    0.047711    0.148609   10.300736 ^ clkbuf_3_2__f_clk/X (sky130_fd_sc_hd__clkbuf_16)
                                                         clknet_3_2__leaf_clk (net)
                      0.047711    0.000116   10.300853 ^ dsa[25]._8_/CLK (sky130_fd_sc_hd__dfrtp_1)
                                  0.000000   10.300853   clock reconvergence pessimism
                                 -0.108614   10.192239   library setup time
                                             10.192239   data required time
---------------------------------------------------------------------------------------------
                                             10.192239   data required time
                                             -1.009274   data arrival time
---------------------------------------------------------------------------------------------
                                              9.182965   slack (MET)


Startpoint: dsa[31]._8_ (rising edge-triggered flip-flop clocked by core_clock)
Endpoint: dsa[31]._8_ (rising edge-triggered flip-flop clocked by core_clock)
Path Group: core_clock
Path Type: max

Fanout         Cap        Slew       Delay        Time   Description
---------------------------------------------------------------------------------------------
                                  0.000000    0.000000   clock core_clock (rise edge)
                                  0.000000    0.000000   clock source latency
     1    0.011568    0.000000    0.000000    0.000000 ^ clk (in)
                                                         clk (net)
                      0.000309    0.000154    0.000154 ^ clkbuf_0_clk/A (sky130_fd_sc_hd__clkbuf_16)
     8    0.073958    0.091061    0.151616    0.151771 ^ clkbuf_0_clk/X (sky130_fd_sc_hd__clkbuf_16)
                                                         clknet_0_clk (net)
                      0.091062    0.000468    0.152239 ^ clkbuf_3_0__f_clk/A (sky130_fd_sc_hd__clkbuf_16)
    10    0.025807    0.047041    0.147910    0.300149 ^ clkbuf_3_0__f_clk/X (sky130_fd_sc_hd__clkbuf_16)
                                                         clknet_3_0__leaf_clk (net)
                      0.047041    0.000149    0.300298 ^ dsa[31]._8_/CLK (sky130_fd_sc_hd__dfrtp_1)
     2    0.004923    0.050604    0.366065    0.666363 v dsa[31]._8_/Q (sky130_fd_sc_hd__dfrtp_1)
                                                         dsa[31].last_carry (net)
                      0.050604    0.000002    0.666365 v dsa[31]._4_/B1 (sky130_fd_sc_hd__a21o_1)
     2    0.005149    0.044387    0.161573    0.827938 v dsa[31]._4_/X (sky130_fd_sc_hd__a21o_1)
                                                         dsa[31]._1_ (net)
                      0.044387    0.000014    0.827952 v dsa[31]._7_/A2 (sky130_fd_sc_hd__a21bo_1)
     1    0.002339    0.033261    0.180165    1.008118 v dsa[31]._7_/X (sky130_fd_sc_hd__a21bo_1)
                                                         dsa[31].last_carry_next (net)
                      0.033261    0.000005    1.008123 v dsa[31]._8_/D (sky130_fd_sc_hd__dfrtp_1)
                                              1.008123   data arrival time

                                 10.000000   10.000000   clock core_clock (rise edge)
                                  0.000000   10.000000   clock source latency
     1    0.011568    0.000000    0.000000   10.000000 ^ clk (in)
                                                         clk (net)
                      0.000309    0.000155   10.000154 ^ clkbuf_0_clk/A (sky130_fd_sc_hd__clkbuf_16)
     8    0.073958    0.091061    0.151616   10.151771 ^ clkbuf_0_clk/X (sky130_fd_sc_hd__clkbuf_16)
                                                         clknet_0_clk (net)
                      0.091062    0.000469   10.152240 ^ clkbuf_3_0__f_clk/A (sky130_fd_sc_hd__clkbuf_16)
    10    0.025807    0.047041    0.147910   10.300150 ^ clkbuf_3_0__f_clk/X (sky130_fd_sc_hd__clkbuf_16)
                                                         clknet_3_0__leaf_clk (net)
                      0.047041    0.000149   10.300299 ^ dsa[31]._8_/CLK (sky130_fd_sc_hd__dfrtp_1)
                                  0.000000   10.300299   clock reconvergence pessimism
                                 -0.108685   10.191613   library setup time
                                             10.191613   data required time
---------------------------------------------------------------------------------------------
                                             10.191613   data required time
                                             -1.008123   data arrival time
---------------------------------------------------------------------------------------------
                                              9.183490   slack (MET)


Startpoint: dsa[4]._8_ (rising edge-triggered flip-flop clocked by core_clock)
Endpoint: dsa[4]._8_ (rising edge-triggered flip-flop clocked by core_clock)
Path Group: core_clock
Path Type: max

Fanout         Cap        Slew       Delay        Time   Description
---------------------------------------------------------------------------------------------
                                  0.000000    0.000000   clock core_clock (rise edge)
                                  0.000000    0.000000   clock source latency
     1    0.011568    0.000000    0.000000    0.000000 ^ clk (in)
                                                         clk (net)
                      0.000309    0.000154    0.000154 ^ clkbuf_0_clk/A (sky130_fd_sc_hd__clkbuf_16)
     8    0.073958    0.091061    0.151616    0.151771 ^ clkbuf_0_clk/X (sky130_fd_sc_hd__clkbuf_16)
                                                         clknet_0_clk (net)
                      0.091062    0.000488    0.152258 ^ clkbuf_3_5__f_clk/A (sky130_fd_sc_hd__clkbuf_16)
     8    0.023945    0.045337    0.146155    0.298414 ^ clkbuf_3_5__f_clk/X (sky130_fd_sc_hd__clkbuf_16)
                                                         clknet_3_5__leaf_clk (net)
                      0.045337    0.000059    0.298473 ^ dsa[4]._8_/CLK (sky130_fd_sc_hd__dfrtp_1)
     2    0.004923    0.050612    0.365430    0.663903 v dsa[4]._8_/Q (sky130_fd_sc_hd__dfrtp_1)
                                                         dsa[4].last_carry (net)
                      0.050612    0.000002    0.663905 v dsa[4]._4_/B1 (sky130_fd_sc_hd__a21o_1)
     2    0.005149    0.044387    0.161576    0.825481 v dsa[4]._4_/X (sky130_fd_sc_hd__a21o_1)
                                                         dsa[4]._1_ (net)
                      0.044387    0.000014    0.825495 v dsa[4]._7_/A2 (sky130_fd_sc_hd__a21bo_1)
     1    0.002339    0.033261    0.180165    1.005660 v dsa[4]._7_/X (sky130_fd_sc_hd__a21bo_1)
                                                         dsa[4].last_carry_next (net)
                      0.033261    0.000005    1.005666 v dsa[4]._8_/D (sky130_fd_sc_hd__dfrtp_1)
                                              1.005666   data arrival time

                                 10.000000   10.000000   clock core_clock (rise edge)
                                  0.000000   10.000000   clock source latency
     1    0.011568    0.000000    0.000000   10.000000 ^ clk (in)
                                                         clk (net)
                      0.000309    0.000155   10.000154 ^ clkbuf_0_clk/A (sky130_fd_sc_hd__clkbuf_16)
     8    0.073958    0.091061    0.151616   10.151771 ^ clkbuf_0_clk/X (sky130_fd_sc_hd__clkbuf_16)
                                                         clknet_0_clk (net)
                      0.091062    0.000488   10.152258 ^ clkbuf_3_5__f_clk/A (sky130_fd_sc_hd__clkbuf_16)
     8    0.023945    0.045337    0.146156   10.298414 ^ clkbuf_3_5__f_clk/X (sky130_fd_sc_hd__clkbuf_16)
                                                         clknet_3_5__leaf_clk (net)
                      0.045337    0.000059   10.298472 ^ dsa[4]._8_/CLK (sky130_fd_sc_hd__dfrtp_1)
                                  0.000000   10.298472   clock reconvergence pessimism
                                 -0.109075   10.189398   library setup time
                                             10.189398   data required time
---------------------------------------------------------------------------------------------
                                             10.189398   data required time
                                             -1.005666   data arrival time
---------------------------------------------------------------------------------------------
                                              9.183732   slack (MET)


Startpoint: dsa[27]._8_ (rising edge-triggered flip-flop clocked by core_clock)
Endpoint: dsa[27]._8_ (rising edge-triggered flip-flop clocked by core_clock)
Path Group: core_clock
Path Type: max

Fanout         Cap        Slew       Delay        Time   Description
---------------------------------------------------------------------------------------------
                                  0.000000    0.000000   clock core_clock (rise edge)
                                  0.000000    0.000000   clock source latency
     1    0.011568    0.000000    0.000000    0.000000 ^ clk (in)
                                                         clk (net)
                      0.000309    0.000154    0.000154 ^ clkbuf_0_clk/A (sky130_fd_sc_hd__clkbuf_16)
     8    0.073958    0.091061    0.151616    0.151771 ^ clkbuf_0_clk/X (sky130_fd_sc_hd__clkbuf_16)
                                                         clknet_0_clk (net)
                      0.091061    0.000357    0.152127 ^ clkbuf_3_2__f_clk/A (sky130_fd_sc_hd__clkbuf_16)
    10    0.026536    0.047711    0.148609    0.300736 ^ clkbuf_3_2__f_clk/X (sky130_fd_sc_hd__clkbuf_16)
                                                         clknet_3_2__leaf_clk (net)
                      0.047711    0.000130    0.300866 ^ dsa[27]._8_/CLK (sky130_fd_sc_hd__dfrtp_1)
     2    0.005028    0.051061    0.366877    0.667743 v dsa[27]._8_/Q (sky130_fd_sc_hd__dfrtp_1)
                                                         dsa[27].last_carry (net)
                      0.051061    0.000006    0.667749 v dsa[27]._4_/B1 (sky130_fd_sc_hd__a21o_1)
     2    0.005022    0.043852    0.161124    0.828874 v dsa[27]._4_/X (sky130_fd_sc_hd__a21o_1)
                                                         dsa[27]._1_ (net)
                      0.043852    0.000004    0.828877 v dsa[27]._7_/A2 (sky130_fd_sc_hd__a21bo_1)
     1    0.002261    0.032882    0.179440    1.008317 v dsa[27]._7_/X (sky130_fd_sc_hd__a21bo_1)
                                                         dsa[27].last_carry_next (net)
                      0.032882    0.000004    1.008321 v dsa[27]._8_/D (sky130_fd_sc_hd__dfrtp_1)
                                              1.008321   data arrival time

                                 10.000000   10.000000   clock core_clock (rise edge)
                                  0.000000   10.000000   clock source latency
     1    0.011568    0.000000    0.000000   10.000000 ^ clk (in)
                                                         clk (net)
                      0.000309    0.000155   10.000154 ^ clkbuf_0_clk/A (sky130_fd_sc_hd__clkbuf_16)
     8    0.073958    0.091061    0.151616   10.151771 ^ clkbuf_0_clk/X (sky130_fd_sc_hd__clkbuf_16)
                                                         clknet_0_clk (net)
                      0.091061    0.000357   10.152127 ^ clkbuf_3_2__f_clk/A (sky130_fd_sc_hd__clkbuf_16)
    10    0.026536    0.047711    0.148609   10.300736 ^ clkbuf_3_2__f_clk/X (sky130_fd_sc_hd__clkbuf_16)
                                                         clknet_3_2__leaf_clk (net)
                      0.047711    0.000130   10.300866 ^ dsa[27]._8_/CLK (sky130_fd_sc_hd__dfrtp_1)
                                  0.000000   10.300866   clock reconvergence pessimism
                                 -0.108367   10.192499   library setup time
                                             10.192499   data required time
---------------------------------------------------------------------------------------------
                                             10.192499   data required time
                                             -1.008321   data arrival time
---------------------------------------------------------------------------------------------
                                              9.184178   slack (MET)


Startpoint: dsa[13]._8_ (rising edge-triggered flip-flop clocked by core_clock)
Endpoint: dsa[13]._8_ (rising edge-triggered flip-flop clocked by core_clock)
Path Group: core_clock
Path Type: max

Fanout         Cap        Slew       Delay        Time   Description
---------------------------------------------------------------------------------------------
                                  0.000000    0.000000   clock core_clock (rise edge)
                                  0.000000    0.000000   clock source latency
     1    0.011568    0.000000    0.000000    0.000000 ^ clk (in)
                                                         clk (net)
                      0.000309    0.000154    0.000154 ^ clkbuf_0_clk/A (sky130_fd_sc_hd__clkbuf_16)
     8    0.073958    0.091061    0.151616    0.151771 ^ clkbuf_0_clk/X (sky130_fd_sc_hd__clkbuf_16)
                                                         clknet_0_clk (net)
                      0.091061    0.000318    0.152088 ^ clkbuf_3_3__f_clk/A (sky130_fd_sc_hd__clkbuf_16)
     9    0.023889    0.045288    0.146095    0.298183 ^ clkbuf_3_3__f_clk/X (sky130_fd_sc_hd__clkbuf_16)
                                                         clknet_3_3__leaf_clk (net)
                      0.045288    0.000102    0.298285 ^ dsa[13]._8_/CLK (sky130_fd_sc_hd__dfrtp_1)
     2    0.004774    0.049953    0.364607    0.662892 v dsa[13]._8_/Q (sky130_fd_sc_hd__dfrtp_1)
                                                         dsa[13].last_carry (net)
                      0.049953    0.000004    0.662896 v dsa[13]._4_/B1 (sky130_fd_sc_hd__a21o_1)
     2    0.005071    0.044062    0.160995    0.823891 v dsa[13]._4_/X (sky130_fd_sc_hd__a21o_1)
                                                         dsa[13]._1_ (net)
                      0.044062    0.000012    0.823903 v dsa[13]._7_/A2 (sky130_fd_sc_hd__a21bo_1)
     1    0.002417    0.033636    0.180542    1.004446 v dsa[13]._7_/X (sky130_fd_sc_hd__a21bo_1)
                                                         dsa[13].last_carry_next (net)
                      0.033636    0.000007    1.004452 v dsa[13]._8_/D (sky130_fd_sc_hd__dfrtp_1)
                                              1.004452   data arrival time

                                 10.000000   10.000000   clock core_clock (rise edge)
                                  0.000000   10.000000   clock source latency
     1    0.011568    0.000000    0.000000   10.000000 ^ clk (in)
                                                         clk (net)
                      0.000309    0.000155   10.000154 ^ clkbuf_0_clk/A (sky130_fd_sc_hd__clkbuf_16)
     8    0.073958    0.091061    0.151616   10.151771 ^ clkbuf_0_clk/X (sky130_fd_sc_hd__clkbuf_16)
                                                         clknet_0_clk (net)
                      0.091061    0.000318   10.152088 ^ clkbuf_3_3__f_clk/A (sky130_fd_sc_hd__clkbuf_16)
     9    0.023889    0.045288    0.146096   10.298184 ^ clkbuf_3_3__f_clk/X (sky130_fd_sc_hd__clkbuf_16)
                                                         clknet_3_3__leaf_clk (net)
                      0.045288    0.000101   10.298285 ^ dsa[13]._8_/CLK (sky130_fd_sc_hd__dfrtp_1)
                                  0.000000   10.298285   clock reconvergence pessimism
                                 -0.109250   10.189035   library setup time
                                             10.189035   data required time
---------------------------------------------------------------------------------------------
                                             10.189035   data required time
                                             -1.004452   data arrival time
---------------------------------------------------------------------------------------------
                                              9.184584   slack (MET)


Startpoint: dsa[7]._8_ (rising edge-triggered flip-flop clocked by core_clock)
Endpoint: dsa[7]._8_ (rising edge-triggered flip-flop clocked by core_clock)
Path Group: core_clock
Path Type: max

Fanout         Cap        Slew       Delay        Time   Description
---------------------------------------------------------------------------------------------
                                  0.000000    0.000000   clock core_clock (rise edge)
                                  0.000000    0.000000   clock source latency
     1    0.011568    0.000000    0.000000    0.000000 ^ clk (in)
                                                         clk (net)
                      0.000309    0.000154    0.000154 ^ clkbuf_0_clk/A (sky130_fd_sc_hd__clkbuf_16)
     8    0.073958    0.091061    0.151616    0.151771 ^ clkbuf_0_clk/X (sky130_fd_sc_hd__clkbuf_16)
                                                         clknet_0_clk (net)
                      0.091062    0.000489    0.152260 ^ clkbuf_3_4__f_clk/A (sky130_fd_sc_hd__clkbuf_16)
     9    0.021994    0.043609    0.144272    0.296531 ^ clkbuf_3_4__f_clk/X (sky130_fd_sc_hd__clkbuf_16)
                                                         clknet_3_4__leaf_clk (net)
                      0.043609    0.000136    0.296667 ^ dsa[7]._8_/CLK (sky130_fd_sc_hd__dfrtp_1)
     2    0.004893    0.050488    0.364627    0.661294 v dsa[7]._8_/Q (sky130_fd_sc_hd__dfrtp_1)
                                                         dsa[7].last_carry (net)
                      0.050488    0.000008    0.661302 v dsa[7]._4_/B1 (sky130_fd_sc_hd__a21o_1)
     2    0.005005    0.043787    0.160863    0.822165 v dsa[7]._4_/X (sky130_fd_sc_hd__a21o_1)
                                                         dsa[7]._1_ (net)
                      0.043787    0.000005    0.822169 v dsa[7]._7_/A2 (sky130_fd_sc_hd__a21bo_1)
     1    0.002339    0.033259    0.179923    1.002092 v dsa[7]._7_/X (sky130_fd_sc_hd__a21bo_1)
                                                         dsa[7].last_carry_next (net)
                      0.033259    0.000005    1.002098 v dsa[7]._8_/D (sky130_fd_sc_hd__dfrtp_1)
                                              1.002098   data arrival time

                                 10.000000   10.000000   clock core_clock (rise edge)
                                  0.000000   10.000000   clock source latency
     1    0.011568    0.000000    0.000000   10.000000 ^ clk (in)
                                                         clk (net)
                      0.000309    0.000155   10.000154 ^ clkbuf_0_clk/A (sky130_fd_sc_hd__clkbuf_16)
     8    0.073958    0.091061    0.151616   10.151771 ^ clkbuf_0_clk/X (sky130_fd_sc_hd__clkbuf_16)
                                                         clknet_0_clk (net)
                      0.091062    0.000489   10.152260 ^ clkbuf_3_4__f_clk/A (sky130_fd_sc_hd__clkbuf_16)
     9    0.021994    0.043609    0.144272   10.296532 ^ clkbuf_3_4__f_clk/X (sky130_fd_sc_hd__clkbuf_16)
                                                         clknet_3_4__leaf_clk (net)
                      0.043609    0.000136   10.296668 ^ dsa[7]._8_/CLK (sky130_fd_sc_hd__dfrtp_1)
                                  0.000000   10.296668   clock reconvergence pessimism
                                 -0.109469   10.187199   library setup time
                                             10.187199   data required time
---------------------------------------------------------------------------------------------
                                             10.187199   data required time
                                             -1.002098   data arrival time
---------------------------------------------------------------------------------------------
                                              9.185101   slack (MET)


Startpoint: dsa[21]._8_ (rising edge-triggered flip-flop clocked by core_clock)
Endpoint: dsa[21]._9_ (rising edge-triggered flip-flop clocked by core_clock)
Path Group: core_clock
Path Type: max

Fanout         Cap        Slew       Delay        Time   Description
---------------------------------------------------------------------------------------------
                                  0.000000    0.000000   clock core_clock (rise edge)
                                  0.000000    0.000000   clock source latency
     1    0.011568    0.000000    0.000000    0.000000 ^ clk (in)
                                                         clk (net)
                      0.000309    0.000154    0.000154 ^ clkbuf_0_clk/A (sky130_fd_sc_hd__clkbuf_16)
     8    0.073958    0.091061    0.151616    0.151771 ^ clkbuf_0_clk/X (sky130_fd_sc_hd__clkbuf_16)
                                                         clknet_0_clk (net)
                      0.091062    0.000468    0.152239 ^ clkbuf_3_0__f_clk/A (sky130_fd_sc_hd__clkbuf_16)
    10    0.025807    0.047041    0.147910    0.300149 ^ clkbuf_3_0__f_clk/X (sky130_fd_sc_hd__clkbuf_16)
                                                         clknet_3_0__leaf_clk (net)
                      0.047041    0.000043    0.300192 ^ dsa[21]._8_/CLK (sky130_fd_sc_hd__dfrtp_1)
     2    0.004958    0.050756    0.366251    0.666443 v dsa[21]._8_/Q (sky130_fd_sc_hd__dfrtp_1)
                                                         dsa[21].last_carry (net)
                      0.050756    0.000008    0.666451 v dsa[21]._4_/B1 (sky130_fd_sc_hd__a21o_1)
     2    0.005267    0.044877    0.162172    0.828623 v dsa[21]._4_/X (sky130_fd_sc_hd__a21o_1)
                                                         dsa[21]._1_ (net)
                      0.044877    0.000016    0.828639 v dsa[21]._5_/B (sky130_fd_sc_hd__nand2_1)
     1    0.005196    0.065118    0.076020    0.904659 ^ dsa[21]._5_/Y (sky130_fd_sc_hd__nand2_1)
                                                         dsa[21]._2_ (net)
                      0.065118    0.000017    0.904676 ^ dsa[21]._6_/B (sky130_fd_sc_hd__xnor2_1)
     1    0.003072    0.123850    0.112275    1.016951 ^ dsa[21]._6_/Y (sky130_fd_sc_hd__xnor2_1)
                                                         dsa[21].y_out_next (net)
                      0.123850    0.000017    1.016969 ^ dsa[21]._9_/D (sky130_fd_sc_hd__dfrtp_1)
                                              1.016969   data arrival time

                                 10.000000   10.000000   clock core_clock (rise edge)
                                  0.000000   10.000000   clock source latency
     1    0.011568    0.000000    0.000000   10.000000 ^ clk (in)
                                                         clk (net)
                      0.000309    0.000155   10.000154 ^ clkbuf_0_clk/A (sky130_fd_sc_hd__clkbuf_16)
     8    0.073958    0.091061    0.151616   10.151771 ^ clkbuf_0_clk/X (sky130_fd_sc_hd__clkbuf_16)
                                                         clknet_0_clk (net)
                      0.091061    0.000318   10.152088 ^ clkbuf_3_3__f_clk/A (sky130_fd_sc_hd__clkbuf_16)
     9    0.023889    0.045288    0.146096   10.298184 ^ clkbuf_3_3__f_clk/X (sky130_fd_sc_hd__clkbuf_16)
                                                         clknet_3_3__leaf_clk (net)
                      0.045288    0.000017   10.298201 ^ dsa[21]._9_/CLK (sky130_fd_sc_hd__dfrtp_1)
                                  0.000000   10.298201   clock reconvergence pessimism
                                 -0.077994   10.220207   library setup time
                                             10.220207   data required time
---------------------------------------------------------------------------------------------
                                             10.220207   data required time
                                             -1.016969   data arrival time
---------------------------------------------------------------------------------------------
                                              9.203238   slack (MET)


Startpoint: dsa[30]._8_ (rising edge-triggered flip-flop clocked by core_clock)
Endpoint: dsa[30]._9_ (rising edge-triggered flip-flop clocked by core_clock)
Path Group: core_clock
Path Type: max

Fanout         Cap        Slew       Delay        Time   Description
---------------------------------------------------------------------------------------------
                                  0.000000    0.000000   clock core_clock (rise edge)
                                  0.000000    0.000000   clock source latency
     1    0.011568    0.000000    0.000000    0.000000 ^ clk (in)
                                                         clk (net)
                      0.000309    0.000154    0.000154 ^ clkbuf_0_clk/A (sky130_fd_sc_hd__clkbuf_16)
     8    0.073958    0.091061    0.151616    0.151771 ^ clkbuf_0_clk/X (sky130_fd_sc_hd__clkbuf_16)
                                                         clknet_0_clk (net)
                      0.091062    0.000468    0.152239 ^ clkbuf_3_0__f_clk/A (sky130_fd_sc_hd__clkbuf_16)
    10    0.025807    0.047041    0.147910    0.300149 ^ clkbuf_3_0__f_clk/X (sky130_fd_sc_hd__clkbuf_16)
                                                         clknet_3_0__leaf_clk (net)
                      0.047041    0.000140    0.300289 ^ dsa[30]._8_/CLK (sky130_fd_sc_hd__dfrtp_1)
     2    0.005178    0.051727    0.367439    0.667728 v dsa[30]._8_/Q (sky130_fd_sc_hd__dfrtp_1)
                                                         dsa[30].last_carry (net)
                      0.051727    0.000011    0.667739 v dsa[30]._4_/B1 (sky130_fd_sc_hd__a21o_1)
     2    0.004997    0.043745    0.161224    0.828962 v dsa[30]._4_/X (sky130_fd_sc_hd__a21o_1)
                                                         dsa[30]._1_ (net)
                      0.043745    0.000004    0.828966 v dsa[30]._5_/B (sky130_fd_sc_hd__nand2_1)
     1    0.004964    0.063097    0.074073    0.903039 ^ dsa[30]._5_/Y (sky130_fd_sc_hd__nand2_1)
                                                         dsa[30]._2_ (net)
                      0.063097    0.000009    0.903048 ^ dsa[30]._6_/B (sky130_fd_sc_hd__xnor2_1)
     1    0.003083    0.124067    0.111752    1.014800 ^ dsa[30]._6_/Y (sky130_fd_sc_hd__xnor2_1)
                                                         dsa[30].y_out_next (net)
                      0.124067    0.000018    1.014818 ^ dsa[30]._9_/D (sky130_fd_sc_hd__dfrtp_1)
                                              1.014818   data arrival time

                                 10.000000   10.000000   clock core_clock (rise edge)
                                  0.000000   10.000000   clock source latency
     1    0.011568    0.000000    0.000000   10.000000 ^ clk (in)
                                                         clk (net)
                      0.000309    0.000155   10.000154 ^ clkbuf_0_clk/A (sky130_fd_sc_hd__clkbuf_16)
     8    0.073958    0.091061    0.151616   10.151771 ^ clkbuf_0_clk/X (sky130_fd_sc_hd__clkbuf_16)
                                                         clknet_0_clk (net)
                      0.091062    0.000449   10.152219 ^ clkbuf_3_1__f_clk/A (sky130_fd_sc_hd__clkbuf_16)
     7    0.022774    0.044294    0.145044   10.297263 ^ clkbuf_3_1__f_clk/X (sky130_fd_sc_hd__clkbuf_16)
                                                         clknet_3_1__leaf_clk (net)
                      0.044294    0.000030   10.297293 ^ dsa[30]._9_/CLK (sky130_fd_sc_hd__dfrtp_1)
                                  0.000000   10.297293   clock reconvergence pessimism
                                 -0.078198   10.219095   library setup time
                                             10.219095   data required time
---------------------------------------------------------------------------------------------
                                             10.219095   data required time
                                             -1.014818   data arrival time
---------------------------------------------------------------------------------------------
                                              9.204277   slack (MET)


Startpoint: dsa[15]._8_ (rising edge-triggered flip-flop clocked by core_clock)
Endpoint: dsa[15]._9_ (rising edge-triggered flip-flop clocked by core_clock)
Path Group: core_clock
Path Type: max

Fanout         Cap        Slew       Delay        Time   Description
---------------------------------------------------------------------------------------------
                                  0.000000    0.000000   clock core_clock (rise edge)
                                  0.000000    0.000000   clock source latency
     1    0.011568    0.000000    0.000000    0.000000 ^ clk (in)
                                                         clk (net)
                      0.000309    0.000154    0.000154 ^ clkbuf_0_clk/A (sky130_fd_sc_hd__clkbuf_16)
     8    0.073958    0.091061    0.151616    0.151771 ^ clkbuf_0_clk/X (sky130_fd_sc_hd__clkbuf_16)
                                                         clknet_0_clk (net)
                      0.091061    0.000318    0.152088 ^ clkbuf_3_3__f_clk/A (sky130_fd_sc_hd__clkbuf_16)
     9    0.023889    0.045288    0.146095    0.298183 ^ clkbuf_3_3__f_clk/X (sky130_fd_sc_hd__clkbuf_16)
                                                         clknet_3_3__leaf_clk (net)
                      0.045288    0.000028    0.298211 ^ dsa[15]._8_/CLK (sky130_fd_sc_hd__dfrtp_1)
     2    0.005346    0.050678    0.367685    0.665896 v dsa[15]._8_/Q (sky130_fd_sc_hd__dfrtp_1)
                                                         dsa[15].last_carry (net)
                      0.050678    0.000015    0.665912 v dsa[15]._4_/B1 (sky130_fd_sc_hd__a21o_1)
     2    0.005011    0.043808    0.160949    0.826861 v dsa[15]._4_/X (sky130_fd_sc_hd__a21o_1)
                                                         dsa[15]._1_ (net)
                      0.043808    0.000009    0.826870 v dsa[15]._5_/B (sky130_fd_sc_hd__nand2_1)
     1    0.005172    0.064907    0.075393    0.902263 ^ dsa[15]._5_/Y (sky130_fd_sc_hd__nand2_1)
                                                         dsa[15]._2_ (net)
                      0.064907    0.000016    0.902279 ^ dsa[15]._6_/B (sky130_fd_sc_hd__xnor2_1)
     1    0.002955    0.121464    0.111297    1.013577 ^ dsa[15]._6_/Y (sky130_fd_sc_hd__xnor2_1)
                                                         dsa[15].y_out_next (net)
                      0.121464    0.000015    1.013592 ^ dsa[15]._9_/D (sky130_fd_sc_hd__dfrtp_1)
                                              1.013592   data arrival time

                                 10.000000   10.000000   clock core_clock (rise edge)
                                  0.000000   10.000000   clock source latency
     1    0.011568    0.000000    0.000000   10.000000 ^ clk (in)
                                                         clk (net)
                      0.000309    0.000155   10.000154 ^ clkbuf_0_clk/A (sky130_fd_sc_hd__clkbuf_16)
     8    0.073958    0.091061    0.151616   10.151771 ^ clkbuf_0_clk/X (sky130_fd_sc_hd__clkbuf_16)
                                                         clknet_0_clk (net)
                      0.091062    0.000489   10.152260 ^ clkbuf_3_4__f_clk/A (sky130_fd_sc_hd__clkbuf_16)
     9    0.021994    0.043609    0.144272   10.296532 ^ clkbuf_3_4__f_clk/X (sky130_fd_sc_hd__clkbuf_16)
                                                         clknet_3_4__leaf_clk (net)
                      0.043609    0.000089   10.296620 ^ dsa[15]._9_/CLK (sky130_fd_sc_hd__dfrtp_1)
                                  0.000000   10.296620   clock reconvergence pessimism
                                 -0.077702   10.218919   library setup time
                                             10.218919   data required time
---------------------------------------------------------------------------------------------
                                             10.218919   data required time
                                             -1.013592   data arrival time
---------------------------------------------------------------------------------------------
                                              9.205326   slack (MET)


Startpoint: dsa[22]._8_ (rising edge-triggered flip-flop clocked by core_clock)
Endpoint: dsa[22]._9_ (rising edge-triggered flip-flop clocked by core_clock)
Path Group: core_clock
Path Type: max

Fanout         Cap        Slew       Delay        Time   Description
---------------------------------------------------------------------------------------------
                                  0.000000    0.000000   clock core_clock (rise edge)
                                  0.000000    0.000000   clock source latency
     1    0.011568    0.000000    0.000000    0.000000 ^ clk (in)
                                                         clk (net)
                      0.000309    0.000154    0.000154 ^ clkbuf_0_clk/A (sky130_fd_sc_hd__clkbuf_16)
     8    0.073958    0.091061    0.151616    0.151771 ^ clkbuf_0_clk/X (sky130_fd_sc_hd__clkbuf_16)
                                                         clknet_0_clk (net)
                      0.091061    0.000357    0.152127 ^ clkbuf_3_2__f_clk/A (sky130_fd_sc_hd__clkbuf_16)
    10    0.026536    0.047711    0.148609    0.300736 ^ clkbuf_3_2__f_clk/X (sky130_fd_sc_hd__clkbuf_16)
                                                         clknet_3_2__leaf_clk (net)
                      0.047711    0.000039    0.300776 ^ dsa[22]._8_/CLK (sky130_fd_sc_hd__dfrtp_1)
     2    0.005129    0.051510    0.367426    0.668202 v dsa[22]._8_/Q (sky130_fd_sc_hd__dfrtp_1)
                                                         dsa[22].last_carry (net)
                      0.051510    0.000006    0.668208 v dsa[22]._4_/B1 (sky130_fd_sc_hd__a21o_1)
     2    0.005122    0.044270    0.161740    0.829948 v dsa[22]._4_/X (sky130_fd_sc_hd__a21o_1)
                                                         dsa[22]._1_ (net)
                      0.044270    0.000000    0.829948 v dsa[22]._5_/B (sky130_fd_sc_hd__nand2_1)
     1    0.004897    0.062516    0.073893    0.903842 ^ dsa[22]._5_/Y (sky130_fd_sc_hd__nand2_1)
                                                         dsa[22]._2_ (net)
                      0.062516    0.000008    0.903849 ^ dsa[22]._6_/B (sky130_fd_sc_hd__xnor2_1)
     1    0.002955    0.121470    0.110582    1.014432 ^ dsa[22]._6_/Y (sky130_fd_sc_hd__xnor2_1)
                                                         dsa[22].y_out_next (net)
                      0.121470    0.000015    1.014447 ^ dsa[22]._9_/D (sky130_fd_sc_hd__dfrtp_1)
                                              1.014447   data arrival time

                                 10.000000   10.000000   clock core_clock (rise edge)
                                  0.000000   10.000000   clock source latency
     1    0.011568    0.000000    0.000000   10.000000 ^ clk (in)
                                                         clk (net)
                      0.000309    0.000155   10.000154 ^ clkbuf_0_clk/A (sky130_fd_sc_hd__clkbuf_16)
     8    0.073958    0.091061    0.151616   10.151771 ^ clkbuf_0_clk/X (sky130_fd_sc_hd__clkbuf_16)
                                                         clknet_0_clk (net)
                      0.091061    0.000318   10.152088 ^ clkbuf_3_3__f_clk/A (sky130_fd_sc_hd__clkbuf_16)
     9    0.023889    0.045288    0.146096   10.298184 ^ clkbuf_3_3__f_clk/X (sky130_fd_sc_hd__clkbuf_16)
                                                         clknet_3_3__leaf_clk (net)
                      0.045288    0.000032   10.298216 ^ dsa[22]._9_/CLK (sky130_fd_sc_hd__dfrtp_1)
                                  0.000000   10.298216   clock reconvergence pessimism
                                 -0.077444   10.220771   library setup time
                                             10.220771   data required time
---------------------------------------------------------------------------------------------
                                             10.220771   data required time
                                             -1.014447   data arrival time
---------------------------------------------------------------------------------------------
                                              9.206324   slack (MET)


Startpoint: dsa[28]._8_ (rising edge-triggered flip-flop clocked by core_clock)
Endpoint: dsa[28]._9_ (rising edge-triggered flip-flop clocked by core_clock)
Path Group: core_clock
Path Type: max

Fanout         Cap        Slew       Delay        Time   Description
---------------------------------------------------------------------------------------------
                                  0.000000    0.000000   clock core_clock (rise edge)
                                  0.000000    0.000000   clock source latency
     1    0.011568    0.000000    0.000000    0.000000 ^ clk (in)
                                                         clk (net)
                      0.000309    0.000154    0.000154 ^ clkbuf_0_clk/A (sky130_fd_sc_hd__clkbuf_16)
     8    0.073958    0.091061    0.151616    0.151771 ^ clkbuf_0_clk/X (sky130_fd_sc_hd__clkbuf_16)
                                                         clknet_0_clk (net)
                      0.091061    0.000357    0.152127 ^ clkbuf_3_2__f_clk/A (sky130_fd_sc_hd__clkbuf_16)
    10    0.026536    0.047711    0.148609    0.300736 ^ clkbuf_3_2__f_clk/X (sky130_fd_sc_hd__clkbuf_16)
                                                         clknet_3_2__leaf_clk (net)
                      0.047711    0.000143    0.300879 ^ dsa[28]._8_/CLK (sky130_fd_sc_hd__dfrtp_1)
     2    0.005085    0.051314    0.367187    0.668066 v dsa[28]._8_/Q (sky130_fd_sc_hd__dfrtp_1)
                                                         dsa[28].last_carry (net)
                      0.051314    0.000006    0.668072 v dsa[28]._4_/B1 (sky130_fd_sc_hd__a21o_1)
     2    0.005274    0.044907    0.162389    0.830461 v dsa[28]._4_/X (sky130_fd_sc_hd__a21o_1)
                                                         dsa[28]._1_ (net)
                      0.044907    0.000009    0.830470 v dsa[28]._5_/B (sky130_fd_sc_hd__nand2_1)
     1    0.004832    0.061941    0.073766    0.904236 ^ dsa[28]._5_/Y (sky130_fd_sc_hd__nand2_1)
                                                         dsa[28]._2_ (net)
                      0.061941    0.000005    0.904241 ^ dsa[28]._6_/B (sky130_fd_sc_hd__xnor2_1)
     1    0.003073    0.123859    0.111326    1.015567 ^ dsa[28]._6_/Y (sky130_fd_sc_hd__xnor2_1)
                                                         dsa[28].y_out_next (net)
                      0.123859    0.000017    1.015584 ^ dsa[28]._9_/D (sky130_fd_sc_hd__dfrtp_1)
                                              1.015584   data arrival time

                                 10.000000   10.000000   clock core_clock (rise edge)
                                  0.000000   10.000000   clock source latency
     1    0.011568    0.000000    0.000000   10.000000 ^ clk (in)
                                                         clk (net)
                      0.000309    0.000155   10.000154 ^ clkbuf_0_clk/A (sky130_fd_sc_hd__clkbuf_16)
     8    0.073958    0.091061    0.151616   10.151771 ^ clkbuf_0_clk/X (sky130_fd_sc_hd__clkbuf_16)
                                                         clknet_0_clk (net)
                      0.091062    0.000469   10.152240 ^ clkbuf_3_0__f_clk/A (sky130_fd_sc_hd__clkbuf_16)
    10    0.025807    0.047041    0.147910   10.300150 ^ clkbuf_3_0__f_clk/X (sky130_fd_sc_hd__clkbuf_16)
                                                         clknet_3_0__leaf_clk (net)
                      0.047041    0.000036   10.300186 ^ dsa[28]._9_/CLK (sky130_fd_sc_hd__dfrtp_1)
                                  0.000000   10.300186   clock reconvergence pessimism
                                 -0.077725   10.222461   library setup time
                                             10.222461   data required time
---------------------------------------------------------------------------------------------
                                             10.222461   data required time
                                             -1.015584   data arrival time
---------------------------------------------------------------------------------------------
                                              9.206877   slack (MET)


Startpoint: dsa[18]._8_ (rising edge-triggered flip-flop clocked by core_clock)
Endpoint: dsa[18]._9_ (rising edge-triggered flip-flop clocked by core_clock)
Path Group: core_clock
Path Type: max

Fanout         Cap        Slew       Delay        Time   Description
---------------------------------------------------------------------------------------------
                                  0.000000    0.000000   clock core_clock (rise edge)
                                  0.000000    0.000000   clock source latency
     1    0.011568    0.000000    0.000000    0.000000 ^ clk (in)
                                                         clk (net)
                      0.000309    0.000154    0.000154 ^ clkbuf_0_clk/A (sky130_fd_sc_hd__clkbuf_16)
     8    0.073958    0.091061    0.151616    0.151771 ^ clkbuf_0_clk/X (sky130_fd_sc_hd__clkbuf_16)
                                                         clknet_0_clk (net)
                      0.091062    0.000448    0.152219 ^ clkbuf_3_1__f_clk/A (sky130_fd_sc_hd__clkbuf_16)
     7    0.022774    0.044294    0.145044    0.297263 ^ clkbuf_3_1__f_clk/X (sky130_fd_sc_hd__clkbuf_16)
                                                         clknet_3_1__leaf_clk (net)
                      0.044294    0.000017    0.297280 ^ dsa[18]._8_/CLK (sky130_fd_sc_hd__dfrtp_1)
     2    0.004924    0.050620    0.365047    0.662327 v dsa[18]._8_/Q (sky130_fd_sc_hd__dfrtp_1)
                                                         dsa[18].last_carry (net)
                      0.050620    0.000006    0.662333 v dsa[18]._4_/B1 (sky130_fd_sc_hd__a21o_1)
     2    0.005204    0.044618    0.161837    0.824169 v dsa[18]._4_/X (sky130_fd_sc_hd__a21o_1)
                                                         dsa[18]._1_ (net)
                      0.044618    0.000016    0.824185 v dsa[18]._5_/B (sky130_fd_sc_hd__nand2_1)
     1    0.005328    0.063915    0.076715    0.900900 ^ dsa[18]._5_/Y (sky130_fd_sc_hd__nand2_1)
                                                         dsa[18]._2_ (net)
                      0.063915    0.000022    0.900922 ^ dsa[18]._6_/B (sky130_fd_sc_hd__xnor2_1)
     1    0.002900    0.120350    0.110573    1.011495 ^ dsa[18]._6_/Y (sky130_fd_sc_hd__xnor2_1)
                                                         dsa[18].y_out_next (net)
                      0.120350    0.000014    1.011508 ^ dsa[18]._9_/D (sky130_fd_sc_hd__dfrtp_1)
                                              1.011508   data arrival time

                                 10.000000   10.000000   clock core_clock (rise edge)
                                  0.000000   10.000000   clock source latency
     1    0.011568    0.000000    0.000000   10.000000 ^ clk (in)
                                                         clk (net)
                      0.000309    0.000155   10.000154 ^ clkbuf_0_clk/A (sky130_fd_sc_hd__clkbuf_16)
     8    0.073958    0.091061    0.151616   10.151771 ^ clkbuf_0_clk/X (sky130_fd_sc_hd__clkbuf_16)
                                                         clknet_0_clk (net)
                      0.091062    0.000489   10.152260 ^ clkbuf_3_4__f_clk/A (sky130_fd_sc_hd__clkbuf_16)
     9    0.021994    0.043609    0.144272   10.296532 ^ clkbuf_3_4__f_clk/X (sky130_fd_sc_hd__clkbuf_16)
                                                         clknet_3_4__leaf_clk (net)
                      0.043609    0.000132   10.296664 ^ dsa[18]._9_/CLK (sky130_fd_sc_hd__dfrtp_1)
                                  0.000000   10.296664   clock reconvergence pessimism
                                 -0.077445   10.219219   library setup time
                                             10.219219   data required time
---------------------------------------------------------------------------------------------
                                             10.219219   data required time
                                             -1.011508   data arrival time
---------------------------------------------------------------------------------------------
                                              9.207711   slack (MET)


Startpoint: dsa[3]._8_ (rising edge-triggered flip-flop clocked by core_clock)
Endpoint: dsa[3]._9_ (rising edge-triggered flip-flop clocked by core_clock)
Path Group: core_clock
Path Type: max

Fanout         Cap        Slew       Delay        Time   Description
---------------------------------------------------------------------------------------------
                                  0.000000    0.000000   clock core_clock (rise edge)
                                  0.000000    0.000000   clock source latency
     1    0.011568    0.000000    0.000000    0.000000 ^ clk (in)
                                                         clk (net)
                      0.000309    0.000154    0.000154 ^ clkbuf_0_clk/A (sky130_fd_sc_hd__clkbuf_16)
     8    0.073958    0.091061    0.151616    0.151771 ^ clkbuf_0_clk/X (sky130_fd_sc_hd__clkbuf_16)
                                                         clknet_0_clk (net)
                      0.091061    0.000394    0.152164 ^ clkbuf_3_7__f_clk/A (sky130_fd_sc_hd__clkbuf_16)
    10    0.024446    0.045798    0.146630    0.298794 ^ clkbuf_3_7__f_clk/X (sky130_fd_sc_hd__clkbuf_16)
                                                         clknet_3_7__leaf_clk (net)
                      0.045798    0.000048    0.298841 ^ dsa[3]._8_/CLK (sky130_fd_sc_hd__dfrtp_1)
     2    0.005277    0.052171    0.367510    0.666352 v dsa[3]._8_/Q (sky130_fd_sc_hd__dfrtp_1)
                                                         dsa[3].last_carry (net)
                      0.052171    0.000010    0.666362 v dsa[3]._4_/B1 (sky130_fd_sc_hd__a21o_1)
     2    0.005193    0.044566    0.162289    0.828651 v dsa[3]._4_/X (sky130_fd_sc_hd__a21o_1)
                                                         dsa[3]._1_ (net)
                      0.044566    0.000007    0.828658 v dsa[3]._5_/B (sky130_fd_sc_hd__nand2_1)
     1    0.004862    0.062209    0.073806    0.902465 ^ dsa[3]._5_/Y (sky130_fd_sc_hd__nand2_1)
                                                         dsa[3]._2_ (net)
                      0.062209    0.000006    0.902471 ^ dsa[3]._6_/B (sky130_fd_sc_hd__xnor2_1)
     1    0.002981    0.121997    0.110692    1.013163 ^ dsa[3]._6_/Y (sky130_fd_sc_hd__xnor2_1)
                                                         dsa[3].y_out_next (net)
                      0.121997    0.000016    1.013179 ^ dsa[3]._9_/D (sky130_fd_sc_hd__dfrtp_1)
                                              1.013179   data arrival time

                                 10.000000   10.000000   clock core_clock (rise edge)
                                  0.000000   10.000000   clock source latency
     1    0.011568    0.000000    0.000000   10.000000 ^ clk (in)
                                                         clk (net)
                      0.000309    0.000155   10.000154 ^ clkbuf_0_clk/A (sky130_fd_sc_hd__clkbuf_16)
     8    0.073958    0.091061    0.151616   10.151771 ^ clkbuf_0_clk/X (sky130_fd_sc_hd__clkbuf_16)
                                                         clknet_0_clk (net)
                      0.091062    0.000488   10.152258 ^ clkbuf_3_5__f_clk/A (sky130_fd_sc_hd__clkbuf_16)
     8    0.023945    0.045337    0.146156   10.298414 ^ clkbuf_3_5__f_clk/X (sky130_fd_sc_hd__clkbuf_16)
                                                         clknet_3_5__leaf_clk (net)
                      0.045337    0.000035   10.298449 ^ dsa[3]._9_/CLK (sky130_fd_sc_hd__dfrtp_1)
                                  0.000000   10.298449   clock reconvergence pessimism
                                 -0.077558   10.220890   library setup time
                                             10.220890   data required time
---------------------------------------------------------------------------------------------
                                             10.220890   data required time
                                             -1.013179   data arrival time
---------------------------------------------------------------------------------------------
                                              9.207711   slack (MET)


Startpoint: dsa[19]._8_ (rising edge-triggered flip-flop clocked by core_clock)
Endpoint: dsa[19]._9_ (rising edge-triggered flip-flop clocked by core_clock)
Path Group: core_clock
Path Type: max

Fanout         Cap        Slew       Delay        Time   Description
---------------------------------------------------------------------------------------------
                                  0.000000    0.000000   clock core_clock (rise edge)
                                  0.000000    0.000000   clock source latency
     1    0.011568    0.000000    0.000000    0.000000 ^ clk (in)
                                                         clk (net)
                      0.000309    0.000154    0.000154 ^ clkbuf_0_clk/A (sky130_fd_sc_hd__clkbuf_16)
     8    0.073958    0.091061    0.151616    0.151771 ^ clkbuf_0_clk/X (sky130_fd_sc_hd__clkbuf_16)
                                                         clknet_0_clk (net)
                      0.091062    0.000468    0.152239 ^ clkbuf_3_0__f_clk/A (sky130_fd_sc_hd__clkbuf_16)
    10    0.025807    0.047041    0.147910    0.300149 ^ clkbuf_3_0__f_clk/X (sky130_fd_sc_hd__clkbuf_16)
                                                         clknet_3_0__leaf_clk (net)
                      0.047041    0.000139    0.300288 ^ dsa[19]._8_/CLK (sky130_fd_sc_hd__dfrtp_1)
     2    0.005142    0.051568    0.367244    0.667532 v dsa[19]._8_/Q (sky130_fd_sc_hd__dfrtp_1)
                                                         dsa[19].last_carry (net)
                      0.051568    0.000010    0.667542 v dsa[19]._4_/B1 (sky130_fd_sc_hd__a21o_1)
     2    0.005033    0.043899    0.161344    0.828886 v dsa[19]._4_/X (sky130_fd_sc_hd__a21o_1)
                                                         dsa[19]._1_ (net)
                      0.043899    0.000002    0.828888 v dsa[19]._5_/B (sky130_fd_sc_hd__nand2_1)
     1    0.005407    0.064574    0.076881    0.905769 ^ dsa[19]._5_/Y (sky130_fd_sc_hd__nand2_1)
                                                         dsa[19]._2_ (net)
                      0.064574    0.000025    0.905794 ^ dsa[19]._6_/B (sky130_fd_sc_hd__xnor2_1)
     1    0.002772    0.117755    0.109779    1.015573 ^ dsa[19]._6_/Y (sky130_fd_sc_hd__xnor2_1)
                                                         dsa[19].y_out_next (net)
                      0.117755    0.000011    1.015584 ^ dsa[19]._9_/D (sky130_fd_sc_hd__dfrtp_1)
                                              1.015584   data arrival time

                                 10.000000   10.000000   clock core_clock (rise edge)
                                  0.000000   10.000000   clock source latency
     1    0.011568    0.000000    0.000000   10.000000 ^ clk (in)
                                                         clk (net)
                      0.000309    0.000155   10.000154 ^ clkbuf_0_clk/A (sky130_fd_sc_hd__clkbuf_16)
     8    0.073958    0.091061    0.151616   10.151771 ^ clkbuf_0_clk/X (sky130_fd_sc_hd__clkbuf_16)
                                                         clknet_0_clk (net)
                      0.091062    0.000469   10.152240 ^ clkbuf_3_0__f_clk/A (sky130_fd_sc_hd__clkbuf_16)
    10    0.025807    0.047041    0.147910   10.300150 ^ clkbuf_3_0__f_clk/X (sky130_fd_sc_hd__clkbuf_16)
                                                         clknet_3_0__leaf_clk (net)
                      0.047041    0.000128   10.300278 ^ dsa[19]._9_/CLK (sky130_fd_sc_hd__dfrtp_1)
                                  0.000000   10.300278   clock reconvergence pessimism
                                 -0.076316   10.223962   library setup time
                                             10.223962   data required time
---------------------------------------------------------------------------------------------
                                             10.223962   data required time
                                             -1.015584   data arrival time
---------------------------------------------------------------------------------------------
                                              9.208378   slack (MET)


Startpoint: dsa[24]._8_ (rising edge-triggered flip-flop clocked by core_clock)
Endpoint: dsa[24]._9_ (rising edge-triggered flip-flop clocked by core_clock)
Path Group: core_clock
Path Type: max

Fanout         Cap        Slew       Delay        Time   Description
---------------------------------------------------------------------------------------------
                                  0.000000    0.000000   clock core_clock (rise edge)
                                  0.000000    0.000000   clock source latency
     1    0.011568    0.000000    0.000000    0.000000 ^ clk (in)
                                                         clk (net)
                      0.000309    0.000154    0.000154 ^ clkbuf_0_clk/A (sky130_fd_sc_hd__clkbuf_16)
     8    0.073958    0.091061    0.151616    0.151771 ^ clkbuf_0_clk/X (sky130_fd_sc_hd__clkbuf_16)
                                                         clknet_0_clk (net)
                      0.091061    0.000357    0.152127 ^ clkbuf_3_2__f_clk/A (sky130_fd_sc_hd__clkbuf_16)
    10    0.026536    0.047711    0.148609    0.300736 ^ clkbuf_3_2__f_clk/X (sky130_fd_sc_hd__clkbuf_16)
                                                         clknet_3_2__leaf_clk (net)
                      0.047711    0.000080    0.300817 ^ dsa[24]._8_/CLK (sky130_fd_sc_hd__dfrtp_1)
     2    0.004865    0.050346    0.366001    0.666818 v dsa[24]._8_/Q (sky130_fd_sc_hd__dfrtp_1)
                                                         dsa[24].last_carry (net)
                      0.050346    0.000010    0.666827 v dsa[24]._4_/B1 (sky130_fd_sc_hd__a21o_1)
     2    0.005187    0.044548    0.161668    0.828496 v dsa[24]._4_/X (sky130_fd_sc_hd__a21o_1)
                                                         dsa[24]._1_ (net)
                      0.044548    0.000014    0.828509 v dsa[24]._5_/B (sky130_fd_sc_hd__nand2_1)
     1    0.005133    0.064565    0.075479    0.903988 ^ dsa[24]._5_/Y (sky130_fd_sc_hd__nand2_1)
                                                         dsa[24]._2_ (net)
                      0.064565    0.000015    0.904003 ^ dsa[24]._6_/B (sky130_fd_sc_hd__xnor2_1)
     1    0.002694    0.116162    0.109164    1.013168 ^ dsa[24]._6_/Y (sky130_fd_sc_hd__xnor2_1)
                                                         dsa[24].y_out_next (net)
                      0.116162    0.000010    1.013178 ^ dsa[24]._9_/D (sky130_fd_sc_hd__dfrtp_1)
                                              1.013178   data arrival time

                                 10.000000   10.000000   clock core_clock (rise edge)
                                  0.000000   10.000000   clock source latency
     1    0.011568    0.000000    0.000000   10.000000 ^ clk (in)
                                                         clk (net)
                      0.000309    0.000155   10.000154 ^ clkbuf_0_clk/A (sky130_fd_sc_hd__clkbuf_16)
     8    0.073958    0.091061    0.151616   10.151771 ^ clkbuf_0_clk/X (sky130_fd_sc_hd__clkbuf_16)
                                                         clknet_0_clk (net)
                      0.091061    0.000318   10.152088 ^ clkbuf_3_3__f_clk/A (sky130_fd_sc_hd__clkbuf_16)
     9    0.023889    0.045288    0.146096   10.298184 ^ clkbuf_3_3__f_clk/X (sky130_fd_sc_hd__clkbuf_16)
                                                         clknet_3_3__leaf_clk (net)
                      0.045288    0.000087   10.298271 ^ dsa[24]._9_/CLK (sky130_fd_sc_hd__dfrtp_1)
                                  0.000000   10.298271   clock reconvergence pessimism
                                 -0.076219   10.222052   library setup time
                                             10.222052   data required time
---------------------------------------------------------------------------------------------
                                             10.222052   data required time
                                             -1.013178   data arrival time
---------------------------------------------------------------------------------------------
                                              9.208874   slack (MET)


Startpoint: dsa[16]._8_ (rising edge-triggered flip-flop clocked by core_clock)
Endpoint: dsa[16]._9_ (rising edge-triggered flip-flop clocked by core_clock)
Path Group: core_clock
Path Type: max

Fanout         Cap        Slew       Delay        Time   Description
---------------------------------------------------------------------------------------------
                                  0.000000    0.000000   clock core_clock (rise edge)
                                  0.000000    0.000000   clock source latency
     1    0.011568    0.000000    0.000000    0.000000 ^ clk (in)
                                                         clk (net)
                      0.000309    0.000154    0.000154 ^ clkbuf_0_clk/A (sky130_fd_sc_hd__clkbuf_16)
     8    0.073958    0.091061    0.151616    0.151771 ^ clkbuf_0_clk/X (sky130_fd_sc_hd__clkbuf_16)
                                                         clknet_0_clk (net)
                      0.091062    0.000448    0.152219 ^ clkbuf_3_1__f_clk/A (sky130_fd_sc_hd__clkbuf_16)
     7    0.022774    0.044294    0.145044    0.297263 ^ clkbuf_3_1__f_clk/X (sky130_fd_sc_hd__clkbuf_16)
                                                         clknet_3_1__leaf_clk (net)
                      0.044294    0.000050    0.297313 ^ dsa[16]._8_/CLK (sky130_fd_sc_hd__dfrtp_1)
     2    0.005063    0.051236    0.365798    0.663111 v dsa[16]._8_/Q (sky130_fd_sc_hd__dfrtp_1)
                                                         dsa[16].last_carry (net)
                      0.051236    0.000007    0.663118 v dsa[16]._4_/B1 (sky130_fd_sc_hd__a21o_1)
     2    0.005059    0.044006    0.161354    0.824472 v dsa[16]._4_/X (sky130_fd_sc_hd__a21o_1)
                                                         dsa[16]._1_ (net)
                      0.044006    0.000011    0.824483 v dsa[16]._5_/B (sky130_fd_sc_hd__nand2_1)
     1    0.005062    0.063949    0.074798    0.899281 ^ dsa[16]._5_/Y (sky130_fd_sc_hd__nand2_1)
                                                         dsa[16]._2_ (net)
                      0.063949    0.000013    0.899294 ^ dsa[16]._6_/B (sky130_fd_sc_hd__xnor2_1)
     1    0.002932    0.120993    0.110829    1.010123 ^ dsa[16]._6_/Y (sky130_fd_sc_hd__xnor2_1)
                                                         dsa[16].y_out_next (net)
                      0.120993    0.000015    1.010138 ^ dsa[16]._9_/D (sky130_fd_sc_hd__dfrtp_1)
                                              1.010138   data arrival time

                                 10.000000   10.000000   clock core_clock (rise edge)
                                  0.000000   10.000000   clock source latency
     1    0.011568    0.000000    0.000000   10.000000 ^ clk (in)
                                                         clk (net)
                      0.000309    0.000155   10.000154 ^ clkbuf_0_clk/A (sky130_fd_sc_hd__clkbuf_16)
     8    0.073958    0.091061    0.151616   10.151771 ^ clkbuf_0_clk/X (sky130_fd_sc_hd__clkbuf_16)
                                                         clknet_0_clk (net)
                      0.091062    0.000489   10.152260 ^ clkbuf_3_4__f_clk/A (sky130_fd_sc_hd__clkbuf_16)
     9    0.021994    0.043609    0.144272   10.296532 ^ clkbuf_3_4__f_clk/X (sky130_fd_sc_hd__clkbuf_16)
                                                         clknet_3_4__leaf_clk (net)
                      0.043609    0.000087   10.296619 ^ dsa[16]._9_/CLK (sky130_fd_sc_hd__dfrtp_1)
                                  0.000000   10.296619   clock reconvergence pessimism
                                 -0.077594   10.219025   library setup time
                                             10.219025   data required time
---------------------------------------------------------------------------------------------
                                             10.219025   data required time
                                             -1.010138   data arrival time
---------------------------------------------------------------------------------------------
                                              9.208886   slack (MET)


Startpoint: dsa[2]._8_ (rising edge-triggered flip-flop clocked by core_clock)
Endpoint: dsa[2]._9_ (rising edge-triggered flip-flop clocked by core_clock)
Path Group: core_clock
Path Type: max

Fanout         Cap        Slew       Delay        Time   Description
---------------------------------------------------------------------------------------------
                                  0.000000    0.000000   clock core_clock (rise edge)
                                  0.000000    0.000000   clock source latency
     1    0.011568    0.000000    0.000000    0.000000 ^ clk (in)
                                                         clk (net)
                      0.000309    0.000154    0.000154 ^ clkbuf_0_clk/A (sky130_fd_sc_hd__clkbuf_16)
     8    0.073958    0.091061    0.151616    0.151771 ^ clkbuf_0_clk/X (sky130_fd_sc_hd__clkbuf_16)
                                                         clknet_0_clk (net)
                      0.091061    0.000370    0.152141 ^ clkbuf_3_6__f_clk/A (sky130_fd_sc_hd__clkbuf_16)
     8    0.023743    0.045156    0.145959    0.298099 ^ clkbuf_3_6__f_clk/X (sky130_fd_sc_hd__clkbuf_16)
                                                         clknet_3_6__leaf_clk (net)
                      0.045156    0.000026    0.298125 ^ dsa[2]._8_/CLK (sky130_fd_sc_hd__dfrtp_1)
     2    0.005347    0.050684    0.367638    0.665763 v dsa[2]._8_/Q (sky130_fd_sc_hd__dfrtp_1)
                                                         dsa[2].last_carry (net)
                      0.050684    0.000023    0.665786 v dsa[2]._4_/B1 (sky130_fd_sc_hd__a21o_1)
     2    0.005202    0.044606    0.161844    0.827630 v dsa[2]._4_/X (sky130_fd_sc_hd__a21o_1)
                                                         dsa[2]._1_ (net)
                      0.044606    0.000014    0.827644 v dsa[2]._5_/B (sky130_fd_sc_hd__nand2_1)
     1    0.005196    0.065118    0.075899    0.903543 ^ dsa[2]._5_/Y (sky130_fd_sc_hd__nand2_1)
                                                         dsa[2]._2_ (net)
                      0.065118    0.000017    0.903560 ^ dsa[2]._6_/B (sky130_fd_sc_hd__xnor2_1)
     1    0.002736    0.117016    0.109658    1.013218 ^ dsa[2]._6_/Y (sky130_fd_sc_hd__xnor2_1)
                                                         dsa[2].y_out_next (net)
                      0.117016    0.000012    1.013230 ^ dsa[2]._9_/D (sky130_fd_sc_hd__dfrtp_1)
                                              1.013230   data arrival time

                                 10.000000   10.000000   clock core_clock (rise edge)
                                  0.000000   10.000000   clock source latency
     1    0.011568    0.000000    0.000000   10.000000 ^ clk (in)
                                                         clk (net)
                      0.000309    0.000155   10.000154 ^ clkbuf_0_clk/A (sky130_fd_sc_hd__clkbuf_16)
     8    0.073958    0.091061    0.151616   10.151771 ^ clkbuf_0_clk/X (sky130_fd_sc_hd__clkbuf_16)
                                                         clknet_0_clk (net)
                      0.091061    0.000394   10.152164 ^ clkbuf_3_7__f_clk/A (sky130_fd_sc_hd__clkbuf_16)
    10    0.024446    0.045798    0.146629   10.298794 ^ clkbuf_3_7__f_clk/X (sky130_fd_sc_hd__clkbuf_16)
                                                         clknet_3_7__leaf_clk (net)
                      0.045798    0.000043   10.298837 ^ dsa[2]._9_/CLK (sky130_fd_sc_hd__dfrtp_1)
                                  0.000000   10.298837   clock reconvergence pessimism
                                 -0.076337   10.222500   library setup time
                                             10.222500   data required time
---------------------------------------------------------------------------------------------
                                             10.222500   data required time
                                             -1.013230   data arrival time
---------------------------------------------------------------------------------------------
                                              9.209270   slack (MET)


Startpoint: dsa[29]._8_ (rising edge-triggered flip-flop clocked by core_clock)
Endpoint: dsa[29]._9_ (rising edge-triggered flip-flop clocked by core_clock)
Path Group: core_clock
Path Type: max

Fanout         Cap        Slew       Delay        Time   Description
---------------------------------------------------------------------------------------------
                                  0.000000    0.000000   clock core_clock (rise edge)
                                  0.000000    0.000000   clock source latency
     1    0.011568    0.000000    0.000000    0.000000 ^ clk (in)
                                                         clk (net)
                      0.000309    0.000154    0.000154 ^ clkbuf_0_clk/A (sky130_fd_sc_hd__clkbuf_16)
     8    0.073958    0.091061    0.151616    0.151771 ^ clkbuf_0_clk/X (sky130_fd_sc_hd__clkbuf_16)
                                                         clknet_0_clk (net)
                      0.091062    0.000468    0.152239 ^ clkbuf_3_0__f_clk/A (sky130_fd_sc_hd__clkbuf_16)
    10    0.025807    0.047041    0.147910    0.300149 ^ clkbuf_3_0__f_clk/X (sky130_fd_sc_hd__clkbuf_16)
                                                         clknet_3_0__leaf_clk (net)
                      0.047041    0.000153    0.300302 ^ dsa[29]._8_/CLK (sky130_fd_sc_hd__dfrtp_1)
     2    0.004865    0.050348    0.365751    0.666052 v dsa[29]._8_/Q (sky130_fd_sc_hd__dfrtp_1)
                                                         dsa[29].last_carry (net)
                      0.050348    0.000005    0.666058 v dsa[29]._4_/B1 (sky130_fd_sc_hd__a21o_1)
     2    0.005378    0.045344    0.162561    0.828618 v dsa[29]._4_/X (sky130_fd_sc_hd__a21o_1)
                                                         dsa[29]._1_ (net)
                      0.045344    0.000013    0.828631 v dsa[29]._5_/B (sky130_fd_sc_hd__nand2_1)
     1    0.004858    0.062166    0.074122    0.902754 ^ dsa[29]._5_/Y (sky130_fd_sc_hd__nand2_1)
                                                         dsa[29]._2_ (net)
                      0.062166    0.000007    0.902760 ^ dsa[29]._6_/B (sky130_fd_sc_hd__xnor2_1)
     1    0.002694    0.116164    0.108447    1.011207 ^ dsa[29]._6_/Y (sky130_fd_sc_hd__xnor2_1)
                                                         dsa[29].y_out_next (net)
                      0.116164    0.000010    1.011217 ^ dsa[29]._9_/D (sky130_fd_sc_hd__dfrtp_1)
                                              1.011217   data arrival time

                                 10.000000   10.000000   clock core_clock (rise edge)
                                  0.000000   10.000000   clock source latency
     1    0.011568    0.000000    0.000000   10.000000 ^ clk (in)
                                                         clk (net)
                      0.000309    0.000155   10.000154 ^ clkbuf_0_clk/A (sky130_fd_sc_hd__clkbuf_16)
     8    0.073958    0.091061    0.151616   10.151771 ^ clkbuf_0_clk/X (sky130_fd_sc_hd__clkbuf_16)
                                                         clknet_0_clk (net)
                      0.091062    0.000449   10.152219 ^ clkbuf_3_1__f_clk/A (sky130_fd_sc_hd__clkbuf_16)
     7    0.022774    0.044294    0.145044   10.297263 ^ clkbuf_3_1__f_clk/X (sky130_fd_sc_hd__clkbuf_16)
                                                         clknet_3_1__leaf_clk (net)
                      0.044294    0.000057   10.297319 ^ dsa[29]._9_/CLK (sky130_fd_sc_hd__dfrtp_1)
                                  0.000000   10.297319   clock reconvergence pessimism
                                 -0.076372   10.220948   library setup time
                                             10.220948   data required time
---------------------------------------------------------------------------------------------
                                             10.220948   data required time
                                             -1.011217   data arrival time
---------------------------------------------------------------------------------------------
                                              9.209731   slack (MET)


Startpoint: dsa[31]._8_ (rising edge-triggered flip-flop clocked by core_clock)
Endpoint: dsa[31]._9_ (rising edge-triggered flip-flop clocked by core_clock)
Path Group: core_clock
Path Type: max

Fanout         Cap        Slew       Delay        Time   Description
---------------------------------------------------------------------------------------------
                                  0.000000    0.000000   clock core_clock (rise edge)
                                  0.000000    0.000000   clock source latency
     1    0.011568    0.000000    0.000000    0.000000 ^ clk (in)
                                                         clk (net)
                      0.000309    0.000154    0.000154 ^ clkbuf_0_clk/A (sky130_fd_sc_hd__clkbuf_16)
     8    0.073958    0.091061    0.151616    0.151771 ^ clkbuf_0_clk/X (sky130_fd_sc_hd__clkbuf_16)
                                                         clknet_0_clk (net)
                      0.091062    0.000468    0.152239 ^ clkbuf_3_0__f_clk/A (sky130_fd_sc_hd__clkbuf_16)
    10    0.025807    0.047041    0.147910    0.300149 ^ clkbuf_3_0__f_clk/X (sky130_fd_sc_hd__clkbuf_16)
                                                         clknet_3_0__leaf_clk (net)
                      0.047041    0.000149    0.300298 ^ dsa[31]._8_/CLK (sky130_fd_sc_hd__dfrtp_1)
     2    0.004923    0.050604    0.366065    0.666363 v dsa[31]._8_/Q (sky130_fd_sc_hd__dfrtp_1)
                                                         dsa[31].last_carry (net)
                      0.050604    0.000002    0.666365 v dsa[31]._4_/B1 (sky130_fd_sc_hd__a21o_1)
     2    0.005149    0.044387    0.161573    0.827938 v dsa[31]._4_/X (sky130_fd_sc_hd__a21o_1)
                                                         dsa[31]._1_ (net)
                      0.044387    0.000010    0.827948 v dsa[31]._5_/B (sky130_fd_sc_hd__nand2_1)
     1    0.004936    0.062851    0.074184    0.902132 ^ dsa[31]._5_/Y (sky130_fd_sc_hd__nand2_1)
                                                         dsa[31]._2_ (net)
                      0.062851    0.000009    0.902141 ^ dsa[31]._6_/B (sky130_fd_sc_hd__xnor2_1)
     1    0.002994    0.122267    0.110988    1.013129 ^ dsa[31]._6_/Y (sky130_fd_sc_hd__xnor2_1)
                                                         dsa[31].y_out_next (net)
                      0.122267    0.000016    1.013145 ^ dsa[31]._9_/D (sky130_fd_sc_hd__dfrtp_1)
                                              1.013145   data arrival time

                                 10.000000   10.000000   clock core_clock (rise edge)
                                  0.000000   10.000000   clock source latency
     1    0.011568    0.000000    0.000000   10.000000 ^ clk (in)
                                                         clk (net)
                      0.000309    0.000155   10.000154 ^ clkbuf_0_clk/A (sky130_fd_sc_hd__clkbuf_16)
     8    0.073958    0.091061    0.151616   10.151771 ^ clkbuf_0_clk/X (sky130_fd_sc_hd__clkbuf_16)
                                                         clknet_0_clk (net)
                      0.091062    0.000469   10.152240 ^ clkbuf_3_0__f_clk/A (sky130_fd_sc_hd__clkbuf_16)
    10    0.025807    0.047041    0.147910   10.300150 ^ clkbuf_3_0__f_clk/X (sky130_fd_sc_hd__clkbuf_16)
                                                         clknet_3_0__leaf_clk (net)
                      0.047041    0.000146   10.300295 ^ dsa[31]._9_/CLK (sky130_fd_sc_hd__dfrtp_1)
                                  0.000000   10.300295   clock reconvergence pessimism
                                 -0.077358   10.222938   library setup time
                                             10.222938   data required time
---------------------------------------------------------------------------------------------
                                             10.222938   data required time
                                             -1.013145   data arrival time
---------------------------------------------------------------------------------------------
                                              9.209792   slack (MET)


Startpoint: dsa[11]._8_ (rising edge-triggered flip-flop clocked by core_clock)
Endpoint: dsa[11]._9_ (rising edge-triggered flip-flop clocked by core_clock)
Path Group: core_clock
Path Type: max

Fanout         Cap        Slew       Delay        Time   Description
---------------------------------------------------------------------------------------------
                                  0.000000    0.000000   clock core_clock (rise edge)
                                  0.000000    0.000000   clock source latency
     1    0.011568    0.000000    0.000000    0.000000 ^ clk (in)
                                                         clk (net)
                      0.000309    0.000154    0.000154 ^ clkbuf_0_clk/A (sky130_fd_sc_hd__clkbuf_16)
     8    0.073958    0.091061    0.151616    0.151771 ^ clkbuf_0_clk/X (sky130_fd_sc_hd__clkbuf_16)
                                                         clknet_0_clk (net)
                      0.091061    0.000370    0.152141 ^ clkbuf_3_6__f_clk/A (sky130_fd_sc_hd__clkbuf_16)
     8    0.023743    0.045156    0.145959    0.298099 ^ clkbuf_3_6__f_clk/X (sky130_fd_sc_hd__clkbuf_16)
                                                         clknet_3_6__leaf_clk (net)
                      0.045156    0.000050    0.298149 ^ dsa[11]._8_/CLK (sky130_fd_sc_hd__dfrtp_1)
     2    0.005003    0.050966    0.365795    0.663944 v dsa[11]._8_/Q (sky130_fd_sc_hd__dfrtp_1)
                                                         dsa[11].last_carry (net)
                      0.050966    0.000014    0.663958 v dsa[11]._4_/B1 (sky130_fd_sc_hd__a21o_1)
     2    0.005665    0.046544    0.164107    0.828065 v dsa[11]._4_/X (sky130_fd_sc_hd__a21o_1)
                                                         dsa[11]._1_ (net)
                      0.046544    0.000013    0.828078 v dsa[11]._5_/B (sky130_fd_sc_hd__nand2_1)
     1    0.004858    0.062164    0.074656    0.902733 ^ dsa[11]._5_/Y (sky130_fd_sc_hd__nand2_1)
                                                         dsa[11]._2_ (net)
                      0.062164    0.000007    0.902740 ^ dsa[11]._6_/B (sky130_fd_sc_hd__xnor2_1)
     1    0.002811    0.118549    0.109362    1.012102 ^ dsa[11]._6_/Y (sky130_fd_sc_hd__xnor2_1)
                                                         dsa[11].y_out_next (net)
                      0.118549    0.000012    1.012114 ^ dsa[11]._9_/D (sky130_fd_sc_hd__dfrtp_1)
                                              1.012114   data arrival time

                                 10.000000   10.000000   clock core_clock (rise edge)
                                  0.000000   10.000000   clock source latency
     1    0.011568    0.000000    0.000000   10.000000 ^ clk (in)
                                                         clk (net)
                      0.000309    0.000155   10.000154 ^ clkbuf_0_clk/A (sky130_fd_sc_hd__clkbuf_16)
     8    0.073958    0.091061    0.151616   10.151771 ^ clkbuf_0_clk/X (sky130_fd_sc_hd__clkbuf_16)
                                                         clknet_0_clk (net)
                      0.091061    0.000394   10.152164 ^ clkbuf_3_7__f_clk/A (sky130_fd_sc_hd__clkbuf_16)
    10    0.024446    0.045798    0.146629   10.298794 ^ clkbuf_3_7__f_clk/X (sky130_fd_sc_hd__clkbuf_16)
                                                         clknet_3_7__leaf_clk (net)
                      0.045798    0.000040   10.298834 ^ dsa[11]._9_/CLK (sky130_fd_sc_hd__dfrtp_1)
                                  0.000000   10.298834   clock reconvergence pessimism
                                 -0.076691   10.222142   library setup time
                                             10.222142   data required time
---------------------------------------------------------------------------------------------
                                             10.222142   data required time
                                             -1.012114   data arrival time
---------------------------------------------------------------------------------------------
                                              9.210029   slack (MET)


Startpoint: dsa[23]._8_ (rising edge-triggered flip-flop clocked by core_clock)
Endpoint: dsa[23]._9_ (rising edge-triggered flip-flop clocked by core_clock)
Path Group: core_clock
Path Type: max

Fanout         Cap        Slew       Delay        Time   Description
---------------------------------------------------------------------------------------------
                                  0.000000    0.000000   clock core_clock (rise edge)
                                  0.000000    0.000000   clock source latency
     1    0.011568    0.000000    0.000000    0.000000 ^ clk (in)
                                                         clk (net)
                      0.000309    0.000154    0.000154 ^ clkbuf_0_clk/A (sky130_fd_sc_hd__clkbuf_16)
     8    0.073958    0.091061    0.151616    0.151771 ^ clkbuf_0_clk/X (sky130_fd_sc_hd__clkbuf_16)
                                                         clknet_0_clk (net)
                      0.091061    0.000357    0.152127 ^ clkbuf_3_2__f_clk/A (sky130_fd_sc_hd__clkbuf_16)
    10    0.026536    0.047711    0.148609    0.300736 ^ clkbuf_3_2__f_clk/X (sky130_fd_sc_hd__clkbuf_16)
                                                         clknet_3_2__leaf_clk (net)
                      0.047711    0.000077    0.300813 ^ dsa[23]._8_/CLK (sky130_fd_sc_hd__dfrtp_1)
     2    0.005166    0.051670    0.367622    0.668435 v dsa[23]._8_/Q (sky130_fd_sc_hd__dfrtp_1)
                                                         dsa[23].last_carry (net)
                      0.051670    0.000008    0.668443 v dsa[23]._4_/B1 (sky130_fd_sc_hd__a21o_1)
     2    0.005205    0.044575    0.162170    0.830613 v dsa[23]._4_/X (sky130_fd_sc_hd__a21o_1)
                                                         dsa[23]._1_ (net)
                      0.044575    0.000017    0.830631 v dsa[23]._5_/B (sky130_fd_sc_hd__nand2_1)
     1    0.004871    0.062283    0.073862    0.904493 ^ dsa[23]._5_/Y (sky130_fd_sc_hd__nand2_1)
                                                         dsa[23]._2_ (net)
                      0.062283    0.000006    0.904499 ^ dsa[23]._6_/B (sky130_fd_sc_hd__xnor2_1)
     1    0.002586    0.113982    0.107642    1.012141 ^ dsa[23]._6_/Y (sky130_fd_sc_hd__xnor2_1)
                                                         dsa[23].y_out_next (net)
                      0.113982    0.000009    1.012150 ^ dsa[23]._9_/D (sky130_fd_sc_hd__dfrtp_1)
                                              1.012150   data arrival time

                                 10.000000   10.000000   clock core_clock (rise edge)
                                  0.000000   10.000000   clock source latency
     1    0.011568    0.000000    0.000000   10.000000 ^ clk (in)
                                                         clk (net)
                      0.000309    0.000155   10.000154 ^ clkbuf_0_clk/A (sky130_fd_sc_hd__clkbuf_16)
     8    0.073958    0.091061    0.151616   10.151771 ^ clkbuf_0_clk/X (sky130_fd_sc_hd__clkbuf_16)
                                                         clknet_0_clk (net)
                      0.091061    0.000318   10.152088 ^ clkbuf_3_3__f_clk/A (sky130_fd_sc_hd__clkbuf_16)
     9    0.023889    0.045288    0.146096   10.298184 ^ clkbuf_3_3__f_clk/X (sky130_fd_sc_hd__clkbuf_16)
                                                         clknet_3_3__leaf_clk (net)
                      0.045288    0.000078   10.298262 ^ dsa[23]._9_/CLK (sky130_fd_sc_hd__dfrtp_1)
                                  0.000000   10.298262   clock reconvergence pessimism
                                 -0.075715   10.222547   library setup time
                                             10.222547   data required time
---------------------------------------------------------------------------------------------
                                             10.222547   data required time
                                             -1.012150   data arrival time
---------------------------------------------------------------------------------------------
                                              9.210397   slack (MET)


Startpoint: dsa[26]._8_ (rising edge-triggered flip-flop clocked by core_clock)
Endpoint: dsa[26]._9_ (rising edge-triggered flip-flop clocked by core_clock)
Path Group: core_clock
Path Type: max

Fanout         Cap        Slew       Delay        Time   Description
---------------------------------------------------------------------------------------------
                                  0.000000    0.000000   clock core_clock (rise edge)
                                  0.000000    0.000000   clock source latency
     1    0.011568    0.000000    0.000000    0.000000 ^ clk (in)
                                                         clk (net)
                      0.000309    0.000154    0.000154 ^ clkbuf_0_clk/A (sky130_fd_sc_hd__clkbuf_16)
     8    0.073958    0.091061    0.151616    0.151771 ^ clkbuf_0_clk/X (sky130_fd_sc_hd__clkbuf_16)
                                                         clknet_0_clk (net)
                      0.091061    0.000357    0.152127 ^ clkbuf_3_2__f_clk/A (sky130_fd_sc_hd__clkbuf_16)
    10    0.026536    0.047711    0.148609    0.300736 ^ clkbuf_3_2__f_clk/X (sky130_fd_sc_hd__clkbuf_16)
                                                         clknet_3_2__leaf_clk (net)
                      0.047711    0.000127    0.300864 ^ dsa[26]._8_/CLK (sky130_fd_sc_hd__dfrtp_1)
     2    0.005107    0.051414    0.367308    0.668172 v dsa[26]._8_/Q (sky130_fd_sc_hd__dfrtp_1)
                                                         dsa[26].last_carry (net)
                      0.051414    0.000007    0.668179 v dsa[26]._4_/B1 (sky130_fd_sc_hd__a21o_1)
     2    0.005474    0.044255    0.163344    0.831523 v dsa[26]._4_/X (sky130_fd_sc_hd__a21o_1)
                                                         dsa[26]._1_ (net)
                      0.044255    0.000020    0.831543 v dsa[26]._5_/B (sky130_fd_sc_hd__nand2_1)
     1    0.005715    0.067171    0.078954    0.910497 ^ dsa[26]._5_/Y (sky130_fd_sc_hd__nand2_1)
                                                         dsa[26]._2_ (net)
                      0.067171    0.000036    0.910533 ^ dsa[26]._6_/B (sky130_fd_sc_hd__xnor2_1)
     1    0.002239    0.106918    0.106189    1.016722 ^ dsa[26]._6_/Y (sky130_fd_sc_hd__xnor2_1)
                                                         dsa[26].y_out_next (net)
                      0.106918    0.000003    1.016725 ^ dsa[26]._9_/D (sky130_fd_sc_hd__dfrtp_1)
                                              1.016725   data arrival time

                                 10.000000   10.000000   clock core_clock (rise edge)
                                  0.000000   10.000000   clock source latency
     1    0.011568    0.000000    0.000000   10.000000 ^ clk (in)
                                                         clk (net)
                      0.000309    0.000155   10.000154 ^ clkbuf_0_clk/A (sky130_fd_sc_hd__clkbuf_16)
     8    0.073958    0.091061    0.151616   10.151771 ^ clkbuf_0_clk/X (sky130_fd_sc_hd__clkbuf_16)
                                                         clknet_0_clk (net)
                      0.091061    0.000357   10.152127 ^ clkbuf_3_2__f_clk/A (sky130_fd_sc_hd__clkbuf_16)
    10    0.026536    0.047711    0.148609   10.300736 ^ clkbuf_3_2__f_clk/X (sky130_fd_sc_hd__clkbuf_16)
                                                         clknet_3_2__leaf_clk (net)
                      0.047711    0.000119   10.300856 ^ dsa[26]._9_/CLK (sky130_fd_sc_hd__dfrtp_1)
                                  0.000000   10.300856   clock reconvergence pessimism
                                 -0.073712   10.227144   library setup time
                                             10.227144   data required time
---------------------------------------------------------------------------------------------
                                             10.227144   data required time
                                             -1.016725   data arrival time
---------------------------------------------------------------------------------------------
                                              9.210419   slack (MET)


Startpoint: dsa[27]._8_ (rising edge-triggered flip-flop clocked by core_clock)
Endpoint: dsa[27]._9_ (rising edge-triggered flip-flop clocked by core_clock)
Path Group: core_clock
Path Type: max

Fanout         Cap        Slew       Delay        Time   Description
---------------------------------------------------------------------------------------------
                                  0.000000    0.000000   clock core_clock (rise edge)
                                  0.000000    0.000000   clock source latency
     1    0.011568    0.000000    0.000000    0.000000 ^ clk (in)
                                                         clk (net)
                      0.000309    0.000154    0.000154 ^ clkbuf_0_clk/A (sky130_fd_sc_hd__clkbuf_16)
     8    0.073958    0.091061    0.151616    0.151771 ^ clkbuf_0_clk/X (sky130_fd_sc_hd__clkbuf_16)
                                                         clknet_0_clk (net)
                      0.091061    0.000357    0.152127 ^ clkbuf_3_2__f_clk/A (sky130_fd_sc_hd__clkbuf_16)
    10    0.026536    0.047711    0.148609    0.300736 ^ clkbuf_3_2__f_clk/X (sky130_fd_sc_hd__clkbuf_16)
                                                         clknet_3_2__leaf_clk (net)
                      0.047711    0.000130    0.300866 ^ dsa[27]._8_/CLK (sky130_fd_sc_hd__dfrtp_1)
     2    0.005028    0.051061    0.366877    0.667743 v dsa[27]._8_/Q (sky130_fd_sc_hd__dfrtp_1)
                                                         dsa[27].last_carry (net)
                      0.051061    0.000006    0.667749 v dsa[27]._4_/B1 (sky130_fd_sc_hd__a21o_1)
     2    0.005022    0.043852    0.161124    0.828874 v dsa[27]._4_/X (sky130_fd_sc_hd__a21o_1)
                                                         dsa[27]._1_ (net)
                      0.043852    0.000004    0.828877 v dsa[27]._5_/B (sky130_fd_sc_hd__nand2_1)
     1    0.004930    0.062802    0.073911    0.902788 ^ dsa[27]._5_/Y (sky130_fd_sc_hd__nand2_1)
                                                         dsa[27]._2_ (net)
                      0.062802    0.000009    0.902797 ^ dsa[27]._6_/B (sky130_fd_sc_hd__xnor2_1)
     1    0.002916    0.120676    0.110364    1.013160 ^ dsa[27]._6_/Y (sky130_fd_sc_hd__xnor2_1)
                                                         dsa[27].y_out_next (net)
                      0.120676    0.000014    1.013175 ^ dsa[27]._9_/D (sky130_fd_sc_hd__dfrtp_1)
                                              1.013175   data arrival time

                                 10.000000   10.000000   clock core_clock (rise edge)
                                  0.000000   10.000000   clock source latency
     1    0.011568    0.000000    0.000000   10.000000 ^ clk (in)
                                                         clk (net)
                      0.000309    0.000155   10.000154 ^ clkbuf_0_clk/A (sky130_fd_sc_hd__clkbuf_16)
     8    0.073958    0.091061    0.151616   10.151771 ^ clkbuf_0_clk/X (sky130_fd_sc_hd__clkbuf_16)
                                                         clknet_0_clk (net)
                      0.091061    0.000357   10.152127 ^ clkbuf_3_2__f_clk/A (sky130_fd_sc_hd__clkbuf_16)
    10    0.026536    0.047711    0.148609   10.300736 ^ clkbuf_3_2__f_clk/X (sky130_fd_sc_hd__clkbuf_16)
                                                         clknet_3_2__leaf_clk (net)
                      0.047711    0.000044   10.300781 ^ dsa[27]._9_/CLK (sky130_fd_sc_hd__dfrtp_1)
                                  0.000000   10.300781   clock reconvergence pessimism
                                 -0.076887   10.223894   library setup time
                                             10.223894   data required time
---------------------------------------------------------------------------------------------
                                             10.223894   data required time
                                             -1.013175   data arrival time
---------------------------------------------------------------------------------------------
                                              9.210719   slack (MET)


Startpoint: dsa[12]._8_ (rising edge-triggered flip-flop clocked by core_clock)
Endpoint: dsa[12]._9_ (rising edge-triggered flip-flop clocked by core_clock)
Path Group: core_clock
Path Type: max

Fanout         Cap        Slew       Delay        Time   Description
---------------------------------------------------------------------------------------------
                                  0.000000    0.000000   clock core_clock (rise edge)
                                  0.000000    0.000000   clock source latency
     1    0.011568    0.000000    0.000000    0.000000 ^ clk (in)
                                                         clk (net)
                      0.000309    0.000154    0.000154 ^ clkbuf_0_clk/A (sky130_fd_sc_hd__clkbuf_16)
     8    0.073958    0.091061    0.151616    0.151771 ^ clkbuf_0_clk/X (sky130_fd_sc_hd__clkbuf_16)
                                                         clknet_0_clk (net)
                      0.091061    0.000370    0.152141 ^ clkbuf_3_6__f_clk/A (sky130_fd_sc_hd__clkbuf_16)
     8    0.023743    0.045156    0.145959    0.298099 ^ clkbuf_3_6__f_clk/X (sky130_fd_sc_hd__clkbuf_16)
                                                         clknet_3_6__leaf_clk (net)
                      0.045156    0.000074    0.298174 ^ dsa[12]._8_/CLK (sky130_fd_sc_hd__dfrtp_1)
     2    0.004933    0.050654    0.365414    0.663588 v dsa[12]._8_/Q (sky130_fd_sc_hd__dfrtp_1)
                                                         dsa[12].last_carry (net)
                      0.050654    0.000009    0.663597 v dsa[12]._4_/B1 (sky130_fd_sc_hd__a21o_1)
     2    0.005415    0.045498    0.162833    0.826430 v dsa[12]._4_/X (sky130_fd_sc_hd__a21o_1)
                                                         dsa[12]._1_ (net)
                      0.045498    0.000015    0.826445 v dsa[12]._5_/B (sky130_fd_sc_hd__nand2_1)
     1    0.005015    0.063539    0.075170    0.901616 ^ dsa[12]._5_/Y (sky130_fd_sc_hd__nand2_1)
                                                         dsa[12]._2_ (net)
                      0.063539    0.000011    0.901627 ^ dsa[12]._6_/B (sky130_fd_sc_hd__xnor2_1)
     1    0.002694    0.116163    0.108858    1.010485 ^ dsa[12]._6_/Y (sky130_fd_sc_hd__xnor2_1)
                                                         dsa[12].y_out_next (net)
                      0.116163    0.000010    1.010495 ^ dsa[12]._9_/D (sky130_fd_sc_hd__dfrtp_1)
                                              1.010495   data arrival time

                                 10.000000   10.000000   clock core_clock (rise edge)
                                  0.000000   10.000000   clock source latency
     1    0.011568    0.000000    0.000000   10.000000 ^ clk (in)
                                                         clk (net)
                      0.000309    0.000155   10.000154 ^ clkbuf_0_clk/A (sky130_fd_sc_hd__clkbuf_16)
     8    0.073958    0.091061    0.151616   10.151771 ^ clkbuf_0_clk/X (sky130_fd_sc_hd__clkbuf_16)
                                                         clknet_0_clk (net)
                      0.091061    0.000394   10.152164 ^ clkbuf_3_7__f_clk/A (sky130_fd_sc_hd__clkbuf_16)
    10    0.024446    0.045798    0.146629   10.298794 ^ clkbuf_3_7__f_clk/X (sky130_fd_sc_hd__clkbuf_16)
                                                         clknet_3_7__leaf_clk (net)
                      0.045798    0.000094   10.298888 ^ dsa[12]._9_/CLK (sky130_fd_sc_hd__dfrtp_1)
                                  0.000000   10.298888   clock reconvergence pessimism
                                 -0.076140   10.222748   library setup time
                                             10.222748   data required time
---------------------------------------------------------------------------------------------
                                             10.222748   data required time
                                             -1.010495   data arrival time
---------------------------------------------------------------------------------------------
                                              9.212254   slack (MET)


Startpoint: dsa[14]._8_ (rising edge-triggered flip-flop clocked by core_clock)
Endpoint: dsa[14]._9_ (rising edge-triggered flip-flop clocked by core_clock)
Path Group: core_clock
Path Type: max

Fanout         Cap        Slew       Delay        Time   Description
---------------------------------------------------------------------------------------------
                                  0.000000    0.000000   clock core_clock (rise edge)
                                  0.000000    0.000000   clock source latency
     1    0.011568    0.000000    0.000000    0.000000 ^ clk (in)
                                                         clk (net)
                      0.000309    0.000154    0.000154 ^ clkbuf_0_clk/A (sky130_fd_sc_hd__clkbuf_16)
     8    0.073958    0.091061    0.151616    0.151771 ^ clkbuf_0_clk/X (sky130_fd_sc_hd__clkbuf_16)
                                                         clknet_0_clk (net)
                      0.091061    0.000318    0.152088 ^ clkbuf_3_3__f_clk/A (sky130_fd_sc_hd__clkbuf_16)
     9    0.023889    0.045288    0.146095    0.298183 ^ clkbuf_3_3__f_clk/X (sky130_fd_sc_hd__clkbuf_16)
                                                         clknet_3_3__leaf_clk (net)
                      0.045288    0.000074    0.298257 ^ dsa[14]._8_/CLK (sky130_fd_sc_hd__dfrtp_1)
     2    0.004953    0.050744    0.365574    0.663831 v dsa[14]._8_/Q (sky130_fd_sc_hd__dfrtp_1)
                                                         dsa[14].last_carry (net)
                      0.050744    0.000010    0.663841 v dsa[14]._4_/B1 (sky130_fd_sc_hd__a21o_1)
     2    0.005051    0.043975    0.161158    0.824999 v dsa[14]._4_/X (sky130_fd_sc_hd__a21o_1)
                                                         dsa[14]._1_ (net)
                      0.043975    0.000013    0.825012 v dsa[14]._5_/B (sky130_fd_sc_hd__nand2_1)
     1    0.005196    0.065119    0.075619    0.900631 ^ dsa[14]._5_/Y (sky130_fd_sc_hd__nand2_1)
                                                         dsa[14]._2_ (net)
                      0.065119    0.000017    0.900648 ^ dsa[14]._6_/B (sky130_fd_sc_hd__xnor2_1)
     1    0.002653    0.115326    0.109009    1.009657 ^ dsa[14]._6_/Y (sky130_fd_sc_hd__xnor2_1)
                                                         dsa[14].y_out_next (net)
                      0.115326    0.000010    1.009667 ^ dsa[14]._9_/D (sky130_fd_sc_hd__dfrtp_1)
                                              1.009667   data arrival time

                                 10.000000   10.000000   clock core_clock (rise edge)
                                  0.000000   10.000000   clock source latency
     1    0.011568    0.000000    0.000000   10.000000 ^ clk (in)
                                                         clk (net)
                      0.000309    0.000155   10.000154 ^ clkbuf_0_clk/A (sky130_fd_sc_hd__clkbuf_16)
     8    0.073958    0.091061    0.151616   10.151771 ^ clkbuf_0_clk/X (sky130_fd_sc_hd__clkbuf_16)
                                                         clknet_0_clk (net)
                      0.091061    0.000370   10.152141 ^ clkbuf_3_6__f_clk/A (sky130_fd_sc_hd__clkbuf_16)
     8    0.023743    0.045156    0.145959   10.298100 ^ clkbuf_3_6__f_clk/X (sky130_fd_sc_hd__clkbuf_16)
                                                         clknet_3_6__leaf_clk (net)
                      0.045156    0.000078   10.298178 ^ dsa[14]._9_/CLK (sky130_fd_sc_hd__dfrtp_1)
                                  0.000000   10.298178   clock reconvergence pessimism
                                 -0.076046   10.222132   library setup time
                                             10.222132   data required time
---------------------------------------------------------------------------------------------
                                             10.222132   data required time
                                             -1.009667   data arrival time
---------------------------------------------------------------------------------------------
                                              9.212465   slack (MET)


Startpoint: dsa[17]._8_ (rising edge-triggered flip-flop clocked by core_clock)
Endpoint: dsa[17]._9_ (rising edge-triggered flip-flop clocked by core_clock)
Path Group: core_clock
Path Type: max

Fanout         Cap        Slew       Delay        Time   Description
---------------------------------------------------------------------------------------------
                                  0.000000    0.000000   clock core_clock (rise edge)
                                  0.000000    0.000000   clock source latency
     1    0.011568    0.000000    0.000000    0.000000 ^ clk (in)
                                                         clk (net)
                      0.000309    0.000154    0.000154 ^ clkbuf_0_clk/A (sky130_fd_sc_hd__clkbuf_16)
     8    0.073958    0.091061    0.151616    0.151771 ^ clkbuf_0_clk/X (sky130_fd_sc_hd__clkbuf_16)
                                                         clknet_0_clk (net)
                      0.091062    0.000448    0.152219 ^ clkbuf_3_1__f_clk/A (sky130_fd_sc_hd__clkbuf_16)
     7    0.022774    0.044294    0.145044    0.297263 ^ clkbuf_3_1__f_clk/X (sky130_fd_sc_hd__clkbuf_16)
                                                         clknet_3_1__leaf_clk (net)
                      0.044294    0.000031    0.297294 ^ dsa[17]._8_/CLK (sky130_fd_sc_hd__dfrtp_1)
     2    0.005429    0.052852    0.367770    0.665064 v dsa[17]._8_/Q (sky130_fd_sc_hd__dfrtp_1)
                                                         dsa[17].last_carry (net)
                      0.052852    0.000009    0.665073 v dsa[17]._4_/B1 (sky130_fd_sc_hd__a21o_1)
     2    0.005022    0.043845    0.161706    0.826779 v dsa[17]._4_/X (sky130_fd_sc_hd__a21o_1)
                                                         dsa[17]._1_ (net)
                      0.043845    0.000000    0.826780 v dsa[17]._5_/B (sky130_fd_sc_hd__nand2_1)
     1    0.005009    0.063485    0.074395    0.901174 ^ dsa[17]._5_/Y (sky130_fd_sc_hd__nand2_1)
                                                         dsa[17]._2_ (net)
                      0.063485    0.000011    0.901186 ^ dsa[17]._6_/B (sky130_fd_sc_hd__xnor2_1)
     1    0.002446    0.111119    0.106821    1.008007 ^ dsa[17]._6_/Y (sky130_fd_sc_hd__xnor2_1)
                                                         dsa[17].y_out_next (net)
                      0.111119    0.000007    1.008013 ^ dsa[17]._9_/D (sky130_fd_sc_hd__dfrtp_1)
                                              1.008013   data arrival time

                                 10.000000   10.000000   clock core_clock (rise edge)
                                  0.000000   10.000000   clock source latency
     1    0.011568    0.000000    0.000000   10.000000 ^ clk (in)
                                                         clk (net)
                      0.000309    0.000155   10.000154 ^ clkbuf_0_clk/A (sky130_fd_sc_hd__clkbuf_16)
     8    0.073958    0.091061    0.151616   10.151771 ^ clkbuf_0_clk/X (sky130_fd_sc_hd__clkbuf_16)
                                                         clknet_0_clk (net)
                      0.091062    0.000489   10.152260 ^ clkbuf_3_4__f_clk/A (sky130_fd_sc_hd__clkbuf_16)
     9    0.021994    0.043609    0.144272   10.296532 ^ clkbuf_3_4__f_clk/X (sky130_fd_sc_hd__clkbuf_16)
                                                         clknet_3_4__leaf_clk (net)
                      0.043609    0.000120   10.296652 ^ dsa[17]._9_/CLK (sky130_fd_sc_hd__dfrtp_1)
                                  0.000000   10.296652   clock reconvergence pessimism
                                 -0.075312   10.221339   library setup time
                                             10.221339   data required time
---------------------------------------------------------------------------------------------
                                             10.221339   data required time
                                             -1.008013   data arrival time
---------------------------------------------------------------------------------------------
                                              9.213326   slack (MET)


Startpoint: dsa[5]._8_ (rising edge-triggered flip-flop clocked by core_clock)
Endpoint: dsa[5]._9_ (rising edge-triggered flip-flop clocked by core_clock)
Path Group: core_clock
Path Type: max

Fanout         Cap        Slew       Delay        Time   Description
---------------------------------------------------------------------------------------------
                                  0.000000    0.000000   clock core_clock (rise edge)
                                  0.000000    0.000000   clock source latency
     1    0.011568    0.000000    0.000000    0.000000 ^ clk (in)
                                                         clk (net)
                      0.000309    0.000154    0.000154 ^ clkbuf_0_clk/A (sky130_fd_sc_hd__clkbuf_16)
     8    0.073958    0.091061    0.151616    0.151771 ^ clkbuf_0_clk/X (sky130_fd_sc_hd__clkbuf_16)
                                                         clknet_0_clk (net)
                      0.091062    0.000488    0.152258 ^ clkbuf_3_5__f_clk/A (sky130_fd_sc_hd__clkbuf_16)
     8    0.023945    0.045337    0.146155    0.298414 ^ clkbuf_3_5__f_clk/X (sky130_fd_sc_hd__clkbuf_16)
                                                         clknet_3_5__leaf_clk (net)
                      0.045337    0.000071    0.298485 ^ dsa[5]._8_/CLK (sky130_fd_sc_hd__dfrtp_1)
     2    0.005005    0.050973    0.365872    0.664356 v dsa[5]._8_/Q (sky130_fd_sc_hd__dfrtp_1)
                                                         dsa[5].last_carry (net)
                      0.050973    0.000006    0.664362 v dsa[5]._4_/B1 (sky130_fd_sc_hd__a21o_1)
     2    0.005063    0.044025    0.161289    0.825651 v dsa[5]._4_/X (sky130_fd_sc_hd__a21o_1)
                                                         dsa[5]._1_ (net)
                      0.044025    0.000010    0.825661 v dsa[5]._5_/B (sky130_fd_sc_hd__nand2_1)
     1    0.005161    0.064809    0.075420    0.901081 ^ dsa[5]._5_/Y (sky130_fd_sc_hd__nand2_1)
                                                         dsa[5]._2_ (net)
                      0.064809    0.000017    0.901098 ^ dsa[5]._6_/B (sky130_fd_sc_hd__xnor2_1)
     1    0.002558    0.113406    0.108160    1.009258 ^ dsa[5]._6_/Y (sky130_fd_sc_hd__xnor2_1)
                                                         dsa[5].y_out_next (net)
                      0.113406    0.000008    1.009266 ^ dsa[5]._9_/D (sky130_fd_sc_hd__dfrtp_1)
                                              1.009266   data arrival time

                                 10.000000   10.000000   clock core_clock (rise edge)
                                  0.000000   10.000000   clock source latency
     1    0.011568    0.000000    0.000000   10.000000 ^ clk (in)
                                                         clk (net)
                      0.000309    0.000155   10.000154 ^ clkbuf_0_clk/A (sky130_fd_sc_hd__clkbuf_16)
     8    0.073958    0.091061    0.151616   10.151771 ^ clkbuf_0_clk/X (sky130_fd_sc_hd__clkbuf_16)
                                                         clknet_0_clk (net)
                      0.091062    0.000488   10.152258 ^ clkbuf_3_5__f_clk/A (sky130_fd_sc_hd__clkbuf_16)
     8    0.023945    0.045337    0.146156   10.298414 ^ clkbuf_3_5__f_clk/X (sky130_fd_sc_hd__clkbuf_16)
                                                         clknet_3_5__leaf_clk (net)
                      0.045337    0.000044   10.298458 ^ dsa[5]._9_/CLK (sky130_fd_sc_hd__dfrtp_1)
                                  0.000000   10.298458   clock reconvergence pessimism
                                 -0.075575   10.222884   library setup time
                                             10.222884   data required time
---------------------------------------------------------------------------------------------
                                             10.222884   data required time
                                             -1.009266   data arrival time
---------------------------------------------------------------------------------------------
                                              9.213617   slack (MET)


Startpoint: dsa[9]._8_ (rising edge-triggered flip-flop clocked by core_clock)
Endpoint: dsa[9]._9_ (rising edge-triggered flip-flop clocked by core_clock)
Path Group: core_clock
Path Type: max

Fanout         Cap        Slew       Delay        Time   Description
---------------------------------------------------------------------------------------------
                                  0.000000    0.000000   clock core_clock (rise edge)
                                  0.000000    0.000000   clock source latency
     1    0.011568    0.000000    0.000000    0.000000 ^ clk (in)
                                                         clk (net)
                      0.000309    0.000154    0.000154 ^ clkbuf_0_clk/A (sky130_fd_sc_hd__clkbuf_16)
     8    0.073958    0.091061    0.151616    0.151771 ^ clkbuf_0_clk/X (sky130_fd_sc_hd__clkbuf_16)
                                                         clknet_0_clk (net)
                      0.091061    0.000370    0.152141 ^ clkbuf_3_6__f_clk/A (sky130_fd_sc_hd__clkbuf_16)
     8    0.023743    0.045156    0.145959    0.298099 ^ clkbuf_3_6__f_clk/X (sky130_fd_sc_hd__clkbuf_16)
                                                         clknet_3_6__leaf_clk (net)
                      0.045156    0.000100    0.298199 ^ dsa[9]._8_/CLK (sky130_fd_sc_hd__dfrtp_1)
     2    0.004986    0.050892    0.365704    0.663904 v dsa[9]._8_/Q (sky130_fd_sc_hd__dfrtp_1)
                                                         dsa[9].last_carry (net)
                      0.050892    0.000004    0.663908 v dsa[9]._4_/B1 (sky130_fd_sc_hd__a21o_1)
     2    0.004978    0.043671    0.160866    0.824775 v dsa[9]._4_/X (sky130_fd_sc_hd__a21o_1)
                                                         dsa[9]._1_ (net)
                      0.043671    0.000009    0.824784 v dsa[9]._5_/B (sky130_fd_sc_hd__nand2_1)
     1    0.004871    0.062284    0.073461    0.898245 ^ dsa[9]._5_/Y (sky130_fd_sc_hd__nand2_1)
                                                         dsa[9]._2_ (net)
                      0.062284    0.000006    0.898251 ^ dsa[9]._6_/B (sky130_fd_sc_hd__xnor2_1)
     1    0.002838    0.119082    0.109598    1.007849 ^ dsa[9]._6_/Y (sky130_fd_sc_hd__xnor2_1)
                                                         dsa[9].y_out_next (net)
                      0.119082    0.000013    1.007862 ^ dsa[9]._9_/D (sky130_fd_sc_hd__dfrtp_1)
                                              1.007862   data arrival time

                                 10.000000   10.000000   clock core_clock (rise edge)
                                  0.000000   10.000000   clock source latency
     1    0.011568    0.000000    0.000000   10.000000 ^ clk (in)
                                                         clk (net)
                      0.000309    0.000155   10.000154 ^ clkbuf_0_clk/A (sky130_fd_sc_hd__clkbuf_16)
     8    0.073958    0.091061    0.151616   10.151771 ^ clkbuf_0_clk/X (sky130_fd_sc_hd__clkbuf_16)
                                                         clknet_0_clk (net)
                      0.091061    0.000394   10.152164 ^ clkbuf_3_7__f_clk/A (sky130_fd_sc_hd__clkbuf_16)
    10    0.024446    0.045798    0.146629   10.298794 ^ clkbuf_3_7__f_clk/X (sky130_fd_sc_hd__clkbuf_16)
                                                         clknet_3_7__leaf_clk (net)
                      0.045798    0.000041   10.298835 ^ dsa[9]._9_/CLK (sky130_fd_sc_hd__dfrtp_1)
                                  0.000000   10.298835   clock reconvergence pessimism
                                 -0.076814   10.222021   library setup time
                                             10.222021   data required time
---------------------------------------------------------------------------------------------
                                             10.222021   data required time
                                             -1.007862   data arrival time
---------------------------------------------------------------------------------------------
                                              9.214159   slack (MET)


Startpoint: dsa[8]._8_ (rising edge-triggered flip-flop clocked by core_clock)
Endpoint: dsa[8]._9_ (rising edge-triggered flip-flop clocked by core_clock)
Path Group: core_clock
Path Type: max

Fanout         Cap        Slew       Delay        Time   Description
---------------------------------------------------------------------------------------------
                                  0.000000    0.000000   clock core_clock (rise edge)
                                  0.000000    0.000000   clock source latency
     1    0.011568    0.000000    0.000000    0.000000 ^ clk (in)
                                                         clk (net)
                      0.000309    0.000154    0.000154 ^ clkbuf_0_clk/A (sky130_fd_sc_hd__clkbuf_16)
     8    0.073958    0.091061    0.151616    0.151771 ^ clkbuf_0_clk/X (sky130_fd_sc_hd__clkbuf_16)
                                                         clknet_0_clk (net)
                      0.091062    0.000489    0.152260 ^ clkbuf_3_4__f_clk/A (sky130_fd_sc_hd__clkbuf_16)
     9    0.021994    0.043609    0.144272    0.296531 ^ clkbuf_3_4__f_clk/X (sky130_fd_sc_hd__clkbuf_16)
                                                         clknet_3_4__leaf_clk (net)
                      0.043609    0.000087    0.296618 ^ dsa[8]._8_/CLK (sky130_fd_sc_hd__dfrtp_1)
     2    0.005043    0.051149    0.365433    0.662051 v dsa[8]._8_/Q (sky130_fd_sc_hd__dfrtp_1)
                                                         dsa[8].last_carry (net)
                      0.051149    0.000002    0.662053 v dsa[8]._4_/B1 (sky130_fd_sc_hd__a21o_1)
     2    0.005733    0.045373    0.164477    0.826530 v dsa[8]._4_/X (sky130_fd_sc_hd__a21o_1)
                                                         dsa[8]._1_ (net)
                      0.045373    0.000005    0.826535 v dsa[8]._5_/B (sky130_fd_sc_hd__nand2_1)
     1    0.005093    0.064216    0.075597    0.902133 ^ dsa[8]._5_/Y (sky130_fd_sc_hd__nand2_1)
                                                         dsa[8]._2_ (net)
                      0.064216    0.000014    0.902146 ^ dsa[8]._6_/B (sky130_fd_sc_hd__xnor2_1)
     1    0.002241    0.106947    0.105319    1.007465 ^ dsa[8]._6_/Y (sky130_fd_sc_hd__xnor2_1)
                                                         dsa[8].y_out_next (net)
                      0.106947    0.000003    1.007468 ^ dsa[8]._9_/D (sky130_fd_sc_hd__dfrtp_1)
                                              1.007468   data arrival time

                                 10.000000   10.000000   clock core_clock (rise edge)
                                  0.000000   10.000000   clock source latency
     1    0.011568    0.000000    0.000000   10.000000 ^ clk (in)
                                                         clk (net)
                      0.000309    0.000155   10.000154 ^ clkbuf_0_clk/A (sky130_fd_sc_hd__clkbuf_16)
     8    0.073958    0.091061    0.151616   10.151771 ^ clkbuf_0_clk/X (sky130_fd_sc_hd__clkbuf_16)
                                                         clknet_0_clk (net)
                      0.091062    0.000489   10.152260 ^ clkbuf_3_4__f_clk/A (sky130_fd_sc_hd__clkbuf_16)
     9    0.021994    0.043609    0.144272   10.296532 ^ clkbuf_3_4__f_clk/X (sky130_fd_sc_hd__clkbuf_16)
                                                         clknet_3_4__leaf_clk (net)
                      0.043609    0.000093   10.296625 ^ dsa[8]._9_/CLK (sky130_fd_sc_hd__dfrtp_1)
                                  0.000000   10.296625   clock reconvergence pessimism
                                 -0.074349   10.222277   library setup time
                                             10.222277   data required time
---------------------------------------------------------------------------------------------
                                             10.222277   data required time
                                             -1.007468   data arrival time
---------------------------------------------------------------------------------------------
                                              9.214808   slack (MET)


Startpoint: dsa[4]._8_ (rising edge-triggered flip-flop clocked by core_clock)
Endpoint: dsa[4]._9_ (rising edge-triggered flip-flop clocked by core_clock)
Path Group: core_clock
Path Type: max

Fanout         Cap        Slew       Delay        Time   Description
---------------------------------------------------------------------------------------------
                                  0.000000    0.000000   clock core_clock (rise edge)
                                  0.000000    0.000000   clock source latency
     1    0.011568    0.000000    0.000000    0.000000 ^ clk (in)
                                                         clk (net)
                      0.000309    0.000154    0.000154 ^ clkbuf_0_clk/A (sky130_fd_sc_hd__clkbuf_16)
     8    0.073958    0.091061    0.151616    0.151771 ^ clkbuf_0_clk/X (sky130_fd_sc_hd__clkbuf_16)
                                                         clknet_0_clk (net)
                      0.091062    0.000488    0.152258 ^ clkbuf_3_5__f_clk/A (sky130_fd_sc_hd__clkbuf_16)
     8    0.023945    0.045337    0.146155    0.298414 ^ clkbuf_3_5__f_clk/X (sky130_fd_sc_hd__clkbuf_16)
                                                         clknet_3_5__leaf_clk (net)
                      0.045337    0.000059    0.298473 ^ dsa[4]._8_/CLK (sky130_fd_sc_hd__dfrtp_1)
     2    0.004923    0.050612    0.365430    0.663903 v dsa[4]._8_/Q (sky130_fd_sc_hd__dfrtp_1)
                                                         dsa[4].last_carry (net)
                      0.050612    0.000002    0.663905 v dsa[4]._4_/B1 (sky130_fd_sc_hd__a21o_1)
     2    0.005149    0.044387    0.161576    0.825481 v dsa[4]._4_/X (sky130_fd_sc_hd__a21o_1)
                                                         dsa[4]._1_ (net)
                      0.044387    0.000010    0.825491 v dsa[4]._5_/B (sky130_fd_sc_hd__nand2_1)
     1    0.005390    0.064438    0.076999    0.902489 ^ dsa[4]._5_/Y (sky130_fd_sc_hd__nand2_1)
                                                         dsa[4]._2_ (net)
                      0.064438    0.000023    0.902513 ^ dsa[4]._6_/B (sky130_fd_sc_hd__xnor2_1)
     1    0.002357    0.109309    0.106359    1.008872 ^ dsa[4]._6_/Y (sky130_fd_sc_hd__xnor2_1)
                                                         dsa[4].y_out_next (net)
                      0.109309    0.000005    1.008877 ^ dsa[4]._9_/D (sky130_fd_sc_hd__dfrtp_1)
                                              1.008877   data arrival time

                                 10.000000   10.000000   clock core_clock (rise edge)
                                  0.000000   10.000000   clock source latency
     1    0.011568    0.000000    0.000000   10.000000 ^ clk (in)
                                                         clk (net)
                      0.000309    0.000155   10.000154 ^ clkbuf_0_clk/A (sky130_fd_sc_hd__clkbuf_16)
     8    0.073958    0.091061    0.151616   10.151771 ^ clkbuf_0_clk/X (sky130_fd_sc_hd__clkbuf_16)
                                                         clknet_0_clk (net)
                      0.091062    0.000488   10.152258 ^ clkbuf_3_5__f_clk/A (sky130_fd_sc_hd__clkbuf_16)
     8    0.023945    0.045337    0.146156   10.298414 ^ clkbuf_3_5__f_clk/X (sky130_fd_sc_hd__clkbuf_16)
                                                         clknet_3_5__leaf_clk (net)
                      0.045337    0.000035   10.298449 ^ dsa[4]._9_/CLK (sky130_fd_sc_hd__dfrtp_1)
                                  0.000000   10.298449   clock reconvergence pessimism
                                 -0.074628   10.223821   library setup time
                                             10.223821   data required time
---------------------------------------------------------------------------------------------
                                             10.223821   data required time
                                             -1.008877   data arrival time
---------------------------------------------------------------------------------------------
                                              9.214943   slack (MET)


Startpoint: dsa[7]._8_ (rising edge-triggered flip-flop clocked by core_clock)
Endpoint: dsa[7]._9_ (rising edge-triggered flip-flop clocked by core_clock)
Path Group: core_clock
Path Type: max

Fanout         Cap        Slew       Delay        Time   Description
---------------------------------------------------------------------------------------------
                                  0.000000    0.000000   clock core_clock (rise edge)
                                  0.000000    0.000000   clock source latency
     1    0.011568    0.000000    0.000000    0.000000 ^ clk (in)
                                                         clk (net)
                      0.000309    0.000154    0.000154 ^ clkbuf_0_clk/A (sky130_fd_sc_hd__clkbuf_16)
     8    0.073958    0.091061    0.151616    0.151771 ^ clkbuf_0_clk/X (sky130_fd_sc_hd__clkbuf_16)
                                                         clknet_0_clk (net)
                      0.091062    0.000489    0.152260 ^ clkbuf_3_4__f_clk/A (sky130_fd_sc_hd__clkbuf_16)
     9    0.021994    0.043609    0.144272    0.296531 ^ clkbuf_3_4__f_clk/X (sky130_fd_sc_hd__clkbuf_16)
                                                         clknet_3_4__leaf_clk (net)
                      0.043609    0.000136    0.296667 ^ dsa[7]._8_/CLK (sky130_fd_sc_hd__dfrtp_1)
     2    0.004893    0.050488    0.364627    0.661294 v dsa[7]._8_/Q (sky130_fd_sc_hd__dfrtp_1)
                                                         dsa[7].last_carry (net)
                      0.050488    0.000008    0.661302 v dsa[7]._4_/B1 (sky130_fd_sc_hd__a21o_1)
     2    0.005005    0.043787    0.160863    0.822165 v dsa[7]._4_/X (sky130_fd_sc_hd__a21o_1)
                                                         dsa[7]._1_ (net)
                      0.043787    0.000004    0.822169 v dsa[7]._5_/B (sky130_fd_sc_hd__nand2_1)
     1    0.004846    0.062072    0.073361    0.895530 ^ dsa[7]._5_/Y (sky130_fd_sc_hd__nand2_1)
                                                         dsa[7]._2_ (net)
                      0.062072    0.000006    0.895536 ^ dsa[7]._6_/B (sky130_fd_sc_hd__xnor2_1)
     1    0.002720    0.116695    0.108623    1.004159 ^ dsa[7]._6_/Y (sky130_fd_sc_hd__xnor2_1)
                                                         dsa[7].y_out_next (net)
                      0.116695    0.000011    1.004170 ^ dsa[7]._9_/D (sky130_fd_sc_hd__dfrtp_1)
                                              1.004170   data arrival time

                                 10.000000   10.000000   clock core_clock (rise edge)
                                  0.000000   10.000000   clock source latency
     1    0.011568    0.000000    0.000000   10.000000 ^ clk (in)
                                                         clk (net)
                      0.000309    0.000155   10.000154 ^ clkbuf_0_clk/A (sky130_fd_sc_hd__clkbuf_16)
     8    0.073958    0.091061    0.151616   10.151771 ^ clkbuf_0_clk/X (sky130_fd_sc_hd__clkbuf_16)
                                                         clknet_0_clk (net)
                      0.091062    0.000489   10.152260 ^ clkbuf_3_4__f_clk/A (sky130_fd_sc_hd__clkbuf_16)
     9    0.021994    0.043609    0.144272   10.296532 ^ clkbuf_3_4__f_clk/X (sky130_fd_sc_hd__clkbuf_16)
                                                         clknet_3_4__leaf_clk (net)
                      0.043609    0.000111   10.296643 ^ dsa[7]._9_/CLK (sky130_fd_sc_hd__dfrtp_1)
                                  0.000000   10.296643   clock reconvergence pessimism
                                 -0.076601   10.220042   library setup time
                                             10.220042   data required time
---------------------------------------------------------------------------------------------
                                             10.220042   data required time
                                             -1.004170   data arrival time
---------------------------------------------------------------------------------------------
                                              9.215872   slack (MET)


Startpoint: dsa[25]._8_ (rising edge-triggered flip-flop clocked by core_clock)
Endpoint: dsa[25]._9_ (rising edge-triggered flip-flop clocked by core_clock)
Path Group: core_clock
Path Type: max

Fanout         Cap        Slew       Delay        Time   Description
---------------------------------------------------------------------------------------------
                                  0.000000    0.000000   clock core_clock (rise edge)
                                  0.000000    0.000000   clock source latency
     1    0.011568    0.000000    0.000000    0.000000 ^ clk (in)
                                                         clk (net)
                      0.000309    0.000154    0.000154 ^ clkbuf_0_clk/A (sky130_fd_sc_hd__clkbuf_16)
     8    0.073958    0.091061    0.151616    0.151771 ^ clkbuf_0_clk/X (sky130_fd_sc_hd__clkbuf_16)
                                                         clknet_0_clk (net)
                      0.091061    0.000357    0.152127 ^ clkbuf_3_2__f_clk/A (sky130_fd_sc_hd__clkbuf_16)
    10    0.026536    0.047711    0.148609    0.300736 ^ clkbuf_3_2__f_clk/X (sky130_fd_sc_hd__clkbuf_16)
                                                         clknet_3_2__leaf_clk (net)
                      0.047711    0.000116    0.300853 ^ dsa[25]._8_/CLK (sky130_fd_sc_hd__dfrtp_1)
     2    0.004964    0.050782    0.366535    0.667388 v dsa[25]._8_/Q (sky130_fd_sc_hd__dfrtp_1)
                                                         dsa[25].last_carry (net)
                      0.050782    0.000008    0.667396 v dsa[25]._4_/B1 (sky130_fd_sc_hd__a21o_1)
     2    0.005121    0.044267    0.161497    0.828893 v dsa[25]._4_/X (sky130_fd_sc_hd__a21o_1)
                                                         dsa[25]._1_ (net)
                      0.044267    0.000006    0.828899 v dsa[25]._5_/B (sky130_fd_sc_hd__nand2_1)
     1    0.005009    0.063484    0.074583    0.903481 ^ dsa[25]._5_/Y (sky130_fd_sc_hd__nand2_1)
                                                         dsa[25]._2_ (net)
                      0.063484    0.000011    0.903492 ^ dsa[25]._6_/B (sky130_fd_sc_hd__xnor2_1)
     1    0.002425    0.110695    0.106646    1.010139 ^ dsa[25]._6_/Y (sky130_fd_sc_hd__xnor2_1)
                                                         dsa[25].y_out_next (net)
                      0.110695    0.000006    1.010145 ^ dsa[25]._9_/D (sky130_fd_sc_hd__dfrtp_1)
                                              1.010145   data arrival time

                                 10.000000   10.000000   clock core_clock (rise edge)
                                  0.000000   10.000000   clock source latency
     1    0.011568    0.000000    0.000000   10.000000 ^ clk (in)
                                                         clk (net)
                      0.000309    0.000155   10.000154 ^ clkbuf_0_clk/A (sky130_fd_sc_hd__clkbuf_16)
     8    0.073958    0.091061    0.151616   10.151771 ^ clkbuf_0_clk/X (sky130_fd_sc_hd__clkbuf_16)
                                                         clknet_0_clk (net)
                      0.091061    0.000357   10.152127 ^ clkbuf_3_2__f_clk/A (sky130_fd_sc_hd__clkbuf_16)
    10    0.026536    0.047711    0.148609   10.300736 ^ clkbuf_3_2__f_clk/X (sky130_fd_sc_hd__clkbuf_16)
                                                         clknet_3_2__leaf_clk (net)
                      0.047711    0.000052   10.300789 ^ dsa[25]._9_/CLK (sky130_fd_sc_hd__dfrtp_1)
                                  0.000000   10.300789   clock reconvergence pessimism
                                 -0.074583   10.226206   library setup time
                                             10.226206   data required time
---------------------------------------------------------------------------------------------
                                             10.226206   data required time
                                             -1.010145   data arrival time
---------------------------------------------------------------------------------------------
                                              9.216061   slack (MET)


Startpoint: dsa[1]._8_ (rising edge-triggered flip-flop clocked by core_clock)
Endpoint: dsa[1]._9_ (rising edge-triggered flip-flop clocked by core_clock)
Path Group: core_clock
Path Type: max

Fanout         Cap        Slew       Delay        Time   Description
---------------------------------------------------------------------------------------------
                                  0.000000    0.000000   clock core_clock (rise edge)
                                  0.000000    0.000000   clock source latency
     1    0.011568    0.000000    0.000000    0.000000 ^ clk (in)
                                                         clk (net)
                      0.000309    0.000154    0.000154 ^ clkbuf_0_clk/A (sky130_fd_sc_hd__clkbuf_16)
     8    0.073958    0.091061    0.151616    0.151771 ^ clkbuf_0_clk/X (sky130_fd_sc_hd__clkbuf_16)
                                                         clknet_0_clk (net)
                      0.091061    0.000394    0.152164 ^ clkbuf_3_7__f_clk/A (sky130_fd_sc_hd__clkbuf_16)
    10    0.024446    0.045798    0.146630    0.298794 ^ clkbuf_3_7__f_clk/X (sky130_fd_sc_hd__clkbuf_16)
                                                         clknet_3_7__leaf_clk (net)
                      0.045798    0.000053    0.298847 ^ dsa[1]._8_/CLK (sky130_fd_sc_hd__dfrtp_1)
     2    0.005143    0.051578    0.366786    0.665633 v dsa[1]._8_/Q (sky130_fd_sc_hd__dfrtp_1)
                                                         dsa[1].last_carry (net)
                      0.051578    0.000007    0.665639 v dsa[1]._4_/B1 (sky130_fd_sc_hd__a21o_1)
     2    0.005215    0.043151    0.162187    0.827826 v dsa[1]._4_/X (sky130_fd_sc_hd__a21o_1)
                                                         dsa[1]._1_ (net)
                      0.043151    0.000019    0.827845 v dsa[1]._5_/B (sky130_fd_sc_hd__nand2_1)
     1    0.004858    0.062170    0.073147    0.900992 ^ dsa[1]._5_/Y (sky130_fd_sc_hd__nand2_1)
                                                         dsa[1]._2_ (net)
                      0.062170    0.000007    0.900999 ^ dsa[1]._6_/B (sky130_fd_sc_hd__xnor2_1)
     1    0.002318    0.108514    0.105353    1.006352 ^ dsa[1]._6_/Y (sky130_fd_sc_hd__xnor2_1)
                                                         dsa[1].y_out_next (net)
                      0.108514    0.000004    1.006357 ^ dsa[1]._9_/D (sky130_fd_sc_hd__dfrtp_1)
                                              1.006357   data arrival time

                                 10.000000   10.000000   clock core_clock (rise edge)
                                  0.000000   10.000000   clock source latency
     1    0.011568    0.000000    0.000000   10.000000 ^ clk (in)
                                                         clk (net)
                      0.000309    0.000155   10.000154 ^ clkbuf_0_clk/A (sky130_fd_sc_hd__clkbuf_16)
     8    0.073958    0.091061    0.151616   10.151771 ^ clkbuf_0_clk/X (sky130_fd_sc_hd__clkbuf_16)
                                                         clknet_0_clk (net)
                      0.091061    0.000394   10.152164 ^ clkbuf_3_7__f_clk/A (sky130_fd_sc_hd__clkbuf_16)
    10    0.024446    0.045798    0.146629   10.298794 ^ clkbuf_3_7__f_clk/X (sky130_fd_sc_hd__clkbuf_16)
                                                         clknet_3_7__leaf_clk (net)
                      0.045798    0.000041   10.298835 ^ dsa[1]._9_/CLK (sky130_fd_sc_hd__dfrtp_1)
                                  0.000000   10.298835   clock reconvergence pessimism
                                 -0.074374   10.224461   library setup time
                                             10.224461   data required time
---------------------------------------------------------------------------------------------
                                             10.224461   data required time
                                             -1.006357   data arrival time
---------------------------------------------------------------------------------------------
                                              9.218103   slack (MET)


Startpoint: dsa[10]._8_ (rising edge-triggered flip-flop clocked by core_clock)
Endpoint: dsa[10]._9_ (rising edge-triggered flip-flop clocked by core_clock)
Path Group: core_clock
Path Type: max

Fanout         Cap        Slew       Delay        Time   Description
---------------------------------------------------------------------------------------------
                                  0.000000    0.000000   clock core_clock (rise edge)
                                  0.000000    0.000000   clock source latency
     1    0.011568    0.000000    0.000000    0.000000 ^ clk (in)
                                                         clk (net)
                      0.000309    0.000154    0.000154 ^ clkbuf_0_clk/A (sky130_fd_sc_hd__clkbuf_16)
     8    0.073958    0.091061    0.151616    0.151771 ^ clkbuf_0_clk/X (sky130_fd_sc_hd__clkbuf_16)
                                                         clknet_0_clk (net)
                      0.091061    0.000370    0.152141 ^ clkbuf_3_6__f_clk/A (sky130_fd_sc_hd__clkbuf_16)
     8    0.023743    0.045156    0.145959    0.298099 ^ clkbuf_3_6__f_clk/X (sky130_fd_sc_hd__clkbuf_16)
                                                         clknet_3_6__leaf_clk (net)
                      0.045156    0.000094    0.298193 ^ dsa[10]._8_/CLK (sky130_fd_sc_hd__dfrtp_1)
     2    0.005066    0.051243    0.366133    0.664327 v dsa[10]._8_/Q (sky130_fd_sc_hd__dfrtp_1)
                                                         dsa[10].last_carry (net)
                      0.051243    0.000015    0.664342 v dsa[10]._4_/B1 (sky130_fd_sc_hd__a21o_1)
     2    0.004978    0.043670    0.160981    0.825323 v dsa[10]._4_/X (sky130_fd_sc_hd__a21o_1)
                                                         dsa[10]._1_ (net)
                      0.043670    0.000007    0.825329 v dsa[10]._5_/B (sky130_fd_sc_hd__nand2_1)
     1    0.004944    0.062925    0.073917    0.899247 ^ dsa[10]._5_/Y (sky130_fd_sc_hd__nand2_1)
                                                         dsa[10]._2_ (net)
                      0.062925    0.000009    0.899256 ^ dsa[10]._6_/B (sky130_fd_sc_hd__xnor2_1)
     1    0.002352    0.109208    0.105866    1.005122 ^ dsa[10]._6_/Y (sky130_fd_sc_hd__xnor2_1)
                                                         dsa[10].y_out_next (net)
                      0.109208    0.000005    1.005127 ^ dsa[10]._9_/D (sky130_fd_sc_hd__dfrtp_1)
                                              1.005127   data arrival time

                                 10.000000   10.000000   clock core_clock (rise edge)
                                  0.000000   10.000000   clock source latency
     1    0.011568    0.000000    0.000000   10.000000 ^ clk (in)
                                                         clk (net)
                      0.000309    0.000155   10.000154 ^ clkbuf_0_clk/A (sky130_fd_sc_hd__clkbuf_16)
     8    0.073958    0.091061    0.151616   10.151771 ^ clkbuf_0_clk/X (sky130_fd_sc_hd__clkbuf_16)
                                                         clknet_0_clk (net)
                      0.091061    0.000370   10.152141 ^ clkbuf_3_6__f_clk/A (sky130_fd_sc_hd__clkbuf_16)
     8    0.023743    0.045156    0.145959   10.298100 ^ clkbuf_3_6__f_clk/X (sky130_fd_sc_hd__clkbuf_16)
                                                         clknet_3_6__leaf_clk (net)
                      0.045156    0.000017   10.298117 ^ dsa[10]._9_/CLK (sky130_fd_sc_hd__dfrtp_1)
                                  0.000000   10.298117   clock reconvergence pessimism
                                 -0.074633   10.223484   library setup time
                                             10.223484   data required time
---------------------------------------------------------------------------------------------
                                             10.223484   data required time
                                             -1.005127   data arrival time
---------------------------------------------------------------------------------------------
                                              9.218357   slack (MET)


Startpoint: dsa[6]._8_ (rising edge-triggered flip-flop clocked by core_clock)
Endpoint: dsa[6]._9_ (rising edge-triggered flip-flop clocked by core_clock)
Path Group: core_clock
Path Type: max

Fanout         Cap        Slew       Delay        Time   Description
---------------------------------------------------------------------------------------------
                                  0.000000    0.000000   clock core_clock (rise edge)
                                  0.000000    0.000000   clock source latency
     1    0.011568    0.000000    0.000000    0.000000 ^ clk (in)
                                                         clk (net)
                      0.000309    0.000154    0.000154 ^ clkbuf_0_clk/A (sky130_fd_sc_hd__clkbuf_16)
     8    0.073958    0.091061    0.151616    0.151771 ^ clkbuf_0_clk/X (sky130_fd_sc_hd__clkbuf_16)
                                                         clknet_0_clk (net)
                      0.091062    0.000488    0.152258 ^ clkbuf_3_5__f_clk/A (sky130_fd_sc_hd__clkbuf_16)
     8    0.023945    0.045337    0.146155    0.298414 ^ clkbuf_3_5__f_clk/X (sky130_fd_sc_hd__clkbuf_16)
                                                         clknet_3_5__leaf_clk (net)
                      0.045337    0.000083    0.298497 ^ dsa[6]._8_/CLK (sky130_fd_sc_hd__dfrtp_1)
     2    0.005046    0.051153    0.366092    0.664588 v dsa[6]._8_/Q (sky130_fd_sc_hd__dfrtp_1)
                                                         dsa[6].last_carry (net)
                      0.051153    0.000007    0.664595 v dsa[6]._4_/B1 (sky130_fd_sc_hd__a21o_1)
     2    0.005313    0.043569    0.162516    0.827111 v dsa[6]._4_/X (sky130_fd_sc_hd__a21o_1)
                                                         dsa[6]._1_ (net)
                      0.043569    0.000001    0.827112 v dsa[6]._5_/B (sky130_fd_sc_hd__nand2_1)
     1    0.004944    0.062925    0.073873    0.900985 ^ dsa[6]._5_/Y (sky130_fd_sc_hd__nand2_1)
                                                         dsa[6]._2_ (net)
                      0.062925    0.000009    0.900994 ^ dsa[6]._6_/B (sky130_fd_sc_hd__xnor2_1)
     1    0.002234    0.106817    0.104880    1.005874 ^ dsa[6]._6_/Y (sky130_fd_sc_hd__xnor2_1)
                                                         dsa[6].y_out_next (net)
                      0.106817    0.000003    1.005877 ^ dsa[6]._9_/D (sky130_fd_sc_hd__dfrtp_1)
                                              1.005877   data arrival time

                                 10.000000   10.000000   clock core_clock (rise edge)
                                  0.000000   10.000000   clock source latency
     1    0.011568    0.000000    0.000000   10.000000 ^ clk (in)
                                                         clk (net)
                      0.000309    0.000155   10.000154 ^ clkbuf_0_clk/A (sky130_fd_sc_hd__clkbuf_16)
     8    0.073958    0.091061    0.151616   10.151771 ^ clkbuf_0_clk/X (sky130_fd_sc_hd__clkbuf_16)
                                                         clknet_0_clk (net)
                      0.091062    0.000488   10.152258 ^ clkbuf_3_5__f_clk/A (sky130_fd_sc_hd__clkbuf_16)
     8    0.023945    0.045337    0.146156   10.298414 ^ clkbuf_3_5__f_clk/X (sky130_fd_sc_hd__clkbuf_16)
                                                         clknet_3_5__leaf_clk (net)
                      0.045337    0.000051   10.298465 ^ dsa[6]._9_/CLK (sky130_fd_sc_hd__dfrtp_1)
                                  0.000000   10.298465   clock reconvergence pessimism
                                 -0.074053   10.224412   library setup time
                                             10.224412   data required time
---------------------------------------------------------------------------------------------
                                             10.224412   data required time
                                             -1.005877   data arrival time
---------------------------------------------------------------------------------------------
                                              9.218534   slack (MET)


Startpoint: dsa[20]._8_ (rising edge-triggered flip-flop clocked by core_clock)
Endpoint: dsa[20]._9_ (rising edge-triggered flip-flop clocked by core_clock)
Path Group: core_clock
Path Type: max

Fanout         Cap        Slew       Delay        Time   Description
---------------------------------------------------------------------------------------------
                                  0.000000    0.000000   clock core_clock (rise edge)
                                  0.000000    0.000000   clock source latency
     1    0.011568    0.000000    0.000000    0.000000 ^ clk (in)
                                                         clk (net)
                      0.000309    0.000154    0.000154 ^ clkbuf_0_clk/A (sky130_fd_sc_hd__clkbuf_16)
     8    0.073958    0.091061    0.151616    0.151771 ^ clkbuf_0_clk/X (sky130_fd_sc_hd__clkbuf_16)
                                                         clknet_0_clk (net)
                      0.091062    0.000448    0.152219 ^ clkbuf_3_1__f_clk/A (sky130_fd_sc_hd__clkbuf_16)
     7    0.022774    0.044294    0.145044    0.297263 ^ clkbuf_3_1__f_clk/X (sky130_fd_sc_hd__clkbuf_16)
                                                         clknet_3_1__leaf_clk (net)
                      0.044294    0.000038    0.297301 ^ dsa[20]._8_/CLK (sky130_fd_sc_hd__dfrtp_1)
     2    0.005229    0.050160    0.366684    0.663985 v dsa[20]._8_/Q (sky130_fd_sc_hd__dfrtp_1)
                                                         dsa[20].last_carry (net)
                      0.050160    0.000019    0.664004 v dsa[20]._4_/B1 (sky130_fd_sc_hd__a21o_1)
     2    0.005058    0.044006    0.161000    0.825004 v dsa[20]._4_/X (sky130_fd_sc_hd__a21o_1)
                                                         dsa[20]._1_ (net)
                      0.044006    0.000012    0.825017 v dsa[20]._5_/B (sky130_fd_sc_hd__nand2_1)
     1    0.004969    0.063143    0.074223    0.899239 ^ dsa[20]._5_/Y (sky130_fd_sc_hd__nand2_1)
                                                         dsa[20]._2_ (net)
                      0.063143    0.000010    0.899249 ^ dsa[20]._6_/B (sky130_fd_sc_hd__xnor2_1)
     1    0.002425    0.110693    0.106543    1.005792 ^ dsa[20]._6_/Y (sky130_fd_sc_hd__xnor2_1)
                                                         dsa[20].y_out_next (net)
                      0.110693    0.000006    1.005798 ^ dsa[20]._9_/D (sky130_fd_sc_hd__dfrtp_1)
                                              1.005798   data arrival time

                                 10.000000   10.000000   clock core_clock (rise edge)
                                  0.000000   10.000000   clock source latency
     1    0.011568    0.000000    0.000000   10.000000 ^ clk (in)
                                                         clk (net)
                      0.000309    0.000155   10.000154 ^ clkbuf_0_clk/A (sky130_fd_sc_hd__clkbuf_16)
     8    0.073958    0.091061    0.151616   10.151771 ^ clkbuf_0_clk/X (sky130_fd_sc_hd__clkbuf_16)
                                                         clknet_0_clk (net)
                      0.091062    0.000469   10.152240 ^ clkbuf_3_0__f_clk/A (sky130_fd_sc_hd__clkbuf_16)
    10    0.025807    0.047041    0.147910   10.300150 ^ clkbuf_3_0__f_clk/X (sky130_fd_sc_hd__clkbuf_16)
                                                         clknet_3_0__leaf_clk (net)
                      0.047041    0.000018   10.300167 ^ dsa[20]._9_/CLK (sky130_fd_sc_hd__dfrtp_1)
                                  0.000000   10.300167   clock reconvergence pessimism
                                 -0.074686   10.225481   library setup time
                                             10.225481   data required time
---------------------------------------------------------------------------------------------
                                             10.225481   data required time
                                             -1.005798   data arrival time
---------------------------------------------------------------------------------------------
                                              9.219683   slack (MET)


Startpoint: dsa[13]._8_ (rising edge-triggered flip-flop clocked by core_clock)
Endpoint: dsa[13]._9_ (rising edge-triggered flip-flop clocked by core_clock)
Path Group: core_clock
Path Type: max

Fanout         Cap        Slew       Delay        Time   Description
---------------------------------------------------------------------------------------------
                                  0.000000    0.000000   clock core_clock (rise edge)
                                  0.000000    0.000000   clock source latency
     1    0.011568    0.000000    0.000000    0.000000 ^ clk (in)
                                                         clk (net)
                      0.000309    0.000154    0.000154 ^ clkbuf_0_clk/A (sky130_fd_sc_hd__clkbuf_16)
     8    0.073958    0.091061    0.151616    0.151771 ^ clkbuf_0_clk/X (sky130_fd_sc_hd__clkbuf_16)
                                                         clknet_0_clk (net)
                      0.091061    0.000318    0.152088 ^ clkbuf_3_3__f_clk/A (sky130_fd_sc_hd__clkbuf_16)
     9    0.023889    0.045288    0.146095    0.298183 ^ clkbuf_3_3__f_clk/X (sky130_fd_sc_hd__clkbuf_16)
                                                         clknet_3_3__leaf_clk (net)
                      0.045288    0.000102    0.298285 ^ dsa[13]._8_/CLK (sky130_fd_sc_hd__dfrtp_1)
     2    0.004774    0.049953    0.364607    0.662892 v dsa[13]._8_/Q (sky130_fd_sc_hd__dfrtp_1)
                                                         dsa[13].last_carry (net)
                      0.049953    0.000004    0.662896 v dsa[13]._4_/B1 (sky130_fd_sc_hd__a21o_1)
     2    0.005071    0.044062    0.160995    0.823891 v dsa[13]._4_/X (sky130_fd_sc_hd__a21o_1)
                                                         dsa[13]._1_ (net)
                      0.044062    0.000007    0.823899 v dsa[13]._5_/B (sky130_fd_sc_hd__nand2_1)
     1    0.005093    0.064217    0.075014    0.898912 ^ dsa[13]._5_/Y (sky130_fd_sc_hd__nand2_1)
                                                         dsa[13]._2_ (net)
                      0.064217    0.000014    0.898926 ^ dsa[13]._6_/B (sky130_fd_sc_hd__xnor2_1)
     1    0.002234    0.106817    0.105266    1.004192 ^ dsa[13]._6_/Y (sky130_fd_sc_hd__xnor2_1)
                                                         dsa[13].y_out_next (net)
                      0.106817    0.000003    1.004195 ^ dsa[13]._9_/D (sky130_fd_sc_hd__dfrtp_1)
                                              1.004195   data arrival time

                                 10.000000   10.000000   clock core_clock (rise edge)
                                  0.000000   10.000000   clock source latency
     1    0.011568    0.000000    0.000000   10.000000 ^ clk (in)
                                                         clk (net)
                      0.000309    0.000155   10.000154 ^ clkbuf_0_clk/A (sky130_fd_sc_hd__clkbuf_16)
     8    0.073958    0.091061    0.151616   10.151771 ^ clkbuf_0_clk/X (sky130_fd_sc_hd__clkbuf_16)
                                                         clknet_0_clk (net)
                      0.091061    0.000318   10.152088 ^ clkbuf_3_3__f_clk/A (sky130_fd_sc_hd__clkbuf_16)
     9    0.023889    0.045288    0.146096   10.298184 ^ clkbuf_3_3__f_clk/X (sky130_fd_sc_hd__clkbuf_16)
                                                         clknet_3_3__leaf_clk (net)
                      0.045288    0.000090   10.298274 ^ dsa[13]._9_/CLK (sky130_fd_sc_hd__dfrtp_1)
                                  0.000000   10.298274   clock reconvergence pessimism
                                 -0.074060   10.224213   library setup time
                                             10.224213   data required time
---------------------------------------------------------------------------------------------
                                             10.224213   data required time
                                             -1.004195   data arrival time
---------------------------------------------------------------------------------------------
                                              9.220017   slack (MET)


Startpoint: dsa[0]._8_ (rising edge-triggered flip-flop clocked by core_clock)
Endpoint: dsa[0]._9_ (rising edge-triggered flip-flop clocked by core_clock)
Path Group: core_clock
Path Type: max

Fanout         Cap        Slew       Delay        Time   Description
---------------------------------------------------------------------------------------------
                                  0.000000    0.000000   clock core_clock (rise edge)
                                  0.000000    0.000000   clock source latency
     1    0.011568    0.000000    0.000000    0.000000 ^ clk (in)
                                                         clk (net)
                      0.000309    0.000154    0.000154 ^ clkbuf_0_clk/A (sky130_fd_sc_hd__clkbuf_16)
     8    0.073958    0.091061    0.151616    0.151771 ^ clkbuf_0_clk/X (sky130_fd_sc_hd__clkbuf_16)
                                                         clknet_0_clk (net)
                      0.091061    0.000394    0.152164 ^ clkbuf_3_7__f_clk/A (sky130_fd_sc_hd__clkbuf_16)
    10    0.024446    0.045798    0.146630    0.298794 ^ clkbuf_3_7__f_clk/X (sky130_fd_sc_hd__clkbuf_16)
                                                         clknet_3_7__leaf_clk (net)
                      0.045798    0.000104    0.298897 ^ dsa[0]._8_/CLK (sky130_fd_sc_hd__dfrtp_1)
     2    0.004774    0.049951    0.364797    0.663695 v dsa[0]._8_/Q (sky130_fd_sc_hd__dfrtp_1)
                                                         dsa[0].last_carry (net)
                      0.049951    0.000004    0.663698 v dsa[0]._4_/B1 (sky130_fd_sc_hd__a21o_1)
     2    0.005149    0.044390    0.161361    0.825060 v dsa[0]._4_/X (sky130_fd_sc_hd__a21o_1)
                                                         dsa[0]._1_ (net)
                      0.044390    0.000010    0.825070 v dsa[0]._5_/B (sky130_fd_sc_hd__nand2_1)
     1    0.005231    0.065418    0.076017    0.901086 ^ dsa[0]._5_/Y (sky130_fd_sc_hd__nand2_1)
                                                         dsa[0]._2_ (net)
                      0.065418    0.000019    0.901105 ^ dsa[0]._6_/B (sky130_fd_sc_hd__xnor2_1)
     1    0.002289    0.042680    0.057907    0.959013 v dsa[0]._6_/Y (sky130_fd_sc_hd__xnor2_1)
                                                         dsa[0].y_out_next (net)
                      0.042680    0.000005    0.959017 v dsa[0]._9_/D (sky130_fd_sc_hd__dfrtp_1)
                                              0.959017   data arrival time

                                 10.000000   10.000000   clock core_clock (rise edge)
                                  0.000000   10.000000   clock source latency
     1    0.011568    0.000000    0.000000   10.000000 ^ clk (in)
                                                         clk (net)
                      0.000309    0.000155   10.000154 ^ clkbuf_0_clk/A (sky130_fd_sc_hd__clkbuf_16)
     8    0.073958    0.091061    0.151616   10.151771 ^ clkbuf_0_clk/X (sky130_fd_sc_hd__clkbuf_16)
                                                         clknet_0_clk (net)
                      0.091061    0.000394   10.152164 ^ clkbuf_3_7__f_clk/A (sky130_fd_sc_hd__clkbuf_16)
    10    0.024446    0.045798    0.146629   10.298794 ^ clkbuf_3_7__f_clk/X (sky130_fd_sc_hd__clkbuf_16)
                                                         clknet_3_7__leaf_clk (net)
                      0.045798    0.000070   10.298864 ^ dsa[0]._9_/CLK (sky130_fd_sc_hd__dfrtp_1)
                                  0.000000   10.298864   clock reconvergence pessimism
                                 -0.113079   10.185785   library setup time
                                             10.185785   data required time
---------------------------------------------------------------------------------------------
                                             10.185785   data required time
                                             -0.959017   data arrival time
---------------------------------------------------------------------------------------------
                                              9.226768   slack (MET)


Startpoint: dsa[0]._8_ (rising edge-triggered flip-flop clocked by core_clock)
Endpoint: dsa[0]._8_ (rising edge-triggered flip-flop clocked by core_clock)
Path Group: core_clock
Path Type: max

Fanout         Cap        Slew       Delay        Time   Description
---------------------------------------------------------------------------------------------
                                  0.000000    0.000000   clock core_clock (rise edge)
                                  0.000000    0.000000   clock source latency
     1    0.011568    0.000000    0.000000    0.000000 ^ clk (in)
                                                         clk (net)
                      0.000309    0.000154    0.000154 ^ clkbuf_0_clk/A (sky130_fd_sc_hd__clkbuf_16)
     8    0.073958    0.091061    0.151616    0.151771 ^ clkbuf_0_clk/X (sky130_fd_sc_hd__clkbuf_16)
                                                         clknet_0_clk (net)
                      0.091061    0.000394    0.152164 ^ clkbuf_3_7__f_clk/A (sky130_fd_sc_hd__clkbuf_16)
    10    0.024446    0.045798    0.146630    0.298794 ^ clkbuf_3_7__f_clk/X (sky130_fd_sc_hd__clkbuf_16)
                                                         clknet_3_7__leaf_clk (net)
                      0.045798    0.000104    0.298897 ^ dsa[0]._8_/CLK (sky130_fd_sc_hd__dfrtp_1)
     2    0.004774    0.049951    0.364797    0.663695 v dsa[0]._8_/Q (sky130_fd_sc_hd__dfrtp_1)
                                                         dsa[0].last_carry (net)
                      0.049951    0.000006    0.663700 v dsa[0]._3_/A (sky130_fd_sc_hd__nand3_1)
     2    0.004896    0.081167    0.078515    0.742216 ^ dsa[0]._3_/Y (sky130_fd_sc_hd__nand3_1)
                                                         dsa[0]._0_ (net)
                      0.081167    0.000020    0.742235 ^ dsa[0]._7_/B1_N (sky130_fd_sc_hd__a21bo_1)
     1    0.002339    0.033208    0.196869    0.939105 v dsa[0]._7_/X (sky130_fd_sc_hd__a21bo_1)
                                                         dsa[0].last_carry_next (net)
                      0.033208    0.000005    0.939110 v dsa[0]._8_/D (sky130_fd_sc_hd__dfrtp_1)
                                              0.939110   data arrival time

                                 10.000000   10.000000   clock core_clock (rise edge)
                                  0.000000   10.000000   clock source latency
     1    0.011568    0.000000    0.000000   10.000000 ^ clk (in)
                                                         clk (net)
                      0.000309    0.000155   10.000154 ^ clkbuf_0_clk/A (sky130_fd_sc_hd__clkbuf_16)
     8    0.073958    0.091061    0.151616   10.151771 ^ clkbuf_0_clk/X (sky130_fd_sc_hd__clkbuf_16)
                                                         clknet_0_clk (net)
                      0.091061    0.000394   10.152164 ^ clkbuf_3_7__f_clk/A (sky130_fd_sc_hd__clkbuf_16)
    10    0.024446    0.045798    0.146629   10.298794 ^ clkbuf_3_7__f_clk/X (sky130_fd_sc_hd__clkbuf_16)
                                                         clknet_3_7__leaf_clk (net)
                      0.045798    0.000104   10.298898 ^ dsa[0]._8_/CLK (sky130_fd_sc_hd__dfrtp_1)
                                  0.000000   10.298898   clock reconvergence pessimism
                                 -0.108946   10.189951   library setup time
                                             10.189951   data required time
---------------------------------------------------------------------------------------------
                                             10.189951   data required time
                                             -0.939110   data arrival time
---------------------------------------------------------------------------------------------
                                              9.250841   slack (MET)



