
===========================================================================
report_checks -path_delay min (Hold)
============================================================================
======================= nom_tt_025C_1v80 Corner ===================================

Startpoint: dsa[0]._9_ (rising edge-triggered flip-flop clocked by core_clock)
Endpoint: dsa[1]._9_ (rising edge-triggered flip-flop clocked by core_clock)
Path Group: core_clock
Path Type: min

Fanout         Cap        Slew       Delay        Time   Description
---------------------------------------------------------------------------------------------
                                  0.000000    0.000000   clock core_clock (rise edge)
                                  0.000000    0.000000   clock source latency
     1    0.011568    0.000000    0.000000    0.000000 ^ clk (in)
                                                         clk (net)
                      0.000309    0.000154    0.000154 ^ clkbuf_0_clk/A (sky130_fd_sc_hd__clkbuf_16)
     8    0.073958    0.091061    0.151616    0.151771 ^ clkbuf_0_clk/X (sky130_fd_sc_hd__clkbuf_16)
                                                         clknet_0_clk (net)
                      0.091061    0.000394    0.152164 ^ clkbuf_3_7__f_clk/A (sky130_fd_sc_hd__clkbuf_16)
    10    0.024446    0.045798    0.146630    0.298794 ^ clkbuf_3_7__f_clk/X (sky130_fd_sc_hd__clkbuf_16)
                                                         clknet_3_7__leaf_clk (net)
                      0.045798    0.000070    0.298864 ^ dsa[0]._9_/CLK (sky130_fd_sc_hd__dfrtp_1)
     2    0.007836    0.086134    0.349356    0.648220 ^ dsa[0]._9_/Q (sky130_fd_sc_hd__dfrtp_1)
                                                         dsa[0].y_out (net)
                      0.086134    0.000010    0.648230 ^ dsa[1]._6_/A (sky130_fd_sc_hd__xnor2_1)
     1    0.002261    0.030898    0.071295    0.719525 v dsa[1]._6_/Y (sky130_fd_sc_hd__xnor2_1)
                                                         dsa[1].y_out_next (net)
                      0.030898    0.000004    0.719530 v dsa[1]._9_/D (sky130_fd_sc_hd__dfrtp_1)
                                              0.719530   data arrival time

                                  0.000000    0.000000   clock core_clock (rise edge)
                                  0.000000    0.000000   clock source latency
     1    0.011568    0.000000    0.000000    0.000000 ^ clk (in)
                                                         clk (net)
                      0.000309    0.000154    0.000154 ^ clkbuf_0_clk/A (sky130_fd_sc_hd__clkbuf_16)
     8    0.073958    0.091061    0.151616    0.151771 ^ clkbuf_0_clk/X (sky130_fd_sc_hd__clkbuf_16)
                                                         clknet_0_clk (net)
                      0.091061    0.000394    0.152164 ^ clkbuf_3_7__f_clk/A (sky130_fd_sc_hd__clkbuf_16)
    10    0.024446    0.045798    0.146630    0.298794 ^ clkbuf_3_7__f_clk/X (sky130_fd_sc_hd__clkbuf_16)
                                                         clknet_3_7__leaf_clk (net)
                      0.045798    0.000041    0.298835 ^ dsa[1]._9_/CLK (sky130_fd_sc_hd__dfrtp_1)
                                  0.000000    0.298835   clock reconvergence pessimism
                                 -0.039852    0.258983   library hold time
                                              0.258983   data required time
---------------------------------------------------------------------------------------------
                                              0.258983   data required time
                                             -0.719530   data arrival time
---------------------------------------------------------------------------------------------
                                              0.460547   slack (MET)


Startpoint: dsa[25]._9_ (rising edge-triggered flip-flop clocked by core_clock)
Endpoint: dsa[26]._9_ (rising edge-triggered flip-flop clocked by core_clock)
Path Group: core_clock
Path Type: min

Fanout         Cap        Slew       Delay        Time   Description
---------------------------------------------------------------------------------------------
                                  0.000000    0.000000   clock core_clock (rise edge)
                                  0.000000    0.000000   clock source latency
     1    0.011568    0.000000    0.000000    0.000000 ^ clk (in)
                                                         clk (net)
                      0.000309    0.000154    0.000154 ^ clkbuf_0_clk/A (sky130_fd_sc_hd__clkbuf_16)
     8    0.073958    0.091061    0.151616    0.151771 ^ clkbuf_0_clk/X (sky130_fd_sc_hd__clkbuf_16)
                                                         clknet_0_clk (net)
                      0.091061    0.000357    0.152127 ^ clkbuf_3_2__f_clk/A (sky130_fd_sc_hd__clkbuf_16)
    10    0.026536    0.047711    0.148609    0.300736 ^ clkbuf_3_2__f_clk/X (sky130_fd_sc_hd__clkbuf_16)
                                                         clknet_3_2__leaf_clk (net)
                      0.047711    0.000053    0.300789 ^ dsa[25]._9_/CLK (sky130_fd_sc_hd__dfrtp_1)
     2    0.008019    0.087568    0.351309    0.652098 ^ dsa[25]._9_/Q (sky130_fd_sc_hd__dfrtp_1)
                                                         dsa[25].y_out (net)
                      0.087568    0.000010    0.652108 ^ dsa[26]._6_/A (sky130_fd_sc_hd__xnor2_1)
     1    0.002182    0.030902    0.071159    0.723267 v dsa[26]._6_/Y (sky130_fd_sc_hd__xnor2_1)
                                                         dsa[26].y_out_next (net)
                      0.030902    0.000003    0.723270 v dsa[26]._9_/D (sky130_fd_sc_hd__dfrtp_1)
                                              0.723270   data arrival time

                                  0.000000    0.000000   clock core_clock (rise edge)
                                  0.000000    0.000000   clock source latency
     1    0.011568    0.000000    0.000000    0.000000 ^ clk (in)
                                                         clk (net)
                      0.000309    0.000154    0.000154 ^ clkbuf_0_clk/A (sky130_fd_sc_hd__clkbuf_16)
     8    0.073958    0.091061    0.151616    0.151771 ^ clkbuf_0_clk/X (sky130_fd_sc_hd__clkbuf_16)
                                                         clknet_0_clk (net)
                      0.091061    0.000357    0.152127 ^ clkbuf_3_2__f_clk/A (sky130_fd_sc_hd__clkbuf_16)
    10    0.026536    0.047711    0.148609    0.300736 ^ clkbuf_3_2__f_clk/X (sky130_fd_sc_hd__clkbuf_16)
                                                         clknet_3_2__leaf_clk (net)
                      0.047711    0.000119    0.300855 ^ dsa[26]._9_/CLK (sky130_fd_sc_hd__dfrtp_1)
                                  0.000000    0.300855   clock reconvergence pessimism
                                 -0.039418    0.261438   library hold time
                                              0.261438   data required time
---------------------------------------------------------------------------------------------
                                              0.261438   data required time
                                             -0.723270   data arrival time
---------------------------------------------------------------------------------------------
                                              0.461833   slack (MET)


Startpoint: dsa[4]._9_ (rising edge-triggered flip-flop clocked by core_clock)
Endpoint: dsa[5]._9_ (rising edge-triggered flip-flop clocked by core_clock)
Path Group: core_clock
Path Type: min

Fanout         Cap        Slew       Delay        Time   Description
---------------------------------------------------------------------------------------------
                                  0.000000    0.000000   clock core_clock (rise edge)
                                  0.000000    0.000000   clock source latency
     1    0.011568    0.000000    0.000000    0.000000 ^ clk (in)
                                                         clk (net)
                      0.000309    0.000154    0.000154 ^ clkbuf_0_clk/A (sky130_fd_sc_hd__clkbuf_16)
     8    0.073958    0.091061    0.151616    0.151771 ^ clkbuf_0_clk/X (sky130_fd_sc_hd__clkbuf_16)
                                                         clknet_0_clk (net)
                      0.091062    0.000488    0.152258 ^ clkbuf_3_5__f_clk/A (sky130_fd_sc_hd__clkbuf_16)
     8    0.023945    0.045337    0.146155    0.298414 ^ clkbuf_3_5__f_clk/X (sky130_fd_sc_hd__clkbuf_16)
                                                         clknet_3_5__leaf_clk (net)
                      0.045337    0.000035    0.298448 ^ dsa[4]._9_/CLK (sky130_fd_sc_hd__dfrtp_1)
     2    0.007768    0.085600    0.348722    0.647170 ^ dsa[4]._9_/Q (sky130_fd_sc_hd__dfrtp_1)
                                                         dsa[4].y_out (net)
                      0.085600    0.000024    0.647194 ^ dsa[5]._6_/A (sky130_fd_sc_hd__xnor2_1)
     1    0.002501    0.032829    0.072728    0.719922 v dsa[5]._6_/Y (sky130_fd_sc_hd__xnor2_1)
                                                         dsa[5].y_out_next (net)
                      0.032829    0.000008    0.719930 v dsa[5]._9_/D (sky130_fd_sc_hd__dfrtp_1)
                                              0.719930   data arrival time

                                  0.000000    0.000000   clock core_clock (rise edge)
                                  0.000000    0.000000   clock source latency
     1    0.011568    0.000000    0.000000    0.000000 ^ clk (in)
                                                         clk (net)
                      0.000309    0.000154    0.000154 ^ clkbuf_0_clk/A (sky130_fd_sc_hd__clkbuf_16)
     8    0.073958    0.091061    0.151616    0.151771 ^ clkbuf_0_clk/X (sky130_fd_sc_hd__clkbuf_16)
                                                         clknet_0_clk (net)
                      0.091062    0.000488    0.152258 ^ clkbuf_3_5__f_clk/A (sky130_fd_sc_hd__clkbuf_16)
     8    0.023945    0.045337    0.146155    0.298414 ^ clkbuf_3_5__f_clk/X (sky130_fd_sc_hd__clkbuf_16)
                                                         clknet_3_5__leaf_clk (net)
                      0.045337    0.000045    0.298458 ^ dsa[5]._9_/CLK (sky130_fd_sc_hd__dfrtp_1)
                                  0.000000    0.298458   clock reconvergence pessimism
                                 -0.040744    0.257715   library hold time
                                              0.257715   data required time
---------------------------------------------------------------------------------------------
                                              0.257715   data required time
                                             -0.719930   data arrival time
---------------------------------------------------------------------------------------------
                                              0.462215   slack (MET)


Startpoint: dsa[3]._9_ (rising edge-triggered flip-flop clocked by core_clock)
Endpoint: dsa[4]._9_ (rising edge-triggered flip-flop clocked by core_clock)
Path Group: core_clock
Path Type: min

Fanout         Cap        Slew       Delay        Time   Description
---------------------------------------------------------------------------------------------
                                  0.000000    0.000000   clock core_clock (rise edge)
                                  0.000000    0.000000   clock source latency
     1    0.011568    0.000000    0.000000    0.000000 ^ clk (in)
                                                         clk (net)
                      0.000309    0.000154    0.000154 ^ clkbuf_0_clk/A (sky130_fd_sc_hd__clkbuf_16)
     8    0.073958    0.091061    0.151616    0.151771 ^ clkbuf_0_clk/X (sky130_fd_sc_hd__clkbuf_16)
                                                         clknet_0_clk (net)
                      0.091062    0.000488    0.152258 ^ clkbuf_3_5__f_clk/A (sky130_fd_sc_hd__clkbuf_16)
     8    0.023945    0.045337    0.146155    0.298414 ^ clkbuf_3_5__f_clk/X (sky130_fd_sc_hd__clkbuf_16)
                                                         clknet_3_5__leaf_clk (net)
                      0.045337    0.000034    0.298448 ^ dsa[3]._9_/CLK (sky130_fd_sc_hd__dfrtp_1)
     2    0.008142    0.088520    0.351250    0.649698 ^ dsa[3]._9_/Q (sky130_fd_sc_hd__dfrtp_1)
                                                         dsa[3].y_out (net)
                      0.088520    0.000016    0.649714 ^ dsa[4]._6_/A (sky130_fd_sc_hd__xnor2_1)
     1    0.002300    0.031424    0.072186    0.721900 v dsa[4]._6_/Y (sky130_fd_sc_hd__xnor2_1)
                                                         dsa[4].y_out_next (net)
                      0.031424    0.000005    0.721905 v dsa[4]._9_/D (sky130_fd_sc_hd__dfrtp_1)
                                              0.721905   data arrival time

                                  0.000000    0.000000   clock core_clock (rise edge)
                                  0.000000    0.000000   clock source latency
     1    0.011568    0.000000    0.000000    0.000000 ^ clk (in)
                                                         clk (net)
                      0.000309    0.000154    0.000154 ^ clkbuf_0_clk/A (sky130_fd_sc_hd__clkbuf_16)
     8    0.073958    0.091061    0.151616    0.151771 ^ clkbuf_0_clk/X (sky130_fd_sc_hd__clkbuf_16)
                                                         clknet_0_clk (net)
                      0.091062    0.000488    0.152258 ^ clkbuf_3_5__f_clk/A (sky130_fd_sc_hd__clkbuf_16)
     8    0.023945    0.045337    0.146155    0.298414 ^ clkbuf_3_5__f_clk/X (sky130_fd_sc_hd__clkbuf_16)
                                                         clknet_3_5__leaf_clk (net)
                      0.045337    0.000035    0.298448 ^ dsa[4]._9_/CLK (sky130_fd_sc_hd__dfrtp_1)
                                  0.000000    0.298448   clock reconvergence pessimism
                                 -0.040172    0.258277   library hold time
                                              0.258277   data required time
---------------------------------------------------------------------------------------------
                                              0.258277   data required time
                                             -0.721905   data arrival time
---------------------------------------------------------------------------------------------
                                              0.463628   slack (MET)


Startpoint: dsa[16]._9_ (rising edge-triggered flip-flop clocked by core_clock)
Endpoint: dsa[17]._9_ (rising edge-triggered flip-flop clocked by core_clock)
Path Group: core_clock
Path Type: min

Fanout         Cap        Slew       Delay        Time   Description
---------------------------------------------------------------------------------------------
                                  0.000000    0.000000   clock core_clock (rise edge)
                                  0.000000    0.000000   clock source latency
     1    0.011568    0.000000    0.000000    0.000000 ^ clk (in)
                                                         clk (net)
                      0.000309    0.000154    0.000154 ^ clkbuf_0_clk/A (sky130_fd_sc_hd__clkbuf_16)
     8    0.073958    0.091061    0.151616    0.151771 ^ clkbuf_0_clk/X (sky130_fd_sc_hd__clkbuf_16)
                                                         clknet_0_clk (net)
                      0.091062    0.000489    0.152260 ^ clkbuf_3_4__f_clk/A (sky130_fd_sc_hd__clkbuf_16)
     9    0.021994    0.043609    0.144272    0.296531 ^ clkbuf_3_4__f_clk/X (sky130_fd_sc_hd__clkbuf_16)
                                                         clknet_3_4__leaf_clk (net)
                      0.043609    0.000087    0.296619 ^ dsa[16]._9_/CLK (sky130_fd_sc_hd__dfrtp_1)
     2    0.008203    0.088992    0.351016    0.647635 ^ dsa[16]._9_/Q (sky130_fd_sc_hd__dfrtp_1)
                                                         dsa[16].y_out (net)
                      0.088992    0.000026    0.647661 ^ dsa[17]._6_/A (sky130_fd_sc_hd__xnor2_1)
     1    0.002389    0.031951    0.072899    0.720560 v dsa[17]._6_/Y (sky130_fd_sc_hd__xnor2_1)
                                                         dsa[17].y_out_next (net)
                      0.031951    0.000006    0.720566 v dsa[17]._9_/D (sky130_fd_sc_hd__dfrtp_1)
                                              0.720566   data arrival time

                                  0.000000    0.000000   clock core_clock (rise edge)
                                  0.000000    0.000000   clock source latency
     1    0.011568    0.000000    0.000000    0.000000 ^ clk (in)
                                                         clk (net)
                      0.000309    0.000154    0.000154 ^ clkbuf_0_clk/A (sky130_fd_sc_hd__clkbuf_16)
     8    0.073958    0.091061    0.151616    0.151771 ^ clkbuf_0_clk/X (sky130_fd_sc_hd__clkbuf_16)
                                                         clknet_0_clk (net)
                      0.091062    0.000489    0.152260 ^ clkbuf_3_4__f_clk/A (sky130_fd_sc_hd__clkbuf_16)
     9    0.021994    0.043609    0.144272    0.296531 ^ clkbuf_3_4__f_clk/X (sky130_fd_sc_hd__clkbuf_16)
                                                         clknet_3_4__leaf_clk (net)
                      0.043609    0.000120    0.296652 ^ dsa[17]._9_/CLK (sky130_fd_sc_hd__dfrtp_1)
                                  0.000000    0.296652   clock reconvergence pessimism
                                 -0.040780    0.255871   library hold time
                                              0.255871   data required time
---------------------------------------------------------------------------------------------
                                              0.255871   data required time
                                             -0.720566   data arrival time
---------------------------------------------------------------------------------------------
                                              0.464695   slack (MET)


Startpoint: dsa[22]._9_ (rising edge-triggered flip-flop clocked by core_clock)
Endpoint: dsa[23]._9_ (rising edge-triggered flip-flop clocked by core_clock)
Path Group: core_clock
Path Type: min

Fanout         Cap        Slew       Delay        Time   Description
---------------------------------------------------------------------------------------------
                                  0.000000    0.000000   clock core_clock (rise edge)
                                  0.000000    0.000000   clock source latency
     1    0.011568    0.000000    0.000000    0.000000 ^ clk (in)
                                                         clk (net)
                      0.000309    0.000154    0.000154 ^ clkbuf_0_clk/A (sky130_fd_sc_hd__clkbuf_16)
     8    0.073958    0.091061    0.151616    0.151771 ^ clkbuf_0_clk/X (sky130_fd_sc_hd__clkbuf_16)
                                                         clknet_0_clk (net)
                      0.091061    0.000318    0.152088 ^ clkbuf_3_3__f_clk/A (sky130_fd_sc_hd__clkbuf_16)
     9    0.023889    0.045288    0.146095    0.298183 ^ clkbuf_3_3__f_clk/X (sky130_fd_sc_hd__clkbuf_16)
                                                         clknet_3_3__leaf_clk (net)
                      0.045288    0.000033    0.298216 ^ dsa[22]._9_/CLK (sky130_fd_sc_hd__dfrtp_1)
     2    0.008059    0.087869    0.350669    0.648885 ^ dsa[22]._9_/Q (sky130_fd_sc_hd__dfrtp_1)
                                                         dsa[22].y_out (net)
                      0.087869    0.000021    0.648906 ^ dsa[23]._6_/A (sky130_fd_sc_hd__xnor2_1)
     1    0.002529    0.032758    0.073525    0.722431 v dsa[23]._6_/Y (sky130_fd_sc_hd__xnor2_1)
                                                         dsa[23].y_out_next (net)
                      0.032758    0.000008    0.722439 v dsa[23]._9_/D (sky130_fd_sc_hd__dfrtp_1)
                                              0.722439   data arrival time

                                  0.000000    0.000000   clock core_clock (rise edge)
                                  0.000000    0.000000   clock source latency
     1    0.011568    0.000000    0.000000    0.000000 ^ clk (in)
                                                         clk (net)
                      0.000309    0.000154    0.000154 ^ clkbuf_0_clk/A (sky130_fd_sc_hd__clkbuf_16)
     8    0.073958    0.091061    0.151616    0.151771 ^ clkbuf_0_clk/X (sky130_fd_sc_hd__clkbuf_16)
                                                         clknet_0_clk (net)
                      0.091061    0.000318    0.152088 ^ clkbuf_3_3__f_clk/A (sky130_fd_sc_hd__clkbuf_16)
     9    0.023889    0.045288    0.146095    0.298183 ^ clkbuf_3_3__f_clk/X (sky130_fd_sc_hd__clkbuf_16)
                                                         clknet_3_3__leaf_clk (net)
                      0.045288    0.000079    0.298262 ^ dsa[23]._9_/CLK (sky130_fd_sc_hd__dfrtp_1)
                                  0.000000    0.298262   clock reconvergence pessimism
                                 -0.040726    0.257536   library hold time
                                              0.257536   data required time
---------------------------------------------------------------------------------------------
                                              0.257536   data required time
                                             -0.722439   data arrival time
---------------------------------------------------------------------------------------------
                                              0.464903   slack (MET)


Startpoint: dsa[30]._9_ (rising edge-triggered flip-flop clocked by core_clock)
Endpoint: dsa[31]._9_ (rising edge-triggered flip-flop clocked by core_clock)
Path Group: core_clock
Path Type: min

Fanout         Cap        Slew       Delay        Time   Description
---------------------------------------------------------------------------------------------
                                  0.000000    0.000000   clock core_clock (rise edge)
                                  0.000000    0.000000   clock source latency
     1    0.011568    0.000000    0.000000    0.000000 ^ clk (in)
                                                         clk (net)
                      0.000309    0.000154    0.000154 ^ clkbuf_0_clk/A (sky130_fd_sc_hd__clkbuf_16)
     8    0.073958    0.091061    0.151616    0.151771 ^ clkbuf_0_clk/X (sky130_fd_sc_hd__clkbuf_16)
                                                         clknet_0_clk (net)
                      0.091062    0.000448    0.152219 ^ clkbuf_3_1__f_clk/A (sky130_fd_sc_hd__clkbuf_16)
     7    0.022774    0.044294    0.145044    0.297263 ^ clkbuf_3_1__f_clk/X (sky130_fd_sc_hd__clkbuf_16)
                                                         clknet_3_1__leaf_clk (net)
                      0.044294    0.000030    0.297293 ^ dsa[30]._9_/CLK (sky130_fd_sc_hd__dfrtp_1)
     2    0.008200    0.086930    0.351227    0.648520 ^ dsa[30]._9_/Q (sky130_fd_sc_hd__dfrtp_1)
                                                         dsa[30].y_out (net)
                      0.086930    0.000041    0.648561 ^ dsa[31]._6_/A (sky130_fd_sc_hd__xnor2_1)
     1    0.002937    0.034421    0.075743    0.724303 v dsa[31]._6_/Y (sky130_fd_sc_hd__xnor2_1)
                                                         dsa[31].y_out_next (net)
                      0.034421    0.000016    0.724319 v dsa[31]._9_/D (sky130_fd_sc_hd__dfrtp_1)
                                              0.724319   data arrival time

                                  0.000000    0.000000   clock core_clock (rise edge)
                                  0.000000    0.000000   clock source latency
     1    0.011568    0.000000    0.000000    0.000000 ^ clk (in)
                                                         clk (net)
                      0.000309    0.000154    0.000154 ^ clkbuf_0_clk/A (sky130_fd_sc_hd__clkbuf_16)
     8    0.073958    0.091061    0.151616    0.151771 ^ clkbuf_0_clk/X (sky130_fd_sc_hd__clkbuf_16)
                                                         clknet_0_clk (net)
                      0.091062    0.000468    0.152239 ^ clkbuf_3_0__f_clk/A (sky130_fd_sc_hd__clkbuf_16)
    10    0.025807    0.047041    0.147910    0.300149 ^ clkbuf_3_0__f_clk/X (sky130_fd_sc_hd__clkbuf_16)
                                                         clknet_3_0__leaf_clk (net)
                      0.047041    0.000146    0.300295 ^ dsa[31]._9_/CLK (sky130_fd_sc_hd__dfrtp_1)
                                  0.000000    0.300295   clock reconvergence pessimism
                                 -0.041003    0.259292   library hold time
                                              0.259292   data required time
---------------------------------------------------------------------------------------------
                                              0.259292   data required time
                                             -0.724319   data arrival time
---------------------------------------------------------------------------------------------
                                              0.465027   slack (MET)


Startpoint: dsa[7]._9_ (rising edge-triggered flip-flop clocked by core_clock)
Endpoint: dsa[8]._9_ (rising edge-triggered flip-flop clocked by core_clock)
Path Group: core_clock
Path Type: min

Fanout         Cap        Slew       Delay        Time   Description
---------------------------------------------------------------------------------------------
                                  0.000000    0.000000   clock core_clock (rise edge)
                                  0.000000    0.000000   clock source latency
     1    0.011568    0.000000    0.000000    0.000000 ^ clk (in)
                                                         clk (net)
                      0.000309    0.000154    0.000154 ^ clkbuf_0_clk/A (sky130_fd_sc_hd__clkbuf_16)
     8    0.073958    0.091061    0.151616    0.151771 ^ clkbuf_0_clk/X (sky130_fd_sc_hd__clkbuf_16)
                                                         clknet_0_clk (net)
                      0.091062    0.000489    0.152260 ^ clkbuf_3_4__f_clk/A (sky130_fd_sc_hd__clkbuf_16)
     9    0.021994    0.043609    0.144272    0.296531 ^ clkbuf_3_4__f_clk/X (sky130_fd_sc_hd__clkbuf_16)
                                                         clknet_3_4__leaf_clk (net)
                      0.043609    0.000111    0.296643 ^ dsa[7]._9_/CLK (sky130_fd_sc_hd__dfrtp_1)
     2    0.008537    0.089401    0.353246    0.649889 ^ dsa[7]._9_/Q (sky130_fd_sc_hd__dfrtp_1)
                                                         dsa[7].y_out (net)
                      0.089401    0.000044    0.649933 ^ dsa[8]._6_/A (sky130_fd_sc_hd__xnor2_1)
     1    0.002184    0.030662    0.071653    0.721586 v dsa[8]._6_/Y (sky130_fd_sc_hd__xnor2_1)
                                                         dsa[8].y_out_next (net)
                      0.030662    0.000003    0.721589 v dsa[8]._9_/D (sky130_fd_sc_hd__dfrtp_1)
                                              0.721589   data arrival time

                                  0.000000    0.000000   clock core_clock (rise edge)
                                  0.000000    0.000000   clock source latency
     1    0.011568    0.000000    0.000000    0.000000 ^ clk (in)
                                                         clk (net)
                      0.000309    0.000154    0.000154 ^ clkbuf_0_clk/A (sky130_fd_sc_hd__clkbuf_16)
     8    0.073958    0.091061    0.151616    0.151771 ^ clkbuf_0_clk/X (sky130_fd_sc_hd__clkbuf_16)
                                                         clknet_0_clk (net)
                      0.091062    0.000489    0.152260 ^ clkbuf_3_4__f_clk/A (sky130_fd_sc_hd__clkbuf_16)
     9    0.021994    0.043609    0.144272    0.296531 ^ clkbuf_3_4__f_clk/X (sky130_fd_sc_hd__clkbuf_16)
                                                         clknet_3_4__leaf_clk (net)
                      0.043609    0.000094    0.296625 ^ dsa[8]._9_/CLK (sky130_fd_sc_hd__dfrtp_1)
                                  0.000000    0.296625   clock reconvergence pessimism
                                 -0.040256    0.256369   library hold time
                                              0.256369   data required time
---------------------------------------------------------------------------------------------
                                              0.256369   data required time
                                             -0.721589   data arrival time
---------------------------------------------------------------------------------------------
                                              0.465220   slack (MET)


Startpoint: dsa[8]._9_ (rising edge-triggered flip-flop clocked by core_clock)
Endpoint: dsa[9]._9_ (rising edge-triggered flip-flop clocked by core_clock)
Path Group: core_clock
Path Type: min

Fanout         Cap        Slew       Delay        Time   Description
---------------------------------------------------------------------------------------------
                                  0.000000    0.000000   clock core_clock (rise edge)
                                  0.000000    0.000000   clock source latency
     1    0.011568    0.000000    0.000000    0.000000 ^ clk (in)
                                                         clk (net)
                      0.000309    0.000154    0.000154 ^ clkbuf_0_clk/A (sky130_fd_sc_hd__clkbuf_16)
     8    0.073958    0.091061    0.151616    0.151771 ^ clkbuf_0_clk/X (sky130_fd_sc_hd__clkbuf_16)
                                                         clknet_0_clk (net)
                      0.091062    0.000489    0.152260 ^ clkbuf_3_4__f_clk/A (sky130_fd_sc_hd__clkbuf_16)
     9    0.021994    0.043609    0.144272    0.296531 ^ clkbuf_3_4__f_clk/X (sky130_fd_sc_hd__clkbuf_16)
                                                         clknet_3_4__leaf_clk (net)
                      0.043609    0.000094    0.296625 ^ dsa[8]._9_/CLK (sky130_fd_sc_hd__dfrtp_1)
     2    0.008247    0.089334    0.351313    0.647938 ^ dsa[8]._9_/Q (sky130_fd_sc_hd__dfrtp_1)
                                                         dsa[8].y_out (net)
                      0.089334    0.000036    0.647974 ^ dsa[9]._6_/A (sky130_fd_sc_hd__xnor2_1)
     1    0.002781    0.033372    0.075459    0.723434 v dsa[9]._6_/Y (sky130_fd_sc_hd__xnor2_1)
                                                         dsa[9].y_out_next (net)
                      0.033372    0.000013    0.723446 v dsa[9]._9_/D (sky130_fd_sc_hd__dfrtp_1)
                                              0.723446   data arrival time

                                  0.000000    0.000000   clock core_clock (rise edge)
                                  0.000000    0.000000   clock source latency
     1    0.011568    0.000000    0.000000    0.000000 ^ clk (in)
                                                         clk (net)
                      0.000309    0.000154    0.000154 ^ clkbuf_0_clk/A (sky130_fd_sc_hd__clkbuf_16)
     8    0.073958    0.091061    0.151616    0.151771 ^ clkbuf_0_clk/X (sky130_fd_sc_hd__clkbuf_16)
                                                         clknet_0_clk (net)
                      0.091061    0.000394    0.152164 ^ clkbuf_3_7__f_clk/A (sky130_fd_sc_hd__clkbuf_16)
    10    0.024446    0.045798    0.146630    0.298794 ^ clkbuf_3_7__f_clk/X (sky130_fd_sc_hd__clkbuf_16)
                                                         clknet_3_7__leaf_clk (net)
                      0.045798    0.000041    0.298835 ^ dsa[9]._9_/CLK (sky130_fd_sc_hd__dfrtp_1)
                                  0.000000    0.298835   clock reconvergence pessimism
                                 -0.040860    0.257976   library hold time
                                              0.257976   data required time
---------------------------------------------------------------------------------------------
                                              0.257976   data required time
                                             -0.723446   data arrival time
---------------------------------------------------------------------------------------------
                                              0.465471   slack (MET)


Startpoint: dsa[23]._9_ (rising edge-triggered flip-flop clocked by core_clock)
Endpoint: dsa[24]._9_ (rising edge-triggered flip-flop clocked by core_clock)
Path Group: core_clock
Path Type: min

Fanout         Cap        Slew       Delay        Time   Description
---------------------------------------------------------------------------------------------
                                  0.000000    0.000000   clock core_clock (rise edge)
                                  0.000000    0.000000   clock source latency
     1    0.011568    0.000000    0.000000    0.000000 ^ clk (in)
                                                         clk (net)
                      0.000309    0.000154    0.000154 ^ clkbuf_0_clk/A (sky130_fd_sc_hd__clkbuf_16)
     8    0.073958    0.091061    0.151616    0.151771 ^ clkbuf_0_clk/X (sky130_fd_sc_hd__clkbuf_16)
                                                         clknet_0_clk (net)
                      0.091061    0.000318    0.152088 ^ clkbuf_3_3__f_clk/A (sky130_fd_sc_hd__clkbuf_16)
     9    0.023889    0.045288    0.146095    0.298183 ^ clkbuf_3_3__f_clk/X (sky130_fd_sc_hd__clkbuf_16)
                                                         clknet_3_3__leaf_clk (net)
                      0.045288    0.000079    0.298262 ^ dsa[23]._9_/CLK (sky130_fd_sc_hd__dfrtp_1)
     2    0.008057    0.087859    0.350660    0.648922 ^ dsa[23]._9_/Q (sky130_fd_sc_hd__dfrtp_1)
                                                         dsa[23].y_out (net)
                      0.087859    0.000030    0.648952 ^ dsa[24]._6_/A (sky130_fd_sc_hd__xnor2_1)
     1    0.002637    0.032676    0.074199    0.723151 v dsa[24]._6_/Y (sky130_fd_sc_hd__xnor2_1)
                                                         dsa[24].y_out_next (net)
                      0.032676    0.000010    0.723161 v dsa[24]._9_/D (sky130_fd_sc_hd__dfrtp_1)
                                              0.723161   data arrival time

                                  0.000000    0.000000   clock core_clock (rise edge)
                                  0.000000    0.000000   clock source latency
     1    0.011568    0.000000    0.000000    0.000000 ^ clk (in)
                                                         clk (net)
                      0.000309    0.000154    0.000154 ^ clkbuf_0_clk/A (sky130_fd_sc_hd__clkbuf_16)
     8    0.073958    0.091061    0.151616    0.151771 ^ clkbuf_0_clk/X (sky130_fd_sc_hd__clkbuf_16)
                                                         clknet_0_clk (net)
                      0.091061    0.000318    0.152088 ^ clkbuf_3_3__f_clk/A (sky130_fd_sc_hd__clkbuf_16)
     9    0.023889    0.045288    0.146095    0.298183 ^ clkbuf_3_3__f_clk/X (sky130_fd_sc_hd__clkbuf_16)
                                                         clknet_3_3__leaf_clk (net)
                      0.045288    0.000087    0.298270 ^ dsa[24]._9_/CLK (sky130_fd_sc_hd__dfrtp_1)
                                  0.000000    0.298270   clock reconvergence pessimism
                                 -0.040693    0.257578   library hold time
                                              0.257578   data required time
---------------------------------------------------------------------------------------------
                                              0.257578   data required time
                                             -0.723161   data arrival time
---------------------------------------------------------------------------------------------
                                              0.465583   slack (MET)


Startpoint: dsa[21]._9_ (rising edge-triggered flip-flop clocked by core_clock)
Endpoint: dsa[22]._9_ (rising edge-triggered flip-flop clocked by core_clock)
Path Group: core_clock
Path Type: min

Fanout         Cap        Slew       Delay        Time   Description
---------------------------------------------------------------------------------------------
                                  0.000000    0.000000   clock core_clock (rise edge)
                                  0.000000    0.000000   clock source latency
     1    0.011568    0.000000    0.000000    0.000000 ^ clk (in)
                                                         clk (net)
                      0.000309    0.000154    0.000154 ^ clkbuf_0_clk/A (sky130_fd_sc_hd__clkbuf_16)
     8    0.073958    0.091061    0.151616    0.151771 ^ clkbuf_0_clk/X (sky130_fd_sc_hd__clkbuf_16)
                                                         clknet_0_clk (net)
                      0.091061    0.000318    0.152088 ^ clkbuf_3_3__f_clk/A (sky130_fd_sc_hd__clkbuf_16)
     9    0.023889    0.045288    0.146095    0.298183 ^ clkbuf_3_3__f_clk/X (sky130_fd_sc_hd__clkbuf_16)
                                                         clknet_3_3__leaf_clk (net)
                      0.045288    0.000017    0.298200 ^ dsa[21]._9_/CLK (sky130_fd_sc_hd__dfrtp_1)
     2    0.007816    0.085976    0.349030    0.647230 ^ dsa[21]._9_/Q (sky130_fd_sc_hd__dfrtp_1)
                                                         dsa[21].y_out (net)
                      0.085976    0.000020    0.647250 ^ dsa[22]._6_/A (sky130_fd_sc_hd__xnor2_1)
     1    0.002898    0.034153    0.075249    0.722499 v dsa[22]._6_/Y (sky130_fd_sc_hd__xnor2_1)
                                                         dsa[22].y_out_next (net)
                      0.034153    0.000015    0.722514 v dsa[22]._9_/D (sky130_fd_sc_hd__dfrtp_1)
                                              0.722514   data arrival time

                                  0.000000    0.000000   clock core_clock (rise edge)
                                  0.000000    0.000000   clock source latency
     1    0.011568    0.000000    0.000000    0.000000 ^ clk (in)
                                                         clk (net)
                      0.000309    0.000154    0.000154 ^ clkbuf_0_clk/A (sky130_fd_sc_hd__clkbuf_16)
     8    0.073958    0.091061    0.151616    0.151771 ^ clkbuf_0_clk/X (sky130_fd_sc_hd__clkbuf_16)
                                                         clknet_0_clk (net)
                      0.091061    0.000318    0.152088 ^ clkbuf_3_3__f_clk/A (sky130_fd_sc_hd__clkbuf_16)
     9    0.023889    0.045288    0.146095    0.298183 ^ clkbuf_3_3__f_clk/X (sky130_fd_sc_hd__clkbuf_16)
                                                         clknet_3_3__leaf_clk (net)
                      0.045288    0.000033    0.298216 ^ dsa[22]._9_/CLK (sky130_fd_sc_hd__dfrtp_1)
                                  0.000000    0.298216   clock reconvergence pessimism
                                 -0.041294    0.256922   library hold time
                                              0.256922   data required time
---------------------------------------------------------------------------------------------
                                              0.256922   data required time
                                             -0.722514   data arrival time
---------------------------------------------------------------------------------------------
                                              0.465591   slack (MET)


Startpoint: dsa[24]._9_ (rising edge-triggered flip-flop clocked by core_clock)
Endpoint: dsa[25]._9_ (rising edge-triggered flip-flop clocked by core_clock)
Path Group: core_clock
Path Type: min

Fanout         Cap        Slew       Delay        Time   Description
---------------------------------------------------------------------------------------------
                                  0.000000    0.000000   clock core_clock (rise edge)
                                  0.000000    0.000000   clock source latency
     1    0.011568    0.000000    0.000000    0.000000 ^ clk (in)
                                                         clk (net)
                      0.000309    0.000154    0.000154 ^ clkbuf_0_clk/A (sky130_fd_sc_hd__clkbuf_16)
     8    0.073958    0.091061    0.151616    0.151771 ^ clkbuf_0_clk/X (sky130_fd_sc_hd__clkbuf_16)
                                                         clknet_0_clk (net)
                      0.091061    0.000318    0.152088 ^ clkbuf_3_3__f_clk/A (sky130_fd_sc_hd__clkbuf_16)
     9    0.023889    0.045288    0.146095    0.298183 ^ clkbuf_3_3__f_clk/X (sky130_fd_sc_hd__clkbuf_16)
                                                         clknet_3_3__leaf_clk (net)
                      0.045288    0.000087    0.298270 ^ dsa[24]._9_/CLK (sky130_fd_sc_hd__dfrtp_1)
     2    0.008759    0.090928    0.355366    0.653637 ^ dsa[24]._9_/Q (sky130_fd_sc_hd__dfrtp_1)
                                                         dsa[24].y_out (net)
                      0.090928    0.000048    0.653685 ^ dsa[25]._6_/A (sky130_fd_sc_hd__xnor2_1)
     1    0.002368    0.031743    0.073278    0.726963 v dsa[25]._6_/Y (sky130_fd_sc_hd__xnor2_1)
                                                         dsa[25].y_out_next (net)
                      0.031743    0.000006    0.726969 v dsa[25]._9_/D (sky130_fd_sc_hd__dfrtp_1)
                                              0.726969   data arrival time

                                  0.000000    0.000000   clock core_clock (rise edge)
                                  0.000000    0.000000   clock source latency
     1    0.011568    0.000000    0.000000    0.000000 ^ clk (in)
                                                         clk (net)
                      0.000309    0.000154    0.000154 ^ clkbuf_0_clk/A (sky130_fd_sc_hd__clkbuf_16)
     8    0.073958    0.091061    0.151616    0.151771 ^ clkbuf_0_clk/X (sky130_fd_sc_hd__clkbuf_16)
                                                         clknet_0_clk (net)
                      0.091061    0.000357    0.152127 ^ clkbuf_3_2__f_clk/A (sky130_fd_sc_hd__clkbuf_16)
    10    0.026536    0.047711    0.148609    0.300736 ^ clkbuf_3_2__f_clk/X (sky130_fd_sc_hd__clkbuf_16)
                                                         clknet_3_2__leaf_clk (net)
                      0.047711    0.000053    0.300789 ^ dsa[25]._9_/CLK (sky130_fd_sc_hd__dfrtp_1)
                                  0.000000    0.300789   clock reconvergence pessimism
                                 -0.039760    0.261029   library hold time
                                              0.261029   data required time
---------------------------------------------------------------------------------------------
                                              0.261029   data required time
                                             -0.726969   data arrival time
---------------------------------------------------------------------------------------------
                                              0.465940   slack (MET)


Startpoint: dsa[15]._9_ (rising edge-triggered flip-flop clocked by core_clock)
Endpoint: dsa[16]._9_ (rising edge-triggered flip-flop clocked by core_clock)
Path Group: core_clock
Path Type: min

Fanout         Cap        Slew       Delay        Time   Description
---------------------------------------------------------------------------------------------
                                  0.000000    0.000000   clock core_clock (rise edge)
                                  0.000000    0.000000   clock source latency
     1    0.011568    0.000000    0.000000    0.000000 ^ clk (in)
                                                         clk (net)
                      0.000309    0.000154    0.000154 ^ clkbuf_0_clk/A (sky130_fd_sc_hd__clkbuf_16)
     8    0.073958    0.091061    0.151616    0.151771 ^ clkbuf_0_clk/X (sky130_fd_sc_hd__clkbuf_16)
                                                         clknet_0_clk (net)
                      0.091062    0.000489    0.152260 ^ clkbuf_3_4__f_clk/A (sky130_fd_sc_hd__clkbuf_16)
     9    0.021994    0.043609    0.144272    0.296531 ^ clkbuf_3_4__f_clk/X (sky130_fd_sc_hd__clkbuf_16)
                                                         clknet_3_4__leaf_clk (net)
                      0.043609    0.000090    0.296621 ^ dsa[15]._9_/CLK (sky130_fd_sc_hd__dfrtp_1)
     2    0.007902    0.086642    0.348982    0.645603 ^ dsa[15]._9_/Q (sky130_fd_sc_hd__dfrtp_1)
                                                         dsa[15].y_out (net)
                      0.086642    0.000021    0.645624 ^ dsa[16]._6_/A (sky130_fd_sc_hd__xnor2_1)
     1    0.002875    0.034121    0.075290    0.720914 v dsa[16]._6_/Y (sky130_fd_sc_hd__xnor2_1)
                                                         dsa[16].y_out_next (net)
                      0.034121    0.000015    0.720929 v dsa[16]._9_/D (sky130_fd_sc_hd__dfrtp_1)
                                              0.720929   data arrival time

                                  0.000000    0.000000   clock core_clock (rise edge)
                                  0.000000    0.000000   clock source latency
     1    0.011568    0.000000    0.000000    0.000000 ^ clk (in)
                                                         clk (net)
                      0.000309    0.000154    0.000154 ^ clkbuf_0_clk/A (sky130_fd_sc_hd__clkbuf_16)
     8    0.073958    0.091061    0.151616    0.151771 ^ clkbuf_0_clk/X (sky130_fd_sc_hd__clkbuf_16)
                                                         clknet_0_clk (net)
                      0.091062    0.000489    0.152260 ^ clkbuf_3_4__f_clk/A (sky130_fd_sc_hd__clkbuf_16)
     9    0.021994    0.043609    0.144272    0.296531 ^ clkbuf_3_4__f_clk/X (sky130_fd_sc_hd__clkbuf_16)
                                                         clknet_3_4__leaf_clk (net)
                      0.043609    0.000087    0.296619 ^ dsa[16]._9_/CLK (sky130_fd_sc_hd__dfrtp_1)
                                  0.000000    0.296619   clock reconvergence pessimism
                                 -0.041664    0.254955   library hold time
                                              0.254955   data required time
---------------------------------------------------------------------------------------------
                                              0.254955   data required time
                                             -0.720929   data arrival time
---------------------------------------------------------------------------------------------
                                              0.465974   slack (MET)


Startpoint: dsa[13]._9_ (rising edge-triggered flip-flop clocked by core_clock)
Endpoint: dsa[14]._9_ (rising edge-triggered flip-flop clocked by core_clock)
Path Group: core_clock
Path Type: min

Fanout         Cap        Slew       Delay        Time   Description
---------------------------------------------------------------------------------------------
                                  0.000000    0.000000   clock core_clock (rise edge)
                                  0.000000    0.000000   clock source latency
     1    0.011568    0.000000    0.000000    0.000000 ^ clk (in)
                                                         clk (net)
                      0.000309    0.000154    0.000154 ^ clkbuf_0_clk/A (sky130_fd_sc_hd__clkbuf_16)
     8    0.073958    0.091061    0.151616    0.151771 ^ clkbuf_0_clk/X (sky130_fd_sc_hd__clkbuf_16)
                                                         clknet_0_clk (net)
                      0.091061    0.000318    0.152088 ^ clkbuf_3_3__f_clk/A (sky130_fd_sc_hd__clkbuf_16)
     9    0.023889    0.045288    0.146095    0.298183 ^ clkbuf_3_3__f_clk/X (sky130_fd_sc_hd__clkbuf_16)
                                                         clknet_3_3__leaf_clk (net)
                      0.045288    0.000090    0.298273 ^ dsa[13]._9_/CLK (sky130_fd_sc_hd__dfrtp_1)
     2    0.008199    0.086921    0.351591    0.649864 ^ dsa[13]._9_/Q (sky130_fd_sc_hd__dfrtp_1)
                                                         dsa[13].y_out (net)
                      0.086921    0.000035    0.649899 ^ dsa[14]._6_/A (sky130_fd_sc_hd__xnor2_1)
     1    0.002596    0.032475    0.073699    0.723598 v dsa[14]._6_/Y (sky130_fd_sc_hd__xnor2_1)
                                                         dsa[14].y_out_next (net)
                      0.032475    0.000010    0.723608 v dsa[14]._9_/D (sky130_fd_sc_hd__dfrtp_1)
                                              0.723608   data arrival time

                                  0.000000    0.000000   clock core_clock (rise edge)
                                  0.000000    0.000000   clock source latency
     1    0.011568    0.000000    0.000000    0.000000 ^ clk (in)
                                                         clk (net)
                      0.000309    0.000154    0.000154 ^ clkbuf_0_clk/A (sky130_fd_sc_hd__clkbuf_16)
     8    0.073958    0.091061    0.151616    0.151771 ^ clkbuf_0_clk/X (sky130_fd_sc_hd__clkbuf_16)
                                                         clknet_0_clk (net)
                      0.091061    0.000370    0.152141 ^ clkbuf_3_6__f_clk/A (sky130_fd_sc_hd__clkbuf_16)
     8    0.023743    0.045156    0.145959    0.298099 ^ clkbuf_3_6__f_clk/X (sky130_fd_sc_hd__clkbuf_16)
                                                         clknet_3_6__leaf_clk (net)
                      0.045156    0.000078    0.298178 ^ dsa[14]._9_/CLK (sky130_fd_sc_hd__dfrtp_1)
                                  0.000000    0.298178   clock reconvergence pessimism
                                 -0.040641    0.257537   library hold time
                                              0.257537   data required time
---------------------------------------------------------------------------------------------
                                              0.257537   data required time
                                             -0.723608   data arrival time
---------------------------------------------------------------------------------------------
                                              0.466071   slack (MET)


Startpoint: dsa[19]._9_ (rising edge-triggered flip-flop clocked by core_clock)
Endpoint: dsa[20]._9_ (rising edge-triggered flip-flop clocked by core_clock)
Path Group: core_clock
Path Type: min

Fanout         Cap        Slew       Delay        Time   Description
---------------------------------------------------------------------------------------------
                                  0.000000    0.000000   clock core_clock (rise edge)
                                  0.000000    0.000000   clock source latency
     1    0.011568    0.000000    0.000000    0.000000 ^ clk (in)
                                                         clk (net)
                      0.000309    0.000154    0.000154 ^ clkbuf_0_clk/A (sky130_fd_sc_hd__clkbuf_16)
     8    0.073958    0.091061    0.151616    0.151771 ^ clkbuf_0_clk/X (sky130_fd_sc_hd__clkbuf_16)
                                                         clknet_0_clk (net)
                      0.091062    0.000468    0.152239 ^ clkbuf_3_0__f_clk/A (sky130_fd_sc_hd__clkbuf_16)
    10    0.025807    0.047041    0.147910    0.300149 ^ clkbuf_3_0__f_clk/X (sky130_fd_sc_hd__clkbuf_16)
                                                         clknet_3_0__leaf_clk (net)
                      0.047041    0.000128    0.300277 ^ dsa[19]._9_/CLK (sky130_fd_sc_hd__dfrtp_1)
     2    0.008395    0.088448    0.353561    0.653838 ^ dsa[19]._9_/Q (sky130_fd_sc_hd__dfrtp_1)
                                                         dsa[19].y_out (net)
                      0.088448    0.000054    0.653892 ^ dsa[20]._6_/A (sky130_fd_sc_hd__xnor2_1)
     1    0.002368    0.031768    0.072615    0.726507 v dsa[20]._6_/Y (sky130_fd_sc_hd__xnor2_1)
                                                         dsa[20].y_out_next (net)
                      0.031768    0.000006    0.726513 v dsa[20]._9_/D (sky130_fd_sc_hd__dfrtp_1)
                                              0.726513   data arrival time

                                  0.000000    0.000000   clock core_clock (rise edge)
                                  0.000000    0.000000   clock source latency
     1    0.011568    0.000000    0.000000    0.000000 ^ clk (in)
                                                         clk (net)
                      0.000309    0.000154    0.000154 ^ clkbuf_0_clk/A (sky130_fd_sc_hd__clkbuf_16)
     8    0.073958    0.091061    0.151616    0.151771 ^ clkbuf_0_clk/X (sky130_fd_sc_hd__clkbuf_16)
                                                         clknet_0_clk (net)
                      0.091062    0.000468    0.152239 ^ clkbuf_3_0__f_clk/A (sky130_fd_sc_hd__clkbuf_16)
    10    0.025807    0.047041    0.147910    0.300149 ^ clkbuf_3_0__f_clk/X (sky130_fd_sc_hd__clkbuf_16)
                                                         clknet_3_0__leaf_clk (net)
                      0.047041    0.000018    0.300167 ^ dsa[20]._9_/CLK (sky130_fd_sc_hd__dfrtp_1)
                                  0.000000    0.300167   clock reconvergence pessimism
                                 -0.039923    0.260244   library hold time
                                              0.260244   data required time
---------------------------------------------------------------------------------------------
                                              0.260244   data required time
                                             -0.726513   data arrival time
---------------------------------------------------------------------------------------------
                                              0.466269   slack (MET)


Startpoint: dsa[17]._9_ (rising edge-triggered flip-flop clocked by core_clock)
Endpoint: dsa[18]._9_ (rising edge-triggered flip-flop clocked by core_clock)
Path Group: core_clock
Path Type: min

Fanout         Cap        Slew       Delay        Time   Description
---------------------------------------------------------------------------------------------
                                  0.000000    0.000000   clock core_clock (rise edge)
                                  0.000000    0.000000   clock source latency
     1    0.011568    0.000000    0.000000    0.000000 ^ clk (in)
                                                         clk (net)
                      0.000309    0.000154    0.000154 ^ clkbuf_0_clk/A (sky130_fd_sc_hd__clkbuf_16)
     8    0.073958    0.091061    0.151616    0.151771 ^ clkbuf_0_clk/X (sky130_fd_sc_hd__clkbuf_16)
                                                         clknet_0_clk (net)
                      0.091062    0.000489    0.152260 ^ clkbuf_3_4__f_clk/A (sky130_fd_sc_hd__clkbuf_16)
     9    0.021994    0.043609    0.144272    0.296531 ^ clkbuf_3_4__f_clk/X (sky130_fd_sc_hd__clkbuf_16)
                                                         clknet_3_4__leaf_clk (net)
                      0.043609    0.000120    0.296652 ^ dsa[17]._9_/CLK (sky130_fd_sc_hd__dfrtp_1)
     2    0.007996    0.087380    0.349621    0.646272 ^ dsa[17]._9_/Q (sky130_fd_sc_hd__dfrtp_1)
                                                         dsa[17].y_out (net)
                      0.087380    0.000020    0.646292 ^ dsa[18]._6_/A (sky130_fd_sc_hd__xnor2_1)
     1    0.002843    0.033951    0.075301    0.721593 v dsa[18]._6_/Y (sky130_fd_sc_hd__xnor2_1)
                                                         dsa[18].y_out_next (net)
                      0.033951    0.000014    0.721607 v dsa[18]._9_/D (sky130_fd_sc_hd__dfrtp_1)
                                              0.721607   data arrival time

                                  0.000000    0.000000   clock core_clock (rise edge)
                                  0.000000    0.000000   clock source latency
     1    0.011568    0.000000    0.000000    0.000000 ^ clk (in)
                                                         clk (net)
                      0.000309    0.000154    0.000154 ^ clkbuf_0_clk/A (sky130_fd_sc_hd__clkbuf_16)
     8    0.073958    0.091061    0.151616    0.151771 ^ clkbuf_0_clk/X (sky130_fd_sc_hd__clkbuf_16)
                                                         clknet_0_clk (net)
                      0.091062    0.000489    0.152260 ^ clkbuf_3_4__f_clk/A (sky130_fd_sc_hd__clkbuf_16)
     9    0.021994    0.043609    0.144272    0.296531 ^ clkbuf_3_4__f_clk/X (sky130_fd_sc_hd__clkbuf_16)
                                                         clknet_3_4__leaf_clk (net)
                      0.043609    0.000132    0.296664 ^ dsa[18]._9_/CLK (sky130_fd_sc_hd__dfrtp_1)
                                  0.000000    0.296664   clock reconvergence pessimism
                                 -0.041595    0.255069   library hold time
                                              0.255069   data required time
---------------------------------------------------------------------------------------------
                                              0.255069   data required time
                                             -0.721607   data arrival time
---------------------------------------------------------------------------------------------
                                              0.466538   slack (MET)


Startpoint: dsa[9]._9_ (rising edge-triggered flip-flop clocked by core_clock)
Endpoint: dsa[10]._9_ (rising edge-triggered flip-flop clocked by core_clock)
Path Group: core_clock
Path Type: min

Fanout         Cap        Slew       Delay        Time   Description
---------------------------------------------------------------------------------------------
                                  0.000000    0.000000   clock core_clock (rise edge)
                                  0.000000    0.000000   clock source latency
     1    0.011568    0.000000    0.000000    0.000000 ^ clk (in)
                                                         clk (net)
                      0.000309    0.000154    0.000154 ^ clkbuf_0_clk/A (sky130_fd_sc_hd__clkbuf_16)
     8    0.073958    0.091061    0.151616    0.151771 ^ clkbuf_0_clk/X (sky130_fd_sc_hd__clkbuf_16)
                                                         clknet_0_clk (net)
                      0.091061    0.000394    0.152164 ^ clkbuf_3_7__f_clk/A (sky130_fd_sc_hd__clkbuf_16)
    10    0.024446    0.045798    0.146630    0.298794 ^ clkbuf_3_7__f_clk/X (sky130_fd_sc_hd__clkbuf_16)
                                                         clknet_3_7__leaf_clk (net)
                      0.045798    0.000041    0.298835 ^ dsa[9]._9_/CLK (sky130_fd_sc_hd__dfrtp_1)
     2    0.008475    0.088987    0.353639    0.652474 ^ dsa[9]._9_/Q (sky130_fd_sc_hd__dfrtp_1)
                                                         dsa[10].y_in (net)
                      0.088987    0.000046    0.652520 ^ dsa[10]._6_/A (sky130_fd_sc_hd__xnor2_1)
     1    0.002295    0.031219    0.072277    0.724797 v dsa[10]._6_/Y (sky130_fd_sc_hd__xnor2_1)
                                                         dsa[10].y_out_next (net)
                      0.031219    0.000005    0.724802 v dsa[10]._9_/D (sky130_fd_sc_hd__dfrtp_1)
                                              0.724802   data arrival time

                                  0.000000    0.000000   clock core_clock (rise edge)
                                  0.000000    0.000000   clock source latency
     1    0.011568    0.000000    0.000000    0.000000 ^ clk (in)
                                                         clk (net)
                      0.000309    0.000154    0.000154 ^ clkbuf_0_clk/A (sky130_fd_sc_hd__clkbuf_16)
     8    0.073958    0.091061    0.151616    0.151771 ^ clkbuf_0_clk/X (sky130_fd_sc_hd__clkbuf_16)
                                                         clknet_0_clk (net)
                      0.091061    0.000370    0.152141 ^ clkbuf_3_6__f_clk/A (sky130_fd_sc_hd__clkbuf_16)
     8    0.023743    0.045156    0.145959    0.298099 ^ clkbuf_3_6__f_clk/X (sky130_fd_sc_hd__clkbuf_16)
                                                         clknet_3_6__leaf_clk (net)
                      0.045156    0.000017    0.298117 ^ dsa[10]._9_/CLK (sky130_fd_sc_hd__dfrtp_1)
                                  0.000000    0.298117   clock reconvergence pessimism
                                 -0.040129    0.257987   library hold time
                                              0.257987   data required time
---------------------------------------------------------------------------------------------
                                              0.257987   data required time
                                             -0.724802   data arrival time
---------------------------------------------------------------------------------------------
                                              0.466815   slack (MET)


Startpoint: dsa[18]._9_ (rising edge-triggered flip-flop clocked by core_clock)
Endpoint: dsa[19]._9_ (rising edge-triggered flip-flop clocked by core_clock)
Path Group: core_clock
Path Type: min

Fanout         Cap        Slew       Delay        Time   Description
---------------------------------------------------------------------------------------------
                                  0.000000    0.000000   clock core_clock (rise edge)
                                  0.000000    0.000000   clock source latency
     1    0.011568    0.000000    0.000000    0.000000 ^ clk (in)
                                                         clk (net)
                      0.000309    0.000154    0.000154 ^ clkbuf_0_clk/A (sky130_fd_sc_hd__clkbuf_16)
     8    0.073958    0.091061    0.151616    0.151771 ^ clkbuf_0_clk/X (sky130_fd_sc_hd__clkbuf_16)
                                                         clknet_0_clk (net)
                      0.091062    0.000489    0.152260 ^ clkbuf_3_4__f_clk/A (sky130_fd_sc_hd__clkbuf_16)
     9    0.021994    0.043609    0.144272    0.296531 ^ clkbuf_3_4__f_clk/X (sky130_fd_sc_hd__clkbuf_16)
                                                         clknet_3_4__leaf_clk (net)
                      0.043609    0.000132    0.296664 ^ dsa[18]._9_/CLK (sky130_fd_sc_hd__dfrtp_1)
     2    0.008777    0.091047    0.354848    0.651512 ^ dsa[18]._9_/Q (sky130_fd_sc_hd__dfrtp_1)
                                                         dsa[18].y_out (net)
                      0.091047    0.000073    0.651584 ^ dsa[19]._6_/A (sky130_fd_sc_hd__xnor2_1)
     1    0.002715    0.033200    0.075533    0.727117 v dsa[19]._6_/Y (sky130_fd_sc_hd__xnor2_1)
                                                         dsa[19].y_out_next (net)
                      0.033200    0.000011    0.727128 v dsa[19]._9_/D (sky130_fd_sc_hd__dfrtp_1)
                                              0.727128   data arrival time

                                  0.000000    0.000000   clock core_clock (rise edge)
                                  0.000000    0.000000   clock source latency
     1    0.011568    0.000000    0.000000    0.000000 ^ clk (in)
                                                         clk (net)
                      0.000309    0.000154    0.000154 ^ clkbuf_0_clk/A (sky130_fd_sc_hd__clkbuf_16)
     8    0.073958    0.091061    0.151616    0.151771 ^ clkbuf_0_clk/X (sky130_fd_sc_hd__clkbuf_16)
                                                         clknet_0_clk (net)
                      0.091062    0.000468    0.152239 ^ clkbuf_3_0__f_clk/A (sky130_fd_sc_hd__clkbuf_16)
    10    0.025807    0.047041    0.147910    0.300149 ^ clkbuf_3_0__f_clk/X (sky130_fd_sc_hd__clkbuf_16)
                                                         clknet_3_0__leaf_clk (net)
                      0.047041    0.000128    0.300277 ^ dsa[19]._9_/CLK (sky130_fd_sc_hd__dfrtp_1)
                                  0.000000    0.300277   clock reconvergence pessimism
                                 -0.040506    0.259771   library hold time
                                              0.259771   data required time
---------------------------------------------------------------------------------------------
                                              0.259771   data required time
                                             -0.727128   data arrival time
---------------------------------------------------------------------------------------------
                                              0.467357   slack (MET)


Startpoint: dsa[12]._9_ (rising edge-triggered flip-flop clocked by core_clock)
Endpoint: dsa[13]._9_ (rising edge-triggered flip-flop clocked by core_clock)
Path Group: core_clock
Path Type: min

Fanout         Cap        Slew       Delay        Time   Description
---------------------------------------------------------------------------------------------
                                  0.000000    0.000000   clock core_clock (rise edge)
                                  0.000000    0.000000   clock source latency
     1    0.011568    0.000000    0.000000    0.000000 ^ clk (in)
                                                         clk (net)
                      0.000309    0.000154    0.000154 ^ clkbuf_0_clk/A (sky130_fd_sc_hd__clkbuf_16)
     8    0.073958    0.091061    0.151616    0.151771 ^ clkbuf_0_clk/X (sky130_fd_sc_hd__clkbuf_16)
                                                         clknet_0_clk (net)
                      0.091061    0.000394    0.152164 ^ clkbuf_3_7__f_clk/A (sky130_fd_sc_hd__clkbuf_16)
    10    0.024446    0.045798    0.146630    0.298794 ^ clkbuf_3_7__f_clk/X (sky130_fd_sc_hd__clkbuf_16)
                                                         clknet_3_7__leaf_clk (net)
                      0.045798    0.000094    0.298888 ^ dsa[12]._9_/CLK (sky130_fd_sc_hd__dfrtp_1)
     2    0.008677    0.090371    0.354996    0.653884 ^ dsa[12]._9_/Q (sky130_fd_sc_hd__dfrtp_1)
                                                         dsa[12].y_out (net)
                      0.090371    0.000063    0.653947 ^ dsa[13]._6_/A (sky130_fd_sc_hd__xnor2_1)
     1    0.002177    0.030564    0.071867    0.725813 v dsa[13]._6_/Y (sky130_fd_sc_hd__xnor2_1)
                                                         dsa[13].y_out_next (net)
                      0.030564    0.000003    0.725816 v dsa[13]._9_/D (sky130_fd_sc_hd__dfrtp_1)
                                              0.725816   data arrival time

                                  0.000000    0.000000   clock core_clock (rise edge)
                                  0.000000    0.000000   clock source latency
     1    0.011568    0.000000    0.000000    0.000000 ^ clk (in)
                                                         clk (net)
                      0.000309    0.000154    0.000154 ^ clkbuf_0_clk/A (sky130_fd_sc_hd__clkbuf_16)
     8    0.073958    0.091061    0.151616    0.151771 ^ clkbuf_0_clk/X (sky130_fd_sc_hd__clkbuf_16)
                                                         clknet_0_clk (net)
                      0.091061    0.000318    0.152088 ^ clkbuf_3_3__f_clk/A (sky130_fd_sc_hd__clkbuf_16)
     9    0.023889    0.045288    0.146095    0.298183 ^ clkbuf_3_3__f_clk/X (sky130_fd_sc_hd__clkbuf_16)
                                                         clknet_3_3__leaf_clk (net)
                      0.045288    0.000090    0.298273 ^ dsa[13]._9_/CLK (sky130_fd_sc_hd__dfrtp_1)
                                  0.000000    0.298273   clock reconvergence pessimism
                                 -0.039833    0.258441   library hold time
                                              0.258441   data required time
---------------------------------------------------------------------------------------------
                                              0.258441   data required time
                                             -0.725816   data arrival time
---------------------------------------------------------------------------------------------
                                              0.467376   slack (MET)


Startpoint: dsa[5]._9_ (rising edge-triggered flip-flop clocked by core_clock)
Endpoint: dsa[6]._9_ (rising edge-triggered flip-flop clocked by core_clock)
Path Group: core_clock
Path Type: min

Fanout         Cap        Slew       Delay        Time   Description
---------------------------------------------------------------------------------------------
                                  0.000000    0.000000   clock core_clock (rise edge)
                                  0.000000    0.000000   clock source latency
     1    0.011568    0.000000    0.000000    0.000000 ^ clk (in)
                                                         clk (net)
                      0.000309    0.000154    0.000154 ^ clkbuf_0_clk/A (sky130_fd_sc_hd__clkbuf_16)
     8    0.073958    0.091061    0.151616    0.151771 ^ clkbuf_0_clk/X (sky130_fd_sc_hd__clkbuf_16)
                                                         clknet_0_clk (net)
                      0.091062    0.000488    0.152258 ^ clkbuf_3_5__f_clk/A (sky130_fd_sc_hd__clkbuf_16)
     8    0.023945    0.045337    0.146155    0.298414 ^ clkbuf_3_5__f_clk/X (sky130_fd_sc_hd__clkbuf_16)
                                                         clknet_3_5__leaf_clk (net)
                      0.045337    0.000045    0.298458 ^ dsa[5]._9_/CLK (sky130_fd_sc_hd__dfrtp_1)
     2    0.008860    0.091620    0.356066    0.654524 ^ dsa[5]._9_/Q (sky130_fd_sc_hd__dfrtp_1)
                                                         dsa[5].y_out (net)
                      0.091620    0.000052    0.654576 ^ dsa[6]._6_/A (sky130_fd_sc_hd__xnor2_1)
     1    0.002177    0.030433    0.072196    0.726773 v dsa[6]._6_/Y (sky130_fd_sc_hd__xnor2_1)
                                                         dsa[6].y_out_next (net)
                      0.030433    0.000003    0.726776 v dsa[6]._9_/D (sky130_fd_sc_hd__dfrtp_1)
                                              0.726776   data arrival time

                                  0.000000    0.000000   clock core_clock (rise edge)
                                  0.000000    0.000000   clock source latency
     1    0.011568    0.000000    0.000000    0.000000 ^ clk (in)
                                                         clk (net)
                      0.000309    0.000154    0.000154 ^ clkbuf_0_clk/A (sky130_fd_sc_hd__clkbuf_16)
     8    0.073958    0.091061    0.151616    0.151771 ^ clkbuf_0_clk/X (sky130_fd_sc_hd__clkbuf_16)
                                                         clknet_0_clk (net)
                      0.091062    0.000488    0.152258 ^ clkbuf_3_5__f_clk/A (sky130_fd_sc_hd__clkbuf_16)
     8    0.023945    0.045337    0.146155    0.298414 ^ clkbuf_3_5__f_clk/X (sky130_fd_sc_hd__clkbuf_16)
                                                         clknet_3_5__leaf_clk (net)
                      0.045337    0.000051    0.298464 ^ dsa[6]._9_/CLK (sky130_fd_sc_hd__dfrtp_1)
                                  0.000000    0.298464   clock reconvergence pessimism
                                 -0.039768    0.258696   library hold time
                                              0.258696   data required time
---------------------------------------------------------------------------------------------
                                              0.258696   data required time
                                             -0.726776   data arrival time
---------------------------------------------------------------------------------------------
                                              0.468080   slack (MET)


Startpoint: dsa[2]._9_ (rising edge-triggered flip-flop clocked by core_clock)
Endpoint: dsa[3]._9_ (rising edge-triggered flip-flop clocked by core_clock)
Path Group: core_clock
Path Type: min

Fanout         Cap        Slew       Delay        Time   Description
---------------------------------------------------------------------------------------------
                                  0.000000    0.000000   clock core_clock (rise edge)
                                  0.000000    0.000000   clock source latency
     1    0.011568    0.000000    0.000000    0.000000 ^ clk (in)
                                                         clk (net)
                      0.000309    0.000154    0.000154 ^ clkbuf_0_clk/A (sky130_fd_sc_hd__clkbuf_16)
     8    0.073958    0.091061    0.151616    0.151771 ^ clkbuf_0_clk/X (sky130_fd_sc_hd__clkbuf_16)
                                                         clknet_0_clk (net)
                      0.091061    0.000394    0.152164 ^ clkbuf_3_7__f_clk/A (sky130_fd_sc_hd__clkbuf_16)
    10    0.024446    0.045798    0.146630    0.298794 ^ clkbuf_3_7__f_clk/X (sky130_fd_sc_hd__clkbuf_16)
                                                         clknet_3_7__leaf_clk (net)
                      0.045798    0.000043    0.298837 ^ dsa[2]._9_/CLK (sky130_fd_sc_hd__dfrtp_1)
     2    0.008008    0.087475    0.350517    0.649354 ^ dsa[2]._9_/Q (sky130_fd_sc_hd__dfrtp_1)
                                                         dsa[2].y_out (net)
                      0.087475    0.000036    0.649390 ^ dsa[3]._6_/A (sky130_fd_sc_hd__xnor2_1)
     1    0.002924    0.034292    0.075811    0.725201 v dsa[3]._6_/Y (sky130_fd_sc_hd__xnor2_1)
                                                         dsa[3].y_out_next (net)
                      0.034292    0.000016    0.725217 v dsa[3]._9_/D (sky130_fd_sc_hd__dfrtp_1)
                                              0.725217   data arrival time

                                  0.000000    0.000000   clock core_clock (rise edge)
                                  0.000000    0.000000   clock source latency
     1    0.011568    0.000000    0.000000    0.000000 ^ clk (in)
                                                         clk (net)
                      0.000309    0.000154    0.000154 ^ clkbuf_0_clk/A (sky130_fd_sc_hd__clkbuf_16)
     8    0.073958    0.091061    0.151616    0.151771 ^ clkbuf_0_clk/X (sky130_fd_sc_hd__clkbuf_16)
                                                         clknet_0_clk (net)
                      0.091062    0.000488    0.152258 ^ clkbuf_3_5__f_clk/A (sky130_fd_sc_hd__clkbuf_16)
     8    0.023945    0.045337    0.146155    0.298414 ^ clkbuf_3_5__f_clk/X (sky130_fd_sc_hd__clkbuf_16)
                                                         clknet_3_5__leaf_clk (net)
                      0.045337    0.000034    0.298448 ^ dsa[3]._9_/CLK (sky130_fd_sc_hd__dfrtp_1)
                                  0.000000    0.298448   clock reconvergence pessimism
                                 -0.041339    0.257109   library hold time
                                              0.257109   data required time
---------------------------------------------------------------------------------------------
                                              0.257109   data required time
                                             -0.725217   data arrival time
---------------------------------------------------------------------------------------------
                                              0.468108   slack (MET)


Startpoint: dsa[28]._9_ (rising edge-triggered flip-flop clocked by core_clock)
Endpoint: dsa[29]._9_ (rising edge-triggered flip-flop clocked by core_clock)
Path Group: core_clock
Path Type: min

Fanout         Cap        Slew       Delay        Time   Description
---------------------------------------------------------------------------------------------
                                  0.000000    0.000000   clock core_clock (rise edge)
                                  0.000000    0.000000   clock source latency
     1    0.011568    0.000000    0.000000    0.000000 ^ clk (in)
                                                         clk (net)
                      0.000309    0.000154    0.000154 ^ clkbuf_0_clk/A (sky130_fd_sc_hd__clkbuf_16)
     8    0.073958    0.091061    0.151616    0.151771 ^ clkbuf_0_clk/X (sky130_fd_sc_hd__clkbuf_16)
                                                         clknet_0_clk (net)
                      0.091062    0.000468    0.152239 ^ clkbuf_3_0__f_clk/A (sky130_fd_sc_hd__clkbuf_16)
    10    0.025807    0.047041    0.147910    0.300149 ^ clkbuf_3_0__f_clk/X (sky130_fd_sc_hd__clkbuf_16)
                                                         clknet_3_0__leaf_clk (net)
                      0.047041    0.000036    0.300185 ^ dsa[28]._9_/CLK (sky130_fd_sc_hd__dfrtp_1)
     2    0.008053    0.087831    0.351288    0.651473 ^ dsa[28]._9_/Q (sky130_fd_sc_hd__dfrtp_1)
                                                         dsa[28].y_out (net)
                      0.087831    0.000027    0.651500 ^ dsa[29]._6_/A (sky130_fd_sc_hd__xnor2_1)
     1    0.002637    0.032408    0.074192    0.725692 v dsa[29]._6_/Y (sky130_fd_sc_hd__xnor2_1)
                                                         dsa[29].y_out_next (net)
                      0.032408    0.000010    0.725702 v dsa[29]._9_/D (sky130_fd_sc_hd__dfrtp_1)
                                              0.725702   data arrival time

                                  0.000000    0.000000   clock core_clock (rise edge)
                                  0.000000    0.000000   clock source latency
     1    0.011568    0.000000    0.000000    0.000000 ^ clk (in)
                                                         clk (net)
                      0.000309    0.000154    0.000154 ^ clkbuf_0_clk/A (sky130_fd_sc_hd__clkbuf_16)
     8    0.073958    0.091061    0.151616    0.151771 ^ clkbuf_0_clk/X (sky130_fd_sc_hd__clkbuf_16)
                                                         clknet_0_clk (net)
                      0.091062    0.000448    0.152219 ^ clkbuf_3_1__f_clk/A (sky130_fd_sc_hd__clkbuf_16)
     7    0.022774    0.044294    0.145044    0.297263 ^ clkbuf_3_1__f_clk/X (sky130_fd_sc_hd__clkbuf_16)
                                                         clknet_3_1__leaf_clk (net)
                      0.044294    0.000057    0.297319 ^ dsa[29]._9_/CLK (sky130_fd_sc_hd__dfrtp_1)
                                  0.000000    0.297319   clock reconvergence pessimism
                                 -0.040810    0.256509   library hold time
                                              0.256509   data required time
---------------------------------------------------------------------------------------------
                                              0.256509   data required time
                                             -0.725702   data arrival time
---------------------------------------------------------------------------------------------
                                              0.469193   slack (MET)


Startpoint: dsa[1]._9_ (rising edge-triggered flip-flop clocked by core_clock)
Endpoint: dsa[2]._9_ (rising edge-triggered flip-flop clocked by core_clock)
Path Group: core_clock
Path Type: min

Fanout         Cap        Slew       Delay        Time   Description
---------------------------------------------------------------------------------------------
                                  0.000000    0.000000   clock core_clock (rise edge)
                                  0.000000    0.000000   clock source latency
     1    0.011568    0.000000    0.000000    0.000000 ^ clk (in)
                                                         clk (net)
                      0.000309    0.000154    0.000154 ^ clkbuf_0_clk/A (sky130_fd_sc_hd__clkbuf_16)
     8    0.073958    0.091061    0.151616    0.151771 ^ clkbuf_0_clk/X (sky130_fd_sc_hd__clkbuf_16)
                                                         clknet_0_clk (net)
                      0.091061    0.000394    0.152164 ^ clkbuf_3_7__f_clk/A (sky130_fd_sc_hd__clkbuf_16)
    10    0.024446    0.045798    0.146630    0.298794 ^ clkbuf_3_7__f_clk/X (sky130_fd_sc_hd__clkbuf_16)
                                                         clknet_3_7__leaf_clk (net)
                      0.045798    0.000041    0.298835 ^ dsa[1]._9_/CLK (sky130_fd_sc_hd__dfrtp_1)
     2    0.008630    0.090048    0.354683    0.653518 ^ dsa[1]._9_/Q (sky130_fd_sc_hd__dfrtp_1)
                                                         dsa[1].y_out (net)
                      0.090048    0.000052    0.653569 ^ dsa[2]._6_/A (sky130_fd_sc_hd__xnor2_1)
     1    0.002679    0.033030    0.075043    0.728613 v dsa[2]._6_/Y (sky130_fd_sc_hd__xnor2_1)
                                                         dsa[2].y_out_next (net)
                      0.033030    0.000011    0.728624 v dsa[2]._9_/D (sky130_fd_sc_hd__dfrtp_1)
                                              0.728624   data arrival time

                                  0.000000    0.000000   clock core_clock (rise edge)
                                  0.000000    0.000000   clock source latency
     1    0.011568    0.000000    0.000000    0.000000 ^ clk (in)
                                                         clk (net)
                      0.000309    0.000154    0.000154 ^ clkbuf_0_clk/A (sky130_fd_sc_hd__clkbuf_16)
     8    0.073958    0.091061    0.151616    0.151771 ^ clkbuf_0_clk/X (sky130_fd_sc_hd__clkbuf_16)
                                                         clknet_0_clk (net)
                      0.091061    0.000394    0.152164 ^ clkbuf_3_7__f_clk/A (sky130_fd_sc_hd__clkbuf_16)
    10    0.024446    0.045798    0.146630    0.298794 ^ clkbuf_3_7__f_clk/X (sky130_fd_sc_hd__clkbuf_16)
                                                         clknet_3_7__leaf_clk (net)
                      0.045798    0.000043    0.298837 ^ dsa[2]._9_/CLK (sky130_fd_sc_hd__dfrtp_1)
                                  0.000000    0.298837   clock reconvergence pessimism
                                 -0.040721    0.258116   library hold time
                                              0.258116   data required time
---------------------------------------------------------------------------------------------
                                              0.258116   data required time
                                             -0.728624   data arrival time
---------------------------------------------------------------------------------------------
                                              0.470508   slack (MET)


Startpoint: dsa[26]._9_ (rising edge-triggered flip-flop clocked by core_clock)
Endpoint: dsa[27]._9_ (rising edge-triggered flip-flop clocked by core_clock)
Path Group: core_clock
Path Type: min

Fanout         Cap        Slew       Delay        Time   Description
---------------------------------------------------------------------------------------------
                                  0.000000    0.000000   clock core_clock (rise edge)
                                  0.000000    0.000000   clock source latency
     1    0.011568    0.000000    0.000000    0.000000 ^ clk (in)
                                                         clk (net)
                      0.000309    0.000154    0.000154 ^ clkbuf_0_clk/A (sky130_fd_sc_hd__clkbuf_16)
     8    0.073958    0.091061    0.151616    0.151771 ^ clkbuf_0_clk/X (sky130_fd_sc_hd__clkbuf_16)
                                                         clknet_0_clk (net)
                      0.091061    0.000357    0.152127 ^ clkbuf_3_2__f_clk/A (sky130_fd_sc_hd__clkbuf_16)
    10    0.026536    0.047711    0.148609    0.300736 ^ clkbuf_3_2__f_clk/X (sky130_fd_sc_hd__clkbuf_16)
                                                         clknet_3_2__leaf_clk (net)
                      0.047711    0.000119    0.300855 ^ dsa[26]._9_/CLK (sky130_fd_sc_hd__dfrtp_1)
     2    0.008543    0.089458    0.354820    0.655675 ^ dsa[26]._9_/Q (sky130_fd_sc_hd__dfrtp_1)
                                                         dsa[26].y_out (net)
                      0.089458    0.000037    0.655713 ^ dsa[27]._6_/A (sky130_fd_sc_hd__xnor2_1)
     1    0.002859    0.033953    0.075962    0.731675 v dsa[27]._6_/Y (sky130_fd_sc_hd__xnor2_1)
                                                         dsa[27].y_out_next (net)
                      0.033953    0.000014    0.731689 v dsa[27]._9_/D (sky130_fd_sc_hd__dfrtp_1)
                                              0.731689   data arrival time

                                  0.000000    0.000000   clock core_clock (rise edge)
                                  0.000000    0.000000   clock source latency
     1    0.011568    0.000000    0.000000    0.000000 ^ clk (in)
                                                         clk (net)
                      0.000309    0.000154    0.000154 ^ clkbuf_0_clk/A (sky130_fd_sc_hd__clkbuf_16)
     8    0.073958    0.091061    0.151616    0.151771 ^ clkbuf_0_clk/X (sky130_fd_sc_hd__clkbuf_16)
                                                         clknet_0_clk (net)
                      0.091061    0.000357    0.152127 ^ clkbuf_3_2__f_clk/A (sky130_fd_sc_hd__clkbuf_16)
    10    0.026536    0.047711    0.148609    0.300736 ^ clkbuf_3_2__f_clk/X (sky130_fd_sc_hd__clkbuf_16)
                                                         clknet_3_2__leaf_clk (net)
                      0.047711    0.000045    0.300781 ^ dsa[27]._9_/CLK (sky130_fd_sc_hd__dfrtp_1)
                                  0.000000    0.300781   clock reconvergence pessimism
                                 -0.040660    0.260121   library hold time
                                              0.260121   data required time
---------------------------------------------------------------------------------------------
                                              0.260121   data required time
                                             -0.731689   data arrival time
---------------------------------------------------------------------------------------------
                                              0.471568   slack (MET)


Startpoint: dsa[29]._9_ (rising edge-triggered flip-flop clocked by core_clock)
Endpoint: dsa[30]._9_ (rising edge-triggered flip-flop clocked by core_clock)
Path Group: core_clock
Path Type: min

Fanout         Cap        Slew       Delay        Time   Description
---------------------------------------------------------------------------------------------
                                  0.000000    0.000000   clock core_clock (rise edge)
                                  0.000000    0.000000   clock source latency
     1    0.011568    0.000000    0.000000    0.000000 ^ clk (in)
                                                         clk (net)
                      0.000309    0.000154    0.000154 ^ clkbuf_0_clk/A (sky130_fd_sc_hd__clkbuf_16)
     8    0.073958    0.091061    0.151616    0.151771 ^ clkbuf_0_clk/X (sky130_fd_sc_hd__clkbuf_16)
                                                         clknet_0_clk (net)
                      0.091062    0.000448    0.152219 ^ clkbuf_3_1__f_clk/A (sky130_fd_sc_hd__clkbuf_16)
     7    0.022774    0.044294    0.145044    0.297263 ^ clkbuf_3_1__f_clk/X (sky130_fd_sc_hd__clkbuf_16)
                                                         clknet_3_1__leaf_clk (net)
                      0.044294    0.000057    0.297319 ^ dsa[29]._9_/CLK (sky130_fd_sc_hd__dfrtp_1)
     2    0.008398    0.090516    0.352591    0.649911 ^ dsa[29]._9_/Q (sky130_fd_sc_hd__dfrtp_1)
                                                         dsa[29].y_out (net)
                      0.090516    0.000036    0.649947 ^ dsa[30]._6_/A (sky130_fd_sc_hd__xnor2_1)
     1    0.003026    0.035038    0.077251    0.727198 v dsa[30]._6_/Y (sky130_fd_sc_hd__xnor2_1)
                                                         dsa[30].y_out_next (net)
                      0.035038    0.000018    0.727215 v dsa[30]._9_/D (sky130_fd_sc_hd__dfrtp_1)
                                              0.727215   data arrival time

                                  0.000000    0.000000   clock core_clock (rise edge)
                                  0.000000    0.000000   clock source latency
     1    0.011568    0.000000    0.000000    0.000000 ^ clk (in)
                                                         clk (net)
                      0.000309    0.000154    0.000154 ^ clkbuf_0_clk/A (sky130_fd_sc_hd__clkbuf_16)
     8    0.073958    0.091061    0.151616    0.151771 ^ clkbuf_0_clk/X (sky130_fd_sc_hd__clkbuf_16)
                                                         clknet_0_clk (net)
                      0.091062    0.000448    0.152219 ^ clkbuf_3_1__f_clk/A (sky130_fd_sc_hd__clkbuf_16)
     7    0.022774    0.044294    0.145044    0.297263 ^ clkbuf_3_1__f_clk/X (sky130_fd_sc_hd__clkbuf_16)
                                                         clknet_3_1__leaf_clk (net)
                      0.044294    0.000030    0.297293 ^ dsa[30]._9_/CLK (sky130_fd_sc_hd__dfrtp_1)
                                  0.000000    0.297293   clock reconvergence pessimism
                                 -0.041881    0.255412   library hold time
                                              0.255412   data required time
---------------------------------------------------------------------------------------------
                                              0.255412   data required time
                                             -0.727215   data arrival time
---------------------------------------------------------------------------------------------
                                              0.471804   slack (MET)


Startpoint: dsa[27]._9_ (rising edge-triggered flip-flop clocked by core_clock)
Endpoint: dsa[28]._9_ (rising edge-triggered flip-flop clocked by core_clock)
Path Group: core_clock
Path Type: min

Fanout         Cap        Slew       Delay        Time   Description
---------------------------------------------------------------------------------------------
                                  0.000000    0.000000   clock core_clock (rise edge)
                                  0.000000    0.000000   clock source latency
     1    0.011568    0.000000    0.000000    0.000000 ^ clk (in)
                                                         clk (net)
                      0.000309    0.000154    0.000154 ^ clkbuf_0_clk/A (sky130_fd_sc_hd__clkbuf_16)
     8    0.073958    0.091061    0.151616    0.151771 ^ clkbuf_0_clk/X (sky130_fd_sc_hd__clkbuf_16)
                                                         clknet_0_clk (net)
                      0.091061    0.000357    0.152127 ^ clkbuf_3_2__f_clk/A (sky130_fd_sc_hd__clkbuf_16)
    10    0.026536    0.047711    0.148609    0.300736 ^ clkbuf_3_2__f_clk/X (sky130_fd_sc_hd__clkbuf_16)
                                                         clknet_3_2__leaf_clk (net)
                      0.047711    0.000045    0.300781 ^ dsa[27]._9_/CLK (sky130_fd_sc_hd__dfrtp_1)
     2    0.008323    0.089933    0.353357    0.654138 ^ dsa[27]._9_/Q (sky130_fd_sc_hd__dfrtp_1)
                                                         dsa[27].y_out (net)
                      0.089933    0.000027    0.654164 ^ dsa[28]._6_/A (sky130_fd_sc_hd__xnor2_1)
     1    0.003016    0.034838    0.077030    0.731195 v dsa[28]._6_/Y (sky130_fd_sc_hd__xnor2_1)
                                                         dsa[28].y_out_next (net)
                      0.034838    0.000017    0.731212 v dsa[28]._9_/D (sky130_fd_sc_hd__dfrtp_1)
                                              0.731212   data arrival time

                                  0.000000    0.000000   clock core_clock (rise edge)
                                  0.000000    0.000000   clock source latency
     1    0.011568    0.000000    0.000000    0.000000 ^ clk (in)
                                                         clk (net)
                      0.000309    0.000154    0.000154 ^ clkbuf_0_clk/A (sky130_fd_sc_hd__clkbuf_16)
     8    0.073958    0.091061    0.151616    0.151771 ^ clkbuf_0_clk/X (sky130_fd_sc_hd__clkbuf_16)
                                                         clknet_0_clk (net)
                      0.091062    0.000468    0.152239 ^ clkbuf_3_0__f_clk/A (sky130_fd_sc_hd__clkbuf_16)
    10    0.025807    0.047041    0.147910    0.300149 ^ clkbuf_3_0__f_clk/X (sky130_fd_sc_hd__clkbuf_16)
                                                         clknet_3_0__leaf_clk (net)
                      0.047041    0.000036    0.300185 ^ dsa[28]._9_/CLK (sky130_fd_sc_hd__dfrtp_1)
                                  0.000000    0.300185   clock reconvergence pessimism
                                 -0.041173    0.259012   library hold time
                                              0.259012   data required time
---------------------------------------------------------------------------------------------
                                              0.259012   data required time
                                             -0.731212   data arrival time
---------------------------------------------------------------------------------------------
                                              0.472200   slack (MET)


Startpoint: dsa[10]._9_ (rising edge-triggered flip-flop clocked by core_clock)
Endpoint: dsa[11]._9_ (rising edge-triggered flip-flop clocked by core_clock)
Path Group: core_clock
Path Type: min

Fanout         Cap        Slew       Delay        Time   Description
---------------------------------------------------------------------------------------------
                                  0.000000    0.000000   clock core_clock (rise edge)
                                  0.000000    0.000000   clock source latency
     1    0.011568    0.000000    0.000000    0.000000 ^ clk (in)
                                                         clk (net)
                      0.000309    0.000154    0.000154 ^ clkbuf_0_clk/A (sky130_fd_sc_hd__clkbuf_16)
     8    0.073958    0.091061    0.151616    0.151771 ^ clkbuf_0_clk/X (sky130_fd_sc_hd__clkbuf_16)
                                                         clknet_0_clk (net)
                      0.091061    0.000370    0.152141 ^ clkbuf_3_6__f_clk/A (sky130_fd_sc_hd__clkbuf_16)
     8    0.023743    0.045156    0.145959    0.298099 ^ clkbuf_3_6__f_clk/X (sky130_fd_sc_hd__clkbuf_16)
                                                         clknet_3_6__leaf_clk (net)
                      0.045156    0.000017    0.298117 ^ dsa[10]._9_/CLK (sky130_fd_sc_hd__dfrtp_1)
     2    0.008904    0.091916    0.356296    0.654412 ^ dsa[10]._9_/Q (sky130_fd_sc_hd__dfrtp_1)
                                                         dsa[10].y_out (net)
                      0.091916    0.000057    0.654469 ^ dsa[11]._6_/A (sky130_fd_sc_hd__xnor2_1)
     1    0.002754    0.033224    0.076003    0.730472 v dsa[11]._6_/Y (sky130_fd_sc_hd__xnor2_1)
                                                         dsa[11].y_out_next (net)
                      0.033224    0.000012    0.730484 v dsa[11]._9_/D (sky130_fd_sc_hd__dfrtp_1)
                                              0.730484   data arrival time

                                  0.000000    0.000000   clock core_clock (rise edge)
                                  0.000000    0.000000   clock source latency
     1    0.011568    0.000000    0.000000    0.000000 ^ clk (in)
                                                         clk (net)
                      0.000309    0.000154    0.000154 ^ clkbuf_0_clk/A (sky130_fd_sc_hd__clkbuf_16)
     8    0.073958    0.091061    0.151616    0.151771 ^ clkbuf_0_clk/X (sky130_fd_sc_hd__clkbuf_16)
                                                         clknet_0_clk (net)
                      0.091061    0.000394    0.152164 ^ clkbuf_3_7__f_clk/A (sky130_fd_sc_hd__clkbuf_16)
    10    0.024446    0.045798    0.146630    0.298794 ^ clkbuf_3_7__f_clk/X (sky130_fd_sc_hd__clkbuf_16)
                                                         clknet_3_7__leaf_clk (net)
                      0.045798    0.000040    0.298833 ^ dsa[11]._9_/CLK (sky130_fd_sc_hd__dfrtp_1)
                                  0.000000    0.298833   clock reconvergence pessimism
                                 -0.040799    0.258034   library hold time
                                              0.258034   data required time
---------------------------------------------------------------------------------------------
                                              0.258034   data required time
                                             -0.730484   data arrival time
---------------------------------------------------------------------------------------------
                                              0.472450   slack (MET)


Startpoint: dsa[20]._9_ (rising edge-triggered flip-flop clocked by core_clock)
Endpoint: dsa[21]._9_ (rising edge-triggered flip-flop clocked by core_clock)
Path Group: core_clock
Path Type: min

Fanout         Cap        Slew       Delay        Time   Description
---------------------------------------------------------------------------------------------
                                  0.000000    0.000000   clock core_clock (rise edge)
                                  0.000000    0.000000   clock source latency
     1    0.011568    0.000000    0.000000    0.000000 ^ clk (in)
                                                         clk (net)
                      0.000309    0.000154    0.000154 ^ clkbuf_0_clk/A (sky130_fd_sc_hd__clkbuf_16)
     8    0.073958    0.091061    0.151616    0.151771 ^ clkbuf_0_clk/X (sky130_fd_sc_hd__clkbuf_16)
                                                         clknet_0_clk (net)
                      0.091062    0.000468    0.152239 ^ clkbuf_3_0__f_clk/A (sky130_fd_sc_hd__clkbuf_16)
    10    0.025807    0.047041    0.147910    0.300149 ^ clkbuf_3_0__f_clk/X (sky130_fd_sc_hd__clkbuf_16)
                                                         clknet_3_0__leaf_clk (net)
                      0.047041    0.000018    0.300167 ^ dsa[20]._9_/CLK (sky130_fd_sc_hd__dfrtp_1)
     2    0.008546    0.089480    0.354575    0.654742 ^ dsa[20]._9_/Q (sky130_fd_sc_hd__dfrtp_1)
                                                         dsa[20].y_out (net)
                      0.089480    0.000065    0.654807 ^ dsa[21]._6_/A (sky130_fd_sc_hd__xnor2_1)
     1    0.003015    0.035179    0.076904    0.731711 v dsa[21]._6_/Y (sky130_fd_sc_hd__xnor2_1)
                                                         dsa[21].y_out_next (net)
                      0.035179    0.000017    0.731728 v dsa[21]._9_/D (sky130_fd_sc_hd__dfrtp_1)
                                              0.731728   data arrival time

                                  0.000000    0.000000   clock core_clock (rise edge)
                                  0.000000    0.000000   clock source latency
     1    0.011568    0.000000    0.000000    0.000000 ^ clk (in)
                                                         clk (net)
                      0.000309    0.000154    0.000154 ^ clkbuf_0_clk/A (sky130_fd_sc_hd__clkbuf_16)
     8    0.073958    0.091061    0.151616    0.151771 ^ clkbuf_0_clk/X (sky130_fd_sc_hd__clkbuf_16)
                                                         clknet_0_clk (net)
                      0.091061    0.000318    0.152088 ^ clkbuf_3_3__f_clk/A (sky130_fd_sc_hd__clkbuf_16)
     9    0.023889    0.045288    0.146095    0.298183 ^ clkbuf_3_3__f_clk/X (sky130_fd_sc_hd__clkbuf_16)
                                                         clknet_3_3__leaf_clk (net)
                      0.045288    0.000017    0.298200 ^ dsa[21]._9_/CLK (sky130_fd_sc_hd__dfrtp_1)
                                  0.000000    0.298200   clock reconvergence pessimism
                                 -0.041712    0.256489   library hold time
                                              0.256489   data required time
---------------------------------------------------------------------------------------------
                                              0.256489   data required time
                                             -0.731728   data arrival time
---------------------------------------------------------------------------------------------
                                              0.475239   slack (MET)


Startpoint: dsa[11]._9_ (rising edge-triggered flip-flop clocked by core_clock)
Endpoint: dsa[12]._9_ (rising edge-triggered flip-flop clocked by core_clock)
Path Group: core_clock
Path Type: min

Fanout         Cap        Slew       Delay        Time   Description
---------------------------------------------------------------------------------------------
                                  0.000000    0.000000   clock core_clock (rise edge)
                                  0.000000    0.000000   clock source latency
     1    0.011568    0.000000    0.000000    0.000000 ^ clk (in)
                                                         clk (net)
                      0.000309    0.000154    0.000154 ^ clkbuf_0_clk/A (sky130_fd_sc_hd__clkbuf_16)
     8    0.073958    0.091061    0.151616    0.151771 ^ clkbuf_0_clk/X (sky130_fd_sc_hd__clkbuf_16)
                                                         clknet_0_clk (net)
                      0.091061    0.000394    0.152164 ^ clkbuf_3_7__f_clk/A (sky130_fd_sc_hd__clkbuf_16)
    10    0.024446    0.045798    0.146630    0.298794 ^ clkbuf_3_7__f_clk/X (sky130_fd_sc_hd__clkbuf_16)
                                                         clknet_3_7__leaf_clk (net)
                      0.045798    0.000040    0.298833 ^ dsa[11]._9_/CLK (sky130_fd_sc_hd__dfrtp_1)
     2    0.009275    0.094471    0.359021    0.657855 ^ dsa[11]._9_/Q (sky130_fd_sc_hd__dfrtp_1)
                                                         dsa[11].y_out (net)
                      0.094471    0.000089    0.657944 ^ dsa[12]._6_/A (sky130_fd_sc_hd__xnor2_1)
     1    0.002637    0.032630    0.075989    0.733933 v dsa[12]._6_/Y (sky130_fd_sc_hd__xnor2_1)
                                                         dsa[12].y_out_next (net)
                      0.032630    0.000010    0.733943 v dsa[12]._9_/D (sky130_fd_sc_hd__dfrtp_1)
                                              0.733943   data arrival time

                                  0.000000    0.000000   clock core_clock (rise edge)
                                  0.000000    0.000000   clock source latency
     1    0.011568    0.000000    0.000000    0.000000 ^ clk (in)
                                                         clk (net)
                      0.000309    0.000154    0.000154 ^ clkbuf_0_clk/A (sky130_fd_sc_hd__clkbuf_16)
     8    0.073958    0.091061    0.151616    0.151771 ^ clkbuf_0_clk/X (sky130_fd_sc_hd__clkbuf_16)
                                                         clknet_0_clk (net)
                      0.091061    0.000394    0.152164 ^ clkbuf_3_7__f_clk/A (sky130_fd_sc_hd__clkbuf_16)
    10    0.024446    0.045798    0.146630    0.298794 ^ clkbuf_3_7__f_clk/X (sky130_fd_sc_hd__clkbuf_16)
                                                         clknet_3_7__leaf_clk (net)
                      0.045798    0.000094    0.298888 ^ dsa[12]._9_/CLK (sky130_fd_sc_hd__dfrtp_1)
                                  0.000000    0.298888   clock reconvergence pessimism
                                 -0.040558    0.258330   library hold time
                                              0.258330   data required time
---------------------------------------------------------------------------------------------
                                              0.258330   data required time
                                             -0.733943   data arrival time
---------------------------------------------------------------------------------------------
                                              0.475613   slack (MET)


Startpoint: dsa[14]._9_ (rising edge-triggered flip-flop clocked by core_clock)
Endpoint: dsa[15]._9_ (rising edge-triggered flip-flop clocked by core_clock)
Path Group: core_clock
Path Type: min

Fanout         Cap        Slew       Delay        Time   Description
---------------------------------------------------------------------------------------------
                                  0.000000    0.000000   clock core_clock (rise edge)
                                  0.000000    0.000000   clock source latency
     1    0.011568    0.000000    0.000000    0.000000 ^ clk (in)
                                                         clk (net)
                      0.000309    0.000154    0.000154 ^ clkbuf_0_clk/A (sky130_fd_sc_hd__clkbuf_16)
     8    0.073958    0.091061    0.151616    0.151771 ^ clkbuf_0_clk/X (sky130_fd_sc_hd__clkbuf_16)
                                                         clknet_0_clk (net)
                      0.091061    0.000370    0.152141 ^ clkbuf_3_6__f_clk/A (sky130_fd_sc_hd__clkbuf_16)
     8    0.023743    0.045156    0.145959    0.298099 ^ clkbuf_3_6__f_clk/X (sky130_fd_sc_hd__clkbuf_16)
                                                         clknet_3_6__leaf_clk (net)
                      0.045156    0.000078    0.298178 ^ dsa[14]._9_/CLK (sky130_fd_sc_hd__dfrtp_1)
     2    0.009137    0.093518    0.357851    0.656028 ^ dsa[14]._9_/Q (sky130_fd_sc_hd__dfrtp_1)
                                                         dsa[14].y_out (net)
                      0.093518    0.000089    0.656117 ^ dsa[15]._6_/A (sky130_fd_sc_hd__xnor2_1)
     1    0.002898    0.034363    0.077300    0.733417 v dsa[15]._6_/Y (sky130_fd_sc_hd__xnor2_1)
                                                         dsa[15].y_out_next (net)
                      0.034363    0.000015    0.733432 v dsa[15]._9_/D (sky130_fd_sc_hd__dfrtp_1)
                                              0.733432   data arrival time

                                  0.000000    0.000000   clock core_clock (rise edge)
                                  0.000000    0.000000   clock source latency
     1    0.011568    0.000000    0.000000    0.000000 ^ clk (in)
                                                         clk (net)
                      0.000309    0.000154    0.000154 ^ clkbuf_0_clk/A (sky130_fd_sc_hd__clkbuf_16)
     8    0.073958    0.091061    0.151616    0.151771 ^ clkbuf_0_clk/X (sky130_fd_sc_hd__clkbuf_16)
                                                         clknet_0_clk (net)
                      0.091062    0.000489    0.152260 ^ clkbuf_3_4__f_clk/A (sky130_fd_sc_hd__clkbuf_16)
     9    0.021994    0.043609    0.144272    0.296531 ^ clkbuf_3_4__f_clk/X (sky130_fd_sc_hd__clkbuf_16)
                                                         clknet_3_4__leaf_clk (net)
                      0.043609    0.000090    0.296621 ^ dsa[15]._9_/CLK (sky130_fd_sc_hd__dfrtp_1)
                                  0.000000    0.296621   clock reconvergence pessimism
                                 -0.041762    0.254859   library hold time
                                              0.254859   data required time
---------------------------------------------------------------------------------------------
                                              0.254859   data required time
                                             -0.733432   data arrival time
---------------------------------------------------------------------------------------------
                                              0.478574   slack (MET)


Startpoint: dsa[6]._9_ (rising edge-triggered flip-flop clocked by core_clock)
Endpoint: dsa[7]._9_ (rising edge-triggered flip-flop clocked by core_clock)
Path Group: core_clock
Path Type: min

Fanout         Cap        Slew       Delay        Time   Description
---------------------------------------------------------------------------------------------
                                  0.000000    0.000000   clock core_clock (rise edge)
                                  0.000000    0.000000   clock source latency
     1    0.011568    0.000000    0.000000    0.000000 ^ clk (in)
                                                         clk (net)
                      0.000309    0.000154    0.000154 ^ clkbuf_0_clk/A (sky130_fd_sc_hd__clkbuf_16)
     8    0.073958    0.091061    0.151616    0.151771 ^ clkbuf_0_clk/X (sky130_fd_sc_hd__clkbuf_16)
                                                         clknet_0_clk (net)
                      0.091062    0.000488    0.152258 ^ clkbuf_3_5__f_clk/A (sky130_fd_sc_hd__clkbuf_16)
     8    0.023945    0.045337    0.146155    0.298414 ^ clkbuf_3_5__f_clk/X (sky130_fd_sc_hd__clkbuf_16)
                                                         clknet_3_5__leaf_clk (net)
                      0.045337    0.000051    0.298464 ^ dsa[6]._9_/CLK (sky130_fd_sc_hd__dfrtp_1)
     2    0.009928    0.099692    0.362844    0.661308 ^ dsa[6]._9_/Q (sky130_fd_sc_hd__dfrtp_1)
                                                         dsa[6].y_out (net)
                      0.099692    0.000140    0.661448 ^ dsa[7]._6_/A (sky130_fd_sc_hd__xnor2_1)
     1    0.002663    0.032590    0.077561    0.739009 v dsa[7]._6_/Y (sky130_fd_sc_hd__xnor2_1)
                                                         dsa[7].y_out_next (net)
                      0.032590    0.000011    0.739020 v dsa[7]._9_/D (sky130_fd_sc_hd__dfrtp_1)
                                              0.739020   data arrival time

                                  0.000000    0.000000   clock core_clock (rise edge)
                                  0.000000    0.000000   clock source latency
     1    0.011568    0.000000    0.000000    0.000000 ^ clk (in)
                                                         clk (net)
                      0.000309    0.000154    0.000154 ^ clkbuf_0_clk/A (sky130_fd_sc_hd__clkbuf_16)
     8    0.073958    0.091061    0.151616    0.151771 ^ clkbuf_0_clk/X (sky130_fd_sc_hd__clkbuf_16)
                                                         clknet_0_clk (net)
                      0.091062    0.000489    0.152260 ^ clkbuf_3_4__f_clk/A (sky130_fd_sc_hd__clkbuf_16)
     9    0.021994    0.043609    0.144272    0.296531 ^ clkbuf_3_4__f_clk/X (sky130_fd_sc_hd__clkbuf_16)
                                                         clknet_3_4__leaf_clk (net)
                      0.043609    0.000111    0.296643 ^ dsa[7]._9_/CLK (sky130_fd_sc_hd__dfrtp_1)
                                  0.000000    0.296643   clock reconvergence pessimism
                                 -0.041040    0.255602   library hold time
                                              0.255602   data required time
---------------------------------------------------------------------------------------------
                                              0.255602   data required time
                                             -0.739020   data arrival time
---------------------------------------------------------------------------------------------
                                              0.483418   slack (MET)


Startpoint: dsa[30]._9_ (rising edge-triggered flip-flop clocked by core_clock)
Endpoint: dsa[31]._8_ (rising edge-triggered flip-flop clocked by core_clock)
Path Group: core_clock
Path Type: min

Fanout         Cap        Slew       Delay        Time   Description
---------------------------------------------------------------------------------------------
                                  0.000000    0.000000   clock core_clock (rise edge)
                                  0.000000    0.000000   clock source latency
     1    0.011568    0.000000    0.000000    0.000000 ^ clk (in)
                                                         clk (net)
                      0.000309    0.000154    0.000154 ^ clkbuf_0_clk/A (sky130_fd_sc_hd__clkbuf_16)
     8    0.073958    0.091061    0.151616    0.151771 ^ clkbuf_0_clk/X (sky130_fd_sc_hd__clkbuf_16)
                                                         clknet_0_clk (net)
                      0.091062    0.000448    0.152219 ^ clkbuf_3_1__f_clk/A (sky130_fd_sc_hd__clkbuf_16)
     7    0.022774    0.044294    0.145044    0.297263 ^ clkbuf_3_1__f_clk/X (sky130_fd_sc_hd__clkbuf_16)
                                                         clknet_3_1__leaf_clk (net)
                      0.044294    0.000030    0.297293 ^ dsa[30]._9_/CLK (sky130_fd_sc_hd__dfrtp_1)
     2    0.008200    0.086930    0.351227    0.648520 ^ dsa[30]._9_/Q (sky130_fd_sc_hd__dfrtp_1)
                                                         dsa[30].y_out (net)
                      0.086930    0.000036    0.648556 ^ dsa[31]._7_/A1 (sky130_fd_sc_hd__a21bo_1)
     1    0.002396    0.033437    0.106933    0.755489 ^ dsa[31]._7_/X (sky130_fd_sc_hd__a21bo_1)
                                                         dsa[31].last_carry_next (net)
                      0.033437    0.000006    0.755495 ^ dsa[31]._8_/D (sky130_fd_sc_hd__dfrtp_1)
                                              0.755495   data arrival time

                                  0.000000    0.000000   clock core_clock (rise edge)
                                  0.000000    0.000000   clock source latency
     1    0.011568    0.000000    0.000000    0.000000 ^ clk (in)
                                                         clk (net)
                      0.000309    0.000154    0.000154 ^ clkbuf_0_clk/A (sky130_fd_sc_hd__clkbuf_16)
     8    0.073958    0.091061    0.151616    0.151771 ^ clkbuf_0_clk/X (sky130_fd_sc_hd__clkbuf_16)
                                                         clknet_0_clk (net)
                      0.091062    0.000468    0.152239 ^ clkbuf_3_0__f_clk/A (sky130_fd_sc_hd__clkbuf_16)
    10    0.025807    0.047041    0.147910    0.300149 ^ clkbuf_3_0__f_clk/X (sky130_fd_sc_hd__clkbuf_16)
                                                         clknet_3_0__leaf_clk (net)
                      0.047041    0.000149    0.300298 ^ dsa[31]._8_/CLK (sky130_fd_sc_hd__dfrtp_1)
                                  0.000000    0.300298   clock reconvergence pessimism
                                 -0.032062    0.268236   library hold time
                                              0.268236   data required time
---------------------------------------------------------------------------------------------
                                              0.268236   data required time
                                             -0.755495   data arrival time
---------------------------------------------------------------------------------------------
                                              0.487259   slack (MET)


Startpoint: dsa[21]._9_ (rising edge-triggered flip-flop clocked by core_clock)
Endpoint: dsa[22]._8_ (rising edge-triggered flip-flop clocked by core_clock)
Path Group: core_clock
Path Type: min

Fanout         Cap        Slew       Delay        Time   Description
---------------------------------------------------------------------------------------------
                                  0.000000    0.000000   clock core_clock (rise edge)
                                  0.000000    0.000000   clock source latency
     1    0.011568    0.000000    0.000000    0.000000 ^ clk (in)
                                                         clk (net)
                      0.000309    0.000154    0.000154 ^ clkbuf_0_clk/A (sky130_fd_sc_hd__clkbuf_16)
     8    0.073958    0.091061    0.151616    0.151771 ^ clkbuf_0_clk/X (sky130_fd_sc_hd__clkbuf_16)
                                                         clknet_0_clk (net)
                      0.091061    0.000318    0.152088 ^ clkbuf_3_3__f_clk/A (sky130_fd_sc_hd__clkbuf_16)
     9    0.023889    0.045288    0.146095    0.298183 ^ clkbuf_3_3__f_clk/X (sky130_fd_sc_hd__clkbuf_16)
                                                         clknet_3_3__leaf_clk (net)
                      0.045288    0.000017    0.298200 ^ dsa[21]._9_/CLK (sky130_fd_sc_hd__dfrtp_1)
     2    0.007816    0.085976    0.349030    0.647230 ^ dsa[21]._9_/Q (sky130_fd_sc_hd__dfrtp_1)
                                                         dsa[21].y_out (net)
                      0.085976    0.000016    0.647246 ^ dsa[22]._7_/A1 (sky130_fd_sc_hd__a21bo_1)
     1    0.002825    0.035299    0.109431    0.756678 ^ dsa[22]._7_/X (sky130_fd_sc_hd__a21bo_1)
                                                         dsa[22].last_carry_next (net)
                      0.035299    0.000013    0.756690 ^ dsa[22]._8_/D (sky130_fd_sc_hd__dfrtp_1)
                                              0.756690   data arrival time

                                  0.000000    0.000000   clock core_clock (rise edge)
                                  0.000000    0.000000   clock source latency
     1    0.011568    0.000000    0.000000    0.000000 ^ clk (in)
                                                         clk (net)
                      0.000309    0.000154    0.000154 ^ clkbuf_0_clk/A (sky130_fd_sc_hd__clkbuf_16)
     8    0.073958    0.091061    0.151616    0.151771 ^ clkbuf_0_clk/X (sky130_fd_sc_hd__clkbuf_16)
                                                         clknet_0_clk (net)
                      0.091061    0.000357    0.152127 ^ clkbuf_3_2__f_clk/A (sky130_fd_sc_hd__clkbuf_16)
    10    0.026536    0.047711    0.148609    0.300736 ^ clkbuf_3_2__f_clk/X (sky130_fd_sc_hd__clkbuf_16)
                                                         clknet_3_2__leaf_clk (net)
                      0.047711    0.000039    0.300776 ^ dsa[22]._8_/CLK (sky130_fd_sc_hd__dfrtp_1)
                                  0.000000    0.300776   clock reconvergence pessimism
                                 -0.032361    0.268414   library hold time
                                              0.268414   data required time
---------------------------------------------------------------------------------------------
                                              0.268414   data required time
                                             -0.756690   data arrival time
---------------------------------------------------------------------------------------------
                                              0.488276   slack (MET)


Startpoint: dsa[23]._9_ (rising edge-triggered flip-flop clocked by core_clock)
Endpoint: dsa[24]._8_ (rising edge-triggered flip-flop clocked by core_clock)
Path Group: core_clock
Path Type: min

Fanout         Cap        Slew       Delay        Time   Description
---------------------------------------------------------------------------------------------
                                  0.000000    0.000000   clock core_clock (rise edge)
                                  0.000000    0.000000   clock source latency
     1    0.011568    0.000000    0.000000    0.000000 ^ clk (in)
                                                         clk (net)
                      0.000309    0.000154    0.000154 ^ clkbuf_0_clk/A (sky130_fd_sc_hd__clkbuf_16)
     8    0.073958    0.091061    0.151616    0.151771 ^ clkbuf_0_clk/X (sky130_fd_sc_hd__clkbuf_16)
                                                         clknet_0_clk (net)
                      0.091061    0.000318    0.152088 ^ clkbuf_3_3__f_clk/A (sky130_fd_sc_hd__clkbuf_16)
     9    0.023889    0.045288    0.146095    0.298183 ^ clkbuf_3_3__f_clk/X (sky130_fd_sc_hd__clkbuf_16)
                                                         clknet_3_3__leaf_clk (net)
                      0.045288    0.000079    0.298262 ^ dsa[23]._9_/CLK (sky130_fd_sc_hd__dfrtp_1)
     2    0.008057    0.087859    0.350660    0.648922 ^ dsa[23]._9_/Q (sky130_fd_sc_hd__dfrtp_1)
                                                         dsa[23].y_out (net)
                      0.087859    0.000035    0.648957 ^ dsa[24]._7_/A1 (sky130_fd_sc_hd__a21bo_1)
     1    0.002511    0.034287    0.107985    0.756942 ^ dsa[24]._7_/X (sky130_fd_sc_hd__a21bo_1)
                                                         dsa[24].last_carry_next (net)
                      0.034287    0.000007    0.756949 ^ dsa[24]._8_/D (sky130_fd_sc_hd__dfrtp_1)
                                              0.756949   data arrival time

                                  0.000000    0.000000   clock core_clock (rise edge)
                                  0.000000    0.000000   clock source latency
     1    0.011568    0.000000    0.000000    0.000000 ^ clk (in)
                                                         clk (net)
                      0.000309    0.000154    0.000154 ^ clkbuf_0_clk/A (sky130_fd_sc_hd__clkbuf_16)
     8    0.073958    0.091061    0.151616    0.151771 ^ clkbuf_0_clk/X (sky130_fd_sc_hd__clkbuf_16)
                                                         clknet_0_clk (net)
                      0.091061    0.000357    0.152127 ^ clkbuf_3_2__f_clk/A (sky130_fd_sc_hd__clkbuf_16)
    10    0.026536    0.047711    0.148609    0.300736 ^ clkbuf_3_2__f_clk/X (sky130_fd_sc_hd__clkbuf_16)
                                                         clknet_3_2__leaf_clk (net)
                      0.047711    0.000080    0.300817 ^ dsa[24]._8_/CLK (sky130_fd_sc_hd__dfrtp_1)
                                  0.000000    0.300817   clock reconvergence pessimism
                                 -0.032149    0.268667   library hold time
                                              0.268667   data required time
---------------------------------------------------------------------------------------------
                                              0.268667   data required time
                                             -0.756949   data arrival time
---------------------------------------------------------------------------------------------
                                              0.488282   slack (MET)


Startpoint: dsa[0]._9_ (rising edge-triggered flip-flop clocked by core_clock)
Endpoint: dsa[1]._8_ (rising edge-triggered flip-flop clocked by core_clock)
Path Group: core_clock
Path Type: min

Fanout         Cap        Slew       Delay        Time   Description
---------------------------------------------------------------------------------------------
                                  0.000000    0.000000   clock core_clock (rise edge)
                                  0.000000    0.000000   clock source latency
     1    0.011568    0.000000    0.000000    0.000000 ^ clk (in)
                                                         clk (net)
                      0.000309    0.000154    0.000154 ^ clkbuf_0_clk/A (sky130_fd_sc_hd__clkbuf_16)
     8    0.073958    0.091061    0.151616    0.151771 ^ clkbuf_0_clk/X (sky130_fd_sc_hd__clkbuf_16)
                                                         clknet_0_clk (net)
                      0.091061    0.000394    0.152164 ^ clkbuf_3_7__f_clk/A (sky130_fd_sc_hd__clkbuf_16)
    10    0.024446    0.045798    0.146630    0.298794 ^ clkbuf_3_7__f_clk/X (sky130_fd_sc_hd__clkbuf_16)
                                                         clknet_3_7__leaf_clk (net)
                      0.045798    0.000070    0.298864 ^ dsa[0]._9_/CLK (sky130_fd_sc_hd__dfrtp_1)
     2    0.007836    0.086134    0.349356    0.648220 ^ dsa[0]._9_/Q (sky130_fd_sc_hd__dfrtp_1)
                                                         dsa[0].y_out (net)
                      0.086134    0.000017    0.648237 ^ dsa[1]._7_/A1 (sky130_fd_sc_hd__a21bo_1)
     1    0.002472    0.033998    0.107174    0.755412 ^ dsa[1]._7_/X (sky130_fd_sc_hd__a21bo_1)
                                                         dsa[1].last_carry_next (net)
                      0.033998    0.000007    0.755419 ^ dsa[1]._8_/D (sky130_fd_sc_hd__dfrtp_1)
                                              0.755419   data arrival time

                                  0.000000    0.000000   clock core_clock (rise edge)
                                  0.000000    0.000000   clock source latency
     1    0.011568    0.000000    0.000000    0.000000 ^ clk (in)
                                                         clk (net)
                      0.000309    0.000154    0.000154 ^ clkbuf_0_clk/A (sky130_fd_sc_hd__clkbuf_16)
     8    0.073958    0.091061    0.151616    0.151771 ^ clkbuf_0_clk/X (sky130_fd_sc_hd__clkbuf_16)
                                                         clknet_0_clk (net)
                      0.091061    0.000394    0.152164 ^ clkbuf_3_7__f_clk/A (sky130_fd_sc_hd__clkbuf_16)
    10    0.024446    0.045798    0.146630    0.298794 ^ clkbuf_3_7__f_clk/X (sky130_fd_sc_hd__clkbuf_16)
                                                         clknet_3_7__leaf_clk (net)
                      0.045798    0.000053    0.298847 ^ dsa[1]._8_/CLK (sky130_fd_sc_hd__dfrtp_1)
                                  0.000000    0.298847   clock reconvergence pessimism
                                 -0.032349    0.266497   library hold time
                                              0.266497   data required time
---------------------------------------------------------------------------------------------
                                              0.266497   data required time
                                             -0.755419   data arrival time
---------------------------------------------------------------------------------------------
                                              0.488921   slack (MET)


Startpoint: dsa[16]._9_ (rising edge-triggered flip-flop clocked by core_clock)
Endpoint: dsa[17]._8_ (rising edge-triggered flip-flop clocked by core_clock)
Path Group: core_clock
Path Type: min

Fanout         Cap        Slew       Delay        Time   Description
---------------------------------------------------------------------------------------------
                                  0.000000    0.000000   clock core_clock (rise edge)
                                  0.000000    0.000000   clock source latency
     1    0.011568    0.000000    0.000000    0.000000 ^ clk (in)
                                                         clk (net)
                      0.000309    0.000154    0.000154 ^ clkbuf_0_clk/A (sky130_fd_sc_hd__clkbuf_16)
     8    0.073958    0.091061    0.151616    0.151771 ^ clkbuf_0_clk/X (sky130_fd_sc_hd__clkbuf_16)
                                                         clknet_0_clk (net)
                      0.091062    0.000489    0.152260 ^ clkbuf_3_4__f_clk/A (sky130_fd_sc_hd__clkbuf_16)
     9    0.021994    0.043609    0.144272    0.296531 ^ clkbuf_3_4__f_clk/X (sky130_fd_sc_hd__clkbuf_16)
                                                         clknet_3_4__leaf_clk (net)
                      0.043609    0.000087    0.296619 ^ dsa[16]._9_/CLK (sky130_fd_sc_hd__dfrtp_1)
     2    0.008203    0.088992    0.351016    0.647635 ^ dsa[16]._9_/Q (sky130_fd_sc_hd__dfrtp_1)
                                                         dsa[16].y_out (net)
                      0.088992    0.000015    0.647650 ^ dsa[17]._7_/A1 (sky130_fd_sc_hd__a21bo_1)
     1    0.002239    0.032275    0.106567    0.754218 ^ dsa[17]._7_/X (sky130_fd_sc_hd__a21bo_1)
                                                         dsa[17].last_carry_next (net)
                      0.032275    0.000003    0.754221 ^ dsa[17]._8_/D (sky130_fd_sc_hd__dfrtp_1)
                                              0.754221   data arrival time

                                  0.000000    0.000000   clock core_clock (rise edge)
                                  0.000000    0.000000   clock source latency
     1    0.011568    0.000000    0.000000    0.000000 ^ clk (in)
                                                         clk (net)
                      0.000309    0.000154    0.000154 ^ clkbuf_0_clk/A (sky130_fd_sc_hd__clkbuf_16)
     8    0.073958    0.091061    0.151616    0.151771 ^ clkbuf_0_clk/X (sky130_fd_sc_hd__clkbuf_16)
                                                         clknet_0_clk (net)
                      0.091062    0.000448    0.152219 ^ clkbuf_3_1__f_clk/A (sky130_fd_sc_hd__clkbuf_16)
     7    0.022774    0.044294    0.145044    0.297263 ^ clkbuf_3_1__f_clk/X (sky130_fd_sc_hd__clkbuf_16)
                                                         clknet_3_1__leaf_clk (net)
                      0.044294    0.000031    0.297294 ^ dsa[17]._8_/CLK (sky130_fd_sc_hd__dfrtp_1)
                                  0.000000    0.297294   clock reconvergence pessimism
                                 -0.032193    0.265101   library hold time
                                              0.265101   data required time
---------------------------------------------------------------------------------------------
                                              0.265101   data required time
                                             -0.754221   data arrival time
---------------------------------------------------------------------------------------------
                                              0.489120   slack (MET)


Startpoint: dsa[25]._9_ (rising edge-triggered flip-flop clocked by core_clock)
Endpoint: dsa[26]._8_ (rising edge-triggered flip-flop clocked by core_clock)
Path Group: core_clock
Path Type: min

Fanout         Cap        Slew       Delay        Time   Description
---------------------------------------------------------------------------------------------
                                  0.000000    0.000000   clock core_clock (rise edge)
                                  0.000000    0.000000   clock source latency
     1    0.011568    0.000000    0.000000    0.000000 ^ clk (in)
                                                         clk (net)
                      0.000309    0.000154    0.000154 ^ clkbuf_0_clk/A (sky130_fd_sc_hd__clkbuf_16)
     8    0.073958    0.091061    0.151616    0.151771 ^ clkbuf_0_clk/X (sky130_fd_sc_hd__clkbuf_16)
                                                         clknet_0_clk (net)
                      0.091061    0.000357    0.152127 ^ clkbuf_3_2__f_clk/A (sky130_fd_sc_hd__clkbuf_16)
    10    0.026536    0.047711    0.148609    0.300736 ^ clkbuf_3_2__f_clk/X (sky130_fd_sc_hd__clkbuf_16)
                                                         clknet_3_2__leaf_clk (net)
                      0.047711    0.000053    0.300789 ^ dsa[25]._9_/CLK (sky130_fd_sc_hd__dfrtp_1)
     2    0.008019    0.087568    0.351309    0.652098 ^ dsa[25]._9_/Q (sky130_fd_sc_hd__dfrtp_1)
                                                         dsa[25].y_out (net)
                      0.087568    0.000021    0.652119 ^ dsa[26]._7_/A1 (sky130_fd_sc_hd__a21bo_1)
     1    0.002278    0.032568    0.106367    0.758486 ^ dsa[26]._7_/X (sky130_fd_sc_hd__a21bo_1)
                                                         dsa[26].last_carry_next (net)
                      0.032568    0.000004    0.758490 ^ dsa[26]._8_/D (sky130_fd_sc_hd__dfrtp_1)
                                              0.758490   data arrival time

                                  0.000000    0.000000   clock core_clock (rise edge)
                                  0.000000    0.000000   clock source latency
     1    0.011568    0.000000    0.000000    0.000000 ^ clk (in)
                                                         clk (net)
                      0.000309    0.000154    0.000154 ^ clkbuf_0_clk/A (sky130_fd_sc_hd__clkbuf_16)
     8    0.073958    0.091061    0.151616    0.151771 ^ clkbuf_0_clk/X (sky130_fd_sc_hd__clkbuf_16)
                                                         clknet_0_clk (net)
                      0.091061    0.000357    0.152127 ^ clkbuf_3_2__f_clk/A (sky130_fd_sc_hd__clkbuf_16)
    10    0.026536    0.047711    0.148609    0.300736 ^ clkbuf_3_2__f_clk/X (sky130_fd_sc_hd__clkbuf_16)
                                                         clknet_3_2__leaf_clk (net)
                      0.047711    0.000127    0.300864 ^ dsa[26]._8_/CLK (sky130_fd_sc_hd__dfrtp_1)
                                  0.000000    0.300864   clock reconvergence pessimism
                                 -0.031789    0.269074   library hold time
                                              0.269074   data required time
---------------------------------------------------------------------------------------------
                                              0.269074   data required time
                                             -0.758490   data arrival time
---------------------------------------------------------------------------------------------
                                              0.489415   slack (MET)


Startpoint: dsa[22]._9_ (rising edge-triggered flip-flop clocked by core_clock)
Endpoint: dsa[23]._8_ (rising edge-triggered flip-flop clocked by core_clock)
Path Group: core_clock
Path Type: min

Fanout         Cap        Slew       Delay        Time   Description
---------------------------------------------------------------------------------------------
                                  0.000000    0.000000   clock core_clock (rise edge)
                                  0.000000    0.000000   clock source latency
     1    0.011568    0.000000    0.000000    0.000000 ^ clk (in)
                                                         clk (net)
                      0.000309    0.000154    0.000154 ^ clkbuf_0_clk/A (sky130_fd_sc_hd__clkbuf_16)
     8    0.073958    0.091061    0.151616    0.151771 ^ clkbuf_0_clk/X (sky130_fd_sc_hd__clkbuf_16)
                                                         clknet_0_clk (net)
                      0.091061    0.000318    0.152088 ^ clkbuf_3_3__f_clk/A (sky130_fd_sc_hd__clkbuf_16)
     9    0.023889    0.045288    0.146095    0.298183 ^ clkbuf_3_3__f_clk/X (sky130_fd_sc_hd__clkbuf_16)
                                                         clknet_3_3__leaf_clk (net)
                      0.045288    0.000033    0.298216 ^ dsa[22]._9_/CLK (sky130_fd_sc_hd__dfrtp_1)
     2    0.008059    0.087869    0.350669    0.648885 ^ dsa[22]._9_/Q (sky130_fd_sc_hd__dfrtp_1)
                                                         dsa[22].y_out (net)
                      0.087869    0.000028    0.648913 ^ dsa[23]._7_/A1 (sky130_fd_sc_hd__a21bo_1)
     1    0.002694    0.035639    0.109187    0.758101 ^ dsa[23]._7_/X (sky130_fd_sc_hd__a21bo_1)
                                                         dsa[23].last_carry_next (net)
                      0.035639    0.000010    0.758110 ^ dsa[23]._8_/D (sky130_fd_sc_hd__dfrtp_1)
                                              0.758110   data arrival time

                                  0.000000    0.000000   clock core_clock (rise edge)
                                  0.000000    0.000000   clock source latency
     1    0.011568    0.000000    0.000000    0.000000 ^ clk (in)
                                                         clk (net)
                      0.000309    0.000154    0.000154 ^ clkbuf_0_clk/A (sky130_fd_sc_hd__clkbuf_16)
     8    0.073958    0.091061    0.151616    0.151771 ^ clkbuf_0_clk/X (sky130_fd_sc_hd__clkbuf_16)
                                                         clknet_0_clk (net)
                      0.091061    0.000357    0.152127 ^ clkbuf_3_2__f_clk/A (sky130_fd_sc_hd__clkbuf_16)
    10    0.026536    0.047711    0.148609    0.300736 ^ clkbuf_3_2__f_clk/X (sky130_fd_sc_hd__clkbuf_16)
                                                         clknet_3_2__leaf_clk (net)
                      0.047711    0.000077    0.300813 ^ dsa[23]._8_/CLK (sky130_fd_sc_hd__dfrtp_1)
                                  0.000000    0.300813   clock reconvergence pessimism
                                 -0.032433    0.268380   library hold time
                                              0.268380   data required time
---------------------------------------------------------------------------------------------
                                              0.268380   data required time
                                             -0.758110   data arrival time
---------------------------------------------------------------------------------------------
                                              0.489730   slack (MET)


Startpoint: dsa[4]._9_ (rising edge-triggered flip-flop clocked by core_clock)
Endpoint: dsa[5]._8_ (rising edge-triggered flip-flop clocked by core_clock)
Path Group: core_clock
Path Type: min

Fanout         Cap        Slew       Delay        Time   Description
---------------------------------------------------------------------------------------------
                                  0.000000    0.000000   clock core_clock (rise edge)
                                  0.000000    0.000000   clock source latency
     1    0.011568    0.000000    0.000000    0.000000 ^ clk (in)
                                                         clk (net)
                      0.000309    0.000154    0.000154 ^ clkbuf_0_clk/A (sky130_fd_sc_hd__clkbuf_16)
     8    0.073958    0.091061    0.151616    0.151771 ^ clkbuf_0_clk/X (sky130_fd_sc_hd__clkbuf_16)
                                                         clknet_0_clk (net)
                      0.091062    0.000488    0.152258 ^ clkbuf_3_5__f_clk/A (sky130_fd_sc_hd__clkbuf_16)
     8    0.023945    0.045337    0.146155    0.298414 ^ clkbuf_3_5__f_clk/X (sky130_fd_sc_hd__clkbuf_16)
                                                         clknet_3_5__leaf_clk (net)
                      0.045337    0.000035    0.298448 ^ dsa[4]._9_/CLK (sky130_fd_sc_hd__dfrtp_1)
     2    0.007768    0.085600    0.348722    0.647170 ^ dsa[4]._9_/Q (sky130_fd_sc_hd__dfrtp_1)
                                                         dsa[4].y_out (net)
                      0.085600    0.000015    0.647185 ^ dsa[5]._7_/A1 (sky130_fd_sc_hd__a21bo_1)
     1    0.002694    0.035640    0.108459    0.755644 ^ dsa[5]._7_/X (sky130_fd_sc_hd__a21bo_1)
                                                         dsa[5].last_carry_next (net)
                      0.035640    0.000010    0.755654 ^ dsa[5]._8_/D (sky130_fd_sc_hd__dfrtp_1)
                                              0.755654   data arrival time

                                  0.000000    0.000000   clock core_clock (rise edge)
                                  0.000000    0.000000   clock source latency
     1    0.011568    0.000000    0.000000    0.000000 ^ clk (in)
                                                         clk (net)
                      0.000309    0.000154    0.000154 ^ clkbuf_0_clk/A (sky130_fd_sc_hd__clkbuf_16)
     8    0.073958    0.091061    0.151616    0.151771 ^ clkbuf_0_clk/X (sky130_fd_sc_hd__clkbuf_16)
                                                         clknet_0_clk (net)
                      0.091062    0.000488    0.152258 ^ clkbuf_3_5__f_clk/A (sky130_fd_sc_hd__clkbuf_16)
     8    0.023945    0.045337    0.146155    0.298414 ^ clkbuf_3_5__f_clk/X (sky130_fd_sc_hd__clkbuf_16)
                                                         clknet_3_5__leaf_clk (net)
                      0.045337    0.000071    0.298485 ^ dsa[5]._8_/CLK (sky130_fd_sc_hd__dfrtp_1)
                                  0.000000    0.298485   clock reconvergence pessimism
                                 -0.032756    0.265728   library hold time
                                              0.265728   data required time
---------------------------------------------------------------------------------------------
                                              0.265728   data required time
                                             -0.755654   data arrival time
---------------------------------------------------------------------------------------------
                                              0.489926   slack (MET)


Startpoint: dsa[15]._9_ (rising edge-triggered flip-flop clocked by core_clock)
Endpoint: dsa[16]._8_ (rising edge-triggered flip-flop clocked by core_clock)
Path Group: core_clock
Path Type: min

Fanout         Cap        Slew       Delay        Time   Description
---------------------------------------------------------------------------------------------
                                  0.000000    0.000000   clock core_clock (rise edge)
                                  0.000000    0.000000   clock source latency
     1    0.011568    0.000000    0.000000    0.000000 ^ clk (in)
                                                         clk (net)
                      0.000309    0.000154    0.000154 ^ clkbuf_0_clk/A (sky130_fd_sc_hd__clkbuf_16)
     8    0.073958    0.091061    0.151616    0.151771 ^ clkbuf_0_clk/X (sky130_fd_sc_hd__clkbuf_16)
                                                         clknet_0_clk (net)
                      0.091062    0.000489    0.152260 ^ clkbuf_3_4__f_clk/A (sky130_fd_sc_hd__clkbuf_16)
     9    0.021994    0.043609    0.144272    0.296531 ^ clkbuf_3_4__f_clk/X (sky130_fd_sc_hd__clkbuf_16)
                                                         clknet_3_4__leaf_clk (net)
                      0.043609    0.000090    0.296621 ^ dsa[15]._9_/CLK (sky130_fd_sc_hd__dfrtp_1)
     2    0.007902    0.086642    0.348982    0.645603 ^ dsa[15]._9_/Q (sky130_fd_sc_hd__dfrtp_1)
                                                         dsa[15].y_out (net)
                      0.086642    0.000025    0.645628 ^ dsa[16]._7_/A1 (sky130_fd_sc_hd__a21bo_1)
     1    0.002694    0.035641    0.108794    0.754422 ^ dsa[16]._7_/X (sky130_fd_sc_hd__a21bo_1)
                                                         dsa[16].last_carry_next (net)
                      0.035641    0.000010    0.754432 ^ dsa[16]._8_/D (sky130_fd_sc_hd__dfrtp_1)
                                              0.754432   data arrival time

                                  0.000000    0.000000   clock core_clock (rise edge)
                                  0.000000    0.000000   clock source latency
     1    0.011568    0.000000    0.000000    0.000000 ^ clk (in)
                                                         clk (net)
                      0.000309    0.000154    0.000154 ^ clkbuf_0_clk/A (sky130_fd_sc_hd__clkbuf_16)
     8    0.073958    0.091061    0.151616    0.151771 ^ clkbuf_0_clk/X (sky130_fd_sc_hd__clkbuf_16)
                                                         clknet_0_clk (net)
                      0.091062    0.000448    0.152219 ^ clkbuf_3_1__f_clk/A (sky130_fd_sc_hd__clkbuf_16)
     7    0.022774    0.044294    0.145044    0.297263 ^ clkbuf_3_1__f_clk/X (sky130_fd_sc_hd__clkbuf_16)
                                                         clknet_3_1__leaf_clk (net)
                      0.044294    0.000050    0.297313 ^ dsa[16]._8_/CLK (sky130_fd_sc_hd__dfrtp_1)
                                  0.000000    0.297313   clock reconvergence pessimism
                                 -0.032899    0.264414   library hold time
                                              0.264414   data required time
---------------------------------------------------------------------------------------------
                                              0.264414   data required time
                                             -0.754432   data arrival time
---------------------------------------------------------------------------------------------
                                              0.490018   slack (MET)


Startpoint: dsa[3]._9_ (rising edge-triggered flip-flop clocked by core_clock)
Endpoint: dsa[4]._8_ (rising edge-triggered flip-flop clocked by core_clock)
Path Group: core_clock
Path Type: min

Fanout         Cap        Slew       Delay        Time   Description
---------------------------------------------------------------------------------------------
                                  0.000000    0.000000   clock core_clock (rise edge)
                                  0.000000    0.000000   clock source latency
     1    0.011568    0.000000    0.000000    0.000000 ^ clk (in)
                                                         clk (net)
                      0.000309    0.000154    0.000154 ^ clkbuf_0_clk/A (sky130_fd_sc_hd__clkbuf_16)
     8    0.073958    0.091061    0.151616    0.151771 ^ clkbuf_0_clk/X (sky130_fd_sc_hd__clkbuf_16)
                                                         clknet_0_clk (net)
                      0.091062    0.000488    0.152258 ^ clkbuf_3_5__f_clk/A (sky130_fd_sc_hd__clkbuf_16)
     8    0.023945    0.045337    0.146155    0.298414 ^ clkbuf_3_5__f_clk/X (sky130_fd_sc_hd__clkbuf_16)
                                                         clknet_3_5__leaf_clk (net)
                      0.045337    0.000034    0.298448 ^ dsa[3]._9_/CLK (sky130_fd_sc_hd__dfrtp_1)
     2    0.008142    0.088520    0.351250    0.649698 ^ dsa[3]._9_/Q (sky130_fd_sc_hd__dfrtp_1)
                                                         dsa[3].y_out (net)
                      0.088520    0.000007    0.649706 ^ dsa[4]._7_/A1 (sky130_fd_sc_hd__a21bo_1)
     1    0.002396    0.033437    0.107443    0.757149 ^ dsa[4]._7_/X (sky130_fd_sc_hd__a21bo_1)
                                                         dsa[4].last_carry_next (net)
                      0.033437    0.000006    0.757155 ^ dsa[4]._8_/D (sky130_fd_sc_hd__dfrtp_1)
                                              0.757155   data arrival time

                                  0.000000    0.000000   clock core_clock (rise edge)
                                  0.000000    0.000000   clock source latency
     1    0.011568    0.000000    0.000000    0.000000 ^ clk (in)
                                                         clk (net)
                      0.000309    0.000154    0.000154 ^ clkbuf_0_clk/A (sky130_fd_sc_hd__clkbuf_16)
     8    0.073958    0.091061    0.151616    0.151771 ^ clkbuf_0_clk/X (sky130_fd_sc_hd__clkbuf_16)
                                                         clknet_0_clk (net)
                      0.091062    0.000488    0.152258 ^ clkbuf_3_5__f_clk/A (sky130_fd_sc_hd__clkbuf_16)
     8    0.023945    0.045337    0.146155    0.298414 ^ clkbuf_3_5__f_clk/X (sky130_fd_sc_hd__clkbuf_16)
                                                         clknet_3_5__leaf_clk (net)
                      0.045337    0.000059    0.298473 ^ dsa[4]._8_/CLK (sky130_fd_sc_hd__dfrtp_1)
                                  0.000000    0.298473   clock reconvergence pessimism
                                 -0.032295    0.266178   library hold time
                                              0.266178   data required time
---------------------------------------------------------------------------------------------
                                              0.266178   data required time
                                             -0.757155   data arrival time
---------------------------------------------------------------------------------------------
                                              0.490977   slack (MET)


Startpoint: dsa[17]._9_ (rising edge-triggered flip-flop clocked by core_clock)
Endpoint: dsa[18]._8_ (rising edge-triggered flip-flop clocked by core_clock)
Path Group: core_clock
Path Type: min

Fanout         Cap        Slew       Delay        Time   Description
---------------------------------------------------------------------------------------------
                                  0.000000    0.000000   clock core_clock (rise edge)
                                  0.000000    0.000000   clock source latency
     1    0.011568    0.000000    0.000000    0.000000 ^ clk (in)
                                                         clk (net)
                      0.000309    0.000154    0.000154 ^ clkbuf_0_clk/A (sky130_fd_sc_hd__clkbuf_16)
     8    0.073958    0.091061    0.151616    0.151771 ^ clkbuf_0_clk/X (sky130_fd_sc_hd__clkbuf_16)
                                                         clknet_0_clk (net)
                      0.091062    0.000489    0.152260 ^ clkbuf_3_4__f_clk/A (sky130_fd_sc_hd__clkbuf_16)
     9    0.021994    0.043609    0.144272    0.296531 ^ clkbuf_3_4__f_clk/X (sky130_fd_sc_hd__clkbuf_16)
                                                         clknet_3_4__leaf_clk (net)
                      0.043609    0.000120    0.296652 ^ dsa[17]._9_/CLK (sky130_fd_sc_hd__dfrtp_1)
     2    0.007996    0.087380    0.349621    0.646272 ^ dsa[17]._9_/Q (sky130_fd_sc_hd__dfrtp_1)
                                                         dsa[17].y_out (net)
                      0.087380    0.000027    0.646300 ^ dsa[18]._7_/A1 (sky130_fd_sc_hd__a21bo_1)
     1    0.002788    0.035040    0.109642    0.755941 ^ dsa[18]._7_/X (sky130_fd_sc_hd__a21bo_1)
                                                         dsa[18].last_carry_next (net)
                      0.035040    0.000012    0.755953 ^ dsa[18]._8_/D (sky130_fd_sc_hd__dfrtp_1)
                                              0.755953   data arrival time

                                  0.000000    0.000000   clock core_clock (rise edge)
                                  0.000000    0.000000   clock source latency
     1    0.011568    0.000000    0.000000    0.000000 ^ clk (in)
                                                         clk (net)
                      0.000309    0.000154    0.000154 ^ clkbuf_0_clk/A (sky130_fd_sc_hd__clkbuf_16)
     8    0.073958    0.091061    0.151616    0.151771 ^ clkbuf_0_clk/X (sky130_fd_sc_hd__clkbuf_16)
                                                         clknet_0_clk (net)
                      0.091062    0.000448    0.152219 ^ clkbuf_3_1__f_clk/A (sky130_fd_sc_hd__clkbuf_16)
     7    0.022774    0.044294    0.145044    0.297263 ^ clkbuf_3_1__f_clk/X (sky130_fd_sc_hd__clkbuf_16)
                                                         clknet_3_1__leaf_clk (net)
                      0.044294    0.000017    0.297280 ^ dsa[18]._8_/CLK (sky130_fd_sc_hd__dfrtp_1)
                                  0.000000    0.297280   clock reconvergence pessimism
                                 -0.032773    0.264507   library hold time
                                              0.264507   data required time
---------------------------------------------------------------------------------------------
                                              0.264507   data required time
                                             -0.755953   data arrival time
---------------------------------------------------------------------------------------------
                                              0.491447   slack (MET)


Startpoint: dsa[29]._9_ (rising edge-triggered flip-flop clocked by core_clock)
Endpoint: dsa[30]._8_ (rising edge-triggered flip-flop clocked by core_clock)
Path Group: core_clock
Path Type: min

Fanout         Cap        Slew       Delay        Time   Description
---------------------------------------------------------------------------------------------
                                  0.000000    0.000000   clock core_clock (rise edge)
                                  0.000000    0.000000   clock source latency
     1    0.011568    0.000000    0.000000    0.000000 ^ clk (in)
                                                         clk (net)
                      0.000309    0.000154    0.000154 ^ clkbuf_0_clk/A (sky130_fd_sc_hd__clkbuf_16)
     8    0.073958    0.091061    0.151616    0.151771 ^ clkbuf_0_clk/X (sky130_fd_sc_hd__clkbuf_16)
                                                         clknet_0_clk (net)
                      0.091062    0.000448    0.152219 ^ clkbuf_3_1__f_clk/A (sky130_fd_sc_hd__clkbuf_16)
     7    0.022774    0.044294    0.145044    0.297263 ^ clkbuf_3_1__f_clk/X (sky130_fd_sc_hd__clkbuf_16)
                                                         clknet_3_1__leaf_clk (net)
                      0.044294    0.000057    0.297319 ^ dsa[29]._9_/CLK (sky130_fd_sc_hd__dfrtp_1)
     2    0.008398    0.090516    0.352591    0.649911 ^ dsa[29]._9_/Q (sky130_fd_sc_hd__dfrtp_1)
                                                         dsa[29].y_out (net)
                      0.090516    0.000036    0.649947 ^ dsa[30]._7_/A1 (sky130_fd_sc_hd__a21bo_1)
     1    0.002631    0.035175    0.109626    0.759573 ^ dsa[30]._7_/X (sky130_fd_sc_hd__a21bo_1)
                                                         dsa[30].last_carry_next (net)
                      0.035175    0.000009    0.759583 ^ dsa[30]._8_/D (sky130_fd_sc_hd__dfrtp_1)
                                              0.759583   data arrival time

                                  0.000000    0.000000   clock core_clock (rise edge)
                                  0.000000    0.000000   clock source latency
     1    0.011568    0.000000    0.000000    0.000000 ^ clk (in)
                                                         clk (net)
                      0.000309    0.000154    0.000154 ^ clkbuf_0_clk/A (sky130_fd_sc_hd__clkbuf_16)
     8    0.073958    0.091061    0.151616    0.151771 ^ clkbuf_0_clk/X (sky130_fd_sc_hd__clkbuf_16)
                                                         clknet_0_clk (net)
                      0.091062    0.000468    0.152239 ^ clkbuf_3_0__f_clk/A (sky130_fd_sc_hd__clkbuf_16)
    10    0.025807    0.047041    0.147910    0.300149 ^ clkbuf_3_0__f_clk/X (sky130_fd_sc_hd__clkbuf_16)
                                                         clknet_3_0__leaf_clk (net)
                      0.047041    0.000140    0.300289 ^ dsa[30]._8_/CLK (sky130_fd_sc_hd__dfrtp_1)
                                  0.000000    0.300289   clock reconvergence pessimism
                                 -0.032427    0.267862   library hold time
                                              0.267862   data required time
---------------------------------------------------------------------------------------------
                                              0.267862   data required time
                                             -0.759583   data arrival time
---------------------------------------------------------------------------------------------
                                              0.491720   slack (MET)


Startpoint: dsa[8]._9_ (rising edge-triggered flip-flop clocked by core_clock)
Endpoint: dsa[9]._8_ (rising edge-triggered flip-flop clocked by core_clock)
Path Group: core_clock
Path Type: min

Fanout         Cap        Slew       Delay        Time   Description
---------------------------------------------------------------------------------------------
                                  0.000000    0.000000   clock core_clock (rise edge)
                                  0.000000    0.000000   clock source latency
     1    0.011568    0.000000    0.000000    0.000000 ^ clk (in)
                                                         clk (net)
                      0.000309    0.000154    0.000154 ^ clkbuf_0_clk/A (sky130_fd_sc_hd__clkbuf_16)
     8    0.073958    0.091061    0.151616    0.151771 ^ clkbuf_0_clk/X (sky130_fd_sc_hd__clkbuf_16)
                                                         clknet_0_clk (net)
                      0.091062    0.000489    0.152260 ^ clkbuf_3_4__f_clk/A (sky130_fd_sc_hd__clkbuf_16)
     9    0.021994    0.043609    0.144272    0.296531 ^ clkbuf_3_4__f_clk/X (sky130_fd_sc_hd__clkbuf_16)
                                                         clknet_3_4__leaf_clk (net)
                      0.043609    0.000094    0.296625 ^ dsa[8]._9_/CLK (sky130_fd_sc_hd__dfrtp_1)
     2    0.008247    0.089334    0.351313    0.647938 ^ dsa[8]._9_/Q (sky130_fd_sc_hd__dfrtp_1)
                                                         dsa[8].y_out (net)
                      0.089334    0.000038    0.647976 ^ dsa[9]._7_/A1 (sky130_fd_sc_hd__a21bo_1)
     1    0.002694    0.035639    0.109658    0.757633 ^ dsa[9]._7_/X (sky130_fd_sc_hd__a21bo_1)
                                                         dsa[9].last_carry_next (net)
                      0.035639    0.000010    0.757643 ^ dsa[9]._8_/D (sky130_fd_sc_hd__dfrtp_1)
                                              0.757643   data arrival time

                                  0.000000    0.000000   clock core_clock (rise edge)
                                  0.000000    0.000000   clock source latency
     1    0.011568    0.000000    0.000000    0.000000 ^ clk (in)
                                                         clk (net)
                      0.000309    0.000154    0.000154 ^ clkbuf_0_clk/A (sky130_fd_sc_hd__clkbuf_16)
     8    0.073958    0.091061    0.151616    0.151771 ^ clkbuf_0_clk/X (sky130_fd_sc_hd__clkbuf_16)
                                                         clknet_0_clk (net)
                      0.091061    0.000370    0.152141 ^ clkbuf_3_6__f_clk/A (sky130_fd_sc_hd__clkbuf_16)
     8    0.023743    0.045156    0.145959    0.298099 ^ clkbuf_3_6__f_clk/X (sky130_fd_sc_hd__clkbuf_16)
                                                         clknet_3_6__leaf_clk (net)
                      0.045156    0.000100    0.298199 ^ dsa[9]._8_/CLK (sky130_fd_sc_hd__dfrtp_1)
                                  0.000000    0.298199   clock reconvergence pessimism
                                 -0.032781    0.265418   library hold time
                                              0.265418   data required time
---------------------------------------------------------------------------------------------
                                              0.265418   data required time
                                             -0.757643   data arrival time
---------------------------------------------------------------------------------------------
                                              0.492225   slack (MET)


Startpoint: dsa[2]._9_ (rising edge-triggered flip-flop clocked by core_clock)
Endpoint: dsa[3]._8_ (rising edge-triggered flip-flop clocked by core_clock)
Path Group: core_clock
Path Type: min

Fanout         Cap        Slew       Delay        Time   Description
---------------------------------------------------------------------------------------------
                                  0.000000    0.000000   clock core_clock (rise edge)
                                  0.000000    0.000000   clock source latency
     1    0.011568    0.000000    0.000000    0.000000 ^ clk (in)
                                                         clk (net)
                      0.000309    0.000154    0.000154 ^ clkbuf_0_clk/A (sky130_fd_sc_hd__clkbuf_16)
     8    0.073958    0.091061    0.151616    0.151771 ^ clkbuf_0_clk/X (sky130_fd_sc_hd__clkbuf_16)
                                                         clknet_0_clk (net)
                      0.091061    0.000394    0.152164 ^ clkbuf_3_7__f_clk/A (sky130_fd_sc_hd__clkbuf_16)
    10    0.024446    0.045798    0.146630    0.298794 ^ clkbuf_3_7__f_clk/X (sky130_fd_sc_hd__clkbuf_16)
                                                         clknet_3_7__leaf_clk (net)
                      0.045798    0.000043    0.298837 ^ dsa[2]._9_/CLK (sky130_fd_sc_hd__dfrtp_1)
     2    0.008008    0.087475    0.350517    0.649354 ^ dsa[2]._9_/Q (sky130_fd_sc_hd__dfrtp_1)
                                                         dsa[2].y_out (net)
                      0.087475    0.000028    0.649382 ^ dsa[3]._7_/A1 (sky130_fd_sc_hd__a21bo_1)
     1    0.002772    0.034930    0.109570    0.758953 ^ dsa[3]._7_/X (sky130_fd_sc_hd__a21bo_1)
                                                         dsa[3].last_carry_next (net)
                      0.034930    0.000011    0.758964 ^ dsa[3]._8_/D (sky130_fd_sc_hd__dfrtp_1)
                                              0.758964   data arrival time

                                  0.000000    0.000000   clock core_clock (rise edge)
                                  0.000000    0.000000   clock source latency
     1    0.011568    0.000000    0.000000    0.000000 ^ clk (in)
                                                         clk (net)
                      0.000309    0.000154    0.000154 ^ clkbuf_0_clk/A (sky130_fd_sc_hd__clkbuf_16)
     8    0.073958    0.091061    0.151616    0.151771 ^ clkbuf_0_clk/X (sky130_fd_sc_hd__clkbuf_16)
                                                         clknet_0_clk (net)
                      0.091061    0.000394    0.152164 ^ clkbuf_3_7__f_clk/A (sky130_fd_sc_hd__clkbuf_16)
    10    0.024446    0.045798    0.146630    0.298794 ^ clkbuf_3_7__f_clk/X (sky130_fd_sc_hd__clkbuf_16)
                                                         clknet_3_7__leaf_clk (net)
                      0.045798    0.000048    0.298841 ^ dsa[3]._8_/CLK (sky130_fd_sc_hd__dfrtp_1)
                                  0.000000    0.298841   clock reconvergence pessimism
                                 -0.032545    0.266297   library hold time
                                              0.266297   data required time
---------------------------------------------------------------------------------------------
                                              0.266297   data required time
                                             -0.758964   data arrival time
---------------------------------------------------------------------------------------------
                                              0.492667   slack (MET)


Startpoint: dsa[28]._9_ (rising edge-triggered flip-flop clocked by core_clock)
Endpoint: dsa[29]._8_ (rising edge-triggered flip-flop clocked by core_clock)
Path Group: core_clock
Path Type: min

Fanout         Cap        Slew       Delay        Time   Description
---------------------------------------------------------------------------------------------
                                  0.000000    0.000000   clock core_clock (rise edge)
                                  0.000000    0.000000   clock source latency
     1    0.011568    0.000000    0.000000    0.000000 ^ clk (in)
                                                         clk (net)
                      0.000309    0.000154    0.000154 ^ clkbuf_0_clk/A (sky130_fd_sc_hd__clkbuf_16)
     8    0.073958    0.091061    0.151616    0.151771 ^ clkbuf_0_clk/X (sky130_fd_sc_hd__clkbuf_16)
                                                         clknet_0_clk (net)
                      0.091062    0.000468    0.152239 ^ clkbuf_3_0__f_clk/A (sky130_fd_sc_hd__clkbuf_16)
    10    0.025807    0.047041    0.147910    0.300149 ^ clkbuf_3_0__f_clk/X (sky130_fd_sc_hd__clkbuf_16)
                                                         clknet_3_0__leaf_clk (net)
                      0.047041    0.000036    0.300185 ^ dsa[28]._9_/CLK (sky130_fd_sc_hd__dfrtp_1)
     2    0.008053    0.087831    0.351288    0.651473 ^ dsa[28]._9_/Q (sky130_fd_sc_hd__dfrtp_1)
                                                         dsa[28].y_out (net)
                      0.087831    0.000033    0.651505 ^ dsa[29]._7_/A1 (sky130_fd_sc_hd__a21bo_1)
     1    0.002707    0.034471    0.109261    0.760766 ^ dsa[29]._7_/X (sky130_fd_sc_hd__a21bo_1)
                                                         dsa[29].last_carry_next (net)
                      0.034471    0.000011    0.760777 ^ dsa[29]._8_/D (sky130_fd_sc_hd__dfrtp_1)
                                              0.760777   data arrival time

                                  0.000000    0.000000   clock core_clock (rise edge)
                                  0.000000    0.000000   clock source latency
     1    0.011568    0.000000    0.000000    0.000000 ^ clk (in)
                                                         clk (net)
                      0.000309    0.000154    0.000154 ^ clkbuf_0_clk/A (sky130_fd_sc_hd__clkbuf_16)
     8    0.073958    0.091061    0.151616    0.151771 ^ clkbuf_0_clk/X (sky130_fd_sc_hd__clkbuf_16)
                                                         clknet_0_clk (net)
                      0.091062    0.000468    0.152239 ^ clkbuf_3_0__f_clk/A (sky130_fd_sc_hd__clkbuf_16)
    10    0.025807    0.047041    0.147910    0.300149 ^ clkbuf_3_0__f_clk/X (sky130_fd_sc_hd__clkbuf_16)
                                                         clknet_3_0__leaf_clk (net)
                      0.047041    0.000153    0.300302 ^ dsa[29]._8_/CLK (sky130_fd_sc_hd__dfrtp_1)
                                  0.000000    0.300302   clock reconvergence pessimism
                                 -0.032279    0.268023   library hold time
                                              0.268023   data required time
---------------------------------------------------------------------------------------------
                                              0.268023   data required time
                                             -0.760777   data arrival time
---------------------------------------------------------------------------------------------
                                              0.492754   slack (MET)


Startpoint: dsa[13]._9_ (rising edge-triggered flip-flop clocked by core_clock)
Endpoint: dsa[14]._8_ (rising edge-triggered flip-flop clocked by core_clock)
Path Group: core_clock
Path Type: min

Fanout         Cap        Slew       Delay        Time   Description
---------------------------------------------------------------------------------------------
                                  0.000000    0.000000   clock core_clock (rise edge)
                                  0.000000    0.000000   clock source latency
     1    0.011568    0.000000    0.000000    0.000000 ^ clk (in)
                                                         clk (net)
                      0.000309    0.000154    0.000154 ^ clkbuf_0_clk/A (sky130_fd_sc_hd__clkbuf_16)
     8    0.073958    0.091061    0.151616    0.151771 ^ clkbuf_0_clk/X (sky130_fd_sc_hd__clkbuf_16)
                                                         clknet_0_clk (net)
                      0.091061    0.000318    0.152088 ^ clkbuf_3_3__f_clk/A (sky130_fd_sc_hd__clkbuf_16)
     9    0.023889    0.045288    0.146095    0.298183 ^ clkbuf_3_3__f_clk/X (sky130_fd_sc_hd__clkbuf_16)
                                                         clknet_3_3__leaf_clk (net)
                      0.045288    0.000090    0.298273 ^ dsa[13]._9_/CLK (sky130_fd_sc_hd__dfrtp_1)
     2    0.008199    0.086921    0.351591    0.649864 ^ dsa[13]._9_/Q (sky130_fd_sc_hd__dfrtp_1)
                                                         dsa[13].y_out (net)
                      0.086921    0.000040    0.649905 ^ dsa[14]._7_/A1 (sky130_fd_sc_hd__a21bo_1)
     1    0.002694    0.035640    0.108883    0.758788 ^ dsa[14]._7_/X (sky130_fd_sc_hd__a21bo_1)
                                                         dsa[14].last_carry_next (net)
                      0.035640    0.000010    0.758798 ^ dsa[14]._8_/D (sky130_fd_sc_hd__dfrtp_1)
                                              0.758798   data arrival time

                                  0.000000    0.000000   clock core_clock (rise edge)
                                  0.000000    0.000000   clock source latency
     1    0.011568    0.000000    0.000000    0.000000 ^ clk (in)
                                                         clk (net)
                      0.000309    0.000154    0.000154 ^ clkbuf_0_clk/A (sky130_fd_sc_hd__clkbuf_16)
     8    0.073958    0.091061    0.151616    0.151771 ^ clkbuf_0_clk/X (sky130_fd_sc_hd__clkbuf_16)
                                                         clknet_0_clk (net)
                      0.091061    0.000318    0.152088 ^ clkbuf_3_3__f_clk/A (sky130_fd_sc_hd__clkbuf_16)
     9    0.023889    0.045288    0.146095    0.298183 ^ clkbuf_3_3__f_clk/X (sky130_fd_sc_hd__clkbuf_16)
                                                         clknet_3_3__leaf_clk (net)
                      0.045288    0.000074    0.298257 ^ dsa[14]._8_/CLK (sky130_fd_sc_hd__dfrtp_1)
                                  0.000000    0.298257   clock reconvergence pessimism
                                 -0.032763    0.265494   library hold time
                                              0.265494   data required time
---------------------------------------------------------------------------------------------
                                              0.265494   data required time
                                             -0.758798   data arrival time
---------------------------------------------------------------------------------------------
                                              0.493304   slack (MET)


Startpoint: dsa[24]._9_ (rising edge-triggered flip-flop clocked by core_clock)
Endpoint: dsa[25]._8_ (rising edge-triggered flip-flop clocked by core_clock)
Path Group: core_clock
Path Type: min

Fanout         Cap        Slew       Delay        Time   Description
---------------------------------------------------------------------------------------------
                                  0.000000    0.000000   clock core_clock (rise edge)
                                  0.000000    0.000000   clock source latency
     1    0.011568    0.000000    0.000000    0.000000 ^ clk (in)
                                                         clk (net)
                      0.000309    0.000154    0.000154 ^ clkbuf_0_clk/A (sky130_fd_sc_hd__clkbuf_16)
     8    0.073958    0.091061    0.151616    0.151771 ^ clkbuf_0_clk/X (sky130_fd_sc_hd__clkbuf_16)
                                                         clknet_0_clk (net)
                      0.091061    0.000318    0.152088 ^ clkbuf_3_3__f_clk/A (sky130_fd_sc_hd__clkbuf_16)
     9    0.023889    0.045288    0.146095    0.298183 ^ clkbuf_3_3__f_clk/X (sky130_fd_sc_hd__clkbuf_16)
                                                         clknet_3_3__leaf_clk (net)
                      0.045288    0.000087    0.298270 ^ dsa[24]._9_/CLK (sky130_fd_sc_hd__dfrtp_1)
     2    0.008759    0.090928    0.355366    0.653637 ^ dsa[24]._9_/Q (sky130_fd_sc_hd__dfrtp_1)
                                                         dsa[24].y_out (net)
                      0.090928    0.000060    0.653696 ^ dsa[25]._7_/A1 (sky130_fd_sc_hd__a21bo_1)
     1    0.002435    0.033728    0.108473    0.762170 ^ dsa[25]._7_/X (sky130_fd_sc_hd__a21bo_1)
                                                         dsa[25].last_carry_next (net)
                      0.033728    0.000006    0.762176 ^ dsa[25]._8_/D (sky130_fd_sc_hd__dfrtp_1)
                                              0.762176   data arrival time

                                  0.000000    0.000000   clock core_clock (rise edge)
                                  0.000000    0.000000   clock source latency
     1    0.011568    0.000000    0.000000    0.000000 ^ clk (in)
                                                         clk (net)
                      0.000309    0.000154    0.000154 ^ clkbuf_0_clk/A (sky130_fd_sc_hd__clkbuf_16)
     8    0.073958    0.091061    0.151616    0.151771 ^ clkbuf_0_clk/X (sky130_fd_sc_hd__clkbuf_16)
                                                         clknet_0_clk (net)
                      0.091061    0.000357    0.152127 ^ clkbuf_3_2__f_clk/A (sky130_fd_sc_hd__clkbuf_16)
    10    0.026536    0.047711    0.148609    0.300736 ^ clkbuf_3_2__f_clk/X (sky130_fd_sc_hd__clkbuf_16)
                                                         clknet_3_2__leaf_clk (net)
                      0.047711    0.000116    0.300853 ^ dsa[25]._8_/CLK (sky130_fd_sc_hd__dfrtp_1)
                                  0.000000    0.300853   clock reconvergence pessimism
                                 -0.032032    0.268821   library hold time
                                              0.268821   data required time
---------------------------------------------------------------------------------------------
                                              0.268821   data required time
                                             -0.762176   data arrival time
---------------------------------------------------------------------------------------------
                                              0.493355   slack (MET)


Startpoint: dsa[27]._9_ (rising edge-triggered flip-flop clocked by core_clock)
Endpoint: dsa[28]._8_ (rising edge-triggered flip-flop clocked by core_clock)
Path Group: core_clock
Path Type: min

Fanout         Cap        Slew       Delay        Time   Description
---------------------------------------------------------------------------------------------
                                  0.000000    0.000000   clock core_clock (rise edge)
                                  0.000000    0.000000   clock source latency
     1    0.011568    0.000000    0.000000    0.000000 ^ clk (in)
                                                         clk (net)
                      0.000309    0.000154    0.000154 ^ clkbuf_0_clk/A (sky130_fd_sc_hd__clkbuf_16)
     8    0.073958    0.091061    0.151616    0.151771 ^ clkbuf_0_clk/X (sky130_fd_sc_hd__clkbuf_16)
                                                         clknet_0_clk (net)
                      0.091061    0.000357    0.152127 ^ clkbuf_3_2__f_clk/A (sky130_fd_sc_hd__clkbuf_16)
    10    0.026536    0.047711    0.148609    0.300736 ^ clkbuf_3_2__f_clk/X (sky130_fd_sc_hd__clkbuf_16)
                                                         clknet_3_2__leaf_clk (net)
                      0.047711    0.000045    0.300781 ^ dsa[27]._9_/CLK (sky130_fd_sc_hd__dfrtp_1)
     2    0.008323    0.089933    0.353357    0.654138 ^ dsa[27]._9_/Q (sky130_fd_sc_hd__dfrtp_1)
                                                         dsa[27].y_out (net)
                      0.089933    0.000033    0.654171 ^ dsa[28]._7_/A1 (sky130_fd_sc_hd__a21bo_1)
     1    0.002474    0.034017    0.108411    0.762582 ^ dsa[28]._7_/X (sky130_fd_sc_hd__a21bo_1)
                                                         dsa[28].last_carry_next (net)
                      0.034017    0.000007    0.762589 ^ dsa[28]._8_/D (sky130_fd_sc_hd__dfrtp_1)
                                              0.762589   data arrival time

                                  0.000000    0.000000   clock core_clock (rise edge)
                                  0.000000    0.000000   clock source latency
     1    0.011568    0.000000    0.000000    0.000000 ^ clk (in)
                                                         clk (net)
                      0.000309    0.000154    0.000154 ^ clkbuf_0_clk/A (sky130_fd_sc_hd__clkbuf_16)
     8    0.073958    0.091061    0.151616    0.151771 ^ clkbuf_0_clk/X (sky130_fd_sc_hd__clkbuf_16)
                                                         clknet_0_clk (net)
                      0.091061    0.000357    0.152127 ^ clkbuf_3_2__f_clk/A (sky130_fd_sc_hd__clkbuf_16)
    10    0.026536    0.047711    0.148609    0.300736 ^ clkbuf_3_2__f_clk/X (sky130_fd_sc_hd__clkbuf_16)
                                                         clknet_3_2__leaf_clk (net)
                      0.047711    0.000143    0.300879 ^ dsa[28]._8_/CLK (sky130_fd_sc_hd__dfrtp_1)
                                  0.000000    0.300879   clock reconvergence pessimism
                                 -0.032093    0.268787   library hold time
                                              0.268787   data required time
---------------------------------------------------------------------------------------------
                                              0.268787   data required time
                                             -0.762589   data arrival time
---------------------------------------------------------------------------------------------
                                              0.493802   slack (MET)


Startpoint: dsa[26]._9_ (rising edge-triggered flip-flop clocked by core_clock)
Endpoint: dsa[27]._8_ (rising edge-triggered flip-flop clocked by core_clock)
Path Group: core_clock
Path Type: min

Fanout         Cap        Slew       Delay        Time   Description
---------------------------------------------------------------------------------------------
                                  0.000000    0.000000   clock core_clock (rise edge)
                                  0.000000    0.000000   clock source latency
     1    0.011568    0.000000    0.000000    0.000000 ^ clk (in)
                                                         clk (net)
                      0.000309    0.000154    0.000154 ^ clkbuf_0_clk/A (sky130_fd_sc_hd__clkbuf_16)
     8    0.073958    0.091061    0.151616    0.151771 ^ clkbuf_0_clk/X (sky130_fd_sc_hd__clkbuf_16)
                                                         clknet_0_clk (net)
                      0.091061    0.000357    0.152127 ^ clkbuf_3_2__f_clk/A (sky130_fd_sc_hd__clkbuf_16)
    10    0.026536    0.047711    0.148609    0.300736 ^ clkbuf_3_2__f_clk/X (sky130_fd_sc_hd__clkbuf_16)
                                                         clknet_3_2__leaf_clk (net)
                      0.047711    0.000119    0.300855 ^ dsa[26]._9_/CLK (sky130_fd_sc_hd__dfrtp_1)
     2    0.008543    0.089458    0.354820    0.655675 ^ dsa[26]._9_/Q (sky130_fd_sc_hd__dfrtp_1)
                                                         dsa[26].y_out (net)
                      0.089458    0.000045    0.655720 ^ dsa[27]._7_/A1 (sky130_fd_sc_hd__a21bo_1)
     1    0.002318    0.032855    0.107231    0.762951 ^ dsa[27]._7_/X (sky130_fd_sc_hd__a21bo_1)
                                                         dsa[27].last_carry_next (net)
                      0.032855    0.000004    0.762955 ^ dsa[27]._8_/D (sky130_fd_sc_hd__dfrtp_1)
                                              0.762955   data arrival time

                                  0.000000    0.000000   clock core_clock (rise edge)
                                  0.000000    0.000000   clock source latency
     1    0.011568    0.000000    0.000000    0.000000 ^ clk (in)
                                                         clk (net)
                      0.000309    0.000154    0.000154 ^ clkbuf_0_clk/A (sky130_fd_sc_hd__clkbuf_16)
     8    0.073958    0.091061    0.151616    0.151771 ^ clkbuf_0_clk/X (sky130_fd_sc_hd__clkbuf_16)
                                                         clknet_0_clk (net)
                      0.091061    0.000357    0.152127 ^ clkbuf_3_2__f_clk/A (sky130_fd_sc_hd__clkbuf_16)
    10    0.026536    0.047711    0.148609    0.300736 ^ clkbuf_3_2__f_clk/X (sky130_fd_sc_hd__clkbuf_16)
                                                         clknet_3_2__leaf_clk (net)
                      0.047711    0.000130    0.300866 ^ dsa[27]._8_/CLK (sky130_fd_sc_hd__dfrtp_1)
                                  0.000000    0.300866   clock reconvergence pessimism
                                 -0.031849    0.269017   library hold time
                                              0.269017   data required time
---------------------------------------------------------------------------------------------
                                              0.269017   data required time
                                             -0.762955   data arrival time
---------------------------------------------------------------------------------------------
                                              0.493938   slack (MET)


Startpoint: dsa[18]._9_ (rising edge-triggered flip-flop clocked by core_clock)
Endpoint: dsa[19]._8_ (rising edge-triggered flip-flop clocked by core_clock)
Path Group: core_clock
Path Type: min

Fanout         Cap        Slew       Delay        Time   Description
---------------------------------------------------------------------------------------------
                                  0.000000    0.000000   clock core_clock (rise edge)
                                  0.000000    0.000000   clock source latency
     1    0.011568    0.000000    0.000000    0.000000 ^ clk (in)
                                                         clk (net)
                      0.000309    0.000154    0.000154 ^ clkbuf_0_clk/A (sky130_fd_sc_hd__clkbuf_16)
     8    0.073958    0.091061    0.151616    0.151771 ^ clkbuf_0_clk/X (sky130_fd_sc_hd__clkbuf_16)
                                                         clknet_0_clk (net)
                      0.091062    0.000489    0.152260 ^ clkbuf_3_4__f_clk/A (sky130_fd_sc_hd__clkbuf_16)
     9    0.021994    0.043609    0.144272    0.296531 ^ clkbuf_3_4__f_clk/X (sky130_fd_sc_hd__clkbuf_16)
                                                         clknet_3_4__leaf_clk (net)
                      0.043609    0.000132    0.296664 ^ dsa[18]._9_/CLK (sky130_fd_sc_hd__dfrtp_1)
     2    0.008777    0.091047    0.354848    0.651512 ^ dsa[18]._9_/Q (sky130_fd_sc_hd__dfrtp_1)
                                                         dsa[18].y_out (net)
                      0.091047    0.000063    0.651574 ^ dsa[19]._7_/A1 (sky130_fd_sc_hd__a21bo_1)
     1    0.002733    0.034654    0.110461    0.762035 ^ dsa[19]._7_/X (sky130_fd_sc_hd__a21bo_1)
                                                         dsa[19].last_carry_next (net)
                      0.034654    0.000011    0.762046 ^ dsa[19]._8_/D (sky130_fd_sc_hd__dfrtp_1)
                                              0.762046   data arrival time

                                  0.000000    0.000000   clock core_clock (rise edge)
                                  0.000000    0.000000   clock source latency
     1    0.011568    0.000000    0.000000    0.000000 ^ clk (in)
                                                         clk (net)
                      0.000309    0.000154    0.000154 ^ clkbuf_0_clk/A (sky130_fd_sc_hd__clkbuf_16)
     8    0.073958    0.091061    0.151616    0.151771 ^ clkbuf_0_clk/X (sky130_fd_sc_hd__clkbuf_16)
                                                         clknet_0_clk (net)
                      0.091062    0.000468    0.152239 ^ clkbuf_3_0__f_clk/A (sky130_fd_sc_hd__clkbuf_16)
    10    0.025807    0.047041    0.147910    0.300149 ^ clkbuf_3_0__f_clk/X (sky130_fd_sc_hd__clkbuf_16)
                                                         clknet_3_0__leaf_clk (net)
                      0.047041    0.000139    0.300288 ^ dsa[19]._8_/CLK (sky130_fd_sc_hd__dfrtp_1)
                                  0.000000    0.300288   clock reconvergence pessimism
                                 -0.032317    0.267971   library hold time
                                              0.267971   data required time
---------------------------------------------------------------------------------------------
                                              0.267971   data required time
                                             -0.762046   data arrival time
---------------------------------------------------------------------------------------------
                                              0.494075   slack (MET)


Startpoint: dsa[9]._9_ (rising edge-triggered flip-flop clocked by core_clock)
Endpoint: dsa[10]._8_ (rising edge-triggered flip-flop clocked by core_clock)
Path Group: core_clock
Path Type: min

Fanout         Cap        Slew       Delay        Time   Description
---------------------------------------------------------------------------------------------
                                  0.000000    0.000000   clock core_clock (rise edge)
                                  0.000000    0.000000   clock source latency
     1    0.011568    0.000000    0.000000    0.000000 ^ clk (in)
                                                         clk (net)
                      0.000309    0.000154    0.000154 ^ clkbuf_0_clk/A (sky130_fd_sc_hd__clkbuf_16)
     8    0.073958    0.091061    0.151616    0.151771 ^ clkbuf_0_clk/X (sky130_fd_sc_hd__clkbuf_16)
                                                         clknet_0_clk (net)
                      0.091061    0.000394    0.152164 ^ clkbuf_3_7__f_clk/A (sky130_fd_sc_hd__clkbuf_16)
    10    0.024446    0.045798    0.146630    0.298794 ^ clkbuf_3_7__f_clk/X (sky130_fd_sc_hd__clkbuf_16)
                                                         clknet_3_7__leaf_clk (net)
                      0.045798    0.000041    0.298835 ^ dsa[9]._9_/CLK (sky130_fd_sc_hd__dfrtp_1)
     2    0.008475    0.088987    0.353639    0.652474 ^ dsa[9]._9_/Q (sky130_fd_sc_hd__dfrtp_1)
                                                         dsa[10].y_in (net)
                      0.088987    0.000045    0.652519 ^ dsa[10]._7_/A1 (sky130_fd_sc_hd__a21bo_1)
     1    0.002710    0.034488    0.109649    0.762168 ^ dsa[10]._7_/X (sky130_fd_sc_hd__a21bo_1)
                                                         dsa[10].last_carry_next (net)
                      0.034488    0.000011    0.762179 ^ dsa[10]._8_/D (sky130_fd_sc_hd__dfrtp_1)
                                              0.762179   data arrival time

                                  0.000000    0.000000   clock core_clock (rise edge)
                                  0.000000    0.000000   clock source latency
     1    0.011568    0.000000    0.000000    0.000000 ^ clk (in)
                                                         clk (net)
                      0.000309    0.000154    0.000154 ^ clkbuf_0_clk/A (sky130_fd_sc_hd__clkbuf_16)
     8    0.073958    0.091061    0.151616    0.151771 ^ clkbuf_0_clk/X (sky130_fd_sc_hd__clkbuf_16)
                                                         clknet_0_clk (net)
                      0.091061    0.000370    0.152141 ^ clkbuf_3_6__f_clk/A (sky130_fd_sc_hd__clkbuf_16)
     8    0.023743    0.045156    0.145959    0.298099 ^ clkbuf_3_6__f_clk/X (sky130_fd_sc_hd__clkbuf_16)
                                                         clknet_3_6__leaf_clk (net)
                      0.045156    0.000094    0.298193 ^ dsa[10]._8_/CLK (sky130_fd_sc_hd__dfrtp_1)
                                  0.000000    0.298193   clock reconvergence pessimism
                                 -0.032540    0.265654   library hold time
                                              0.265654   data required time
---------------------------------------------------------------------------------------------
                                              0.265654   data required time
                                             -0.762179   data arrival time
---------------------------------------------------------------------------------------------
                                              0.496525   slack (MET)


Startpoint: dsa[12]._9_ (rising edge-triggered flip-flop clocked by core_clock)
Endpoint: dsa[13]._8_ (rising edge-triggered flip-flop clocked by core_clock)
Path Group: core_clock
Path Type: min

Fanout         Cap        Slew       Delay        Time   Description
---------------------------------------------------------------------------------------------
                                  0.000000    0.000000   clock core_clock (rise edge)
                                  0.000000    0.000000   clock source latency
     1    0.011568    0.000000    0.000000    0.000000 ^ clk (in)
                                                         clk (net)
                      0.000309    0.000154    0.000154 ^ clkbuf_0_clk/A (sky130_fd_sc_hd__clkbuf_16)
     8    0.073958    0.091061    0.151616    0.151771 ^ clkbuf_0_clk/X (sky130_fd_sc_hd__clkbuf_16)
                                                         clknet_0_clk (net)
                      0.091061    0.000394    0.152164 ^ clkbuf_3_7__f_clk/A (sky130_fd_sc_hd__clkbuf_16)
    10    0.024446    0.045798    0.146630    0.298794 ^ clkbuf_3_7__f_clk/X (sky130_fd_sc_hd__clkbuf_16)
                                                         clknet_3_7__leaf_clk (net)
                      0.045798    0.000094    0.298888 ^ dsa[12]._9_/CLK (sky130_fd_sc_hd__dfrtp_1)
     2    0.008677    0.090371    0.354996    0.653884 ^ dsa[12]._9_/Q (sky130_fd_sc_hd__dfrtp_1)
                                                         dsa[12].y_out (net)
                      0.090371    0.000065    0.653949 ^ dsa[13]._7_/A1 (sky130_fd_sc_hd__a21bo_1)
     1    0.002474    0.034015    0.108552    0.762501 ^ dsa[13]._7_/X (sky130_fd_sc_hd__a21bo_1)
                                                         dsa[13].last_carry_next (net)
                      0.034015    0.000007    0.762507 ^ dsa[13]._8_/D (sky130_fd_sc_hd__dfrtp_1)
                                              0.762507   data arrival time

                                  0.000000    0.000000   clock core_clock (rise edge)
                                  0.000000    0.000000   clock source latency
     1    0.011568    0.000000    0.000000    0.000000 ^ clk (in)
                                                         clk (net)
                      0.000309    0.000154    0.000154 ^ clkbuf_0_clk/A (sky130_fd_sc_hd__clkbuf_16)
     8    0.073958    0.091061    0.151616    0.151771 ^ clkbuf_0_clk/X (sky130_fd_sc_hd__clkbuf_16)
                                                         clknet_0_clk (net)
                      0.091061    0.000318    0.152088 ^ clkbuf_3_3__f_clk/A (sky130_fd_sc_hd__clkbuf_16)
     9    0.023889    0.045288    0.146095    0.298183 ^ clkbuf_3_3__f_clk/X (sky130_fd_sc_hd__clkbuf_16)
                                                         clknet_3_3__leaf_clk (net)
                      0.045288    0.000102    0.298285 ^ dsa[13]._8_/CLK (sky130_fd_sc_hd__dfrtp_1)
                                  0.000000    0.298285   clock reconvergence pessimism
                                 -0.032423    0.265862   library hold time
                                              0.265862   data required time
---------------------------------------------------------------------------------------------
                                              0.265862   data required time
                                             -0.762507   data arrival time
---------------------------------------------------------------------------------------------
                                              0.496645   slack (MET)


Startpoint: dsa[5]._9_ (rising edge-triggered flip-flop clocked by core_clock)
Endpoint: dsa[6]._8_ (rising edge-triggered flip-flop clocked by core_clock)
Path Group: core_clock
Path Type: min

Fanout         Cap        Slew       Delay        Time   Description
---------------------------------------------------------------------------------------------
                                  0.000000    0.000000   clock core_clock (rise edge)
                                  0.000000    0.000000   clock source latency
     1    0.011568    0.000000    0.000000    0.000000 ^ clk (in)
                                                         clk (net)
                      0.000309    0.000154    0.000154 ^ clkbuf_0_clk/A (sky130_fd_sc_hd__clkbuf_16)
     8    0.073958    0.091061    0.151616    0.151771 ^ clkbuf_0_clk/X (sky130_fd_sc_hd__clkbuf_16)
                                                         clknet_0_clk (net)
                      0.091062    0.000488    0.152258 ^ clkbuf_3_5__f_clk/A (sky130_fd_sc_hd__clkbuf_16)
     8    0.023945    0.045337    0.146155    0.298414 ^ clkbuf_3_5__f_clk/X (sky130_fd_sc_hd__clkbuf_16)
                                                         clknet_3_5__leaf_clk (net)
                      0.045337    0.000045    0.298458 ^ dsa[5]._9_/CLK (sky130_fd_sc_hd__dfrtp_1)
     2    0.008860    0.091620    0.356066    0.654524 ^ dsa[5]._9_/Q (sky130_fd_sc_hd__dfrtp_1)
                                                         dsa[5].y_out (net)
                      0.091620    0.000064    0.654588 ^ dsa[6]._7_/A1 (sky130_fd_sc_hd__a21bo_1)
     1    0.002396    0.033435    0.108439    0.763027 ^ dsa[6]._7_/X (sky130_fd_sc_hd__a21bo_1)
                                                         dsa[6].last_carry_next (net)
                      0.033435    0.000006    0.763033 ^ dsa[6]._8_/D (sky130_fd_sc_hd__dfrtp_1)
                                              0.763033   data arrival time

                                  0.000000    0.000000   clock core_clock (rise edge)
                                  0.000000    0.000000   clock source latency
     1    0.011568    0.000000    0.000000    0.000000 ^ clk (in)
                                                         clk (net)
                      0.000309    0.000154    0.000154 ^ clkbuf_0_clk/A (sky130_fd_sc_hd__clkbuf_16)
     8    0.073958    0.091061    0.151616    0.151771 ^ clkbuf_0_clk/X (sky130_fd_sc_hd__clkbuf_16)
                                                         clknet_0_clk (net)
                      0.091062    0.000488    0.152258 ^ clkbuf_3_5__f_clk/A (sky130_fd_sc_hd__clkbuf_16)
     8    0.023945    0.045337    0.146155    0.298414 ^ clkbuf_3_5__f_clk/X (sky130_fd_sc_hd__clkbuf_16)
                                                         clknet_3_5__leaf_clk (net)
                      0.045337    0.000083    0.298497 ^ dsa[6]._8_/CLK (sky130_fd_sc_hd__dfrtp_1)
                                  0.000000    0.298497   clock reconvergence pessimism
                                 -0.032294    0.266202   library hold time
                                              0.266202   data required time
---------------------------------------------------------------------------------------------
                                              0.266202   data required time
                                             -0.763033   data arrival time
---------------------------------------------------------------------------------------------
                                              0.496830   slack (MET)


Startpoint: dsa[20]._9_ (rising edge-triggered flip-flop clocked by core_clock)
Endpoint: dsa[21]._8_ (rising edge-triggered flip-flop clocked by core_clock)
Path Group: core_clock
Path Type: min

Fanout         Cap        Slew       Delay        Time   Description
---------------------------------------------------------------------------------------------
                                  0.000000    0.000000   clock core_clock (rise edge)
                                  0.000000    0.000000   clock source latency
     1    0.011568    0.000000    0.000000    0.000000 ^ clk (in)
                                                         clk (net)
                      0.000309    0.000154    0.000154 ^ clkbuf_0_clk/A (sky130_fd_sc_hd__clkbuf_16)
     8    0.073958    0.091061    0.151616    0.151771 ^ clkbuf_0_clk/X (sky130_fd_sc_hd__clkbuf_16)
                                                         clknet_0_clk (net)
                      0.091062    0.000468    0.152239 ^ clkbuf_3_0__f_clk/A (sky130_fd_sc_hd__clkbuf_16)
    10    0.025807    0.047041    0.147910    0.300149 ^ clkbuf_3_0__f_clk/X (sky130_fd_sc_hd__clkbuf_16)
                                                         clknet_3_0__leaf_clk (net)
                      0.047041    0.000018    0.300167 ^ dsa[20]._9_/CLK (sky130_fd_sc_hd__dfrtp_1)
     2    0.008546    0.089480    0.354575    0.654742 ^ dsa[20]._9_/Q (sky130_fd_sc_hd__dfrtp_1)
                                                         dsa[20].y_out (net)
                      0.089480    0.000058    0.654800 ^ dsa[21]._7_/A1 (sky130_fd_sc_hd__a21bo_1)
     1    0.002694    0.035637    0.109704    0.764504 ^ dsa[21]._7_/X (sky130_fd_sc_hd__a21bo_1)
                                                         dsa[21].last_carry_next (net)
                      0.035637    0.000010    0.764514 ^ dsa[21]._8_/D (sky130_fd_sc_hd__dfrtp_1)
                                              0.764514   data arrival time

                                  0.000000    0.000000   clock core_clock (rise edge)
                                  0.000000    0.000000   clock source latency
     1    0.011568    0.000000    0.000000    0.000000 ^ clk (in)
                                                         clk (net)
                      0.000309    0.000154    0.000154 ^ clkbuf_0_clk/A (sky130_fd_sc_hd__clkbuf_16)
     8    0.073958    0.091061    0.151616    0.151771 ^ clkbuf_0_clk/X (sky130_fd_sc_hd__clkbuf_16)
                                                         clknet_0_clk (net)
                      0.091062    0.000468    0.152239 ^ clkbuf_3_0__f_clk/A (sky130_fd_sc_hd__clkbuf_16)
    10    0.025807    0.047041    0.147910    0.300149 ^ clkbuf_3_0__f_clk/X (sky130_fd_sc_hd__clkbuf_16)
                                                         clknet_3_0__leaf_clk (net)
                      0.047041    0.000043    0.300192 ^ dsa[21]._8_/CLK (sky130_fd_sc_hd__dfrtp_1)
                                  0.000000    0.300192   clock reconvergence pessimism
                                 -0.032523    0.267669   library hold time
                                              0.267669   data required time
---------------------------------------------------------------------------------------------
                                              0.267669   data required time
                                             -0.764514   data arrival time
---------------------------------------------------------------------------------------------
                                              0.496846   slack (MET)


Startpoint: dsa[7]._9_ (rising edge-triggered flip-flop clocked by core_clock)
Endpoint: dsa[8]._8_ (rising edge-triggered flip-flop clocked by core_clock)
Path Group: core_clock
Path Type: min

Fanout         Cap        Slew       Delay        Time   Description
---------------------------------------------------------------------------------------------
                                  0.000000    0.000000   clock core_clock (rise edge)
                                  0.000000    0.000000   clock source latency
     1    0.011568    0.000000    0.000000    0.000000 ^ clk (in)
                                                         clk (net)
                      0.000309    0.000154    0.000154 ^ clkbuf_0_clk/A (sky130_fd_sc_hd__clkbuf_16)
     8    0.073958    0.091061    0.151616    0.151771 ^ clkbuf_0_clk/X (sky130_fd_sc_hd__clkbuf_16)
                                                         clknet_0_clk (net)
                      0.091062    0.000489    0.152260 ^ clkbuf_3_4__f_clk/A (sky130_fd_sc_hd__clkbuf_16)
     9    0.021994    0.043609    0.144272    0.296531 ^ clkbuf_3_4__f_clk/X (sky130_fd_sc_hd__clkbuf_16)
                                                         clknet_3_4__leaf_clk (net)
                      0.043609    0.000111    0.296643 ^ dsa[7]._9_/CLK (sky130_fd_sc_hd__dfrtp_1)
     2    0.008537    0.089401    0.353246    0.649889 ^ dsa[7]._9_/Q (sky130_fd_sc_hd__dfrtp_1)
                                                         dsa[7].y_out (net)
                      0.089401    0.000017    0.649906 ^ dsa[8]._7_/A1 (sky130_fd_sc_hd__a21bo_1)
     1    0.002890    0.035762    0.110959    0.760865 ^ dsa[8]._7_/X (sky130_fd_sc_hd__a21bo_1)
                                                         dsa[8].last_carry_next (net)
                      0.035762    0.000014    0.760880 ^ dsa[8]._8_/D (sky130_fd_sc_hd__dfrtp_1)
                                              0.760880   data arrival time

                                  0.000000    0.000000   clock core_clock (rise edge)
                                  0.000000    0.000000   clock source latency
     1    0.011568    0.000000    0.000000    0.000000 ^ clk (in)
                                                         clk (net)
                      0.000309    0.000154    0.000154 ^ clkbuf_0_clk/A (sky130_fd_sc_hd__clkbuf_16)
     8    0.073958    0.091061    0.151616    0.151771 ^ clkbuf_0_clk/X (sky130_fd_sc_hd__clkbuf_16)
                                                         clknet_0_clk (net)
                      0.091062    0.000489    0.152260 ^ clkbuf_3_4__f_clk/A (sky130_fd_sc_hd__clkbuf_16)
     9    0.021994    0.043609    0.144272    0.296531 ^ clkbuf_3_4__f_clk/X (sky130_fd_sc_hd__clkbuf_16)
                                                         clknet_3_4__leaf_clk (net)
                      0.043609    0.000087    0.296618 ^ dsa[8]._8_/CLK (sky130_fd_sc_hd__dfrtp_1)
                                  0.000000    0.296618   clock reconvergence pessimism
                                 -0.033018    0.263600   library hold time
                                              0.263600   data required time
---------------------------------------------------------------------------------------------
                                              0.263600   data required time
                                             -0.760880   data arrival time
---------------------------------------------------------------------------------------------
                                              0.497279   slack (MET)


Startpoint: dsa[1]._9_ (rising edge-triggered flip-flop clocked by core_clock)
Endpoint: dsa[2]._8_ (rising edge-triggered flip-flop clocked by core_clock)
Path Group: core_clock
Path Type: min

Fanout         Cap        Slew       Delay        Time   Description
---------------------------------------------------------------------------------------------
                                  0.000000    0.000000   clock core_clock (rise edge)
                                  0.000000    0.000000   clock source latency
     1    0.011568    0.000000    0.000000    0.000000 ^ clk (in)
                                                         clk (net)
                      0.000309    0.000154    0.000154 ^ clkbuf_0_clk/A (sky130_fd_sc_hd__clkbuf_16)
     8    0.073958    0.091061    0.151616    0.151771 ^ clkbuf_0_clk/X (sky130_fd_sc_hd__clkbuf_16)
                                                         clknet_0_clk (net)
                      0.091061    0.000394    0.152164 ^ clkbuf_3_7__f_clk/A (sky130_fd_sc_hd__clkbuf_16)
    10    0.024446    0.045798    0.146630    0.298794 ^ clkbuf_3_7__f_clk/X (sky130_fd_sc_hd__clkbuf_16)
                                                         clknet_3_7__leaf_clk (net)
                      0.045798    0.000041    0.298835 ^ dsa[1]._9_/CLK (sky130_fd_sc_hd__dfrtp_1)
     2    0.008630    0.090048    0.354683    0.653518 ^ dsa[1]._9_/Q (sky130_fd_sc_hd__dfrtp_1)
                                                         dsa[1].y_out (net)
                      0.090048    0.000060    0.653577 ^ dsa[2]._7_/A1 (sky130_fd_sc_hd__a21bo_1)
     1    0.002710    0.034486    0.109990    0.763567 ^ dsa[2]._7_/X (sky130_fd_sc_hd__a21bo_1)
                                                         dsa[2].last_carry_next (net)
                      0.034486    0.000011    0.763578 ^ dsa[2]._8_/D (sky130_fd_sc_hd__dfrtp_1)
                                              0.763578   data arrival time

                                  0.000000    0.000000   clock core_clock (rise edge)
                                  0.000000    0.000000   clock source latency
     1    0.011568    0.000000    0.000000    0.000000 ^ clk (in)
                                                         clk (net)
                      0.000309    0.000154    0.000154 ^ clkbuf_0_clk/A (sky130_fd_sc_hd__clkbuf_16)
     8    0.073958    0.091061    0.151616    0.151771 ^ clkbuf_0_clk/X (sky130_fd_sc_hd__clkbuf_16)
                                                         clknet_0_clk (net)
                      0.091061    0.000370    0.152141 ^ clkbuf_3_6__f_clk/A (sky130_fd_sc_hd__clkbuf_16)
     8    0.023743    0.045156    0.145959    0.298099 ^ clkbuf_3_6__f_clk/X (sky130_fd_sc_hd__clkbuf_16)
                                                         clknet_3_6__leaf_clk (net)
                      0.045156    0.000026    0.298125 ^ dsa[2]._8_/CLK (sky130_fd_sc_hd__dfrtp_1)
                                  0.000000    0.298125   clock reconvergence pessimism
                                 -0.032539    0.265586   library hold time
                                              0.265586   data required time
---------------------------------------------------------------------------------------------
                                              0.265586   data required time
                                             -0.763578   data arrival time
---------------------------------------------------------------------------------------------
                                              0.497992   slack (MET)


Startpoint: dsa[10]._9_ (rising edge-triggered flip-flop clocked by core_clock)
Endpoint: dsa[11]._8_ (rising edge-triggered flip-flop clocked by core_clock)
Path Group: core_clock
Path Type: min

Fanout         Cap        Slew       Delay        Time   Description
---------------------------------------------------------------------------------------------
                                  0.000000    0.000000   clock core_clock (rise edge)
                                  0.000000    0.000000   clock source latency
     1    0.011568    0.000000    0.000000    0.000000 ^ clk (in)
                                                         clk (net)
                      0.000309    0.000154    0.000154 ^ clkbuf_0_clk/A (sky130_fd_sc_hd__clkbuf_16)
     8    0.073958    0.091061    0.151616    0.151771 ^ clkbuf_0_clk/X (sky130_fd_sc_hd__clkbuf_16)
                                                         clknet_0_clk (net)
                      0.091061    0.000370    0.152141 ^ clkbuf_3_6__f_clk/A (sky130_fd_sc_hd__clkbuf_16)
     8    0.023743    0.045156    0.145959    0.298099 ^ clkbuf_3_6__f_clk/X (sky130_fd_sc_hd__clkbuf_16)
                                                         clknet_3_6__leaf_clk (net)
                      0.045156    0.000017    0.298117 ^ dsa[10]._9_/CLK (sky130_fd_sc_hd__dfrtp_1)
     2    0.008904    0.091916    0.356296    0.654412 ^ dsa[10]._9_/Q (sky130_fd_sc_hd__dfrtp_1)
                                                         dsa[10].y_out (net)
                      0.091916    0.000044    0.654456 ^ dsa[11]._7_/A1 (sky130_fd_sc_hd__a21bo_1)
     1    0.002566    0.034690    0.109648    0.764103 ^ dsa[11]._7_/X (sky130_fd_sc_hd__a21bo_1)
                                                         dsa[11].last_carry_next (net)
                      0.034690    0.000008    0.764112 ^ dsa[11]._8_/D (sky130_fd_sc_hd__dfrtp_1)
                                              0.764112   data arrival time

                                  0.000000    0.000000   clock core_clock (rise edge)
                                  0.000000    0.000000   clock source latency
     1    0.011568    0.000000    0.000000    0.000000 ^ clk (in)
                                                         clk (net)
                      0.000309    0.000154    0.000154 ^ clkbuf_0_clk/A (sky130_fd_sc_hd__clkbuf_16)
     8    0.073958    0.091061    0.151616    0.151771 ^ clkbuf_0_clk/X (sky130_fd_sc_hd__clkbuf_16)
                                                         clknet_0_clk (net)
                      0.091061    0.000370    0.152141 ^ clkbuf_3_6__f_clk/A (sky130_fd_sc_hd__clkbuf_16)
     8    0.023743    0.045156    0.145959    0.298099 ^ clkbuf_3_6__f_clk/X (sky130_fd_sc_hd__clkbuf_16)
                                                         clknet_3_6__leaf_clk (net)
                      0.045156    0.000050    0.298149 ^ dsa[11]._8_/CLK (sky130_fd_sc_hd__dfrtp_1)
                                  0.000000    0.298149   clock reconvergence pessimism
                                 -0.032582    0.265567   library hold time
                                              0.265567   data required time
---------------------------------------------------------------------------------------------
                                              0.265567   data required time
                                             -0.764112   data arrival time
---------------------------------------------------------------------------------------------
                                              0.498545   slack (MET)


Startpoint: dsa[19]._9_ (rising edge-triggered flip-flop clocked by core_clock)
Endpoint: dsa[20]._8_ (rising edge-triggered flip-flop clocked by core_clock)
Path Group: core_clock
Path Type: min

Fanout         Cap        Slew       Delay        Time   Description
---------------------------------------------------------------------------------------------
                                  0.000000    0.000000   clock core_clock (rise edge)
                                  0.000000    0.000000   clock source latency
     1    0.011568    0.000000    0.000000    0.000000 ^ clk (in)
                                                         clk (net)
                      0.000309    0.000154    0.000154 ^ clkbuf_0_clk/A (sky130_fd_sc_hd__clkbuf_16)
     8    0.073958    0.091061    0.151616    0.151771 ^ clkbuf_0_clk/X (sky130_fd_sc_hd__clkbuf_16)
                                                         clknet_0_clk (net)
                      0.091062    0.000468    0.152239 ^ clkbuf_3_0__f_clk/A (sky130_fd_sc_hd__clkbuf_16)
    10    0.025807    0.047041    0.147910    0.300149 ^ clkbuf_3_0__f_clk/X (sky130_fd_sc_hd__clkbuf_16)
                                                         clknet_3_0__leaf_clk (net)
                      0.047041    0.000128    0.300277 ^ dsa[19]._9_/CLK (sky130_fd_sc_hd__dfrtp_1)
     2    0.008395    0.088448    0.353561    0.653838 ^ dsa[19]._9_/Q (sky130_fd_sc_hd__dfrtp_1)
                                                         dsa[19].y_out (net)
                      0.088448    0.000047    0.653885 ^ dsa[20]._7_/A1 (sky130_fd_sc_hd__a21bo_1)
     1    0.002723    0.034578    0.109558    0.763443 ^ dsa[20]._7_/X (sky130_fd_sc_hd__a21bo_1)
                                                         dsa[20].last_carry_next (net)
                      0.034578    0.000011    0.763454 ^ dsa[20]._8_/D (sky130_fd_sc_hd__dfrtp_1)
                                              0.763454   data arrival time

                                  0.000000    0.000000   clock core_clock (rise edge)
                                  0.000000    0.000000   clock source latency
     1    0.011568    0.000000    0.000000    0.000000 ^ clk (in)
                                                         clk (net)
                      0.000309    0.000154    0.000154 ^ clkbuf_0_clk/A (sky130_fd_sc_hd__clkbuf_16)
     8    0.073958    0.091061    0.151616    0.151771 ^ clkbuf_0_clk/X (sky130_fd_sc_hd__clkbuf_16)
                                                         clknet_0_clk (net)
                      0.091062    0.000448    0.152219 ^ clkbuf_3_1__f_clk/A (sky130_fd_sc_hd__clkbuf_16)
     7    0.022774    0.044294    0.145044    0.297263 ^ clkbuf_3_1__f_clk/X (sky130_fd_sc_hd__clkbuf_16)
                                                         clknet_3_1__leaf_clk (net)
                      0.044294    0.000038    0.297301 ^ dsa[20]._8_/CLK (sky130_fd_sc_hd__dfrtp_1)
                                  0.000000    0.297301   clock reconvergence pessimism
                                 -0.032676    0.264624   library hold time
                                              0.264624   data required time
---------------------------------------------------------------------------------------------
                                              0.264624   data required time
                                             -0.763454   data arrival time
---------------------------------------------------------------------------------------------
                                              0.498830   slack (MET)


Startpoint: dsa[11]._9_ (rising edge-triggered flip-flop clocked by core_clock)
Endpoint: dsa[12]._8_ (rising edge-triggered flip-flop clocked by core_clock)
Path Group: core_clock
Path Type: min

Fanout         Cap        Slew       Delay        Time   Description
---------------------------------------------------------------------------------------------
                                  0.000000    0.000000   clock core_clock (rise edge)
                                  0.000000    0.000000   clock source latency
     1    0.011568    0.000000    0.000000    0.000000 ^ clk (in)
                                                         clk (net)
                      0.000309    0.000154    0.000154 ^ clkbuf_0_clk/A (sky130_fd_sc_hd__clkbuf_16)
     8    0.073958    0.091061    0.151616    0.151771 ^ clkbuf_0_clk/X (sky130_fd_sc_hd__clkbuf_16)
                                                         clknet_0_clk (net)
                      0.091061    0.000394    0.152164 ^ clkbuf_3_7__f_clk/A (sky130_fd_sc_hd__clkbuf_16)
    10    0.024446    0.045798    0.146630    0.298794 ^ clkbuf_3_7__f_clk/X (sky130_fd_sc_hd__clkbuf_16)
                                                         clknet_3_7__leaf_clk (net)
                      0.045798    0.000040    0.298833 ^ dsa[11]._9_/CLK (sky130_fd_sc_hd__dfrtp_1)
     2    0.009275    0.094471    0.359021    0.657855 ^ dsa[11]._9_/Q (sky130_fd_sc_hd__dfrtp_1)
                                                         dsa[11].y_out (net)
                      0.094471    0.000096    0.657951 ^ dsa[12]._7_/A1 (sky130_fd_sc_hd__a21bo_1)
     1    0.002475    0.034013    0.109869    0.767819 ^ dsa[12]._7_/X (sky130_fd_sc_hd__a21bo_1)
                                                         dsa[12].last_carry_next (net)
                      0.034013    0.000007    0.767826 ^ dsa[12]._8_/D (sky130_fd_sc_hd__dfrtp_1)
                                              0.767826   data arrival time

                                  0.000000    0.000000   clock core_clock (rise edge)
                                  0.000000    0.000000   clock source latency
     1    0.011568    0.000000    0.000000    0.000000 ^ clk (in)
                                                         clk (net)
                      0.000309    0.000154    0.000154 ^ clkbuf_0_clk/A (sky130_fd_sc_hd__clkbuf_16)
     8    0.073958    0.091061    0.151616    0.151771 ^ clkbuf_0_clk/X (sky130_fd_sc_hd__clkbuf_16)
                                                         clknet_0_clk (net)
                      0.091061    0.000370    0.152141 ^ clkbuf_3_6__f_clk/A (sky130_fd_sc_hd__clkbuf_16)
     8    0.023743    0.045156    0.145959    0.298099 ^ clkbuf_3_6__f_clk/X (sky130_fd_sc_hd__clkbuf_16)
                                                         clknet_3_6__leaf_clk (net)
                      0.045156    0.000074    0.298174 ^ dsa[12]._8_/CLK (sky130_fd_sc_hd__dfrtp_1)
                                  0.000000    0.298174   clock reconvergence pessimism
                                 -0.032440    0.265734   library hold time
                                              0.265734   data required time
---------------------------------------------------------------------------------------------
                                              0.265734   data required time
                                             -0.767826   data arrival time
---------------------------------------------------------------------------------------------
                                              0.502092   slack (MET)


Startpoint: dsa[14]._9_ (rising edge-triggered flip-flop clocked by core_clock)
Endpoint: dsa[15]._8_ (rising edge-triggered flip-flop clocked by core_clock)
Path Group: core_clock
Path Type: min

Fanout         Cap        Slew       Delay        Time   Description
---------------------------------------------------------------------------------------------
                                  0.000000    0.000000   clock core_clock (rise edge)
                                  0.000000    0.000000   clock source latency
     1    0.011568    0.000000    0.000000    0.000000 ^ clk (in)
                                                         clk (net)
                      0.000309    0.000154    0.000154 ^ clkbuf_0_clk/A (sky130_fd_sc_hd__clkbuf_16)
     8    0.073958    0.091061    0.151616    0.151771 ^ clkbuf_0_clk/X (sky130_fd_sc_hd__clkbuf_16)
                                                         clknet_0_clk (net)
                      0.091061    0.000370    0.152141 ^ clkbuf_3_6__f_clk/A (sky130_fd_sc_hd__clkbuf_16)
     8    0.023743    0.045156    0.145959    0.298099 ^ clkbuf_3_6__f_clk/X (sky130_fd_sc_hd__clkbuf_16)
                                                         clknet_3_6__leaf_clk (net)
                      0.045156    0.000078    0.298178 ^ dsa[14]._9_/CLK (sky130_fd_sc_hd__dfrtp_1)
     2    0.009137    0.093518    0.357851    0.656028 ^ dsa[14]._9_/Q (sky130_fd_sc_hd__dfrtp_1)
                                                         dsa[14].y_out (net)
                      0.093518    0.000077    0.656106 ^ dsa[15]._7_/A1 (sky130_fd_sc_hd__a21bo_1)
     1    0.003180    0.037825    0.114179    0.770285 ^ dsa[15]._7_/X (sky130_fd_sc_hd__a21bo_1)
                                                         dsa[15].last_carry_next (net)
                      0.037825    0.000019    0.770304 ^ dsa[15]._8_/D (sky130_fd_sc_hd__dfrtp_1)
                                              0.770304   data arrival time

                                  0.000000    0.000000   clock core_clock (rise edge)
                                  0.000000    0.000000   clock source latency
     1    0.011568    0.000000    0.000000    0.000000 ^ clk (in)
                                                         clk (net)
                      0.000309    0.000154    0.000154 ^ clkbuf_0_clk/A (sky130_fd_sc_hd__clkbuf_16)
     8    0.073958    0.091061    0.151616    0.151771 ^ clkbuf_0_clk/X (sky130_fd_sc_hd__clkbuf_16)
                                                         clknet_0_clk (net)
                      0.091061    0.000318    0.152088 ^ clkbuf_3_3__f_clk/A (sky130_fd_sc_hd__clkbuf_16)
     9    0.023889    0.045288    0.146095    0.298183 ^ clkbuf_3_3__f_clk/X (sky130_fd_sc_hd__clkbuf_16)
                                                         clknet_3_3__leaf_clk (net)
                      0.045288    0.000028    0.298211 ^ dsa[15]._8_/CLK (sky130_fd_sc_hd__dfrtp_1)
                                  0.000000    0.298211   clock reconvergence pessimism
                                 -0.033221    0.264990   library hold time
                                              0.264990   data required time
---------------------------------------------------------------------------------------------
                                              0.264990   data required time
                                             -0.770304   data arrival time
---------------------------------------------------------------------------------------------
                                              0.505314   slack (MET)


Startpoint: dsa[6]._9_ (rising edge-triggered flip-flop clocked by core_clock)
Endpoint: dsa[7]._8_ (rising edge-triggered flip-flop clocked by core_clock)
Path Group: core_clock
Path Type: min

Fanout         Cap        Slew       Delay        Time   Description
---------------------------------------------------------------------------------------------
                                  0.000000    0.000000   clock core_clock (rise edge)
                                  0.000000    0.000000   clock source latency
     1    0.011568    0.000000    0.000000    0.000000 ^ clk (in)
                                                         clk (net)
                      0.000309    0.000154    0.000154 ^ clkbuf_0_clk/A (sky130_fd_sc_hd__clkbuf_16)
     8    0.073958    0.091061    0.151616    0.151771 ^ clkbuf_0_clk/X (sky130_fd_sc_hd__clkbuf_16)
                                                         clknet_0_clk (net)
                      0.091062    0.000488    0.152258 ^ clkbuf_3_5__f_clk/A (sky130_fd_sc_hd__clkbuf_16)
     8    0.023945    0.045337    0.146155    0.298414 ^ clkbuf_3_5__f_clk/X (sky130_fd_sc_hd__clkbuf_16)
                                                         clknet_3_5__leaf_clk (net)
                      0.045337    0.000051    0.298464 ^ dsa[6]._9_/CLK (sky130_fd_sc_hd__dfrtp_1)
     2    0.009928    0.099692    0.362844    0.661308 ^ dsa[6]._9_/Q (sky130_fd_sc_hd__dfrtp_1)
                                                         dsa[6].y_out (net)
                      0.099692    0.000135    0.661443 ^ dsa[7]._7_/A1 (sky130_fd_sc_hd__a21bo_1)
     1    0.002396    0.033437    0.111032    0.772475 ^ dsa[7]._7_/X (sky130_fd_sc_hd__a21bo_1)
                                                         dsa[7].last_carry_next (net)
                      0.033437    0.000006    0.772480 ^ dsa[7]._8_/D (sky130_fd_sc_hd__dfrtp_1)
                                              0.772480   data arrival time

                                  0.000000    0.000000   clock core_clock (rise edge)
                                  0.000000    0.000000   clock source latency
     1    0.011568    0.000000    0.000000    0.000000 ^ clk (in)
                                                         clk (net)
                      0.000309    0.000154    0.000154 ^ clkbuf_0_clk/A (sky130_fd_sc_hd__clkbuf_16)
     8    0.073958    0.091061    0.151616    0.151771 ^ clkbuf_0_clk/X (sky130_fd_sc_hd__clkbuf_16)
                                                         clknet_0_clk (net)
                      0.091062    0.000489    0.152260 ^ clkbuf_3_4__f_clk/A (sky130_fd_sc_hd__clkbuf_16)
     9    0.021994    0.043609    0.144272    0.296531 ^ clkbuf_3_4__f_clk/X (sky130_fd_sc_hd__clkbuf_16)
                                                         clknet_3_4__leaf_clk (net)
                      0.043609    0.000136    0.296667 ^ dsa[7]._8_/CLK (sky130_fd_sc_hd__dfrtp_1)
                                  0.000000    0.296667   clock reconvergence pessimism
                                 -0.032530    0.264137   library hold time
                                              0.264137   data required time
---------------------------------------------------------------------------------------------
                                              0.264137   data required time
                                             -0.772480   data arrival time
---------------------------------------------------------------------------------------------
                                              0.508343   slack (MET)


Startpoint: dsa[0]._8_ (rising edge-triggered flip-flop clocked by core_clock)
Endpoint: dsa[0]._9_ (rising edge-triggered flip-flop clocked by core_clock)
Path Group: core_clock
Path Type: min

Fanout         Cap        Slew       Delay        Time   Description
---------------------------------------------------------------------------------------------
                                  0.000000    0.000000   clock core_clock (rise edge)
                                  0.000000    0.000000   clock source latency
     1    0.011568    0.000000    0.000000    0.000000 ^ clk (in)
                                                         clk (net)
                      0.000309    0.000154    0.000154 ^ clkbuf_0_clk/A (sky130_fd_sc_hd__clkbuf_16)
     8    0.073958    0.091061    0.151616    0.151771 ^ clkbuf_0_clk/X (sky130_fd_sc_hd__clkbuf_16)
                                                         clknet_0_clk (net)
                      0.091061    0.000394    0.152164 ^ clkbuf_3_7__f_clk/A (sky130_fd_sc_hd__clkbuf_16)
    10    0.024446    0.045798    0.146630    0.298794 ^ clkbuf_3_7__f_clk/X (sky130_fd_sc_hd__clkbuf_16)
                                                         clknet_3_7__leaf_clk (net)
                      0.045798    0.000104    0.298897 ^ dsa[0]._8_/CLK (sky130_fd_sc_hd__dfrtp_1)
     2    0.005219    0.065721    0.331682    0.630580 ^ dsa[0]._8_/Q (sky130_fd_sc_hd__dfrtp_1)
                                                         dsa[0].last_carry (net)
                      0.065721    0.000006    0.630586 ^ dsa[0]._3_/A (sky130_fd_sc_hd__nand3_1)
     2    0.004625    0.069301    0.078111    0.708697 v dsa[0]._3_/Y (sky130_fd_sc_hd__nand3_1)
                                                         dsa[0]._0_ (net)
                      0.069301    0.000018    0.708715 v dsa[0]._5_/A (sky130_fd_sc_hd__nand2_1)
     1    0.005231    0.061655    0.079482    0.788198 ^ dsa[0]._5_/Y (sky130_fd_sc_hd__nand2_1)
                                                         dsa[0]._2_ (net)
                      0.061655    0.000019    0.788217 ^ dsa[0]._6_/B (sky130_fd_sc_hd__xnor2_1)
     1    0.002289    0.031467    0.056954    0.845171 v dsa[0]._6_/Y (sky130_fd_sc_hd__xnor2_1)
                                                         dsa[0].y_out_next (net)
                      0.031467    0.000005    0.845175 v dsa[0]._9_/D (sky130_fd_sc_hd__dfrtp_1)
                                              0.845175   data arrival time

                                  0.000000    0.000000   clock core_clock (rise edge)
                                  0.000000    0.000000   clock source latency
     1    0.011568    0.000000    0.000000    0.000000 ^ clk (in)
                                                         clk (net)
                      0.000309    0.000154    0.000154 ^ clkbuf_0_clk/A (sky130_fd_sc_hd__clkbuf_16)
     8    0.073958    0.091061    0.151616    0.151771 ^ clkbuf_0_clk/X (sky130_fd_sc_hd__clkbuf_16)
                                                         clknet_0_clk (net)
                      0.091061    0.000394    0.152164 ^ clkbuf_3_7__f_clk/A (sky130_fd_sc_hd__clkbuf_16)
    10    0.024446    0.045798    0.146630    0.298794 ^ clkbuf_3_7__f_clk/X (sky130_fd_sc_hd__clkbuf_16)
                                                         clknet_3_7__leaf_clk (net)
                      0.045798    0.000070    0.298864 ^ dsa[0]._9_/CLK (sky130_fd_sc_hd__dfrtp_1)
                                  0.000000    0.298864   clock reconvergence pessimism
                                 -0.040084    0.258780   library hold time
                                              0.258780   data required time
---------------------------------------------------------------------------------------------
                                              0.258780   data required time
                                             -0.845175   data arrival time
---------------------------------------------------------------------------------------------
                                              0.586396   slack (MET)


Startpoint: dsa[0]._8_ (rising edge-triggered flip-flop clocked by core_clock)
Endpoint: dsa[0]._8_ (rising edge-triggered flip-flop clocked by core_clock)
Path Group: core_clock
Path Type: min

Fanout         Cap        Slew       Delay        Time   Description
---------------------------------------------------------------------------------------------
                                  0.000000    0.000000   clock core_clock (rise edge)
                                  0.000000    0.000000   clock source latency
     1    0.011568    0.000000    0.000000    0.000000 ^ clk (in)
                                                         clk (net)
                      0.000309    0.000154    0.000154 ^ clkbuf_0_clk/A (sky130_fd_sc_hd__clkbuf_16)
     8    0.073958    0.091061    0.151616    0.151771 ^ clkbuf_0_clk/X (sky130_fd_sc_hd__clkbuf_16)
                                                         clknet_0_clk (net)
                      0.091061    0.000394    0.152164 ^ clkbuf_3_7__f_clk/A (sky130_fd_sc_hd__clkbuf_16)
    10    0.024446    0.045798    0.146630    0.298794 ^ clkbuf_3_7__f_clk/X (sky130_fd_sc_hd__clkbuf_16)
                                                         clknet_3_7__leaf_clk (net)
                      0.045798    0.000104    0.298897 ^ dsa[0]._8_/CLK (sky130_fd_sc_hd__dfrtp_1)
     2    0.005219    0.065721    0.331682    0.630580 ^ dsa[0]._8_/Q (sky130_fd_sc_hd__dfrtp_1)
                                                         dsa[0].last_carry (net)
                      0.065721    0.000006    0.630586 ^ dsa[0]._3_/A (sky130_fd_sc_hd__nand3_1)
     2    0.004625    0.069301    0.078111    0.708697 v dsa[0]._3_/Y (sky130_fd_sc_hd__nand3_1)
                                                         dsa[0]._0_ (net)
                      0.069301    0.000019    0.708716 v dsa[0]._7_/B1_N (sky130_fd_sc_hd__a21bo_1)
     1    0.002396    0.033435    0.176932    0.885648 ^ dsa[0]._7_/X (sky130_fd_sc_hd__a21bo_1)
                                                         dsa[0].last_carry_next (net)
                      0.033435    0.000006    0.885654 ^ dsa[0]._8_/D (sky130_fd_sc_hd__dfrtp_1)
                                              0.885654   data arrival time

                                  0.000000    0.000000   clock core_clock (rise edge)
                                  0.000000    0.000000   clock source latency
     1    0.011568    0.000000    0.000000    0.000000 ^ clk (in)
                                                         clk (net)
                      0.000309    0.000154    0.000154 ^ clkbuf_0_clk/A (sky130_fd_sc_hd__clkbuf_16)
     8    0.073958    0.091061    0.151616    0.151771 ^ clkbuf_0_clk/X (sky130_fd_sc_hd__clkbuf_16)
                                                         clknet_0_clk (net)
                      0.091061    0.000394    0.152164 ^ clkbuf_3_7__f_clk/A (sky130_fd_sc_hd__clkbuf_16)
    10    0.024446    0.045798    0.146630    0.298794 ^ clkbuf_3_7__f_clk/X (sky130_fd_sc_hd__clkbuf_16)
                                                         clknet_3_7__leaf_clk (net)
                      0.045798    0.000104    0.298897 ^ dsa[0]._8_/CLK (sky130_fd_sc_hd__dfrtp_1)
                                  0.000000    0.298897   clock reconvergence pessimism
                                 -0.032232    0.266666   library hold time
                                              0.266666   data required time
---------------------------------------------------------------------------------------------
                                              0.266666   data required time
                                             -0.885654   data arrival time
---------------------------------------------------------------------------------------------
                                              0.618988   slack (MET)



