
===========================================================================
report_checks -path_delay max (Setup)
============================================================================
======================= max_ss_100C_1v60 Corner ===================================

Startpoint: dsa[8]._8_ (rising edge-triggered flip-flop clocked by core_clock)
Endpoint: dsa[8]._8_ (rising edge-triggered flip-flop clocked by core_clock)
Path Group: core_clock
Path Type: max

Fanout         Cap        Slew       Delay        Time   Description
---------------------------------------------------------------------------------------------
                                  0.000000    0.000000   clock core_clock (rise edge)
                                  0.000000    0.000000   clock source latency
     1    0.015086    0.000000    0.000000    0.000000 ^ clk (in)
                                                         clk (net)
                      0.001413    0.000707    0.000707 ^ clkbuf_0_clk/A (sky130_fd_sc_hd__clkbuf_16)
     8    0.084849    0.155388    0.265144    0.265851 ^ clkbuf_0_clk/X (sky130_fd_sc_hd__clkbuf_16)
                                                         clknet_0_clk (net)
                      0.156172    0.008760    0.274610 ^ clkbuf_3_4__f_clk/A (sky130_fd_sc_hd__clkbuf_16)
     9    0.022714    0.070802    0.264628    0.539239 ^ clkbuf_3_4__f_clk/X (sky130_fd_sc_hd__clkbuf_16)
                                                         clknet_3_4__leaf_clk (net)
                      0.070827    0.001047    0.540286 ^ dsa[8]._8_/CLK (sky130_fd_sc_hd__dfrtp_1)
     2    0.006110    0.104205    0.767669    1.307955 v dsa[8]._8_/Q (sky130_fd_sc_hd__dfrtp_1)
                                                         dsa[8].last_carry (net)
                      0.104205    0.000205    1.308160 v dsa[8]._4_/B1 (sky130_fd_sc_hd__a21o_1)
     2    0.007494    0.096609    0.328771    1.636932 v dsa[8]._4_/X (sky130_fd_sc_hd__a21o_1)
                                                         dsa[8]._1_ (net)
                      0.096610    0.000456    1.637387 v dsa[8]._7_/A2 (sky130_fd_sc_hd__a21bo_1)
     1    0.003211    0.065450    0.350515    1.987903 v dsa[8]._7_/X (sky130_fd_sc_hd__a21bo_1)
                                                         dsa[8].last_carry_next (net)
                      0.065450    0.000204    1.988106 v dsa[8]._8_/D (sky130_fd_sc_hd__dfrtp_1)
                                              1.988106   data arrival time

                                 10.000000   10.000000   clock core_clock (rise edge)
                                  0.000000   10.000000   clock source latency
     1    0.015086    0.000000    0.000000   10.000000 ^ clk (in)
                                                         clk (net)
                      0.001413    0.000707   10.000708 ^ clkbuf_0_clk/A (sky130_fd_sc_hd__clkbuf_16)
     8    0.084849    0.155388    0.265143   10.265851 ^ clkbuf_0_clk/X (sky130_fd_sc_hd__clkbuf_16)
                                                         clknet_0_clk (net)
                      0.156172    0.008760   10.274611 ^ clkbuf_3_4__f_clk/A (sky130_fd_sc_hd__clkbuf_16)
     9    0.022714    0.070802    0.264628   10.539239 ^ clkbuf_3_4__f_clk/X (sky130_fd_sc_hd__clkbuf_16)
                                                         clknet_3_4__leaf_clk (net)
                      0.070827    0.001047   10.540286 ^ dsa[8]._8_/CLK (sky130_fd_sc_hd__dfrtp_1)
                                  0.000000   10.540286   clock reconvergence pessimism
                                 -0.274446   10.265840   library setup time
                                             10.265840   data required time
---------------------------------------------------------------------------------------------
                                             10.265840   data required time
                                             -1.988106   data arrival time
---------------------------------------------------------------------------------------------
                                              8.277734   slack (MET)


Startpoint: dsa[3]._8_ (rising edge-triggered flip-flop clocked by core_clock)
Endpoint: dsa[3]._8_ (rising edge-triggered flip-flop clocked by core_clock)
Path Group: core_clock
Path Type: max

Fanout         Cap        Slew       Delay        Time   Description
---------------------------------------------------------------------------------------------
                                  0.000000    0.000000   clock core_clock (rise edge)
                                  0.000000    0.000000   clock source latency
     1    0.015086    0.000000    0.000000    0.000000 ^ clk (in)
                                                         clk (net)
                      0.001413    0.000707    0.000707 ^ clkbuf_0_clk/A (sky130_fd_sc_hd__clkbuf_16)
     8    0.084849    0.155388    0.265144    0.265851 ^ clkbuf_0_clk/X (sky130_fd_sc_hd__clkbuf_16)
                                                         clknet_0_clk (net)
                      0.155834    0.006654    0.272504 ^ clkbuf_3_7__f_clk/A (sky130_fd_sc_hd__clkbuf_16)
    10    0.029828    0.080221    0.274364    0.546868 ^ clkbuf_3_7__f_clk/X (sky130_fd_sc_hd__clkbuf_16)
                                                         clknet_3_7__leaf_clk (net)
                      0.080237    0.001120    0.547989 ^ dsa[3]._8_/CLK (sky130_fd_sc_hd__dfrtp_1)
     2    0.006486    0.107249    0.775515    1.323504 v dsa[3]._8_/Q (sky130_fd_sc_hd__dfrtp_1)
                                                         dsa[3].last_carry (net)
                      0.107249    0.000257    1.323761 v dsa[3]._4_/B1 (sky130_fd_sc_hd__a21o_1)
     2    0.006087    0.085765    0.319254    1.643014 v dsa[3]._4_/X (sky130_fd_sc_hd__a21o_1)
                                                         dsa[3]._1_ (net)
                      0.085765    0.000231    1.643245 v dsa[3]._7_/A2 (sky130_fd_sc_hd__a21bo_1)
     1    0.003119    0.064621    0.345116    1.988361 v dsa[3]._7_/X (sky130_fd_sc_hd__a21bo_1)
                                                         dsa[3].last_carry_next (net)
                      0.064621    0.000130    1.988491 v dsa[3]._8_/D (sky130_fd_sc_hd__dfrtp_1)
                                              1.988491   data arrival time

                                 10.000000   10.000000   clock core_clock (rise edge)
                                  0.000000   10.000000   clock source latency
     1    0.015086    0.000000    0.000000   10.000000 ^ clk (in)
                                                         clk (net)
                      0.001413    0.000707   10.000708 ^ clkbuf_0_clk/A (sky130_fd_sc_hd__clkbuf_16)
     8    0.084849    0.155388    0.265143   10.265851 ^ clkbuf_0_clk/X (sky130_fd_sc_hd__clkbuf_16)
                                                         clknet_0_clk (net)
                      0.155834    0.006654   10.272505 ^ clkbuf_3_7__f_clk/A (sky130_fd_sc_hd__clkbuf_16)
    10    0.029828    0.080221    0.274364   10.546868 ^ clkbuf_3_7__f_clk/X (sky130_fd_sc_hd__clkbuf_16)
                                                         clknet_3_7__leaf_clk (net)
                      0.080237    0.001120   10.547989 ^ dsa[3]._8_/CLK (sky130_fd_sc_hd__dfrtp_1)
                                  0.000000   10.547989   clock reconvergence pessimism
                                 -0.271593   10.276395   library setup time
                                             10.276395   data required time
---------------------------------------------------------------------------------------------
                                             10.276395   data required time
                                             -1.988491   data arrival time
---------------------------------------------------------------------------------------------
                                              8.287905   slack (MET)


Startpoint: dsa[29]._8_ (rising edge-triggered flip-flop clocked by core_clock)
Endpoint: dsa[29]._8_ (rising edge-triggered flip-flop clocked by core_clock)
Path Group: core_clock
Path Type: max

Fanout         Cap        Slew       Delay        Time   Description
---------------------------------------------------------------------------------------------
                                  0.000000    0.000000   clock core_clock (rise edge)
                                  0.000000    0.000000   clock source latency
     1    0.015086    0.000000    0.000000    0.000000 ^ clk (in)
                                                         clk (net)
                      0.001413    0.000707    0.000707 ^ clkbuf_0_clk/A (sky130_fd_sc_hd__clkbuf_16)
     8    0.084849    0.155388    0.265144    0.265851 ^ clkbuf_0_clk/X (sky130_fd_sc_hd__clkbuf_16)
                                                         clknet_0_clk (net)
                      0.156452    0.010188    0.276039 ^ clkbuf_3_0__f_clk/A (sky130_fd_sc_hd__clkbuf_16)
    10    0.032964    0.084590    0.278967    0.555006 ^ clkbuf_3_0__f_clk/X (sky130_fd_sc_hd__clkbuf_16)
                                                         clknet_3_0__leaf_clk (net)
                      0.084619    0.001476    0.556482 ^ dsa[29]._8_/CLK (sky130_fd_sc_hd__dfrtp_1)
     2    0.005397    0.098478    0.767506    1.323988 v dsa[29]._8_/Q (sky130_fd_sc_hd__dfrtp_1)
                                                         dsa[29].last_carry (net)
                      0.098478    0.000315    1.324303 v dsa[29]._4_/B1 (sky130_fd_sc_hd__a21o_1)
     2    0.006829    0.091422    0.321403    1.645706 v dsa[29]._4_/X (sky130_fd_sc_hd__a21o_1)
                                                         dsa[29]._1_ (net)
                      0.091422    0.000330    1.646037 v dsa[29]._7_/A2 (sky130_fd_sc_hd__a21bo_1)
     1    0.003370    0.066943    0.350126    1.996162 v dsa[29]._7_/X (sky130_fd_sc_hd__a21bo_1)
                                                         dsa[29].last_carry_next (net)
                      0.066943    0.000247    1.996410 v dsa[29]._8_/D (sky130_fd_sc_hd__dfrtp_1)
                                              1.996410   data arrival time

                                 10.000000   10.000000   clock core_clock (rise edge)
                                  0.000000   10.000000   clock source latency
     1    0.015086    0.000000    0.000000   10.000000 ^ clk (in)
                                                         clk (net)
                      0.001413    0.000707   10.000708 ^ clkbuf_0_clk/A (sky130_fd_sc_hd__clkbuf_16)
     8    0.084849    0.155388    0.265143   10.265851 ^ clkbuf_0_clk/X (sky130_fd_sc_hd__clkbuf_16)
                                                         clknet_0_clk (net)
                      0.156452    0.010188   10.276039 ^ clkbuf_3_0__f_clk/A (sky130_fd_sc_hd__clkbuf_16)
    10    0.032964    0.084590    0.278967   10.555006 ^ clkbuf_3_0__f_clk/X (sky130_fd_sc_hd__clkbuf_16)
                                                         clknet_3_0__leaf_clk (net)
                      0.084619    0.001476   10.556482 ^ dsa[29]._8_/CLK (sky130_fd_sc_hd__dfrtp_1)
                                  0.000000   10.556482   clock reconvergence pessimism
                                 -0.271394   10.285089   library setup time
                                             10.285089   data required time
---------------------------------------------------------------------------------------------
                                             10.285089   data required time
                                             -1.996410   data arrival time
---------------------------------------------------------------------------------------------
                                              8.288678   slack (MET)


Startpoint: dsa[15]._8_ (rising edge-triggered flip-flop clocked by core_clock)
Endpoint: dsa[15]._8_ (rising edge-triggered flip-flop clocked by core_clock)
Path Group: core_clock
Path Type: max

Fanout         Cap        Slew       Delay        Time   Description
---------------------------------------------------------------------------------------------
                                  0.000000    0.000000   clock core_clock (rise edge)
                                  0.000000    0.000000   clock source latency
     1    0.015086    0.000000    0.000000    0.000000 ^ clk (in)
                                                         clk (net)
                      0.001413    0.000707    0.000707 ^ clkbuf_0_clk/A (sky130_fd_sc_hd__clkbuf_16)
     8    0.084849    0.155388    0.265144    0.265851 ^ clkbuf_0_clk/X (sky130_fd_sc_hd__clkbuf_16)
                                                         clknet_0_clk (net)
                      0.155628    0.004937    0.270788 ^ clkbuf_3_3__f_clk/A (sky130_fd_sc_hd__clkbuf_16)
     9    0.027343    0.076841    0.270870    0.541658 ^ clkbuf_3_3__f_clk/X (sky130_fd_sc_hd__clkbuf_16)
                                                         clknet_3_3__leaf_clk (net)
                      0.076855    0.001001    0.542659 ^ dsa[15]._8_/CLK (sky130_fd_sc_hd__dfrtp_1)
     2    0.006250    0.105344    0.771730    1.314389 v dsa[15]._8_/Q (sky130_fd_sc_hd__dfrtp_1)
                                                         dsa[15].last_carry (net)
                      0.105344    0.000346    1.314735 v dsa[15]._4_/B1 (sky130_fd_sc_hd__a21o_1)
     2    0.005452    0.081064    0.313602    1.628337 v dsa[15]._4_/X (sky130_fd_sc_hd__a21o_1)
                                                         dsa[15]._1_ (net)
                      0.081064    0.000186    1.628523 v dsa[15]._7_/A2 (sky130_fd_sc_hd__a21bo_1)
     1    0.003624    0.069275    0.348686    1.977209 v dsa[15]._7_/X (sky130_fd_sc_hd__a21bo_1)
                                                         dsa[15].last_carry_next (net)
                      0.069275    0.000259    1.977468 v dsa[15]._8_/D (sky130_fd_sc_hd__dfrtp_1)
                                              1.977468   data arrival time

                                 10.000000   10.000000   clock core_clock (rise edge)
                                  0.000000   10.000000   clock source latency
     1    0.015086    0.000000    0.000000   10.000000 ^ clk (in)
                                                         clk (net)
                      0.001413    0.000707   10.000708 ^ clkbuf_0_clk/A (sky130_fd_sc_hd__clkbuf_16)
     8    0.084849    0.155388    0.265143   10.265851 ^ clkbuf_0_clk/X (sky130_fd_sc_hd__clkbuf_16)
                                                         clknet_0_clk (net)
                      0.155628    0.004937   10.270788 ^ clkbuf_3_3__f_clk/A (sky130_fd_sc_hd__clkbuf_16)
     9    0.027343    0.076841    0.270870   10.541658 ^ clkbuf_3_3__f_clk/X (sky130_fd_sc_hd__clkbuf_16)
                                                         clknet_3_3__leaf_clk (net)
                      0.076855    0.001001   10.542660 ^ dsa[15]._8_/CLK (sky130_fd_sc_hd__dfrtp_1)
                                  0.000000   10.542660   clock reconvergence pessimism
                                 -0.274435   10.268224   library setup time
                                             10.268224   data required time
---------------------------------------------------------------------------------------------
                                             10.268224   data required time
                                             -1.977468   data arrival time
---------------------------------------------------------------------------------------------
                                              8.290756   slack (MET)


Startpoint: dsa[2]._8_ (rising edge-triggered flip-flop clocked by core_clock)
Endpoint: dsa[2]._8_ (rising edge-triggered flip-flop clocked by core_clock)
Path Group: core_clock
Path Type: max

Fanout         Cap        Slew       Delay        Time   Description
---------------------------------------------------------------------------------------------
                                  0.000000    0.000000   clock core_clock (rise edge)
                                  0.000000    0.000000   clock source latency
     1    0.015086    0.000000    0.000000    0.000000 ^ clk (in)
                                                         clk (net)
                      0.001413    0.000707    0.000707 ^ clkbuf_0_clk/A (sky130_fd_sc_hd__clkbuf_16)
     8    0.084849    0.155388    0.265144    0.265851 ^ clkbuf_0_clk/X (sky130_fd_sc_hd__clkbuf_16)
                                                         clknet_0_clk (net)
                      0.155817    0.006528    0.272379 ^ clkbuf_3_6__f_clk/A (sky130_fd_sc_hd__clkbuf_16)
     8    0.027426    0.076950    0.271086    0.543465 ^ clkbuf_3_6__f_clk/X (sky130_fd_sc_hd__clkbuf_16)
                                                         clknet_3_6__leaf_clk (net)
                      0.076982    0.001383    0.544848 ^ dsa[2]._8_/CLK (sky130_fd_sc_hd__dfrtp_1)
     2    0.006503    0.107435    0.774098    1.318946 v dsa[2]._8_/Q (sky130_fd_sc_hd__dfrtp_1)
                                                         dsa[2].last_carry (net)
                      0.107435    0.000412    1.319358 v dsa[2]._4_/B1 (sky130_fd_sc_hd__a21o_1)
     2    0.006104    0.085929    0.319373    1.638731 v dsa[2]._4_/X (sky130_fd_sc_hd__a21o_1)
                                                         dsa[2]._1_ (net)
                      0.085930    0.000397    1.639128 v dsa[2]._7_/A2 (sky130_fd_sc_hd__a21bo_1)
     1    0.002839    0.062215    0.342075    1.981203 v dsa[2]._7_/X (sky130_fd_sc_hd__a21bo_1)
                                                         dsa[2].last_carry_next (net)
                      0.062215    0.000208    1.981411 v dsa[2]._8_/D (sky130_fd_sc_hd__dfrtp_1)
                                              1.981411   data arrival time

                                 10.000000   10.000000   clock core_clock (rise edge)
                                  0.000000   10.000000   clock source latency
     1    0.015086    0.000000    0.000000   10.000000 ^ clk (in)
                                                         clk (net)
                      0.001413    0.000707   10.000708 ^ clkbuf_0_clk/A (sky130_fd_sc_hd__clkbuf_16)
     8    0.084849    0.155388    0.265143   10.265851 ^ clkbuf_0_clk/X (sky130_fd_sc_hd__clkbuf_16)
                                                         clknet_0_clk (net)
                      0.155817    0.006528   10.272379 ^ clkbuf_3_6__f_clk/A (sky130_fd_sc_hd__clkbuf_16)
     8    0.027426    0.076950    0.271086   10.543465 ^ clkbuf_3_6__f_clk/X (sky130_fd_sc_hd__clkbuf_16)
                                                         clknet_3_6__leaf_clk (net)
                      0.076982    0.001383   10.544847 ^ dsa[2]._8_/CLK (sky130_fd_sc_hd__dfrtp_1)
                                  0.000000   10.544847   clock reconvergence pessimism
                                 -0.271457   10.273391   library setup time
                                             10.273391   data required time
---------------------------------------------------------------------------------------------
                                             10.273391   data required time
                                             -1.981411   data arrival time
---------------------------------------------------------------------------------------------
                                              8.291979   slack (MET)


Startpoint: dsa[23]._8_ (rising edge-triggered flip-flop clocked by core_clock)
Endpoint: dsa[23]._8_ (rising edge-triggered flip-flop clocked by core_clock)
Path Group: core_clock
Path Type: max

Fanout         Cap        Slew       Delay        Time   Description
---------------------------------------------------------------------------------------------
                                  0.000000    0.000000   clock core_clock (rise edge)
                                  0.000000    0.000000   clock source latency
     1    0.015086    0.000000    0.000000    0.000000 ^ clk (in)
                                                         clk (net)
                      0.001413    0.000707    0.000707 ^ clkbuf_0_clk/A (sky130_fd_sc_hd__clkbuf_16)
     8    0.084849    0.155388    0.265144    0.265851 ^ clkbuf_0_clk/X (sky130_fd_sc_hd__clkbuf_16)
                                                         clknet_0_clk (net)
                      0.155666    0.005297    0.271148 ^ clkbuf_3_2__f_clk/A (sky130_fd_sc_hd__clkbuf_16)
    10    0.031969    0.083220    0.277120    0.548267 ^ clkbuf_3_2__f_clk/X (sky130_fd_sc_hd__clkbuf_16)
                                                         clknet_3_2__leaf_clk (net)
                      0.083257    0.001627    0.549894 ^ dsa[23]._8_/CLK (sky130_fd_sc_hd__dfrtp_1)
     2    0.006530    0.107654    0.777259    1.327152 v dsa[23]._8_/Q (sky130_fd_sc_hd__dfrtp_1)
                                                         dsa[23].last_carry (net)
                      0.107654    0.000382    1.327534 v dsa[23]._4_/B1 (sky130_fd_sc_hd__a21o_1)
     2    0.005922    0.084559    0.318095    1.645629 v dsa[23]._4_/X (sky130_fd_sc_hd__a21o_1)
                                                         dsa[23]._1_ (net)
                      0.084560    0.000377    1.646006 v dsa[23]._7_/A2 (sky130_fd_sc_hd__a21bo_1)
     1    0.002869    0.062459    0.341889    1.987895 v dsa[23]._7_/X (sky130_fd_sc_hd__a21bo_1)
                                                         dsa[23].last_carry_next (net)
                      0.062459    0.000119    1.988014 v dsa[23]._8_/D (sky130_fd_sc_hd__dfrtp_1)
                                              1.988014   data arrival time

                                 10.000000   10.000000   clock core_clock (rise edge)
                                  0.000000   10.000000   clock source latency
     1    0.015086    0.000000    0.000000   10.000000 ^ clk (in)
                                                         clk (net)
                      0.001413    0.000707   10.000708 ^ clkbuf_0_clk/A (sky130_fd_sc_hd__clkbuf_16)
     8    0.084849    0.155388    0.265143   10.265851 ^ clkbuf_0_clk/X (sky130_fd_sc_hd__clkbuf_16)
                                                         clknet_0_clk (net)
                      0.155666    0.005297   10.271148 ^ clkbuf_3_2__f_clk/A (sky130_fd_sc_hd__clkbuf_16)
    10    0.031969    0.083220    0.277120   10.548267 ^ clkbuf_3_2__f_clk/X (sky130_fd_sc_hd__clkbuf_16)
                                                         clknet_3_2__leaf_clk (net)
                      0.083257    0.001626   10.549893 ^ dsa[23]._8_/CLK (sky130_fd_sc_hd__dfrtp_1)
                                  0.000000   10.549893   clock reconvergence pessimism
                                 -0.269887   10.280006   library setup time
                                             10.280006   data required time
---------------------------------------------------------------------------------------------
                                             10.280006   data required time
                                             -1.988014   data arrival time
---------------------------------------------------------------------------------------------
                                              8.291992   slack (MET)


Startpoint: dsa[25]._8_ (rising edge-triggered flip-flop clocked by core_clock)
Endpoint: dsa[25]._8_ (rising edge-triggered flip-flop clocked by core_clock)
Path Group: core_clock
Path Type: max

Fanout         Cap        Slew       Delay        Time   Description
---------------------------------------------------------------------------------------------
                                  0.000000    0.000000   clock core_clock (rise edge)
                                  0.000000    0.000000   clock source latency
     1    0.015086    0.000000    0.000000    0.000000 ^ clk (in)
                                                         clk (net)
                      0.001413    0.000707    0.000707 ^ clkbuf_0_clk/A (sky130_fd_sc_hd__clkbuf_16)
     8    0.084849    0.155388    0.265144    0.265851 ^ clkbuf_0_clk/X (sky130_fd_sc_hd__clkbuf_16)
                                                         clknet_0_clk (net)
                      0.155666    0.005297    0.271148 ^ clkbuf_3_2__f_clk/A (sky130_fd_sc_hd__clkbuf_16)
    10    0.031969    0.083220    0.277120    0.548267 ^ clkbuf_3_2__f_clk/X (sky130_fd_sc_hd__clkbuf_16)
                                                         clknet_3_2__leaf_clk (net)
                      0.083287    0.002085    0.550352 ^ dsa[25]._8_/CLK (sky130_fd_sc_hd__dfrtp_1)
     2    0.006113    0.104239    0.773409    1.323761 v dsa[25]._8_/Q (sky130_fd_sc_hd__dfrtp_1)
                                                         dsa[25].last_carry (net)
                      0.104239    0.000381    1.324142 v dsa[25]._4_/B1 (sky130_fd_sc_hd__a21o_1)
     2    0.006649    0.090029    0.322355    1.646496 v dsa[25]._4_/X (sky130_fd_sc_hd__a21o_1)
                                                         dsa[25]._1_ (net)
                      0.090029    0.000226    1.646722 v dsa[25]._7_/A2 (sky130_fd_sc_hd__a21bo_1)
     1    0.002649    0.060624    0.341673    1.988395 v dsa[25]._7_/X (sky130_fd_sc_hd__a21bo_1)
                                                         dsa[25].last_carry_next (net)
                      0.060624    0.000171    1.988565 v dsa[25]._8_/D (sky130_fd_sc_hd__dfrtp_1)
                                              1.988565   data arrival time

                                 10.000000   10.000000   clock core_clock (rise edge)
                                  0.000000   10.000000   clock source latency
     1    0.015086    0.000000    0.000000   10.000000 ^ clk (in)
                                                         clk (net)
                      0.001413    0.000707   10.000708 ^ clkbuf_0_clk/A (sky130_fd_sc_hd__clkbuf_16)
     8    0.084849    0.155388    0.265143   10.265851 ^ clkbuf_0_clk/X (sky130_fd_sc_hd__clkbuf_16)
                                                         clknet_0_clk (net)
                      0.155666    0.005297   10.271148 ^ clkbuf_3_2__f_clk/A (sky130_fd_sc_hd__clkbuf_16)
    10    0.031969    0.083220    0.277120   10.548267 ^ clkbuf_3_2__f_clk/X (sky130_fd_sc_hd__clkbuf_16)
                                                         clknet_3_2__leaf_clk (net)
                      0.083287    0.002085   10.550352 ^ dsa[25]._8_/CLK (sky130_fd_sc_hd__dfrtp_1)
                                  0.000000   10.550352   clock reconvergence pessimism
                                 -0.269114   10.281239   library setup time
                                             10.281239   data required time
---------------------------------------------------------------------------------------------
                                             10.281239   data required time
                                             -1.988565   data arrival time
---------------------------------------------------------------------------------------------
                                              8.292673   slack (MET)


Startpoint: dsa[5]._8_ (rising edge-triggered flip-flop clocked by core_clock)
Endpoint: dsa[5]._8_ (rising edge-triggered flip-flop clocked by core_clock)
Path Group: core_clock
Path Type: max

Fanout         Cap        Slew       Delay        Time   Description
---------------------------------------------------------------------------------------------
                                  0.000000    0.000000   clock core_clock (rise edge)
                                  0.000000    0.000000   clock source latency
     1    0.015086    0.000000    0.000000    0.000000 ^ clk (in)
                                                         clk (net)
                      0.001413    0.000707    0.000707 ^ clkbuf_0_clk/A (sky130_fd_sc_hd__clkbuf_16)
     8    0.084849    0.155388    0.265144    0.265851 ^ clkbuf_0_clk/X (sky130_fd_sc_hd__clkbuf_16)
                                                         clknet_0_clk (net)
                      0.156230    0.009074    0.274925 ^ clkbuf_3_5__f_clk/A (sky130_fd_sc_hd__clkbuf_16)
     8    0.030080    0.080567    0.274894    0.549819 ^ clkbuf_3_5__f_clk/X (sky130_fd_sc_hd__clkbuf_16)
                                                         clknet_3_5__leaf_clk (net)
                      0.080602    0.001536    0.551355 ^ dsa[5]._8_/CLK (sky130_fd_sc_hd__dfrtp_1)
     2    0.006220    0.105088    0.773191    1.324546 v dsa[5]._8_/Q (sky130_fd_sc_hd__dfrtp_1)
                                                         dsa[5].last_carry (net)
                      0.105088    0.000348    1.324894 v dsa[5]._4_/B1 (sky130_fd_sc_hd__a21o_1)
     2    0.006054    0.085554    0.318049    1.642943 v dsa[5]._4_/X (sky130_fd_sc_hd__a21o_1)
                                                         dsa[5]._1_ (net)
                      0.085555    0.000380    1.643323 v dsa[5]._7_/A2 (sky130_fd_sc_hd__a21bo_1)
     1    0.002999    0.063576    0.343712    1.987036 v dsa[5]._7_/X (sky130_fd_sc_hd__a21bo_1)
                                                         dsa[5].last_carry_next (net)
                      0.063576    0.000124    1.987159 v dsa[5]._8_/D (sky130_fd_sc_hd__dfrtp_1)
                                              1.987159   data arrival time

                                 10.000000   10.000000   clock core_clock (rise edge)
                                  0.000000   10.000000   clock source latency
     1    0.015086    0.000000    0.000000   10.000000 ^ clk (in)
                                                         clk (net)
                      0.001413    0.000707   10.000708 ^ clkbuf_0_clk/A (sky130_fd_sc_hd__clkbuf_16)
     8    0.084849    0.155388    0.265143   10.265851 ^ clkbuf_0_clk/X (sky130_fd_sc_hd__clkbuf_16)
                                                         clknet_0_clk (net)
                      0.156230    0.009075   10.274925 ^ clkbuf_3_5__f_clk/A (sky130_fd_sc_hd__clkbuf_16)
     8    0.030080    0.080567    0.274894   10.549819 ^ clkbuf_3_5__f_clk/X (sky130_fd_sc_hd__clkbuf_16)
                                                         clknet_3_5__leaf_clk (net)
                      0.080602    0.001537   10.551355 ^ dsa[5]._8_/CLK (sky130_fd_sc_hd__dfrtp_1)
                                  0.000000   10.551355   clock reconvergence pessimism
                                 -0.271060   10.280296   library setup time
                                             10.280296   data required time
---------------------------------------------------------------------------------------------
                                             10.280296   data required time
                                             -1.987159   data arrival time
---------------------------------------------------------------------------------------------
                                              8.293138   slack (MET)


Startpoint: dsa[22]._8_ (rising edge-triggered flip-flop clocked by core_clock)
Endpoint: dsa[22]._8_ (rising edge-triggered flip-flop clocked by core_clock)
Path Group: core_clock
Path Type: max

Fanout         Cap        Slew       Delay        Time   Description
---------------------------------------------------------------------------------------------
                                  0.000000    0.000000   clock core_clock (rise edge)
                                  0.000000    0.000000   clock source latency
     1    0.015086    0.000000    0.000000    0.000000 ^ clk (in)
                                                         clk (net)
                      0.001413    0.000707    0.000707 ^ clkbuf_0_clk/A (sky130_fd_sc_hd__clkbuf_16)
     8    0.084849    0.155388    0.265144    0.265851 ^ clkbuf_0_clk/X (sky130_fd_sc_hd__clkbuf_16)
                                                         clknet_0_clk (net)
                      0.155666    0.005297    0.271148 ^ clkbuf_3_2__f_clk/A (sky130_fd_sc_hd__clkbuf_16)
    10    0.031969    0.083220    0.277120    0.548267 ^ clkbuf_3_2__f_clk/X (sky130_fd_sc_hd__clkbuf_16)
                                                         clknet_3_2__leaf_clk (net)
                      0.083243    0.001332    0.549599 ^ dsa[22]._8_/CLK (sky130_fd_sc_hd__dfrtp_1)
     2    0.006097    0.104067    0.773338    1.322937 v dsa[22]._8_/Q (sky130_fd_sc_hd__dfrtp_1)
                                                         dsa[22].last_carry (net)
                      0.104067    0.000290    1.323227 v dsa[22]._4_/B1 (sky130_fd_sc_hd__a21o_1)
     2    0.005766    0.083375    0.315497    1.638724 v dsa[22]._4_/X (sky130_fd_sc_hd__a21o_1)
                                                         dsa[22]._1_ (net)
                      0.083375    0.000298    1.639022 v dsa[22]._7_/A2 (sky130_fd_sc_hd__a21bo_1)
     1    0.003243    0.065735    0.345482    1.984504 v dsa[22]._7_/X (sky130_fd_sc_hd__a21bo_1)
                                                         dsa[22].last_carry_next (net)
                      0.065784    0.000202    1.984705 v dsa[22]._8_/D (sky130_fd_sc_hd__dfrtp_1)
                                              1.984705   data arrival time

                                 10.000000   10.000000   clock core_clock (rise edge)
                                  0.000000   10.000000   clock source latency
     1    0.015086    0.000000    0.000000   10.000000 ^ clk (in)
                                                         clk (net)
                      0.001413    0.000707   10.000708 ^ clkbuf_0_clk/A (sky130_fd_sc_hd__clkbuf_16)
     8    0.084849    0.155388    0.265143   10.265851 ^ clkbuf_0_clk/X (sky130_fd_sc_hd__clkbuf_16)
                                                         clknet_0_clk (net)
                      0.155666    0.005297   10.271148 ^ clkbuf_3_2__f_clk/A (sky130_fd_sc_hd__clkbuf_16)
    10    0.031969    0.083220    0.277120   10.548267 ^ clkbuf_3_2__f_clk/X (sky130_fd_sc_hd__clkbuf_16)
                                                         clknet_3_2__leaf_clk (net)
                      0.083243    0.001332   10.549600 ^ dsa[22]._8_/CLK (sky130_fd_sc_hd__dfrtp_1)
                                  0.000000   10.549600   clock reconvergence pessimism
                                 -0.271277   10.278322   library setup time
                                             10.278322   data required time
---------------------------------------------------------------------------------------------
                                             10.278322   data required time
                                             -1.984705   data arrival time
---------------------------------------------------------------------------------------------
                                              8.293616   slack (MET)


Startpoint: dsa[11]._8_ (rising edge-triggered flip-flop clocked by core_clock)
Endpoint: dsa[11]._8_ (rising edge-triggered flip-flop clocked by core_clock)
Path Group: core_clock
Path Type: max

Fanout         Cap        Slew       Delay        Time   Description
---------------------------------------------------------------------------------------------
                                  0.000000    0.000000   clock core_clock (rise edge)
                                  0.000000    0.000000   clock source latency
     1    0.015086    0.000000    0.000000    0.000000 ^ clk (in)
                                                         clk (net)
                      0.001413    0.000707    0.000707 ^ clkbuf_0_clk/A (sky130_fd_sc_hd__clkbuf_16)
     8    0.084849    0.155388    0.265144    0.265851 ^ clkbuf_0_clk/X (sky130_fd_sc_hd__clkbuf_16)
                                                         clknet_0_clk (net)
                      0.155817    0.006528    0.272379 ^ clkbuf_3_6__f_clk/A (sky130_fd_sc_hd__clkbuf_16)
     8    0.027426    0.076950    0.271086    0.543465 ^ clkbuf_3_6__f_clk/X (sky130_fd_sc_hd__clkbuf_16)
                                                         clknet_3_6__leaf_clk (net)
                      0.076971    0.001177    0.544642 ^ dsa[11]._8_/CLK (sky130_fd_sc_hd__dfrtp_1)
     2    0.005642    0.100397    0.766202    1.310843 v dsa[11]._8_/Q (sky130_fd_sc_hd__dfrtp_1)
                                                         dsa[11].last_carry (net)
                      0.100397    0.000366    1.311209 v dsa[11]._4_/B1 (sky130_fd_sc_hd__a21o_1)
     2    0.006904    0.092019    0.322708    1.633917 v dsa[11]._4_/X (sky130_fd_sc_hd__a21o_1)
                                                         dsa[11]._1_ (net)
                      0.092019    0.000413    1.634329 v dsa[11]._7_/A2 (sky130_fd_sc_hd__a21bo_1)
     1    0.002818    0.062036    0.344334    1.978663 v dsa[11]._7_/X (sky130_fd_sc_hd__a21bo_1)
                                                         dsa[11].last_carry_next (net)
                      0.062036    0.000193    1.978856 v dsa[11]._8_/D (sky130_fd_sc_hd__dfrtp_1)
                                              1.978856   data arrival time

                                 10.000000   10.000000   clock core_clock (rise edge)
                                  0.000000   10.000000   clock source latency
     1    0.015086    0.000000    0.000000   10.000000 ^ clk (in)
                                                         clk (net)
                      0.001413    0.000707   10.000708 ^ clkbuf_0_clk/A (sky130_fd_sc_hd__clkbuf_16)
     8    0.084849    0.155388    0.265143   10.265851 ^ clkbuf_0_clk/X (sky130_fd_sc_hd__clkbuf_16)
                                                         clknet_0_clk (net)
                      0.155817    0.006528   10.272379 ^ clkbuf_3_6__f_clk/A (sky130_fd_sc_hd__clkbuf_16)
     8    0.027426    0.076950    0.271086   10.543465 ^ clkbuf_3_6__f_clk/X (sky130_fd_sc_hd__clkbuf_16)
                                                         clknet_3_6__leaf_clk (net)
                      0.076971    0.001177   10.544641 ^ dsa[11]._8_/CLK (sky130_fd_sc_hd__dfrtp_1)
                                  0.000000   10.544641   clock reconvergence pessimism
                                 -0.271386   10.273256   library setup time
                                             10.273256   data required time
---------------------------------------------------------------------------------------------
                                             10.273256   data required time
                                             -1.978856   data arrival time
---------------------------------------------------------------------------------------------
                                              8.294401   slack (MET)


Startpoint: dsa[19]._8_ (rising edge-triggered flip-flop clocked by core_clock)
Endpoint: dsa[19]._8_ (rising edge-triggered flip-flop clocked by core_clock)
Path Group: core_clock
Path Type: max

Fanout         Cap        Slew       Delay        Time   Description
---------------------------------------------------------------------------------------------
                                  0.000000    0.000000   clock core_clock (rise edge)
                                  0.000000    0.000000   clock source latency
     1    0.015086    0.000000    0.000000    0.000000 ^ clk (in)
                                                         clk (net)
                      0.001413    0.000707    0.000707 ^ clkbuf_0_clk/A (sky130_fd_sc_hd__clkbuf_16)
     8    0.084849    0.155388    0.265144    0.265851 ^ clkbuf_0_clk/X (sky130_fd_sc_hd__clkbuf_16)
                                                         clknet_0_clk (net)
                      0.156452    0.010188    0.276039 ^ clkbuf_3_0__f_clk/A (sky130_fd_sc_hd__clkbuf_16)
    10    0.032964    0.084590    0.278967    0.555006 ^ clkbuf_3_0__f_clk/X (sky130_fd_sc_hd__clkbuf_16)
                                                         clknet_3_0__leaf_clk (net)
                      0.084641    0.001864    0.556870 ^ dsa[19]._8_/CLK (sky130_fd_sc_hd__dfrtp_1)
     2    0.006346    0.106128    0.776209    1.333079 v dsa[19]._8_/Q (sky130_fd_sc_hd__dfrtp_1)
                                                         dsa[19].last_carry (net)
                      0.106128    0.000381    1.333460 v dsa[19]._4_/B1 (sky130_fd_sc_hd__a21o_1)
     2    0.005619    0.082290    0.315204    1.648664 v dsa[19]._4_/X (sky130_fd_sc_hd__a21o_1)
                                                         dsa[19]._1_ (net)
                      0.082290    0.000280    1.648944 v dsa[19]._7_/A2 (sky130_fd_sc_hd__a21bo_1)
     1    0.002991    0.063517    0.342299    1.991243 v dsa[19]._7_/X (sky130_fd_sc_hd__a21bo_1)
                                                         dsa[19].last_carry_next (net)
                      0.063517    0.000126    1.991370 v dsa[19]._8_/D (sky130_fd_sc_hd__dfrtp_1)
                                              1.991370   data arrival time

                                 10.000000   10.000000   clock core_clock (rise edge)
                                  0.000000   10.000000   clock source latency
     1    0.015086    0.000000    0.000000   10.000000 ^ clk (in)
                                                         clk (net)
                      0.001413    0.000707   10.000708 ^ clkbuf_0_clk/A (sky130_fd_sc_hd__clkbuf_16)
     8    0.084849    0.155388    0.265143   10.265851 ^ clkbuf_0_clk/X (sky130_fd_sc_hd__clkbuf_16)
                                                         clknet_0_clk (net)
                      0.156452    0.010188   10.276039 ^ clkbuf_3_0__f_clk/A (sky130_fd_sc_hd__clkbuf_16)
    10    0.032964    0.084590    0.278967   10.555006 ^ clkbuf_3_0__f_clk/X (sky130_fd_sc_hd__clkbuf_16)
                                                         clknet_3_0__leaf_clk (net)
                      0.084641    0.001864   10.556870 ^ dsa[19]._8_/CLK (sky130_fd_sc_hd__dfrtp_1)
                                  0.000000   10.556870   clock reconvergence pessimism
                                 -0.269960   10.286910   library setup time
                                             10.286910   data required time
---------------------------------------------------------------------------------------------
                                             10.286910   data required time
                                             -1.991370   data arrival time
---------------------------------------------------------------------------------------------
                                              8.295541   slack (MET)


Startpoint: dsa[18]._8_ (rising edge-triggered flip-flop clocked by core_clock)
Endpoint: dsa[18]._8_ (rising edge-triggered flip-flop clocked by core_clock)
Path Group: core_clock
Path Type: max

Fanout         Cap        Slew       Delay        Time   Description
---------------------------------------------------------------------------------------------
                                  0.000000    0.000000   clock core_clock (rise edge)
                                  0.000000    0.000000   clock source latency
     1    0.015086    0.000000    0.000000    0.000000 ^ clk (in)
                                                         clk (net)
                      0.001413    0.000707    0.000707 ^ clkbuf_0_clk/A (sky130_fd_sc_hd__clkbuf_16)
     8    0.084849    0.155388    0.265144    0.265851 ^ clkbuf_0_clk/X (sky130_fd_sc_hd__clkbuf_16)
                                                         clknet_0_clk (net)
                      0.156441    0.010137    0.275988 ^ clkbuf_3_1__f_clk/A (sky130_fd_sc_hd__clkbuf_16)
     7    0.024793    0.073466    0.267673    0.543661 ^ clkbuf_3_1__f_clk/X (sky130_fd_sc_hd__clkbuf_16)
                                                         clknet_3_1__leaf_clk (net)
                      0.073471    0.000707    0.544368 ^ dsa[18]._8_/CLK (sky130_fd_sc_hd__dfrtp_1)
     2    0.005488    0.099187    0.763203    1.307570 v dsa[18]._8_/Q (sky130_fd_sc_hd__dfrtp_1)
                                                         dsa[18].last_carry (net)
                      0.099187    0.000273    1.307844 v dsa[18]._4_/B1 (sky130_fd_sc_hd__a21o_1)
     2    0.006141    0.086200    0.316354    1.624197 v dsa[18]._4_/X (sky130_fd_sc_hd__a21o_1)
                                                         dsa[18]._1_ (net)
                      0.086200    0.000401    1.624599 v dsa[18]._7_/A2 (sky130_fd_sc_hd__a21bo_1)
     1    0.003442    0.067582    0.348825    1.973423 v dsa[18]._7_/X (sky130_fd_sc_hd__a21bo_1)
                                                         dsa[18].last_carry_next (net)
                      0.067582    0.000203    1.973627 v dsa[18]._8_/D (sky130_fd_sc_hd__dfrtp_1)
                                              1.973627   data arrival time

                                 10.000000   10.000000   clock core_clock (rise edge)
                                  0.000000   10.000000   clock source latency
     1    0.015086    0.000000    0.000000   10.000000 ^ clk (in)
                                                         clk (net)
                      0.001413    0.000707   10.000708 ^ clkbuf_0_clk/A (sky130_fd_sc_hd__clkbuf_16)
     8    0.084849    0.155388    0.265143   10.265851 ^ clkbuf_0_clk/X (sky130_fd_sc_hd__clkbuf_16)
                                                         clknet_0_clk (net)
                      0.156441    0.010137   10.275988 ^ clkbuf_3_1__f_clk/A (sky130_fd_sc_hd__clkbuf_16)
     7    0.024793    0.073466    0.267674   10.543661 ^ clkbuf_3_1__f_clk/X (sky130_fd_sc_hd__clkbuf_16)
                                                         clknet_3_1__leaf_clk (net)
                      0.073471    0.000707   10.544369 ^ dsa[18]._8_/CLK (sky130_fd_sc_hd__dfrtp_1)
                                  0.000000   10.544369   clock reconvergence pessimism
                                 -0.274631   10.269737   library setup time
                                             10.269737   data required time
---------------------------------------------------------------------------------------------
                                             10.269737   data required time
                                             -1.973627   data arrival time
---------------------------------------------------------------------------------------------
                                              8.296111   slack (MET)


Startpoint: dsa[26]._8_ (rising edge-triggered flip-flop clocked by core_clock)
Endpoint: dsa[26]._8_ (rising edge-triggered flip-flop clocked by core_clock)
Path Group: core_clock
Path Type: max

Fanout         Cap        Slew       Delay        Time   Description
---------------------------------------------------------------------------------------------
                                  0.000000    0.000000   clock core_clock (rise edge)
                                  0.000000    0.000000   clock source latency
     1    0.015086    0.000000    0.000000    0.000000 ^ clk (in)
                                                         clk (net)
                      0.001413    0.000707    0.000707 ^ clkbuf_0_clk/A (sky130_fd_sc_hd__clkbuf_16)
     8    0.084849    0.155388    0.265144    0.265851 ^ clkbuf_0_clk/X (sky130_fd_sc_hd__clkbuf_16)
                                                         clknet_0_clk (net)
                      0.155666    0.005297    0.271148 ^ clkbuf_3_2__f_clk/A (sky130_fd_sc_hd__clkbuf_16)
    10    0.031969    0.083220    0.277120    0.548267 ^ clkbuf_3_2__f_clk/X (sky130_fd_sc_hd__clkbuf_16)
                                                         clknet_3_2__leaf_clk (net)
                      0.083291    0.002136    0.550404 ^ dsa[26]._8_/CLK (sky130_fd_sc_hd__dfrtp_1)
     2    0.006150    0.104523    0.773785    1.324189 v dsa[26]._8_/Q (sky130_fd_sc_hd__dfrtp_1)
                                                         dsa[26].last_carry (net)
                      0.104523    0.000351    1.324540 v dsa[26]._4_/B1 (sky130_fd_sc_hd__a21o_1)
     2    0.006671    0.090231    0.322565    1.647104 v dsa[26]._4_/X (sky130_fd_sc_hd__a21o_1)
                                                         dsa[26]._1_ (net)
                      0.090231    0.000428    1.647532 v dsa[26]._7_/A2 (sky130_fd_sc_hd__a21bo_1)
     1    0.002320    0.058021    0.338141    1.985674 v dsa[26]._7_/X (sky130_fd_sc_hd__a21bo_1)
                                                         dsa[26].last_carry_next (net)
                      0.058021    0.000158    1.985831 v dsa[26]._8_/D (sky130_fd_sc_hd__dfrtp_1)
                                              1.985831   data arrival time

                                 10.000000   10.000000   clock core_clock (rise edge)
                                  0.000000   10.000000   clock source latency
     1    0.015086    0.000000    0.000000   10.000000 ^ clk (in)
                                                         clk (net)
                      0.001413    0.000707   10.000708 ^ clkbuf_0_clk/A (sky130_fd_sc_hd__clkbuf_16)
     8    0.084849    0.155388    0.265143   10.265851 ^ clkbuf_0_clk/X (sky130_fd_sc_hd__clkbuf_16)
                                                         clknet_0_clk (net)
                      0.155666    0.005297   10.271148 ^ clkbuf_3_2__f_clk/A (sky130_fd_sc_hd__clkbuf_16)
    10    0.031969    0.083220    0.277120   10.548267 ^ clkbuf_3_2__f_clk/X (sky130_fd_sc_hd__clkbuf_16)
                                                         clknet_3_2__leaf_clk (net)
                      0.083291    0.002136   10.550404 ^ dsa[26]._8_/CLK (sky130_fd_sc_hd__dfrtp_1)
                                  0.000000   10.550404   clock reconvergence pessimism
                                 -0.268028   10.282376   library setup time
                                             10.282376   data required time
---------------------------------------------------------------------------------------------
                                             10.282376   data required time
                                             -1.985831   data arrival time
---------------------------------------------------------------------------------------------
                                              8.296544   slack (MET)


Startpoint: dsa[30]._8_ (rising edge-triggered flip-flop clocked by core_clock)
Endpoint: dsa[30]._8_ (rising edge-triggered flip-flop clocked by core_clock)
Path Group: core_clock
Path Type: max

Fanout         Cap        Slew       Delay        Time   Description
---------------------------------------------------------------------------------------------
                                  0.000000    0.000000   clock core_clock (rise edge)
                                  0.000000    0.000000   clock source latency
     1    0.015086    0.000000    0.000000    0.000000 ^ clk (in)
                                                         clk (net)
                      0.001413    0.000707    0.000707 ^ clkbuf_0_clk/A (sky130_fd_sc_hd__clkbuf_16)
     8    0.084849    0.155388    0.265144    0.265851 ^ clkbuf_0_clk/X (sky130_fd_sc_hd__clkbuf_16)
                                                         clknet_0_clk (net)
                      0.156452    0.010188    0.276039 ^ clkbuf_3_0__f_clk/A (sky130_fd_sc_hd__clkbuf_16)
    10    0.032964    0.084590    0.278967    0.555006 ^ clkbuf_3_0__f_clk/X (sky130_fd_sc_hd__clkbuf_16)
                                                         clknet_3_0__leaf_clk (net)
                      0.084654    0.002058    0.557064 ^ dsa[30]._8_/CLK (sky130_fd_sc_hd__dfrtp_1)
     2    0.006473    0.107189    0.777358    1.334422 v dsa[30]._8_/Q (sky130_fd_sc_hd__dfrtp_1)
                                                         dsa[30].last_carry (net)
                      0.107189    0.000438    1.334860 v dsa[30]._4_/B1 (sky130_fd_sc_hd__a21o_1)
     2    0.005676    0.082711    0.316075    1.650934 v dsa[30]._4_/X (sky130_fd_sc_hd__a21o_1)
                                                         dsa[30]._1_ (net)
                      0.082711    0.000207    1.651141 v dsa[30]._7_/A2 (sky130_fd_sc_hd__a21bo_1)
     1    0.002698    0.061046    0.339222    1.990363 v dsa[30]._7_/X (sky130_fd_sc_hd__a21bo_1)
                                                         dsa[30].last_carry_next (net)
                      0.061046    0.000197    1.990560 v dsa[30]._8_/D (sky130_fd_sc_hd__dfrtp_1)
                                              1.990560   data arrival time

                                 10.000000   10.000000   clock core_clock (rise edge)
                                  0.000000   10.000000   clock source latency
     1    0.015086    0.000000    0.000000   10.000000 ^ clk (in)
                                                         clk (net)
                      0.001413    0.000707   10.000708 ^ clkbuf_0_clk/A (sky130_fd_sc_hd__clkbuf_16)
     8    0.084849    0.155388    0.265143   10.265851 ^ clkbuf_0_clk/X (sky130_fd_sc_hd__clkbuf_16)
                                                         clknet_0_clk (net)
                      0.156452    0.010188   10.276039 ^ clkbuf_3_0__f_clk/A (sky130_fd_sc_hd__clkbuf_16)
    10    0.032964    0.084590    0.278967   10.555006 ^ clkbuf_3_0__f_clk/X (sky130_fd_sc_hd__clkbuf_16)
                                                         clknet_3_0__leaf_clk (net)
                      0.084654    0.002058   10.557064 ^ dsa[30]._8_/CLK (sky130_fd_sc_hd__dfrtp_1)
                                  0.000000   10.557064   clock reconvergence pessimism
                                 -0.268926   10.288137   library setup time
                                             10.288137   data required time
---------------------------------------------------------------------------------------------
                                             10.288137   data required time
                                             -1.990560   data arrival time
---------------------------------------------------------------------------------------------
                                              8.297578   slack (MET)


Startpoint: dsa[16]._8_ (rising edge-triggered flip-flop clocked by core_clock)
Endpoint: dsa[16]._8_ (rising edge-triggered flip-flop clocked by core_clock)
Path Group: core_clock
Path Type: max

Fanout         Cap        Slew       Delay        Time   Description
---------------------------------------------------------------------------------------------
                                  0.000000    0.000000   clock core_clock (rise edge)
                                  0.000000    0.000000   clock source latency
     1    0.015086    0.000000    0.000000    0.000000 ^ clk (in)
                                                         clk (net)
                      0.001413    0.000707    0.000707 ^ clkbuf_0_clk/A (sky130_fd_sc_hd__clkbuf_16)
     8    0.084849    0.155388    0.265144    0.265851 ^ clkbuf_0_clk/X (sky130_fd_sc_hd__clkbuf_16)
                                                         clknet_0_clk (net)
                      0.156441    0.010137    0.275988 ^ clkbuf_3_1__f_clk/A (sky130_fd_sc_hd__clkbuf_16)
     7    0.024793    0.073466    0.267673    0.543661 ^ clkbuf_3_1__f_clk/X (sky130_fd_sc_hd__clkbuf_16)
                                                         clknet_3_1__leaf_clk (net)
                      0.073494    0.001193    0.544854 ^ dsa[16]._8_/CLK (sky130_fd_sc_hd__dfrtp_1)
     2    0.006168    0.104666    0.769433    1.314287 v dsa[16]._8_/Q (sky130_fd_sc_hd__dfrtp_1)
                                                         dsa[16].last_carry (net)
                      0.104666    0.000293    1.314579 v dsa[16]._4_/B1 (sky130_fd_sc_hd__a21o_1)
     2    0.005912    0.084474    0.316820    1.631399 v dsa[16]._4_/X (sky130_fd_sc_hd__a21o_1)
                                                         dsa[16]._1_ (net)
                      0.084474    0.000327    1.631726 v dsa[16]._7_/A2 (sky130_fd_sc_hd__a21bo_1)
     1    0.002929    0.062974    0.342506    1.974232 v dsa[16]._7_/X (sky130_fd_sc_hd__a21bo_1)
                                                         dsa[16].last_carry_next (net)
                      0.062974    0.000117    1.974349 v dsa[16]._8_/D (sky130_fd_sc_hd__dfrtp_1)
                                              1.974349   data arrival time

                                 10.000000   10.000000   clock core_clock (rise edge)
                                  0.000000   10.000000   clock source latency
     1    0.015086    0.000000    0.000000   10.000000 ^ clk (in)
                                                         clk (net)
                      0.001413    0.000707   10.000708 ^ clkbuf_0_clk/A (sky130_fd_sc_hd__clkbuf_16)
     8    0.084849    0.155388    0.265143   10.265851 ^ clkbuf_0_clk/X (sky130_fd_sc_hd__clkbuf_16)
                                                         clknet_0_clk (net)
                      0.156441    0.010137   10.275988 ^ clkbuf_3_1__f_clk/A (sky130_fd_sc_hd__clkbuf_16)
     7    0.024793    0.073466    0.267674   10.543661 ^ clkbuf_3_1__f_clk/X (sky130_fd_sc_hd__clkbuf_16)
                                                         clknet_3_1__leaf_clk (net)
                      0.073494    0.001193   10.544854 ^ dsa[16]._8_/CLK (sky130_fd_sc_hd__dfrtp_1)
                                  0.000000   10.544854   clock reconvergence pessimism
                                 -0.272703   10.272151   library setup time
                                             10.272151   data required time
---------------------------------------------------------------------------------------------
                                             10.272151   data required time
                                             -1.974349   data arrival time
---------------------------------------------------------------------------------------------
                                              8.297802   slack (MET)


Startpoint: dsa[6]._8_ (rising edge-triggered flip-flop clocked by core_clock)
Endpoint: dsa[6]._8_ (rising edge-triggered flip-flop clocked by core_clock)
Path Group: core_clock
Path Type: max

Fanout         Cap        Slew       Delay        Time   Description
---------------------------------------------------------------------------------------------
                                  0.000000    0.000000   clock core_clock (rise edge)
                                  0.000000    0.000000   clock source latency
     1    0.015086    0.000000    0.000000    0.000000 ^ clk (in)
                                                         clk (net)
                      0.001413    0.000707    0.000707 ^ clkbuf_0_clk/A (sky130_fd_sc_hd__clkbuf_16)
     8    0.084849    0.155388    0.265144    0.265851 ^ clkbuf_0_clk/X (sky130_fd_sc_hd__clkbuf_16)
                                                         clknet_0_clk (net)
                      0.156230    0.009074    0.274925 ^ clkbuf_3_5__f_clk/A (sky130_fd_sc_hd__clkbuf_16)
     8    0.030080    0.080567    0.274894    0.549819 ^ clkbuf_3_5__f_clk/X (sky130_fd_sc_hd__clkbuf_16)
                                                         clknet_3_5__leaf_clk (net)
                      0.080600    0.001497    0.551316 ^ dsa[6]._8_/CLK (sky130_fd_sc_hd__dfrtp_1)
     2    0.006146    0.104482    0.772512    1.323828 v dsa[6]._8_/Q (sky130_fd_sc_hd__dfrtp_1)
                                                         dsa[6].last_carry (net)
                      0.104482    0.000345    1.324173 v dsa[6]._4_/B1 (sky130_fd_sc_hd__a21o_1)
     2    0.006370    0.087909    0.320309    1.644482 v dsa[6]._4_/X (sky130_fd_sc_hd__a21o_1)
                                                         dsa[6]._1_ (net)
                      0.087909    0.000337    1.644819 v dsa[6]._7_/A2 (sky130_fd_sc_hd__a21bo_1)
     1    0.002433    0.058941    0.338430    1.983249 v dsa[6]._7_/X (sky130_fd_sc_hd__a21bo_1)
                                                         dsa[6].last_carry_next (net)
                      0.058941    0.000179    1.983428 v dsa[6]._8_/D (sky130_fd_sc_hd__dfrtp_1)
                                              1.983428   data arrival time

                                 10.000000   10.000000   clock core_clock (rise edge)
                                  0.000000   10.000000   clock source latency
     1    0.015086    0.000000    0.000000   10.000000 ^ clk (in)
                                                         clk (net)
                      0.001413    0.000707   10.000708 ^ clkbuf_0_clk/A (sky130_fd_sc_hd__clkbuf_16)
     8    0.084849    0.155388    0.265143   10.265851 ^ clkbuf_0_clk/X (sky130_fd_sc_hd__clkbuf_16)
                                                         clknet_0_clk (net)
                      0.156230    0.009075   10.274925 ^ clkbuf_3_5__f_clk/A (sky130_fd_sc_hd__clkbuf_16)
     8    0.030080    0.080567    0.274894   10.549819 ^ clkbuf_3_5__f_clk/X (sky130_fd_sc_hd__clkbuf_16)
                                                         clknet_3_5__leaf_clk (net)
                      0.080600    0.001497   10.551316 ^ dsa[6]._8_/CLK (sky130_fd_sc_hd__dfrtp_1)
                                  0.000000   10.551316   clock reconvergence pessimism
                                 -0.269128   10.282188   library setup time
                                             10.282188   data required time
---------------------------------------------------------------------------------------------
                                             10.282188   data required time
                                             -1.983428   data arrival time
---------------------------------------------------------------------------------------------
                                              8.298761   slack (MET)


Startpoint: dsa[28]._8_ (rising edge-triggered flip-flop clocked by core_clock)
Endpoint: dsa[28]._8_ (rising edge-triggered flip-flop clocked by core_clock)
Path Group: core_clock
Path Type: max

Fanout         Cap        Slew       Delay        Time   Description
---------------------------------------------------------------------------------------------
                                  0.000000    0.000000   clock core_clock (rise edge)
                                  0.000000    0.000000   clock source latency
     1    0.015086    0.000000    0.000000    0.000000 ^ clk (in)
                                                         clk (net)
                      0.001413    0.000707    0.000707 ^ clkbuf_0_clk/A (sky130_fd_sc_hd__clkbuf_16)
     8    0.084849    0.155388    0.265144    0.265851 ^ clkbuf_0_clk/X (sky130_fd_sc_hd__clkbuf_16)
                                                         clknet_0_clk (net)
                      0.155666    0.005297    0.271148 ^ clkbuf_3_2__f_clk/A (sky130_fd_sc_hd__clkbuf_16)
    10    0.031969    0.083220    0.277120    0.548267 ^ clkbuf_3_2__f_clk/X (sky130_fd_sc_hd__clkbuf_16)
                                                         clknet_3_2__leaf_clk (net)
                      0.083278    0.001961    0.550228 ^ dsa[28]._8_/CLK (sky130_fd_sc_hd__dfrtp_1)
     2    0.006143    0.104472    0.773719    1.323947 v dsa[28]._8_/Q (sky130_fd_sc_hd__dfrtp_1)
                                                         dsa[28].last_carry (net)
                      0.104472    0.000357    1.324304 v dsa[28]._4_/B1 (sky130_fd_sc_hd__a21o_1)
     2    0.006159    0.086330    0.318630    1.642934 v dsa[28]._4_/X (sky130_fd_sc_hd__a21o_1)
                                                         dsa[28]._1_ (net)
                      0.086330    0.000377    1.643311 v dsa[28]._7_/A2 (sky130_fd_sc_hd__a21bo_1)
     1    0.002523    0.059627    0.338773    1.982084 v dsa[28]._7_/X (sky130_fd_sc_hd__a21bo_1)
                                                         dsa[28].last_carry_next (net)
                      0.059627    0.000182    1.982266 v dsa[28]._8_/D (sky130_fd_sc_hd__dfrtp_1)
                                              1.982266   data arrival time

                                 10.000000   10.000000   clock core_clock (rise edge)
                                  0.000000   10.000000   clock source latency
     1    0.015086    0.000000    0.000000   10.000000 ^ clk (in)
                                                         clk (net)
                      0.001413    0.000707   10.000708 ^ clkbuf_0_clk/A (sky130_fd_sc_hd__clkbuf_16)
     8    0.084849    0.155388    0.265143   10.265851 ^ clkbuf_0_clk/X (sky130_fd_sc_hd__clkbuf_16)
                                                         clknet_0_clk (net)
                      0.155666    0.005297   10.271148 ^ clkbuf_3_2__f_clk/A (sky130_fd_sc_hd__clkbuf_16)
    10    0.031969    0.083220    0.277120   10.548267 ^ clkbuf_3_2__f_clk/X (sky130_fd_sc_hd__clkbuf_16)
                                                         clknet_3_2__leaf_clk (net)
                      0.083278    0.001961   10.550228 ^ dsa[28]._8_/CLK (sky130_fd_sc_hd__dfrtp_1)
                                  0.000000   10.550228   clock reconvergence pessimism
                                 -0.268700   10.281528   library setup time
                                             10.281528   data required time
---------------------------------------------------------------------------------------------
                                             10.281528   data required time
                                             -1.982266   data arrival time
---------------------------------------------------------------------------------------------
                                              8.299262   slack (MET)


Startpoint: dsa[1]._8_ (rising edge-triggered flip-flop clocked by core_clock)
Endpoint: dsa[1]._8_ (rising edge-triggered flip-flop clocked by core_clock)
Path Group: core_clock
Path Type: max

Fanout         Cap        Slew       Delay        Time   Description
---------------------------------------------------------------------------------------------
                                  0.000000    0.000000   clock core_clock (rise edge)
                                  0.000000    0.000000   clock source latency
     1    0.015086    0.000000    0.000000    0.000000 ^ clk (in)
                                                         clk (net)
                      0.001413    0.000707    0.000707 ^ clkbuf_0_clk/A (sky130_fd_sc_hd__clkbuf_16)
     8    0.084849    0.155388    0.265144    0.265851 ^ clkbuf_0_clk/X (sky130_fd_sc_hd__clkbuf_16)
                                                         clknet_0_clk (net)
                      0.155834    0.006654    0.272504 ^ clkbuf_3_7__f_clk/A (sky130_fd_sc_hd__clkbuf_16)
    10    0.029828    0.080221    0.274364    0.546868 ^ clkbuf_3_7__f_clk/X (sky130_fd_sc_hd__clkbuf_16)
                                                         clknet_3_7__leaf_clk (net)
                      0.080279    0.001891    0.548759 ^ dsa[1]._8_/CLK (sky130_fd_sc_hd__dfrtp_1)
     2    0.006323    0.105912    0.774027    1.322785 v dsa[1]._8_/Q (sky130_fd_sc_hd__dfrtp_1)
                                                         dsa[1].last_carry (net)
                      0.105912    0.000296    1.323081 v dsa[1]._4_/B1 (sky130_fd_sc_hd__a21o_1)
     2    0.005593    0.082075    0.314889    1.637970 v dsa[1]._4_/X (sky130_fd_sc_hd__a21o_1)
                                                         dsa[1]._1_ (net)
                      0.082075    0.000319    1.638290 v dsa[1]._7_/A2 (sky130_fd_sc_hd__a21bo_1)
     1    0.002646    0.060615    0.338406    1.976695 v dsa[1]._7_/X (sky130_fd_sc_hd__a21bo_1)
                                                         dsa[1].last_carry_next (net)
                      0.060615    0.000169    1.976864 v dsa[1]._8_/D (sky130_fd_sc_hd__dfrtp_1)
                                              1.976864   data arrival time

                                 10.000000   10.000000   clock core_clock (rise edge)
                                  0.000000   10.000000   clock source latency
     1    0.015086    0.000000    0.000000   10.000000 ^ clk (in)
                                                         clk (net)
                      0.001413    0.000707   10.000708 ^ clkbuf_0_clk/A (sky130_fd_sc_hd__clkbuf_16)
     8    0.084849    0.155388    0.265143   10.265851 ^ clkbuf_0_clk/X (sky130_fd_sc_hd__clkbuf_16)
                                                         clknet_0_clk (net)
                      0.155834    0.006654   10.272505 ^ clkbuf_3_7__f_clk/A (sky130_fd_sc_hd__clkbuf_16)
    10    0.029828    0.080221    0.274364   10.546868 ^ clkbuf_3_7__f_clk/X (sky130_fd_sc_hd__clkbuf_16)
                                                         clknet_3_7__leaf_clk (net)
                      0.080279    0.001891   10.548759 ^ dsa[1]._8_/CLK (sky130_fd_sc_hd__dfrtp_1)
                                  0.000000   10.548759   clock reconvergence pessimism
                                 -0.269912   10.278848   library setup time
                                             10.278848   data required time
---------------------------------------------------------------------------------------------
                                             10.278848   data required time
                                             -1.976864   data arrival time
---------------------------------------------------------------------------------------------
                                              8.301983   slack (MET)


Startpoint: dsa[20]._8_ (rising edge-triggered flip-flop clocked by core_clock)
Endpoint: dsa[20]._8_ (rising edge-triggered flip-flop clocked by core_clock)
Path Group: core_clock
Path Type: max

Fanout         Cap        Slew       Delay        Time   Description
---------------------------------------------------------------------------------------------
                                  0.000000    0.000000   clock core_clock (rise edge)
                                  0.000000    0.000000   clock source latency
     1    0.015086    0.000000    0.000000    0.000000 ^ clk (in)
                                                         clk (net)
                      0.001413    0.000707    0.000707 ^ clkbuf_0_clk/A (sky130_fd_sc_hd__clkbuf_16)
     8    0.084849    0.155388    0.265144    0.265851 ^ clkbuf_0_clk/X (sky130_fd_sc_hd__clkbuf_16)
                                                         clknet_0_clk (net)
                      0.156441    0.010137    0.275988 ^ clkbuf_3_1__f_clk/A (sky130_fd_sc_hd__clkbuf_16)
     7    0.024793    0.073466    0.267673    0.543661 ^ clkbuf_3_1__f_clk/X (sky130_fd_sc_hd__clkbuf_16)
                                                         clknet_3_1__leaf_clk (net)
                      0.073491    0.001121    0.544782 ^ dsa[20]._8_/CLK (sky130_fd_sc_hd__dfrtp_1)
     2    0.005948    0.102904    0.767362    1.312144 v dsa[20]._8_/Q (sky130_fd_sc_hd__dfrtp_1)
                                                         dsa[20].last_carry (net)
                      0.102904    0.000387    1.312531 v dsa[20]._4_/B1 (sky130_fd_sc_hd__a21o_1)
     2    0.005512    0.081504    0.313097    1.625628 v dsa[20]._4_/X (sky130_fd_sc_hd__a21o_1)
                                                         dsa[20]._1_ (net)
                      0.081504    0.000198    1.625826 v dsa[20]._7_/A2 (sky130_fd_sc_hd__a21bo_1)
     1    0.003060    0.064138    0.342695    1.968521 v dsa[20]._7_/X (sky130_fd_sc_hd__a21bo_1)
                                                         dsa[20].last_carry_next (net)
                      0.064138    0.000218    1.968739 v dsa[20]._8_/D (sky130_fd_sc_hd__dfrtp_1)
                                              1.968739   data arrival time

                                 10.000000   10.000000   clock core_clock (rise edge)
                                  0.000000   10.000000   clock source latency
     1    0.015086    0.000000    0.000000   10.000000 ^ clk (in)
                                                         clk (net)
                      0.001413    0.000707   10.000708 ^ clkbuf_0_clk/A (sky130_fd_sc_hd__clkbuf_16)
     8    0.084849    0.155388    0.265143   10.265851 ^ clkbuf_0_clk/X (sky130_fd_sc_hd__clkbuf_16)
                                                         clknet_0_clk (net)
                      0.156441    0.010137   10.275988 ^ clkbuf_3_1__f_clk/A (sky130_fd_sc_hd__clkbuf_16)
     7    0.024793    0.073466    0.267674   10.543661 ^ clkbuf_3_1__f_clk/X (sky130_fd_sc_hd__clkbuf_16)
                                                         clknet_3_1__leaf_clk (net)
                      0.073491    0.001121   10.544783 ^ dsa[20]._8_/CLK (sky130_fd_sc_hd__dfrtp_1)
                                  0.000000   10.544783   clock reconvergence pessimism
                                 -0.273190   10.271593   library setup time
                                             10.271593   data required time
---------------------------------------------------------------------------------------------
                                             10.271593   data required time
                                             -1.968739   data arrival time
---------------------------------------------------------------------------------------------
                                              8.302854   slack (MET)


Startpoint: dsa[10]._8_ (rising edge-triggered flip-flop clocked by core_clock)
Endpoint: dsa[10]._8_ (rising edge-triggered flip-flop clocked by core_clock)
Path Group: core_clock
Path Type: max

Fanout         Cap        Slew       Delay        Time   Description
---------------------------------------------------------------------------------------------
                                  0.000000    0.000000   clock core_clock (rise edge)
                                  0.000000    0.000000   clock source latency
     1    0.015086    0.000000    0.000000    0.000000 ^ clk (in)
                                                         clk (net)
                      0.001413    0.000707    0.000707 ^ clkbuf_0_clk/A (sky130_fd_sc_hd__clkbuf_16)
     8    0.084849    0.155388    0.265144    0.265851 ^ clkbuf_0_clk/X (sky130_fd_sc_hd__clkbuf_16)
                                                         clknet_0_clk (net)
                      0.155817    0.006528    0.272379 ^ clkbuf_3_6__f_clk/A (sky130_fd_sc_hd__clkbuf_16)
     8    0.027426    0.076950    0.271086    0.543465 ^ clkbuf_3_6__f_clk/X (sky130_fd_sc_hd__clkbuf_16)
                                                         clknet_3_6__leaf_clk (net)
                      0.076984    0.001426    0.544891 ^ dsa[10]._8_/CLK (sky130_fd_sc_hd__dfrtp_1)
     2    0.005832    0.101948    0.767958    1.312849 v dsa[10]._8_/Q (sky130_fd_sc_hd__dfrtp_1)
                                                         dsa[10].last_carry (net)
                      0.101948    0.000349    1.313198 v dsa[10]._4_/B1 (sky130_fd_sc_hd__a21o_1)
     2    0.005384    0.080549    0.311654    1.624852 v dsa[10]._4_/X (sky130_fd_sc_hd__a21o_1)
                                                         dsa[10]._1_ (net)
                      0.080550    0.000360    1.625212 v dsa[10]._7_/A2 (sky130_fd_sc_hd__a21bo_1)
     1    0.003153    0.064958    0.343318    1.968531 v dsa[10]._7_/X (sky130_fd_sc_hd__a21bo_1)
                                                         dsa[10].last_carry_next (net)
                      0.064958    0.000229    1.968760 v dsa[10]._8_/D (sky130_fd_sc_hd__dfrtp_1)
                                              1.968760   data arrival time

                                 10.000000   10.000000   clock core_clock (rise edge)
                                  0.000000   10.000000   clock source latency
     1    0.015086    0.000000    0.000000   10.000000 ^ clk (in)
                                                         clk (net)
                      0.001413    0.000707   10.000708 ^ clkbuf_0_clk/A (sky130_fd_sc_hd__clkbuf_16)
     8    0.084849    0.155388    0.265143   10.265851 ^ clkbuf_0_clk/X (sky130_fd_sc_hd__clkbuf_16)
                                                         clknet_0_clk (net)
                      0.155817    0.006528   10.272379 ^ clkbuf_3_6__f_clk/A (sky130_fd_sc_hd__clkbuf_16)
     8    0.027426    0.076950    0.271086   10.543465 ^ clkbuf_3_6__f_clk/X (sky130_fd_sc_hd__clkbuf_16)
                                                         clknet_3_6__leaf_clk (net)
                      0.076984    0.001426   10.544890 ^ dsa[10]._8_/CLK (sky130_fd_sc_hd__dfrtp_1)
                                  0.000000   10.544890   clock reconvergence pessimism
                                 -0.272601   10.272290   library setup time
                                             10.272290   data required time
---------------------------------------------------------------------------------------------
                                             10.272290   data required time
                                             -1.968760   data arrival time
---------------------------------------------------------------------------------------------
                                              8.303531   slack (MET)


Startpoint: dsa[27]._8_ (rising edge-triggered flip-flop clocked by core_clock)
Endpoint: dsa[27]._8_ (rising edge-triggered flip-flop clocked by core_clock)
Path Group: core_clock
Path Type: max

Fanout         Cap        Slew       Delay        Time   Description
---------------------------------------------------------------------------------------------
                                  0.000000    0.000000   clock core_clock (rise edge)
                                  0.000000    0.000000   clock source latency
     1    0.015086    0.000000    0.000000    0.000000 ^ clk (in)
                                                         clk (net)
                      0.001413    0.000707    0.000707 ^ clkbuf_0_clk/A (sky130_fd_sc_hd__clkbuf_16)
     8    0.084849    0.155388    0.265144    0.265851 ^ clkbuf_0_clk/X (sky130_fd_sc_hd__clkbuf_16)
                                                         clknet_0_clk (net)
                      0.155666    0.005297    0.271148 ^ clkbuf_3_2__f_clk/A (sky130_fd_sc_hd__clkbuf_16)
    10    0.031969    0.083220    0.277120    0.548267 ^ clkbuf_3_2__f_clk/X (sky130_fd_sc_hd__clkbuf_16)
                                                         clknet_3_2__leaf_clk (net)
                      0.083274    0.001900    0.550167 ^ dsa[27]._8_/CLK (sky130_fd_sc_hd__dfrtp_1)
     2    0.006135    0.104399    0.773637    1.323804 v dsa[27]._8_/Q (sky130_fd_sc_hd__dfrtp_1)
                                                         dsa[27].last_carry (net)
                      0.104399    0.000374    1.324179 v dsa[27]._4_/B1 (sky130_fd_sc_hd__a21o_1)
     2    0.005911    0.084445    0.316764    1.640943 v dsa[27]._4_/X (sky130_fd_sc_hd__a21o_1)
                                                         dsa[27]._1_ (net)
                      0.084445    0.000204    1.641147 v dsa[27]._7_/A2 (sky130_fd_sc_hd__a21bo_1)
     1    0.002374    0.058517    0.336385    1.977532 v dsa[27]._7_/X (sky130_fd_sc_hd__a21bo_1)
                                                         dsa[27].last_carry_next (net)
                      0.058517    0.000160    1.977692 v dsa[27]._8_/D (sky130_fd_sc_hd__dfrtp_1)
                                              1.977692   data arrival time

                                 10.000000   10.000000   clock core_clock (rise edge)
                                  0.000000   10.000000   clock source latency
     1    0.015086    0.000000    0.000000   10.000000 ^ clk (in)
                                                         clk (net)
                      0.001413    0.000707   10.000708 ^ clkbuf_0_clk/A (sky130_fd_sc_hd__clkbuf_16)
     8    0.084849    0.155388    0.265143   10.265851 ^ clkbuf_0_clk/X (sky130_fd_sc_hd__clkbuf_16)
                                                         clknet_0_clk (net)
                      0.155666    0.005297   10.271148 ^ clkbuf_3_2__f_clk/A (sky130_fd_sc_hd__clkbuf_16)
    10    0.031969    0.083220    0.277120   10.548267 ^ clkbuf_3_2__f_clk/X (sky130_fd_sc_hd__clkbuf_16)
                                                         clknet_3_2__leaf_clk (net)
                      0.083274    0.001900   10.550167 ^ dsa[27]._8_/CLK (sky130_fd_sc_hd__dfrtp_1)
                                  0.000000   10.550167   clock reconvergence pessimism
                                 -0.268239   10.281928   library setup time
                                             10.281928   data required time
---------------------------------------------------------------------------------------------
                                             10.281928   data required time
                                             -1.977692   data arrival time
---------------------------------------------------------------------------------------------
                                              8.304236   slack (MET)


Startpoint: dsa[21]._8_ (rising edge-triggered flip-flop clocked by core_clock)
Endpoint: dsa[21]._8_ (rising edge-triggered flip-flop clocked by core_clock)
Path Group: core_clock
Path Type: max

Fanout         Cap        Slew       Delay        Time   Description
---------------------------------------------------------------------------------------------
                                  0.000000    0.000000   clock core_clock (rise edge)
                                  0.000000    0.000000   clock source latency
     1    0.015086    0.000000    0.000000    0.000000 ^ clk (in)
                                                         clk (net)
                      0.001413    0.000707    0.000707 ^ clkbuf_0_clk/A (sky130_fd_sc_hd__clkbuf_16)
     8    0.084849    0.155388    0.265144    0.265851 ^ clkbuf_0_clk/X (sky130_fd_sc_hd__clkbuf_16)
                                                         clknet_0_clk (net)
                      0.156452    0.010188    0.276039 ^ clkbuf_3_0__f_clk/A (sky130_fd_sc_hd__clkbuf_16)
    10    0.032964    0.084590    0.278967    0.555006 ^ clkbuf_3_0__f_clk/X (sky130_fd_sc_hd__clkbuf_16)
                                                         clknet_3_0__leaf_clk (net)
                      0.084616    0.001424    0.556430 ^ dsa[21]._8_/CLK (sky130_fd_sc_hd__dfrtp_1)
     2    0.005415    0.098612    0.767666    1.324096 v dsa[21]._8_/Q (sky130_fd_sc_hd__dfrtp_1)
                                                         dsa[21].last_carry (net)
                      0.098612    0.000303    1.324399 v dsa[21]._4_/B1 (sky130_fd_sc_hd__a21o_1)
     2    0.005982    0.085018    0.314890    1.639288 v dsa[21]._4_/X (sky130_fd_sc_hd__a21o_1)
                                                         dsa[21]._1_ (net)
                      0.085018    0.000375    1.639664 v dsa[21]._7_/A2 (sky130_fd_sc_hd__a21bo_1)
     1    0.002834    0.062163    0.341691    1.981355 v dsa[21]._7_/X (sky130_fd_sc_hd__a21bo_1)
                                                         dsa[21].last_carry_next (net)
                      0.062163    0.000118    1.981473 v dsa[21]._8_/D (sky130_fd_sc_hd__dfrtp_1)
                                              1.981473   data arrival time

                                 10.000000   10.000000   clock core_clock (rise edge)
                                  0.000000   10.000000   clock source latency
     1    0.015086    0.000000    0.000000   10.000000 ^ clk (in)
                                                         clk (net)
                      0.001413    0.000707   10.000708 ^ clkbuf_0_clk/A (sky130_fd_sc_hd__clkbuf_16)
     8    0.084849    0.155388    0.265143   10.265851 ^ clkbuf_0_clk/X (sky130_fd_sc_hd__clkbuf_16)
                                                         clknet_0_clk (net)
                      0.156452    0.010188   10.276039 ^ clkbuf_3_0__f_clk/A (sky130_fd_sc_hd__clkbuf_16)
    10    0.032964    0.084590    0.278967   10.555006 ^ clkbuf_3_0__f_clk/X (sky130_fd_sc_hd__clkbuf_16)
                                                         clknet_3_0__leaf_clk (net)
                      0.084616    0.001425   10.556431 ^ dsa[21]._8_/CLK (sky130_fd_sc_hd__dfrtp_1)
                                  0.000000   10.556431   clock reconvergence pessimism
                                 -0.269401   10.287029   library setup time
                                             10.287029   data required time
---------------------------------------------------------------------------------------------
                                             10.287029   data required time
                                             -1.981473   data arrival time
---------------------------------------------------------------------------------------------
                                              8.305555   slack (MET)


Startpoint: dsa[14]._8_ (rising edge-triggered flip-flop clocked by core_clock)
Endpoint: dsa[14]._8_ (rising edge-triggered flip-flop clocked by core_clock)
Path Group: core_clock
Path Type: max

Fanout         Cap        Slew       Delay        Time   Description
---------------------------------------------------------------------------------------------
                                  0.000000    0.000000   clock core_clock (rise edge)
                                  0.000000    0.000000   clock source latency
     1    0.015086    0.000000    0.000000    0.000000 ^ clk (in)
                                                         clk (net)
                      0.001413    0.000707    0.000707 ^ clkbuf_0_clk/A (sky130_fd_sc_hd__clkbuf_16)
     8    0.084849    0.155388    0.265144    0.265851 ^ clkbuf_0_clk/X (sky130_fd_sc_hd__clkbuf_16)
                                                         clknet_0_clk (net)
                      0.155628    0.004937    0.270788 ^ clkbuf_3_3__f_clk/A (sky130_fd_sc_hd__clkbuf_16)
     9    0.027343    0.076841    0.270870    0.541658 ^ clkbuf_3_3__f_clk/X (sky130_fd_sc_hd__clkbuf_16)
                                                         clknet_3_3__leaf_clk (net)
                      0.076868    0.001304    0.542962 ^ dsa[14]._8_/CLK (sky130_fd_sc_hd__dfrtp_1)
     2    0.005848    0.102099    0.768014    1.310976 v dsa[14]._8_/Q (sky130_fd_sc_hd__dfrtp_1)
                                                         dsa[14].last_carry (net)
                      0.102099    0.000373    1.311350 v dsa[14]._4_/B1 (sky130_fd_sc_hd__a21o_1)
     2    0.005438    0.080938    0.312151    1.623501 v dsa[14]._4_/X (sky130_fd_sc_hd__a21o_1)
                                                         dsa[14]._1_ (net)
                      0.080938    0.000305    1.623806 v dsa[14]._7_/A2 (sky130_fd_sc_hd__a21bo_1)
     1    0.002935    0.063037    0.341135    1.964941 v dsa[14]._7_/X (sky130_fd_sc_hd__a21bo_1)
                                                         dsa[14].last_carry_next (net)
                      0.063037    0.000122    1.965063 v dsa[14]._8_/D (sky130_fd_sc_hd__dfrtp_1)
                                              1.965063   data arrival time

                                 10.000000   10.000000   clock core_clock (rise edge)
                                  0.000000   10.000000   clock source latency
     1    0.015086    0.000000    0.000000   10.000000 ^ clk (in)
                                                         clk (net)
                      0.001413    0.000707   10.000708 ^ clkbuf_0_clk/A (sky130_fd_sc_hd__clkbuf_16)
     8    0.084849    0.155388    0.265143   10.265851 ^ clkbuf_0_clk/X (sky130_fd_sc_hd__clkbuf_16)
                                                         clknet_0_clk (net)
                      0.155628    0.004937   10.270788 ^ clkbuf_3_3__f_clk/A (sky130_fd_sc_hd__clkbuf_16)
     9    0.027343    0.076841    0.270870   10.541658 ^ clkbuf_3_3__f_clk/X (sky130_fd_sc_hd__clkbuf_16)
                                                         clknet_3_3__leaf_clk (net)
                      0.076868    0.001304   10.542962 ^ dsa[14]._8_/CLK (sky130_fd_sc_hd__dfrtp_1)
                                  0.000000   10.542962   clock reconvergence pessimism
                                 -0.271830   10.271132   library setup time
                                             10.271132   data required time
---------------------------------------------------------------------------------------------
                                             10.271132   data required time
                                             -1.965063   data arrival time
---------------------------------------------------------------------------------------------
                                              8.306069   slack (MET)


Startpoint: dsa[12]._8_ (rising edge-triggered flip-flop clocked by core_clock)
Endpoint: dsa[12]._8_ (rising edge-triggered flip-flop clocked by core_clock)
Path Group: core_clock
Path Type: max

Fanout         Cap        Slew       Delay        Time   Description
---------------------------------------------------------------------------------------------
                                  0.000000    0.000000   clock core_clock (rise edge)
                                  0.000000    0.000000   clock source latency
     1    0.015086    0.000000    0.000000    0.000000 ^ clk (in)
                                                         clk (net)
                      0.001413    0.000707    0.000707 ^ clkbuf_0_clk/A (sky130_fd_sc_hd__clkbuf_16)
     8    0.084849    0.155388    0.265144    0.265851 ^ clkbuf_0_clk/X (sky130_fd_sc_hd__clkbuf_16)
                                                         clknet_0_clk (net)
                      0.155817    0.006528    0.272379 ^ clkbuf_3_6__f_clk/A (sky130_fd_sc_hd__clkbuf_16)
     8    0.027426    0.076950    0.271086    0.543465 ^ clkbuf_3_6__f_clk/X (sky130_fd_sc_hd__clkbuf_16)
                                                         clknet_3_6__leaf_clk (net)
                      0.076973    0.001205    0.544670 ^ dsa[12]._8_/CLK (sky130_fd_sc_hd__dfrtp_1)
     2    0.005607    0.100128    0.765881    1.310551 v dsa[12]._8_/Q (sky130_fd_sc_hd__dfrtp_1)
                                                         dsa[12].last_carry (net)
                      0.100128    0.000353    1.310904 v dsa[12]._4_/B1 (sky130_fd_sc_hd__a21o_1)
     2    0.006266    0.087119    0.317748    1.628652 v dsa[12]._4_/X (sky130_fd_sc_hd__a21o_1)
                                                         dsa[12]._1_ (net)
                      0.087119    0.000216    1.628868 v dsa[12]._7_/A2 (sky130_fd_sc_hd__a21bo_1)
     1    0.002476    0.059259    0.338576    1.967444 v dsa[12]._7_/X (sky130_fd_sc_hd__a21bo_1)
                                                         dsa[12].last_carry_next (net)
                      0.059259    0.000180    1.967624 v dsa[12]._8_/D (sky130_fd_sc_hd__dfrtp_1)
                                              1.967624   data arrival time

                                 10.000000   10.000000   clock core_clock (rise edge)
                                  0.000000   10.000000   clock source latency
     1    0.015086    0.000000    0.000000   10.000000 ^ clk (in)
                                                         clk (net)
                      0.001413    0.000707   10.000708 ^ clkbuf_0_clk/A (sky130_fd_sc_hd__clkbuf_16)
     8    0.084849    0.155388    0.265143   10.265851 ^ clkbuf_0_clk/X (sky130_fd_sc_hd__clkbuf_16)
                                                         clknet_0_clk (net)
                      0.155817    0.006528   10.272379 ^ clkbuf_3_6__f_clk/A (sky130_fd_sc_hd__clkbuf_16)
     8    0.027426    0.076950    0.271086   10.543465 ^ clkbuf_3_6__f_clk/X (sky130_fd_sc_hd__clkbuf_16)
                                                         clknet_3_6__leaf_clk (net)
                      0.076973    0.001205   10.544670 ^ dsa[12]._8_/CLK (sky130_fd_sc_hd__dfrtp_1)
                                  0.000000   10.544670   clock reconvergence pessimism
                                 -0.270227   10.274443   library setup time
                                             10.274443   data required time
---------------------------------------------------------------------------------------------
                                             10.274443   data required time
                                             -1.967624   data arrival time
---------------------------------------------------------------------------------------------
                                              8.306819   slack (MET)


Startpoint: dsa[17]._8_ (rising edge-triggered flip-flop clocked by core_clock)
Endpoint: dsa[17]._8_ (rising edge-triggered flip-flop clocked by core_clock)
Path Group: core_clock
Path Type: max

Fanout         Cap        Slew       Delay        Time   Description
---------------------------------------------------------------------------------------------
                                  0.000000    0.000000   clock core_clock (rise edge)
                                  0.000000    0.000000   clock source latency
     1    0.015086    0.000000    0.000000    0.000000 ^ clk (in)
                                                         clk (net)
                      0.001413    0.000707    0.000707 ^ clkbuf_0_clk/A (sky130_fd_sc_hd__clkbuf_16)
     8    0.084849    0.155388    0.265144    0.265851 ^ clkbuf_0_clk/X (sky130_fd_sc_hd__clkbuf_16)
                                                         clknet_0_clk (net)
                      0.156441    0.010137    0.275988 ^ clkbuf_3_1__f_clk/A (sky130_fd_sc_hd__clkbuf_16)
     7    0.024793    0.073466    0.267673    0.543661 ^ clkbuf_3_1__f_clk/X (sky130_fd_sc_hd__clkbuf_16)
                                                         clknet_3_1__leaf_clk (net)
                      0.073498    0.001249    0.544910 ^ dsa[17]._8_/CLK (sky130_fd_sc_hd__dfrtp_1)
     2    0.006565    0.107963    0.773040    1.317950 v dsa[17]._8_/Q (sky130_fd_sc_hd__dfrtp_1)
                                                         dsa[17].last_carry (net)
                      0.107963    0.000370    1.318319 v dsa[17]._4_/B1 (sky130_fd_sc_hd__a21o_1)
     2    0.005604    0.082176    0.315847    1.634166 v dsa[17]._4_/X (sky130_fd_sc_hd__a21o_1)
                                                         dsa[17]._1_ (net)
                      0.082176    0.000215    1.634381 v dsa[17]._7_/A2 (sky130_fd_sc_hd__a21bo_1)
     1    0.002152    0.056716    0.333017    1.967399 v dsa[17]._7_/X (sky130_fd_sc_hd__a21bo_1)
                                                         dsa[17].last_carry_next (net)
                      0.056744    0.000151    1.967549 v dsa[17]._8_/D (sky130_fd_sc_hd__dfrtp_1)
                                              1.967549   data arrival time

                                 10.000000   10.000000   clock core_clock (rise edge)
                                  0.000000   10.000000   clock source latency
     1    0.015086    0.000000    0.000000   10.000000 ^ clk (in)
                                                         clk (net)
                      0.001413    0.000707   10.000708 ^ clkbuf_0_clk/A (sky130_fd_sc_hd__clkbuf_16)
     8    0.084849    0.155388    0.265143   10.265851 ^ clkbuf_0_clk/X (sky130_fd_sc_hd__clkbuf_16)
                                                         clknet_0_clk (net)
                      0.156441    0.010137   10.275988 ^ clkbuf_3_1__f_clk/A (sky130_fd_sc_hd__clkbuf_16)
     7    0.024793    0.073466    0.267674   10.543661 ^ clkbuf_3_1__f_clk/X (sky130_fd_sc_hd__clkbuf_16)
                                                         clknet_3_1__leaf_clk (net)
                      0.073498    0.001249   10.544910 ^ dsa[17]._8_/CLK (sky130_fd_sc_hd__dfrtp_1)
                                  0.000000   10.544910   clock reconvergence pessimism
                                 -0.270104   10.274806   library setup time
                                             10.274806   data required time
---------------------------------------------------------------------------------------------
                                             10.274806   data required time
                                             -1.967549   data arrival time
---------------------------------------------------------------------------------------------
                                              8.307258   slack (MET)


Startpoint: dsa[9]._8_ (rising edge-triggered flip-flop clocked by core_clock)
Endpoint: dsa[9]._8_ (rising edge-triggered flip-flop clocked by core_clock)
Path Group: core_clock
Path Type: max

Fanout         Cap        Slew       Delay        Time   Description
---------------------------------------------------------------------------------------------
                                  0.000000    0.000000   clock core_clock (rise edge)
                                  0.000000    0.000000   clock source latency
     1    0.015086    0.000000    0.000000    0.000000 ^ clk (in)
                                                         clk (net)
                      0.001413    0.000707    0.000707 ^ clkbuf_0_clk/A (sky130_fd_sc_hd__clkbuf_16)
     8    0.084849    0.155388    0.265144    0.265851 ^ clkbuf_0_clk/X (sky130_fd_sc_hd__clkbuf_16)
                                                         clknet_0_clk (net)
                      0.155817    0.006528    0.272379 ^ clkbuf_3_6__f_clk/A (sky130_fd_sc_hd__clkbuf_16)
     8    0.027426    0.076950    0.271086    0.543465 ^ clkbuf_3_6__f_clk/X (sky130_fd_sc_hd__clkbuf_16)
                                                         clknet_3_6__leaf_clk (net)
                      0.076986    0.001457    0.544922 ^ dsa[9]._8_/CLK (sky130_fd_sc_hd__dfrtp_1)
     2    0.005557    0.099723    0.765435    1.310357 v dsa[9]._8_/Q (sky130_fd_sc_hd__dfrtp_1)
                                                         dsa[9].last_carry (net)
                      0.099723    0.000327    1.310684 v dsa[9]._4_/B1 (sky130_fd_sc_hd__a21o_1)
     2    0.005723    0.083082    0.313356    1.624039 v dsa[9]._4_/X (sky130_fd_sc_hd__a21o_1)
                                                         dsa[9]._1_ (net)
                      0.083083    0.000368    1.624407 v dsa[9]._7_/A2 (sky130_fd_sc_hd__a21bo_1)
     1    0.002818    0.062031    0.340727    1.965135 v dsa[9]._7_/X (sky130_fd_sc_hd__a21bo_1)
                                                         dsa[9].last_carry_next (net)
                      0.062031    0.000117    1.965252 v dsa[9]._8_/D (sky130_fd_sc_hd__dfrtp_1)
                                              1.965252   data arrival time

                                 10.000000   10.000000   clock core_clock (rise edge)
                                  0.000000   10.000000   clock source latency
     1    0.015086    0.000000    0.000000   10.000000 ^ clk (in)
                                                         clk (net)
                      0.001413    0.000707   10.000708 ^ clkbuf_0_clk/A (sky130_fd_sc_hd__clkbuf_16)
     8    0.084849    0.155388    0.265143   10.265851 ^ clkbuf_0_clk/X (sky130_fd_sc_hd__clkbuf_16)
                                                         clknet_0_clk (net)
                      0.155817    0.006528   10.272379 ^ clkbuf_3_6__f_clk/A (sky130_fd_sc_hd__clkbuf_16)
     8    0.027426    0.076950    0.271086   10.543465 ^ clkbuf_3_6__f_clk/X (sky130_fd_sc_hd__clkbuf_16)
                                                         clknet_3_6__leaf_clk (net)
                      0.076986    0.001458   10.544923 ^ dsa[9]._8_/CLK (sky130_fd_sc_hd__dfrtp_1)
                                  0.000000   10.544923   clock reconvergence pessimism
                                 -0.271380   10.273543   library setup time
                                             10.273543   data required time
---------------------------------------------------------------------------------------------
                                             10.273543   data required time
                                             -1.965252   data arrival time
---------------------------------------------------------------------------------------------
                                              8.308291   slack (MET)


Startpoint: dsa[31]._8_ (rising edge-triggered flip-flop clocked by core_clock)
Endpoint: dsa[31]._8_ (rising edge-triggered flip-flop clocked by core_clock)
Path Group: core_clock
Path Type: max

Fanout         Cap        Slew       Delay        Time   Description
---------------------------------------------------------------------------------------------
                                  0.000000    0.000000   clock core_clock (rise edge)
                                  0.000000    0.000000   clock source latency
     1    0.015086    0.000000    0.000000    0.000000 ^ clk (in)
                                                         clk (net)
                      0.001413    0.000707    0.000707 ^ clkbuf_0_clk/A (sky130_fd_sc_hd__clkbuf_16)
     8    0.084849    0.155388    0.265144    0.265851 ^ clkbuf_0_clk/X (sky130_fd_sc_hd__clkbuf_16)
                                                         clknet_0_clk (net)
                      0.156452    0.010188    0.276039 ^ clkbuf_3_0__f_clk/A (sky130_fd_sc_hd__clkbuf_16)
    10    0.032964    0.084590    0.278967    0.555006 ^ clkbuf_3_0__f_clk/X (sky130_fd_sc_hd__clkbuf_16)
                                                         clknet_3_0__leaf_clk (net)
                      0.084651    0.002017    0.557023 ^ dsa[31]._8_/CLK (sky130_fd_sc_hd__dfrtp_1)
     2    0.005514    0.099389    0.768589    1.325612 v dsa[31]._8_/Q (sky130_fd_sc_hd__dfrtp_1)
                                                         dsa[31].last_carry (net)
                      0.099389    0.000318    1.325930 v dsa[31]._4_/B1 (sky130_fd_sc_hd__a21o_1)
     2    0.005977    0.084976    0.315168    1.641098 v dsa[31]._4_/X (sky130_fd_sc_hd__a21o_1)
                                                         dsa[31]._1_ (net)
                      0.084976    0.000405    1.641503 v dsa[31]._7_/A2 (sky130_fd_sc_hd__a21bo_1)
     1    0.002343    0.058211    0.336246    1.977749 v dsa[31]._7_/X (sky130_fd_sc_hd__a21bo_1)
                                                         dsa[31].last_carry_next (net)
                      0.058211    0.000170    1.977919 v dsa[31]._8_/D (sky130_fd_sc_hd__dfrtp_1)
                                              1.977919   data arrival time

                                 10.000000   10.000000   clock core_clock (rise edge)
                                  0.000000   10.000000   clock source latency
     1    0.015086    0.000000    0.000000   10.000000 ^ clk (in)
                                                         clk (net)
                      0.001413    0.000707   10.000708 ^ clkbuf_0_clk/A (sky130_fd_sc_hd__clkbuf_16)
     8    0.084849    0.155388    0.265143   10.265851 ^ clkbuf_0_clk/X (sky130_fd_sc_hd__clkbuf_16)
                                                         clknet_0_clk (net)
                      0.156452    0.010188   10.276039 ^ clkbuf_3_0__f_clk/A (sky130_fd_sc_hd__clkbuf_16)
    10    0.032964    0.084590    0.278967   10.555006 ^ clkbuf_3_0__f_clk/X (sky130_fd_sc_hd__clkbuf_16)
                                                         clknet_3_0__leaf_clk (net)
                      0.084651    0.002017   10.557023 ^ dsa[31]._8_/CLK (sky130_fd_sc_hd__dfrtp_1)
                                  0.000000   10.557023   clock reconvergence pessimism
                                 -0.267744   10.289279   library setup time
                                             10.289279   data required time
---------------------------------------------------------------------------------------------
                                             10.289279   data required time
                                             -1.977919   data arrival time
---------------------------------------------------------------------------------------------
                                              8.311360   slack (MET)


Startpoint: dsa[13]._8_ (rising edge-triggered flip-flop clocked by core_clock)
Endpoint: dsa[13]._8_ (rising edge-triggered flip-flop clocked by core_clock)
Path Group: core_clock
Path Type: max

Fanout         Cap        Slew       Delay        Time   Description
---------------------------------------------------------------------------------------------
                                  0.000000    0.000000   clock core_clock (rise edge)
                                  0.000000    0.000000   clock source latency
     1    0.015086    0.000000    0.000000    0.000000 ^ clk (in)
                                                         clk (net)
                      0.001413    0.000707    0.000707 ^ clkbuf_0_clk/A (sky130_fd_sc_hd__clkbuf_16)
     8    0.084849    0.155388    0.265144    0.265851 ^ clkbuf_0_clk/X (sky130_fd_sc_hd__clkbuf_16)
                                                         clknet_0_clk (net)
                      0.155628    0.004937    0.270788 ^ clkbuf_3_3__f_clk/A (sky130_fd_sc_hd__clkbuf_16)
     9    0.027343    0.076841    0.270870    0.541658 ^ clkbuf_3_3__f_clk/X (sky130_fd_sc_hd__clkbuf_16)
                                                         clknet_3_3__leaf_clk (net)
                      0.076871    0.001350    0.543009 ^ dsa[13]._8_/CLK (sky130_fd_sc_hd__dfrtp_1)
     2    0.005666    0.100608    0.766421    1.309430 v dsa[13]._8_/Q (sky130_fd_sc_hd__dfrtp_1)
                                                         dsa[13].last_carry (net)
                      0.100608    0.000193    1.309622 v dsa[13]._4_/B1 (sky130_fd_sc_hd__a21o_1)
     2    0.005581    0.081988    0.312626    1.622249 v dsa[13]._4_/X (sky130_fd_sc_hd__a21o_1)
                                                         dsa[13]._1_ (net)
                      0.081989    0.000372    1.622621 v dsa[13]._7_/A2 (sky130_fd_sc_hd__a21bo_1)
     1    0.002616    0.060366    0.338038    1.960659 v dsa[13]._7_/X (sky130_fd_sc_hd__a21bo_1)
                                                         dsa[13].last_carry_next (net)
                      0.060367    0.000169    1.960827 v dsa[13]._8_/D (sky130_fd_sc_hd__dfrtp_1)
                                              1.960827   data arrival time

                                 10.000000   10.000000   clock core_clock (rise edge)
                                  0.000000   10.000000   clock source latency
     1    0.015086    0.000000    0.000000   10.000000 ^ clk (in)
                                                         clk (net)
                      0.001413    0.000707   10.000708 ^ clkbuf_0_clk/A (sky130_fd_sc_hd__clkbuf_16)
     8    0.084849    0.155388    0.265143   10.265851 ^ clkbuf_0_clk/X (sky130_fd_sc_hd__clkbuf_16)
                                                         clknet_0_clk (net)
                      0.155628    0.004937   10.270788 ^ clkbuf_3_3__f_clk/A (sky130_fd_sc_hd__clkbuf_16)
     9    0.027343    0.076841    0.270870   10.541658 ^ clkbuf_3_3__f_clk/X (sky130_fd_sc_hd__clkbuf_16)
                                                         clknet_3_3__leaf_clk (net)
                      0.076871    0.001350   10.543009 ^ dsa[13]._8_/CLK (sky130_fd_sc_hd__dfrtp_1)
                                  0.000000   10.543009   clock reconvergence pessimism
                                 -0.270716   10.272292   library setup time
                                             10.272292   data required time
---------------------------------------------------------------------------------------------
                                             10.272292   data required time
                                             -1.960827   data arrival time
---------------------------------------------------------------------------------------------
                                              8.311464   slack (MET)


Startpoint: dsa[24]._8_ (rising edge-triggered flip-flop clocked by core_clock)
Endpoint: dsa[24]._8_ (rising edge-triggered flip-flop clocked by core_clock)
Path Group: core_clock
Path Type: max

Fanout         Cap        Slew       Delay        Time   Description
---------------------------------------------------------------------------------------------
                                  0.000000    0.000000   clock core_clock (rise edge)
                                  0.000000    0.000000   clock source latency
     1    0.015086    0.000000    0.000000    0.000000 ^ clk (in)
                                                         clk (net)
                      0.001413    0.000707    0.000707 ^ clkbuf_0_clk/A (sky130_fd_sc_hd__clkbuf_16)
     8    0.084849    0.155388    0.265144    0.265851 ^ clkbuf_0_clk/X (sky130_fd_sc_hd__clkbuf_16)
                                                         clknet_0_clk (net)
                      0.155666    0.005297    0.271148 ^ clkbuf_3_2__f_clk/A (sky130_fd_sc_hd__clkbuf_16)
    10    0.031969    0.083220    0.277120    0.548267 ^ clkbuf_3_2__f_clk/X (sky130_fd_sc_hd__clkbuf_16)
                                                         clknet_3_2__leaf_clk (net)
                      0.083279    0.001968    0.550235 ^ dsa[24]._8_/CLK (sky130_fd_sc_hd__dfrtp_1)
     2    0.005279    0.097556    0.765786    1.316021 v dsa[24]._8_/Q (sky130_fd_sc_hd__dfrtp_1)
                                                         dsa[24].last_carry (net)
                      0.097556    0.000346    1.316367 v dsa[24]._4_/B1 (sky130_fd_sc_hd__a21o_1)
     2    0.005835    0.083916    0.313341    1.629708 v dsa[24]._4_/X (sky130_fd_sc_hd__a21o_1)
                                                         dsa[24]._1_ (net)
                      0.083917    0.000389    1.630097 v dsa[24]._7_/A2 (sky130_fd_sc_hd__a21bo_1)
     1    0.002601    0.060241    0.338657    1.968753 v dsa[24]._7_/X (sky130_fd_sc_hd__a21bo_1)
                                                         dsa[24].last_carry_next (net)
                      0.060241    0.000167    1.968920 v dsa[24]._8_/D (sky130_fd_sc_hd__dfrtp_1)
                                              1.968920   data arrival time

                                 10.000000   10.000000   clock core_clock (rise edge)
                                  0.000000   10.000000   clock source latency
     1    0.015086    0.000000    0.000000   10.000000 ^ clk (in)
                                                         clk (net)
                      0.001413    0.000707   10.000708 ^ clkbuf_0_clk/A (sky130_fd_sc_hd__clkbuf_16)
     8    0.084849    0.155388    0.265143   10.265851 ^ clkbuf_0_clk/X (sky130_fd_sc_hd__clkbuf_16)
                                                         clknet_0_clk (net)
                      0.155666    0.005297   10.271148 ^ clkbuf_3_2__f_clk/A (sky130_fd_sc_hd__clkbuf_16)
    10    0.031969    0.083220    0.277120   10.548267 ^ clkbuf_3_2__f_clk/X (sky130_fd_sc_hd__clkbuf_16)
                                                         clknet_3_2__leaf_clk (net)
                      0.083279    0.001967   10.550235 ^ dsa[24]._8_/CLK (sky130_fd_sc_hd__dfrtp_1)
                                  0.000000   10.550235   clock reconvergence pessimism
                                 -0.268957   10.281279   library setup time
                                             10.281279   data required time
---------------------------------------------------------------------------------------------
                                             10.281279   data required time
                                             -1.968920   data arrival time
---------------------------------------------------------------------------------------------
                                              8.312358   slack (MET)


Startpoint: dsa[4]._8_ (rising edge-triggered flip-flop clocked by core_clock)
Endpoint: dsa[4]._8_ (rising edge-triggered flip-flop clocked by core_clock)
Path Group: core_clock
Path Type: max

Fanout         Cap        Slew       Delay        Time   Description
---------------------------------------------------------------------------------------------
                                  0.000000    0.000000   clock core_clock (rise edge)
                                  0.000000    0.000000   clock source latency
     1    0.015086    0.000000    0.000000    0.000000 ^ clk (in)
                                                         clk (net)
                      0.001413    0.000707    0.000707 ^ clkbuf_0_clk/A (sky130_fd_sc_hd__clkbuf_16)
     8    0.084849    0.155388    0.265144    0.265851 ^ clkbuf_0_clk/X (sky130_fd_sc_hd__clkbuf_16)
                                                         clknet_0_clk (net)
                      0.156230    0.009074    0.274925 ^ clkbuf_3_5__f_clk/A (sky130_fd_sc_hd__clkbuf_16)
     8    0.030080    0.080567    0.274894    0.549819 ^ clkbuf_3_5__f_clk/X (sky130_fd_sc_hd__clkbuf_16)
                                                         clknet_3_5__leaf_clk (net)
                      0.080615    0.001752    0.551571 ^ dsa[4]._8_/CLK (sky130_fd_sc_hd__dfrtp_1)
     2    0.005529    0.099489    0.766908    1.318479 v dsa[4]._8_/Q (sky130_fd_sc_hd__dfrtp_1)
                                                         dsa[4].last_carry (net)
                      0.099489    0.000193    1.318672 v dsa[4]._4_/B1 (sky130_fd_sc_hd__a21o_1)
     2    0.005804    0.083679    0.313881    1.632553 v dsa[4]._4_/X (sky130_fd_sc_hd__a21o_1)
                                                         dsa[4]._1_ (net)
                      0.083680    0.000387    1.632941 v dsa[4]._7_/A2 (sky130_fd_sc_hd__a21bo_1)
     1    0.002430    0.058898    0.336670    1.969611 v dsa[4]._7_/X (sky130_fd_sc_hd__a21bo_1)
                                                         dsa[4].last_carry_next (net)
                      0.058898    0.000177    1.969788 v dsa[4]._8_/D (sky130_fd_sc_hd__dfrtp_1)
                                              1.969788   data arrival time

                                 10.000000   10.000000   clock core_clock (rise edge)
                                  0.000000   10.000000   clock source latency
     1    0.015086    0.000000    0.000000   10.000000 ^ clk (in)
                                                         clk (net)
                      0.001413    0.000707   10.000708 ^ clkbuf_0_clk/A (sky130_fd_sc_hd__clkbuf_16)
     8    0.084849    0.155388    0.265143   10.265851 ^ clkbuf_0_clk/X (sky130_fd_sc_hd__clkbuf_16)
                                                         clknet_0_clk (net)
                      0.156230    0.009075   10.274925 ^ clkbuf_3_5__f_clk/A (sky130_fd_sc_hd__clkbuf_16)
     8    0.030080    0.080567    0.274894   10.549819 ^ clkbuf_3_5__f_clk/X (sky130_fd_sc_hd__clkbuf_16)
                                                         clknet_3_5__leaf_clk (net)
                      0.080615    0.001752   10.551572 ^ dsa[4]._8_/CLK (sky130_fd_sc_hd__dfrtp_1)
                                  0.000000   10.551572   clock reconvergence pessimism
                                 -0.269106   10.282466   library setup time
                                             10.282466   data required time
---------------------------------------------------------------------------------------------
                                             10.282466   data required time
                                             -1.969788   data arrival time
---------------------------------------------------------------------------------------------
                                              8.312678   slack (MET)


Startpoint: dsa[7]._8_ (rising edge-triggered flip-flop clocked by core_clock)
Endpoint: dsa[7]._8_ (rising edge-triggered flip-flop clocked by core_clock)
Path Group: core_clock
Path Type: max

Fanout         Cap        Slew       Delay        Time   Description
---------------------------------------------------------------------------------------------
                                  0.000000    0.000000   clock core_clock (rise edge)
                                  0.000000    0.000000   clock source latency
     1    0.015086    0.000000    0.000000    0.000000 ^ clk (in)
                                                         clk (net)
                      0.001413    0.000707    0.000707 ^ clkbuf_0_clk/A (sky130_fd_sc_hd__clkbuf_16)
     8    0.084849    0.155388    0.265144    0.265851 ^ clkbuf_0_clk/X (sky130_fd_sc_hd__clkbuf_16)
                                                         clknet_0_clk (net)
                      0.156172    0.008760    0.274610 ^ clkbuf_3_4__f_clk/A (sky130_fd_sc_hd__clkbuf_16)
     9    0.022714    0.070802    0.264628    0.539239 ^ clkbuf_3_4__f_clk/X (sky130_fd_sc_hd__clkbuf_16)
                                                         clknet_3_4__leaf_clk (net)
                      0.070827    0.001083    0.540322 ^ dsa[7]._8_/CLK (sky130_fd_sc_hd__dfrtp_1)
     2    0.005290    0.097662    0.760094    1.300416 v dsa[7]._8_/Q (sky130_fd_sc_hd__dfrtp_1)
                                                         dsa[7].last_carry (net)
                      0.097662    0.000336    1.300752 v dsa[7]._4_/B1 (sky130_fd_sc_hd__a21o_1)
     2    0.005423    0.080826    0.310279    1.611031 v dsa[7]._4_/X (sky130_fd_sc_hd__a21o_1)
                                                         dsa[7]._1_ (net)
                      0.080826    0.000197    1.611228 v dsa[7]._7_/A2 (sky130_fd_sc_hd__a21bo_1)
     1    0.002452    0.059081    0.335770    1.946999 v dsa[7]._7_/X (sky130_fd_sc_hd__a21bo_1)
                                                         dsa[7].last_carry_next (net)
                      0.059081    0.000162    1.947160 v dsa[7]._8_/D (sky130_fd_sc_hd__dfrtp_1)
                                              1.947160   data arrival time

                                 10.000000   10.000000   clock core_clock (rise edge)
                                  0.000000   10.000000   clock source latency
     1    0.015086    0.000000    0.000000   10.000000 ^ clk (in)
                                                         clk (net)
                      0.001413    0.000707   10.000708 ^ clkbuf_0_clk/A (sky130_fd_sc_hd__clkbuf_16)
     8    0.084849    0.155388    0.265143   10.265851 ^ clkbuf_0_clk/X (sky130_fd_sc_hd__clkbuf_16)
                                                         clknet_0_clk (net)
                      0.156172    0.008760   10.274611 ^ clkbuf_3_4__f_clk/A (sky130_fd_sc_hd__clkbuf_16)
     9    0.022714    0.070802    0.264628   10.539239 ^ clkbuf_3_4__f_clk/X (sky130_fd_sc_hd__clkbuf_16)
                                                         clknet_3_4__leaf_clk (net)
                      0.070827    0.001083   10.540321 ^ dsa[7]._8_/CLK (sky130_fd_sc_hd__dfrtp_1)
                                  0.000000   10.540321   clock reconvergence pessimism
                                 -0.271790   10.268532   library setup time
                                             10.268532   data required time
---------------------------------------------------------------------------------------------
                                             10.268532   data required time
                                             -1.947160   data arrival time
---------------------------------------------------------------------------------------------
                                              8.321371   slack (MET)


Startpoint: dsa[21]._8_ (rising edge-triggered flip-flop clocked by core_clock)
Endpoint: dsa[21]._9_ (rising edge-triggered flip-flop clocked by core_clock)
Path Group: core_clock
Path Type: max

Fanout         Cap        Slew       Delay        Time   Description
---------------------------------------------------------------------------------------------
                                  0.000000    0.000000   clock core_clock (rise edge)
                                  0.000000    0.000000   clock source latency
     1    0.015086    0.000000    0.000000    0.000000 ^ clk (in)
                                                         clk (net)
                      0.001413    0.000707    0.000707 ^ clkbuf_0_clk/A (sky130_fd_sc_hd__clkbuf_16)
     8    0.084849    0.155388    0.265144    0.265851 ^ clkbuf_0_clk/X (sky130_fd_sc_hd__clkbuf_16)
                                                         clknet_0_clk (net)
                      0.156452    0.010188    0.276039 ^ clkbuf_3_0__f_clk/A (sky130_fd_sc_hd__clkbuf_16)
    10    0.032964    0.084590    0.278967    0.555006 ^ clkbuf_3_0__f_clk/X (sky130_fd_sc_hd__clkbuf_16)
                                                         clknet_3_0__leaf_clk (net)
                      0.084616    0.001424    0.556430 ^ dsa[21]._8_/CLK (sky130_fd_sc_hd__dfrtp_1)
     2    0.005415    0.098612    0.767666    1.324096 v dsa[21]._8_/Q (sky130_fd_sc_hd__dfrtp_1)
                                                         dsa[21].last_carry (net)
                      0.098612    0.000303    1.324399 v dsa[21]._4_/B1 (sky130_fd_sc_hd__a21o_1)
     2    0.005982    0.085018    0.314890    1.639288 v dsa[21]._4_/X (sky130_fd_sc_hd__a21o_1)
                                                         dsa[21]._1_ (net)
                      0.085019    0.000411    1.639699 v dsa[21]._5_/B (sky130_fd_sc_hd__nand2_1)
     1    0.005596    0.109910    0.134885    1.774584 ^ dsa[21]._5_/Y (sky130_fd_sc_hd__nand2_1)
                                                         dsa[21]._2_ (net)
                      0.109910    0.000403    1.774987 ^ dsa[21]._6_/B (sky130_fd_sc_hd__xnor2_1)
     1    0.004118    0.109825    0.147456    1.922443 v dsa[21]._6_/Y (sky130_fd_sc_hd__xnor2_1)
                                                         dsa[21].y_out_next (net)
                      0.109825    0.000269    1.922712 v dsa[21]._9_/D (sky130_fd_sc_hd__dfrtp_1)
                                              1.922712   data arrival time

                                 10.000000   10.000000   clock core_clock (rise edge)
                                  0.000000   10.000000   clock source latency
     1    0.015086    0.000000    0.000000   10.000000 ^ clk (in)
                                                         clk (net)
                      0.001413    0.000707   10.000708 ^ clkbuf_0_clk/A (sky130_fd_sc_hd__clkbuf_16)
     8    0.084849    0.155388    0.265143   10.265851 ^ clkbuf_0_clk/X (sky130_fd_sc_hd__clkbuf_16)
                                                         clknet_0_clk (net)
                      0.155628    0.004937   10.270788 ^ clkbuf_3_3__f_clk/A (sky130_fd_sc_hd__clkbuf_16)
     9    0.027343    0.076841    0.270870   10.541658 ^ clkbuf_3_3__f_clk/X (sky130_fd_sc_hd__clkbuf_16)
                                                         clknet_3_3__leaf_clk (net)
                      0.076854    0.000993   10.542651 ^ dsa[21]._9_/CLK (sky130_fd_sc_hd__dfrtp_1)
                                  0.000000   10.542651   clock reconvergence pessimism
                                 -0.291345   10.251307   library setup time
                                             10.251307   data required time
---------------------------------------------------------------------------------------------
                                             10.251307   data required time
                                             -1.922712   data arrival time
---------------------------------------------------------------------------------------------
                                              8.328595   slack (MET)


Startpoint: dsa[30]._8_ (rising edge-triggered flip-flop clocked by core_clock)
Endpoint: dsa[30]._9_ (rising edge-triggered flip-flop clocked by core_clock)
Path Group: core_clock
Path Type: max

Fanout         Cap        Slew       Delay        Time   Description
---------------------------------------------------------------------------------------------
                                  0.000000    0.000000   clock core_clock (rise edge)
                                  0.000000    0.000000   clock source latency
     1    0.015086    0.000000    0.000000    0.000000 ^ clk (in)
                                                         clk (net)
                      0.001413    0.000707    0.000707 ^ clkbuf_0_clk/A (sky130_fd_sc_hd__clkbuf_16)
     8    0.084849    0.155388    0.265144    0.265851 ^ clkbuf_0_clk/X (sky130_fd_sc_hd__clkbuf_16)
                                                         clknet_0_clk (net)
                      0.156452    0.010188    0.276039 ^ clkbuf_3_0__f_clk/A (sky130_fd_sc_hd__clkbuf_16)
    10    0.032964    0.084590    0.278967    0.555006 ^ clkbuf_3_0__f_clk/X (sky130_fd_sc_hd__clkbuf_16)
                                                         clknet_3_0__leaf_clk (net)
                      0.084654    0.002058    0.557064 ^ dsa[30]._8_/CLK (sky130_fd_sc_hd__dfrtp_1)
     2    0.006473    0.107189    0.777358    1.334422 v dsa[30]._8_/Q (sky130_fd_sc_hd__dfrtp_1)
                                                         dsa[30].last_carry (net)
                      0.107189    0.000438    1.334860 v dsa[30]._4_/B1 (sky130_fd_sc_hd__a21o_1)
     2    0.005676    0.082711    0.316075    1.650934 v dsa[30]._4_/X (sky130_fd_sc_hd__a21o_1)
                                                         dsa[30]._1_ (net)
                      0.082711    0.000266    1.651200 v dsa[30]._5_/B (sky130_fd_sc_hd__nand2_1)
     1    0.004888    0.100408    0.126769    1.777969 ^ dsa[30]._5_/Y (sky130_fd_sc_hd__nand2_1)
                                                         dsa[30]._2_ (net)
                      0.100408    0.000234    1.778203 ^ dsa[30]._6_/B (sky130_fd_sc_hd__xnor2_1)
     1    0.003638    0.102992    0.138244    1.916447 v dsa[30]._6_/Y (sky130_fd_sc_hd__xnor2_1)
                                                         dsa[30].y_out_next (net)
                      0.102992    0.000242    1.916689 v dsa[30]._9_/D (sky130_fd_sc_hd__dfrtp_1)
                                              1.916689   data arrival time

                                 10.000000   10.000000   clock core_clock (rise edge)
                                  0.000000   10.000000   clock source latency
     1    0.015086    0.000000    0.000000   10.000000 ^ clk (in)
                                                         clk (net)
                      0.001413    0.000707   10.000708 ^ clkbuf_0_clk/A (sky130_fd_sc_hd__clkbuf_16)
     8    0.084849    0.155388    0.265143   10.265851 ^ clkbuf_0_clk/X (sky130_fd_sc_hd__clkbuf_16)
                                                         clknet_0_clk (net)
                      0.156441    0.010137   10.275988 ^ clkbuf_3_1__f_clk/A (sky130_fd_sc_hd__clkbuf_16)
     7    0.024793    0.073466    0.267674   10.543661 ^ clkbuf_3_1__f_clk/X (sky130_fd_sc_hd__clkbuf_16)
                                                         clknet_3_1__leaf_clk (net)
                      0.073493    0.001163   10.544824 ^ dsa[30]._9_/CLK (sky130_fd_sc_hd__dfrtp_1)
                                  0.000000   10.544824   clock reconvergence pessimism
                                 -0.289392   10.255431   library setup time
                                             10.255431   data required time
---------------------------------------------------------------------------------------------
                                             10.255431   data required time
                                             -1.916689   data arrival time
---------------------------------------------------------------------------------------------
                                              8.338742   slack (MET)


Startpoint: dsa[31]._8_ (rising edge-triggered flip-flop clocked by core_clock)
Endpoint: dsa[31]._9_ (rising edge-triggered flip-flop clocked by core_clock)
Path Group: core_clock
Path Type: max

Fanout         Cap        Slew       Delay        Time   Description
---------------------------------------------------------------------------------------------
                                  0.000000    0.000000   clock core_clock (rise edge)
                                  0.000000    0.000000   clock source latency
     1    0.015086    0.000000    0.000000    0.000000 ^ clk (in)
                                                         clk (net)
                      0.001413    0.000707    0.000707 ^ clkbuf_0_clk/A (sky130_fd_sc_hd__clkbuf_16)
     8    0.084849    0.155388    0.265144    0.265851 ^ clkbuf_0_clk/X (sky130_fd_sc_hd__clkbuf_16)
                                                         clknet_0_clk (net)
                      0.156452    0.010188    0.276039 ^ clkbuf_3_0__f_clk/A (sky130_fd_sc_hd__clkbuf_16)
    10    0.032964    0.084590    0.278967    0.555006 ^ clkbuf_3_0__f_clk/X (sky130_fd_sc_hd__clkbuf_16)
                                                         clknet_3_0__leaf_clk (net)
                      0.084651    0.002017    0.557023 ^ dsa[31]._8_/CLK (sky130_fd_sc_hd__dfrtp_1)
     2    0.005514    0.099389    0.768589    1.325612 v dsa[31]._8_/Q (sky130_fd_sc_hd__dfrtp_1)
                                                         dsa[31].last_carry (net)
                      0.099389    0.000318    1.325930 v dsa[31]._4_/B1 (sky130_fd_sc_hd__a21o_1)
     2    0.005977    0.084976    0.315168    1.641098 v dsa[31]._4_/X (sky130_fd_sc_hd__a21o_1)
                                                         dsa[31]._1_ (net)
                      0.084976    0.000372    1.641470 v dsa[31]._5_/B (sky130_fd_sc_hd__nand2_1)
     1    0.005056    0.101162    0.129470    1.770940 ^ dsa[31]._5_/Y (sky130_fd_sc_hd__nand2_1)
                                                         dsa[31]._2_ (net)
                      0.101162    0.000382    1.771321 ^ dsa[31]._6_/B (sky130_fd_sc_hd__xnor2_1)
     1    0.004607    0.116734    0.149803    1.921125 v dsa[31]._6_/Y (sky130_fd_sc_hd__xnor2_1)
                                                         dsa[31].y_out_next (net)
                      0.116735    0.000313    1.921438 v dsa[31]._9_/D (sky130_fd_sc_hd__dfrtp_1)
                                              1.921438   data arrival time

                                 10.000000   10.000000   clock core_clock (rise edge)
                                  0.000000   10.000000   clock source latency
     1    0.015086    0.000000    0.000000   10.000000 ^ clk (in)
                                                         clk (net)
                      0.001413    0.000707   10.000708 ^ clkbuf_0_clk/A (sky130_fd_sc_hd__clkbuf_16)
     8    0.084849    0.155388    0.265143   10.265851 ^ clkbuf_0_clk/X (sky130_fd_sc_hd__clkbuf_16)
                                                         clknet_0_clk (net)
                      0.156452    0.010188   10.276039 ^ clkbuf_3_0__f_clk/A (sky130_fd_sc_hd__clkbuf_16)
    10    0.032964    0.084590    0.278967   10.555006 ^ clkbuf_3_0__f_clk/X (sky130_fd_sc_hd__clkbuf_16)
                                                         clknet_3_0__leaf_clk (net)
                      0.084631    0.001698   10.556705 ^ dsa[31]._9_/CLK (sky130_fd_sc_hd__dfrtp_1)
                                  0.000000   10.556705   clock reconvergence pessimism
                                 -0.292151   10.264553   library setup time
                                             10.264553   data required time
---------------------------------------------------------------------------------------------
                                             10.264553   data required time
                                             -1.921438   data arrival time
---------------------------------------------------------------------------------------------
                                              8.343116   slack (MET)


Startpoint: dsa[19]._8_ (rising edge-triggered flip-flop clocked by core_clock)
Endpoint: dsa[19]._9_ (rising edge-triggered flip-flop clocked by core_clock)
Path Group: core_clock
Path Type: max

Fanout         Cap        Slew       Delay        Time   Description
---------------------------------------------------------------------------------------------
                                  0.000000    0.000000   clock core_clock (rise edge)
                                  0.000000    0.000000   clock source latency
     1    0.015086    0.000000    0.000000    0.000000 ^ clk (in)
                                                         clk (net)
                      0.001413    0.000707    0.000707 ^ clkbuf_0_clk/A (sky130_fd_sc_hd__clkbuf_16)
     8    0.084849    0.155388    0.265144    0.265851 ^ clkbuf_0_clk/X (sky130_fd_sc_hd__clkbuf_16)
                                                         clknet_0_clk (net)
                      0.156452    0.010188    0.276039 ^ clkbuf_3_0__f_clk/A (sky130_fd_sc_hd__clkbuf_16)
    10    0.032964    0.084590    0.278967    0.555006 ^ clkbuf_3_0__f_clk/X (sky130_fd_sc_hd__clkbuf_16)
                                                         clknet_3_0__leaf_clk (net)
                      0.084641    0.001864    0.556870 ^ dsa[19]._8_/CLK (sky130_fd_sc_hd__dfrtp_1)
     2    0.006346    0.106128    0.776209    1.333079 v dsa[19]._8_/Q (sky130_fd_sc_hd__dfrtp_1)
                                                         dsa[19].last_carry (net)
                      0.106128    0.000381    1.333460 v dsa[19]._4_/B1 (sky130_fd_sc_hd__a21o_1)
     2    0.005619    0.082290    0.315204    1.648664 v dsa[19]._4_/X (sky130_fd_sc_hd__a21o_1)
                                                         dsa[19]._1_ (net)
                      0.082290    0.000191    1.648855 v dsa[19]._5_/B (sky130_fd_sc_hd__nand2_1)
     1    0.005895    0.111897    0.136532    1.785388 ^ dsa[19]._5_/Y (sky130_fd_sc_hd__nand2_1)
                                                         dsa[19]._2_ (net)
                      0.111897    0.000447    1.785835 ^ dsa[19]._6_/B (sky130_fd_sc_hd__xnor2_1)
     1    0.003411    0.099829    0.140011    1.925846 v dsa[19]._6_/Y (sky130_fd_sc_hd__xnor2_1)
                                                         dsa[19].y_out_next (net)
                      0.099829    0.000130    1.925976 v dsa[19]._9_/D (sky130_fd_sc_hd__dfrtp_1)
                                              1.925976   data arrival time

                                 10.000000   10.000000   clock core_clock (rise edge)
                                  0.000000   10.000000   clock source latency
     1    0.015086    0.000000    0.000000   10.000000 ^ clk (in)
                                                         clk (net)
                      0.001413    0.000707   10.000708 ^ clkbuf_0_clk/A (sky130_fd_sc_hd__clkbuf_16)
     8    0.084849    0.155388    0.265143   10.265851 ^ clkbuf_0_clk/X (sky130_fd_sc_hd__clkbuf_16)
                                                         clknet_0_clk (net)
                      0.156452    0.010188   10.276039 ^ clkbuf_3_0__f_clk/A (sky130_fd_sc_hd__clkbuf_16)
    10    0.032964    0.084590    0.278967   10.555006 ^ clkbuf_3_0__f_clk/X (sky130_fd_sc_hd__clkbuf_16)
                                                         clknet_3_0__leaf_clk (net)
                      0.084638    0.001813   10.556819 ^ dsa[19]._9_/CLK (sky130_fd_sc_hd__dfrtp_1)
                                  0.000000   10.556819   clock reconvergence pessimism
                                 -0.285100   10.271718   library setup time
                                             10.271718   data required time
---------------------------------------------------------------------------------------------
                                             10.271718   data required time
                                             -1.925976   data arrival time
---------------------------------------------------------------------------------------------
                                              8.345742   slack (MET)


Startpoint: dsa[22]._8_ (rising edge-triggered flip-flop clocked by core_clock)
Endpoint: dsa[22]._9_ (rising edge-triggered flip-flop clocked by core_clock)
Path Group: core_clock
Path Type: max

Fanout         Cap        Slew       Delay        Time   Description
---------------------------------------------------------------------------------------------
                                  0.000000    0.000000   clock core_clock (rise edge)
                                  0.000000    0.000000   clock source latency
     1    0.015086    0.000000    0.000000    0.000000 ^ clk (in)
                                                         clk (net)
                      0.001413    0.000707    0.000707 ^ clkbuf_0_clk/A (sky130_fd_sc_hd__clkbuf_16)
     8    0.084849    0.155388    0.265144    0.265851 ^ clkbuf_0_clk/X (sky130_fd_sc_hd__clkbuf_16)
                                                         clknet_0_clk (net)
                      0.155666    0.005297    0.271148 ^ clkbuf_3_2__f_clk/A (sky130_fd_sc_hd__clkbuf_16)
    10    0.031969    0.083220    0.277120    0.548267 ^ clkbuf_3_2__f_clk/X (sky130_fd_sc_hd__clkbuf_16)
                                                         clknet_3_2__leaf_clk (net)
                      0.083243    0.001332    0.549599 ^ dsa[22]._8_/CLK (sky130_fd_sc_hd__dfrtp_1)
     2    0.006097    0.104067    0.773338    1.322937 v dsa[22]._8_/Q (sky130_fd_sc_hd__dfrtp_1)
                                                         dsa[22].last_carry (net)
                      0.104067    0.000290    1.323227 v dsa[22]._4_/B1 (sky130_fd_sc_hd__a21o_1)
     2    0.005766    0.083375    0.315497    1.638724 v dsa[22]._4_/X (sky130_fd_sc_hd__a21o_1)
                                                         dsa[22]._1_ (net)
                      0.083375    0.000191    1.638915 v dsa[22]._5_/B (sky130_fd_sc_hd__nand2_1)
     1    0.004794    0.098679    0.126095    1.765010 ^ dsa[22]._5_/Y (sky130_fd_sc_hd__nand2_1)
                                                         dsa[22]._2_ (net)
                      0.098680    0.000359    1.765369 ^ dsa[22]._6_/B (sky130_fd_sc_hd__xnor2_1)
     1    0.003714    0.104078    0.138490    1.903859 v dsa[22]._6_/Y (sky130_fd_sc_hd__xnor2_1)
                                                         dsa[22].y_out_next (net)
                      0.104078    0.000226    1.904085 v dsa[22]._9_/D (sky130_fd_sc_hd__dfrtp_1)
                                              1.904085   data arrival time

                                 10.000000   10.000000   clock core_clock (rise edge)
                                  0.000000   10.000000   clock source latency
     1    0.015086    0.000000    0.000000   10.000000 ^ clk (in)
                                                         clk (net)
                      0.001413    0.000707   10.000708 ^ clkbuf_0_clk/A (sky130_fd_sc_hd__clkbuf_16)
     8    0.084849    0.155388    0.265143   10.265851 ^ clkbuf_0_clk/X (sky130_fd_sc_hd__clkbuf_16)
                                                         clknet_0_clk (net)
                      0.155628    0.004937   10.270788 ^ clkbuf_3_3__f_clk/A (sky130_fd_sc_hd__clkbuf_16)
     9    0.027343    0.076841    0.270870   10.541658 ^ clkbuf_3_3__f_clk/X (sky130_fd_sc_hd__clkbuf_16)
                                                         clknet_3_3__leaf_clk (net)
                      0.076863    0.001201   10.542859 ^ dsa[22]._9_/CLK (sky130_fd_sc_hd__dfrtp_1)
                                  0.000000   10.542859   clock reconvergence pessimism
                                 -0.288946   10.253913   library setup time
                                             10.253913   data required time
---------------------------------------------------------------------------------------------
                                             10.253913   data required time
                                             -1.904085   data arrival time
---------------------------------------------------------------------------------------------
                                              8.349828   slack (MET)


Startpoint: dsa[26]._8_ (rising edge-triggered flip-flop clocked by core_clock)
Endpoint: dsa[26]._9_ (rising edge-triggered flip-flop clocked by core_clock)
Path Group: core_clock
Path Type: max

Fanout         Cap        Slew       Delay        Time   Description
---------------------------------------------------------------------------------------------
                                  0.000000    0.000000   clock core_clock (rise edge)
                                  0.000000    0.000000   clock source latency
     1    0.015086    0.000000    0.000000    0.000000 ^ clk (in)
                                                         clk (net)
                      0.001413    0.000707    0.000707 ^ clkbuf_0_clk/A (sky130_fd_sc_hd__clkbuf_16)
     8    0.084849    0.155388    0.265144    0.265851 ^ clkbuf_0_clk/X (sky130_fd_sc_hd__clkbuf_16)
                                                         clknet_0_clk (net)
                      0.155666    0.005297    0.271148 ^ clkbuf_3_2__f_clk/A (sky130_fd_sc_hd__clkbuf_16)
    10    0.031969    0.083220    0.277120    0.548267 ^ clkbuf_3_2__f_clk/X (sky130_fd_sc_hd__clkbuf_16)
                                                         clknet_3_2__leaf_clk (net)
                      0.083291    0.002136    0.550404 ^ dsa[26]._8_/CLK (sky130_fd_sc_hd__dfrtp_1)
     2    0.006150    0.104523    0.773785    1.324189 v dsa[26]._8_/Q (sky130_fd_sc_hd__dfrtp_1)
                                                         dsa[26].last_carry (net)
                      0.104523    0.000351    1.324540 v dsa[26]._4_/B1 (sky130_fd_sc_hd__a21o_1)
     2    0.006671    0.090231    0.322565    1.647104 v dsa[26]._4_/X (sky130_fd_sc_hd__a21o_1)
                                                         dsa[26]._1_ (net)
                      0.090231    0.000441    1.647545 v dsa[26]._5_/B (sky130_fd_sc_hd__nand2_1)
     1    0.006241    0.115245    0.143760    1.791305 ^ dsa[26]._5_/Y (sky130_fd_sc_hd__nand2_1)
                                                         dsa[26]._2_ (net)
                      0.115245    0.000484    1.791788 ^ dsa[26]._6_/B (sky130_fd_sc_hd__xnor2_1)
     1    0.002313    0.084234    0.127491    1.919279 v dsa[26]._6_/Y (sky130_fd_sc_hd__xnor2_1)
                                                         dsa[26].y_out_next (net)
                      0.084234    0.000158    1.919437 v dsa[26]._9_/D (sky130_fd_sc_hd__dfrtp_1)
                                              1.919437   data arrival time

                                 10.000000   10.000000   clock core_clock (rise edge)
                                  0.000000   10.000000   clock source latency
     1    0.015086    0.000000    0.000000   10.000000 ^ clk (in)
                                                         clk (net)
                      0.001413    0.000707   10.000708 ^ clkbuf_0_clk/A (sky130_fd_sc_hd__clkbuf_16)
     8    0.084849    0.155388    0.265143   10.265851 ^ clkbuf_0_clk/X (sky130_fd_sc_hd__clkbuf_16)
                                                         clknet_0_clk (net)
                      0.155666    0.005297   10.271148 ^ clkbuf_3_2__f_clk/A (sky130_fd_sc_hd__clkbuf_16)
    10    0.031969    0.083220    0.277120   10.548267 ^ clkbuf_3_2__f_clk/X (sky130_fd_sc_hd__clkbuf_16)
                                                         clknet_3_2__leaf_clk (net)
                      0.083273    0.001884   10.550151 ^ dsa[26]._9_/CLK (sky130_fd_sc_hd__dfrtp_1)
                                  0.000000   10.550151   clock reconvergence pessimism
                                 -0.278962   10.271189   library setup time
                                             10.271189   data required time
---------------------------------------------------------------------------------------------
                                             10.271189   data required time
                                             -1.919437   data arrival time
---------------------------------------------------------------------------------------------
                                              8.351751   slack (MET)


Startpoint: dsa[18]._8_ (rising edge-triggered flip-flop clocked by core_clock)
Endpoint: dsa[18]._9_ (rising edge-triggered flip-flop clocked by core_clock)
Path Group: core_clock
Path Type: max

Fanout         Cap        Slew       Delay        Time   Description
---------------------------------------------------------------------------------------------
                                  0.000000    0.000000   clock core_clock (rise edge)
                                  0.000000    0.000000   clock source latency
     1    0.015086    0.000000    0.000000    0.000000 ^ clk (in)
                                                         clk (net)
                      0.001413    0.000707    0.000707 ^ clkbuf_0_clk/A (sky130_fd_sc_hd__clkbuf_16)
     8    0.084849    0.155388    0.265144    0.265851 ^ clkbuf_0_clk/X (sky130_fd_sc_hd__clkbuf_16)
                                                         clknet_0_clk (net)
                      0.156441    0.010137    0.275988 ^ clkbuf_3_1__f_clk/A (sky130_fd_sc_hd__clkbuf_16)
     7    0.024793    0.073466    0.267673    0.543661 ^ clkbuf_3_1__f_clk/X (sky130_fd_sc_hd__clkbuf_16)
                                                         clknet_3_1__leaf_clk (net)
                      0.073471    0.000707    0.544368 ^ dsa[18]._8_/CLK (sky130_fd_sc_hd__dfrtp_1)
     2    0.005488    0.099187    0.763203    1.307570 v dsa[18]._8_/Q (sky130_fd_sc_hd__dfrtp_1)
                                                         dsa[18].last_carry (net)
                      0.099187    0.000273    1.307844 v dsa[18]._4_/B1 (sky130_fd_sc_hd__a21o_1)
     2    0.006141    0.086200    0.316354    1.624197 v dsa[18]._4_/X (sky130_fd_sc_hd__a21o_1)
                                                         dsa[18]._1_ (net)
                      0.086200    0.000384    1.624581 v dsa[18]._5_/B (sky130_fd_sc_hd__nand2_1)
     1    0.005807    0.110680    0.137534    1.762115 ^ dsa[18]._5_/Y (sky130_fd_sc_hd__nand2_1)
                                                         dsa[18]._2_ (net)
                      0.110680    0.000431    1.762546 ^ dsa[18]._6_/B (sky130_fd_sc_hd__xnor2_1)
     1    0.003233    0.097288    0.137367    1.899913 v dsa[18]._6_/Y (sky130_fd_sc_hd__xnor2_1)
                                                         dsa[18].y_out_next (net)
                      0.097288    0.000190    1.900103 v dsa[18]._9_/D (sky130_fd_sc_hd__dfrtp_1)
                                              1.900103   data arrival time

                                 10.000000   10.000000   clock core_clock (rise edge)
                                  0.000000   10.000000   clock source latency
     1    0.015086    0.000000    0.000000   10.000000 ^ clk (in)
                                                         clk (net)
                      0.001413    0.000707   10.000708 ^ clkbuf_0_clk/A (sky130_fd_sc_hd__clkbuf_16)
     8    0.084849    0.155388    0.265143   10.265851 ^ clkbuf_0_clk/X (sky130_fd_sc_hd__clkbuf_16)
                                                         clknet_0_clk (net)
                      0.156172    0.008760   10.274611 ^ clkbuf_3_4__f_clk/A (sky130_fd_sc_hd__clkbuf_16)
     9    0.022714    0.070802    0.264628   10.539239 ^ clkbuf_3_4__f_clk/X (sky130_fd_sc_hd__clkbuf_16)
                                                         clknet_3_4__leaf_clk (net)
                      0.070827    0.001075   10.540314 ^ dsa[18]._9_/CLK (sky130_fd_sc_hd__dfrtp_1)
                                  0.000000   10.540314   clock reconvergence pessimism
                                 -0.287725   10.252589   library setup time
                                             10.252589   data required time
---------------------------------------------------------------------------------------------
                                             10.252589   data required time
                                             -1.900103   data arrival time
---------------------------------------------------------------------------------------------
                                              8.352486   slack (MET)


Startpoint: dsa[29]._8_ (rising edge-triggered flip-flop clocked by core_clock)
Endpoint: dsa[29]._9_ (rising edge-triggered flip-flop clocked by core_clock)
Path Group: core_clock
Path Type: max

Fanout         Cap        Slew       Delay        Time   Description
---------------------------------------------------------------------------------------------
                                  0.000000    0.000000   clock core_clock (rise edge)
                                  0.000000    0.000000   clock source latency
     1    0.015086    0.000000    0.000000    0.000000 ^ clk (in)
                                                         clk (net)
                      0.001413    0.000707    0.000707 ^ clkbuf_0_clk/A (sky130_fd_sc_hd__clkbuf_16)
     8    0.084849    0.155388    0.265144    0.265851 ^ clkbuf_0_clk/X (sky130_fd_sc_hd__clkbuf_16)
                                                         clknet_0_clk (net)
                      0.156452    0.010188    0.276039 ^ clkbuf_3_0__f_clk/A (sky130_fd_sc_hd__clkbuf_16)
    10    0.032964    0.084590    0.278967    0.555006 ^ clkbuf_3_0__f_clk/X (sky130_fd_sc_hd__clkbuf_16)
                                                         clknet_3_0__leaf_clk (net)
                      0.084619    0.001476    0.556482 ^ dsa[29]._8_/CLK (sky130_fd_sc_hd__dfrtp_1)
     2    0.005397    0.098478    0.767506    1.323988 v dsa[29]._8_/Q (sky130_fd_sc_hd__dfrtp_1)
                                                         dsa[29].last_carry (net)
                      0.098478    0.000315    1.324303 v dsa[29]._4_/B1 (sky130_fd_sc_hd__a21o_1)
     2    0.006829    0.091422    0.321403    1.645706 v dsa[29]._4_/X (sky130_fd_sc_hd__a21o_1)
                                                         dsa[29]._1_ (net)
                      0.091422    0.000315    1.646021 v dsa[29]._5_/B (sky130_fd_sc_hd__nand2_1)
     1    0.004796    0.097601    0.129956    1.775977 ^ dsa[29]._5_/Y (sky130_fd_sc_hd__nand2_1)
                                                         dsa[29]._2_ (net)
                      0.097602    0.000359    1.776336 ^ dsa[29]._6_/B (sky130_fd_sc_hd__xnor2_1)
     1    0.002878    0.092198    0.128018    1.904354 v dsa[29]._6_/Y (sky130_fd_sc_hd__xnor2_1)
                                                         dsa[29].y_out_next (net)
                      0.092198    0.000118    1.904471 v dsa[29]._9_/D (sky130_fd_sc_hd__dfrtp_1)
                                              1.904471   data arrival time

                                 10.000000   10.000000   clock core_clock (rise edge)
                                  0.000000   10.000000   clock source latency
     1    0.015086    0.000000    0.000000   10.000000 ^ clk (in)
                                                         clk (net)
                      0.001413    0.000707   10.000708 ^ clkbuf_0_clk/A (sky130_fd_sc_hd__clkbuf_16)
     8    0.084849    0.155388    0.265143   10.265851 ^ clkbuf_0_clk/X (sky130_fd_sc_hd__clkbuf_16)
                                                         clknet_0_clk (net)
                      0.156441    0.010137   10.275988 ^ clkbuf_3_1__f_clk/A (sky130_fd_sc_hd__clkbuf_16)
     7    0.024793    0.073466    0.267674   10.543661 ^ clkbuf_3_1__f_clk/X (sky130_fd_sc_hd__clkbuf_16)
                                                         clknet_3_1__leaf_clk (net)
                      0.073494    0.001193   10.544854 ^ dsa[29]._9_/CLK (sky130_fd_sc_hd__dfrtp_1)
                                  0.000000   10.544854   clock reconvergence pessimism
                                 -0.284890   10.259964   library setup time
                                             10.259964   data required time
---------------------------------------------------------------------------------------------
                                             10.259964   data required time
                                             -1.904471   data arrival time
---------------------------------------------------------------------------------------------
                                              8.355493   slack (MET)


Startpoint: dsa[2]._8_ (rising edge-triggered flip-flop clocked by core_clock)
Endpoint: dsa[2]._9_ (rising edge-triggered flip-flop clocked by core_clock)
Path Group: core_clock
Path Type: max

Fanout         Cap        Slew       Delay        Time   Description
---------------------------------------------------------------------------------------------
                                  0.000000    0.000000   clock core_clock (rise edge)
                                  0.000000    0.000000   clock source latency
     1    0.015086    0.000000    0.000000    0.000000 ^ clk (in)
                                                         clk (net)
                      0.001413    0.000707    0.000707 ^ clkbuf_0_clk/A (sky130_fd_sc_hd__clkbuf_16)
     8    0.084849    0.155388    0.265144    0.265851 ^ clkbuf_0_clk/X (sky130_fd_sc_hd__clkbuf_16)
                                                         clknet_0_clk (net)
                      0.155817    0.006528    0.272379 ^ clkbuf_3_6__f_clk/A (sky130_fd_sc_hd__clkbuf_16)
     8    0.027426    0.076950    0.271086    0.543465 ^ clkbuf_3_6__f_clk/X (sky130_fd_sc_hd__clkbuf_16)
                                                         clknet_3_6__leaf_clk (net)
                      0.076982    0.001383    0.544848 ^ dsa[2]._8_/CLK (sky130_fd_sc_hd__dfrtp_1)
     2    0.006503    0.107435    0.774098    1.318946 v dsa[2]._8_/Q (sky130_fd_sc_hd__dfrtp_1)
                                                         dsa[2].last_carry (net)
                      0.107435    0.000412    1.319358 v dsa[2]._4_/B1 (sky130_fd_sc_hd__a21o_1)
     2    0.006104    0.085929    0.319373    1.638731 v dsa[2]._4_/X (sky130_fd_sc_hd__a21o_1)
                                                         dsa[2]._1_ (net)
                      0.085930    0.000476    1.639207 v dsa[2]._5_/B (sky130_fd_sc_hd__nand2_1)
     1    0.005555    0.108967    0.134912    1.774118 ^ dsa[2]._5_/Y (sky130_fd_sc_hd__nand2_1)
                                                         dsa[2]._2_ (net)
                      0.108967    0.000396    1.774515 ^ dsa[2]._6_/B (sky130_fd_sc_hd__xnor2_1)
     1    0.002995    0.093889    0.133719    1.908234 v dsa[2]._6_/Y (sky130_fd_sc_hd__xnor2_1)
                                                         dsa[2].y_out_next (net)
                      0.093889    0.000203    1.908437 v dsa[2]._9_/D (sky130_fd_sc_hd__dfrtp_1)
                                              1.908437   data arrival time

                                 10.000000   10.000000   clock core_clock (rise edge)
                                  0.000000   10.000000   clock source latency
     1    0.015086    0.000000    0.000000   10.000000 ^ clk (in)
                                                         clk (net)
                      0.001413    0.000707   10.000708 ^ clkbuf_0_clk/A (sky130_fd_sc_hd__clkbuf_16)
     8    0.084849    0.155388    0.265143   10.265851 ^ clkbuf_0_clk/X (sky130_fd_sc_hd__clkbuf_16)
                                                         clknet_0_clk (net)
                      0.155834    0.006654   10.272505 ^ clkbuf_3_7__f_clk/A (sky130_fd_sc_hd__clkbuf_16)
    10    0.029828    0.080221    0.274364   10.546868 ^ clkbuf_3_7__f_clk/X (sky130_fd_sc_hd__clkbuf_16)
                                                         clknet_3_7__leaf_clk (net)
                      0.080238    0.001139   10.548007 ^ dsa[2]._9_/CLK (sky130_fd_sc_hd__dfrtp_1)
                                  0.000000   10.548007   clock reconvergence pessimism
                                 -0.283797   10.264210   library setup time
                                             10.264210   data required time
---------------------------------------------------------------------------------------------
                                             10.264210   data required time
                                             -1.908437   data arrival time
---------------------------------------------------------------------------------------------
                                              8.355773   slack (MET)


Startpoint: dsa[3]._8_ (rising edge-triggered flip-flop clocked by core_clock)
Endpoint: dsa[3]._9_ (rising edge-triggered flip-flop clocked by core_clock)
Path Group: core_clock
Path Type: max

Fanout         Cap        Slew       Delay        Time   Description
---------------------------------------------------------------------------------------------
                                  0.000000    0.000000   clock core_clock (rise edge)
                                  0.000000    0.000000   clock source latency
     1    0.015086    0.000000    0.000000    0.000000 ^ clk (in)
                                                         clk (net)
                      0.001413    0.000707    0.000707 ^ clkbuf_0_clk/A (sky130_fd_sc_hd__clkbuf_16)
     8    0.084849    0.155388    0.265144    0.265851 ^ clkbuf_0_clk/X (sky130_fd_sc_hd__clkbuf_16)
                                                         clknet_0_clk (net)
                      0.155834    0.006654    0.272504 ^ clkbuf_3_7__f_clk/A (sky130_fd_sc_hd__clkbuf_16)
    10    0.029828    0.080221    0.274364    0.546868 ^ clkbuf_3_7__f_clk/X (sky130_fd_sc_hd__clkbuf_16)
                                                         clknet_3_7__leaf_clk (net)
                      0.080237    0.001120    0.547989 ^ dsa[3]._8_/CLK (sky130_fd_sc_hd__dfrtp_1)
     2    0.006486    0.107249    0.775515    1.323504 v dsa[3]._8_/Q (sky130_fd_sc_hd__dfrtp_1)
                                                         dsa[3].last_carry (net)
                      0.107249    0.000257    1.323761 v dsa[3]._4_/B1 (sky130_fd_sc_hd__a21o_1)
     2    0.006087    0.085765    0.319254    1.643014 v dsa[3]._4_/X (sky130_fd_sc_hd__a21o_1)
                                                         dsa[3]._1_ (net)
                      0.085765    0.000282    1.643296 v dsa[3]._5_/B (sky130_fd_sc_hd__nand2_1)
     1    0.004911    0.100088    0.128453    1.771749 ^ dsa[3]._5_/Y (sky130_fd_sc_hd__nand2_1)
                                                         dsa[3]._2_ (net)
                      0.100088    0.000236    1.771984 ^ dsa[3]._6_/B (sky130_fd_sc_hd__xnor2_1)
     1    0.003420    0.099898    0.135566    1.907550 v dsa[3]._6_/Y (sky130_fd_sc_hd__xnor2_1)
                                                         dsa[3].y_out_next (net)
                      0.099898    0.000258    1.907808 v dsa[3]._9_/D (sky130_fd_sc_hd__dfrtp_1)
                                              1.907808   data arrival time

                                 10.000000   10.000000   clock core_clock (rise edge)
                                  0.000000   10.000000   clock source latency
     1    0.015086    0.000000    0.000000   10.000000 ^ clk (in)
                                                         clk (net)
                      0.001413    0.000707   10.000708 ^ clkbuf_0_clk/A (sky130_fd_sc_hd__clkbuf_16)
     8    0.084849    0.155388    0.265143   10.265851 ^ clkbuf_0_clk/X (sky130_fd_sc_hd__clkbuf_16)
                                                         clknet_0_clk (net)
                      0.156230    0.009075   10.274925 ^ clkbuf_3_5__f_clk/A (sky130_fd_sc_hd__clkbuf_16)
     8    0.030080    0.080567    0.274894   10.549819 ^ clkbuf_3_5__f_clk/X (sky130_fd_sc_hd__clkbuf_16)
                                                         clknet_3_5__leaf_clk (net)
                      0.080576    0.000901   10.550719 ^ dsa[3]._9_/CLK (sky130_fd_sc_hd__dfrtp_1)
                                  0.000000   10.550719   clock reconvergence pessimism
                                 -0.286213   10.264507   library setup time
                                             10.264507   data required time
---------------------------------------------------------------------------------------------
                                             10.264507   data required time
                                             -1.907808   data arrival time
---------------------------------------------------------------------------------------------
                                              8.356699   slack (MET)


Startpoint: dsa[15]._8_ (rising edge-triggered flip-flop clocked by core_clock)
Endpoint: dsa[15]._9_ (rising edge-triggered flip-flop clocked by core_clock)
Path Group: core_clock
Path Type: max

Fanout         Cap        Slew       Delay        Time   Description
---------------------------------------------------------------------------------------------
                                  0.000000    0.000000   clock core_clock (rise edge)
                                  0.000000    0.000000   clock source latency
     1    0.015086    0.000000    0.000000    0.000000 ^ clk (in)
                                                         clk (net)
                      0.001413    0.000707    0.000707 ^ clkbuf_0_clk/A (sky130_fd_sc_hd__clkbuf_16)
     8    0.084849    0.155388    0.265144    0.265851 ^ clkbuf_0_clk/X (sky130_fd_sc_hd__clkbuf_16)
                                                         clknet_0_clk (net)
                      0.155628    0.004937    0.270788 ^ clkbuf_3_3__f_clk/A (sky130_fd_sc_hd__clkbuf_16)
     9    0.027343    0.076841    0.270870    0.541658 ^ clkbuf_3_3__f_clk/X (sky130_fd_sc_hd__clkbuf_16)
                                                         clknet_3_3__leaf_clk (net)
                      0.076855    0.001001    0.542659 ^ dsa[15]._8_/CLK (sky130_fd_sc_hd__dfrtp_1)
     2    0.006250    0.105344    0.771730    1.314389 v dsa[15]._8_/Q (sky130_fd_sc_hd__dfrtp_1)
                                                         dsa[15].last_carry (net)
                      0.105344    0.000346    1.314735 v dsa[15]._4_/B1 (sky130_fd_sc_hd__a21o_1)
     2    0.005452    0.081064    0.313602    1.628337 v dsa[15]._4_/X (sky130_fd_sc_hd__a21o_1)
                                                         dsa[15]._1_ (net)
                      0.081064    0.000277    1.628614 v dsa[15]._5_/B (sky130_fd_sc_hd__nand2_1)
     1    0.005216    0.102790    0.129192    1.757806 ^ dsa[15]._5_/Y (sky130_fd_sc_hd__nand2_1)
                                                         dsa[15]._2_ (net)
                      0.102790    0.000405    1.758211 ^ dsa[15]._6_/B (sky130_fd_sc_hd__xnor2_1)
     1    0.003347    0.098892    0.135784    1.893995 v dsa[15]._6_/Y (sky130_fd_sc_hd__xnor2_1)
                                                         dsa[15].y_out_next (net)
                      0.098892    0.000201    1.894196 v dsa[15]._9_/D (sky130_fd_sc_hd__dfrtp_1)
                                              1.894196   data arrival time

                                 10.000000   10.000000   clock core_clock (rise edge)
                                  0.000000   10.000000   clock source latency
     1    0.015086    0.000000    0.000000   10.000000 ^ clk (in)
                                                         clk (net)
                      0.001413    0.000707   10.000708 ^ clkbuf_0_clk/A (sky130_fd_sc_hd__clkbuf_16)
     8    0.084849    0.155388    0.265143   10.265851 ^ clkbuf_0_clk/X (sky130_fd_sc_hd__clkbuf_16)
                                                         clknet_0_clk (net)
                      0.156172    0.008760   10.274611 ^ clkbuf_3_4__f_clk/A (sky130_fd_sc_hd__clkbuf_16)
     9    0.022714    0.070802    0.264628   10.539239 ^ clkbuf_3_4__f_clk/X (sky130_fd_sc_hd__clkbuf_16)
                                                         clknet_3_4__leaf_clk (net)
                      0.070829    0.001294   10.540533 ^ dsa[15]._9_/CLK (sky130_fd_sc_hd__dfrtp_1)
                                  0.000000   10.540533   clock reconvergence pessimism
                                 -0.288393   10.252141   library setup time
                                             10.252141   data required time
---------------------------------------------------------------------------------------------
                                             10.252141   data required time
                                             -1.894196   data arrival time
---------------------------------------------------------------------------------------------
                                              8.357944   slack (MET)


Startpoint: dsa[16]._8_ (rising edge-triggered flip-flop clocked by core_clock)
Endpoint: dsa[16]._9_ (rising edge-triggered flip-flop clocked by core_clock)
Path Group: core_clock
Path Type: max

Fanout         Cap        Slew       Delay        Time   Description
---------------------------------------------------------------------------------------------
                                  0.000000    0.000000   clock core_clock (rise edge)
                                  0.000000    0.000000   clock source latency
     1    0.015086    0.000000    0.000000    0.000000 ^ clk (in)
                                                         clk (net)
                      0.001413    0.000707    0.000707 ^ clkbuf_0_clk/A (sky130_fd_sc_hd__clkbuf_16)
     8    0.084849    0.155388    0.265144    0.265851 ^ clkbuf_0_clk/X (sky130_fd_sc_hd__clkbuf_16)
                                                         clknet_0_clk (net)
                      0.156441    0.010137    0.275988 ^ clkbuf_3_1__f_clk/A (sky130_fd_sc_hd__clkbuf_16)
     7    0.024793    0.073466    0.267673    0.543661 ^ clkbuf_3_1__f_clk/X (sky130_fd_sc_hd__clkbuf_16)
                                                         clknet_3_1__leaf_clk (net)
                      0.073494    0.001193    0.544854 ^ dsa[16]._8_/CLK (sky130_fd_sc_hd__dfrtp_1)
     2    0.006168    0.104666    0.769433    1.314287 v dsa[16]._8_/Q (sky130_fd_sc_hd__dfrtp_1)
                                                         dsa[16].last_carry (net)
                      0.104666    0.000293    1.314579 v dsa[16]._4_/B1 (sky130_fd_sc_hd__a21o_1)
     2    0.005912    0.084474    0.316820    1.631399 v dsa[16]._4_/X (sky130_fd_sc_hd__a21o_1)
                                                         dsa[16]._1_ (net)
                      0.084474    0.000355    1.631753 v dsa[16]._5_/B (sky130_fd_sc_hd__nand2_1)
     1    0.005054    0.101266    0.129213    1.760966 ^ dsa[16]._5_/Y (sky130_fd_sc_hd__nand2_1)
                                                         dsa[16]._2_ (net)
                      0.101266    0.000372    1.761338 ^ dsa[16]._6_/B (sky130_fd_sc_hd__xnor2_1)
     1    0.003167    0.096315    0.132973    1.894311 v dsa[16]._6_/Y (sky130_fd_sc_hd__xnor2_1)
                                                         dsa[16].y_out_next (net)
                      0.096315    0.000195    1.894505 v dsa[16]._9_/D (sky130_fd_sc_hd__dfrtp_1)
                                              1.894505   data arrival time

                                 10.000000   10.000000   clock core_clock (rise edge)
                                  0.000000   10.000000   clock source latency
     1    0.015086    0.000000    0.000000   10.000000 ^ clk (in)
                                                         clk (net)
                      0.001413    0.000707   10.000708 ^ clkbuf_0_clk/A (sky130_fd_sc_hd__clkbuf_16)
     8    0.084849    0.155388    0.265143   10.265851 ^ clkbuf_0_clk/X (sky130_fd_sc_hd__clkbuf_16)
                                                         clknet_0_clk (net)
                      0.156172    0.008760   10.274611 ^ clkbuf_3_4__f_clk/A (sky130_fd_sc_hd__clkbuf_16)
     9    0.022714    0.070802    0.264628   10.539239 ^ clkbuf_3_4__f_clk/X (sky130_fd_sc_hd__clkbuf_16)
                                                         clknet_3_4__leaf_clk (net)
                      0.070827    0.001049   10.540288 ^ dsa[16]._9_/CLK (sky130_fd_sc_hd__dfrtp_1)
                                  0.000000   10.540288   clock reconvergence pessimism
                                 -0.287319   10.252970   library setup time
                                             10.252970   data required time
---------------------------------------------------------------------------------------------
                                             10.252970   data required time
                                             -1.894505   data arrival time
---------------------------------------------------------------------------------------------
                                              8.358464   slack (MET)


Startpoint: dsa[27]._8_ (rising edge-triggered flip-flop clocked by core_clock)
Endpoint: dsa[27]._9_ (rising edge-triggered flip-flop clocked by core_clock)
Path Group: core_clock
Path Type: max

Fanout         Cap        Slew       Delay        Time   Description
---------------------------------------------------------------------------------------------
                                  0.000000    0.000000   clock core_clock (rise edge)
                                  0.000000    0.000000   clock source latency
     1    0.015086    0.000000    0.000000    0.000000 ^ clk (in)
                                                         clk (net)
                      0.001413    0.000707    0.000707 ^ clkbuf_0_clk/A (sky130_fd_sc_hd__clkbuf_16)
     8    0.084849    0.155388    0.265144    0.265851 ^ clkbuf_0_clk/X (sky130_fd_sc_hd__clkbuf_16)
                                                         clknet_0_clk (net)
                      0.155666    0.005297    0.271148 ^ clkbuf_3_2__f_clk/A (sky130_fd_sc_hd__clkbuf_16)
    10    0.031969    0.083220    0.277120    0.548267 ^ clkbuf_3_2__f_clk/X (sky130_fd_sc_hd__clkbuf_16)
                                                         clknet_3_2__leaf_clk (net)
                      0.083274    0.001900    0.550167 ^ dsa[27]._8_/CLK (sky130_fd_sc_hd__dfrtp_1)
     2    0.006135    0.104399    0.773637    1.323804 v dsa[27]._8_/Q (sky130_fd_sc_hd__dfrtp_1)
                                                         dsa[27].last_carry (net)
                      0.104399    0.000374    1.324179 v dsa[27]._4_/B1 (sky130_fd_sc_hd__a21o_1)
     2    0.005911    0.084445    0.316764    1.640943 v dsa[27]._4_/X (sky130_fd_sc_hd__a21o_1)
                                                         dsa[27]._1_ (net)
                      0.084445    0.000222    1.641165 v dsa[27]._5_/B (sky130_fd_sc_hd__nand2_1)
     1    0.004847    0.102678    0.127133    1.768298 ^ dsa[27]._5_/Y (sky130_fd_sc_hd__nand2_1)
                                                         dsa[27]._2_ (net)
                      0.102679    0.000361    1.768660 ^ dsa[27]._6_/B (sky130_fd_sc_hd__xnor2_1)
     1    0.003430    0.100052    0.136683    1.905343 v dsa[27]._6_/Y (sky130_fd_sc_hd__xnor2_1)
                                                         dsa[27].y_out_next (net)
                      0.100052    0.000241    1.905584 v dsa[27]._9_/D (sky130_fd_sc_hd__dfrtp_1)
                                              1.905584   data arrival time

                                 10.000000   10.000000   clock core_clock (rise edge)
                                  0.000000   10.000000   clock source latency
     1    0.015086    0.000000    0.000000   10.000000 ^ clk (in)
                                                         clk (net)
                      0.001413    0.000707   10.000708 ^ clkbuf_0_clk/A (sky130_fd_sc_hd__clkbuf_16)
     8    0.084849    0.155388    0.265143   10.265851 ^ clkbuf_0_clk/X (sky130_fd_sc_hd__clkbuf_16)
                                                         clknet_0_clk (net)
                      0.155666    0.005297   10.271148 ^ clkbuf_3_2__f_clk/A (sky130_fd_sc_hd__clkbuf_16)
    10    0.031969    0.083220    0.277120   10.548267 ^ clkbuf_3_2__f_clk/X (sky130_fd_sc_hd__clkbuf_16)
                                                         clknet_3_2__leaf_clk (net)
                      0.083244    0.001356   10.549623 ^ dsa[27]._9_/CLK (sky130_fd_sc_hd__dfrtp_1)
                                  0.000000   10.549623   clock reconvergence pessimism
                                 -0.285565   10.264058   library setup time
                                             10.264058   data required time
---------------------------------------------------------------------------------------------
                                             10.264058   data required time
                                             -1.905584   data arrival time
---------------------------------------------------------------------------------------------
                                              8.358474   slack (MET)


Startpoint: dsa[23]._8_ (rising edge-triggered flip-flop clocked by core_clock)
Endpoint: dsa[23]._9_ (rising edge-triggered flip-flop clocked by core_clock)
Path Group: core_clock
Path Type: max

Fanout         Cap        Slew       Delay        Time   Description
---------------------------------------------------------------------------------------------
                                  0.000000    0.000000   clock core_clock (rise edge)
                                  0.000000    0.000000   clock source latency
     1    0.015086    0.000000    0.000000    0.000000 ^ clk (in)
                                                         clk (net)
                      0.001413    0.000707    0.000707 ^ clkbuf_0_clk/A (sky130_fd_sc_hd__clkbuf_16)
     8    0.084849    0.155388    0.265144    0.265851 ^ clkbuf_0_clk/X (sky130_fd_sc_hd__clkbuf_16)
                                                         clknet_0_clk (net)
                      0.155666    0.005297    0.271148 ^ clkbuf_3_2__f_clk/A (sky130_fd_sc_hd__clkbuf_16)
    10    0.031969    0.083220    0.277120    0.548267 ^ clkbuf_3_2__f_clk/X (sky130_fd_sc_hd__clkbuf_16)
                                                         clknet_3_2__leaf_clk (net)
                      0.083257    0.001627    0.549894 ^ dsa[23]._8_/CLK (sky130_fd_sc_hd__dfrtp_1)
     2    0.006530    0.107654    0.777259    1.327152 v dsa[23]._8_/Q (sky130_fd_sc_hd__dfrtp_1)
                                                         dsa[23].last_carry (net)
                      0.107654    0.000382    1.327534 v dsa[23]._4_/B1 (sky130_fd_sc_hd__a21o_1)
     2    0.005922    0.084559    0.318095    1.645629 v dsa[23]._4_/X (sky130_fd_sc_hd__a21o_1)
                                                         dsa[23]._1_ (net)
                      0.084560    0.000390    1.646019 v dsa[23]._5_/B (sky130_fd_sc_hd__nand2_1)
     1    0.004863    0.099088    0.127408    1.773428 ^ dsa[23]._5_/Y (sky130_fd_sc_hd__nand2_1)
                                                         dsa[23]._2_ (net)
                      0.099088    0.000230    1.773658 ^ dsa[23]._6_/B (sky130_fd_sc_hd__xnor2_1)
     1    0.002765    0.090583    0.127147    1.900804 v dsa[23]._6_/Y (sky130_fd_sc_hd__xnor2_1)
                                                         dsa[23].y_out_next (net)
                      0.090591    0.000176    1.900980 v dsa[23]._9_/D (sky130_fd_sc_hd__dfrtp_1)
                                              1.900980   data arrival time

                                 10.000000   10.000000   clock core_clock (rise edge)
                                  0.000000   10.000000   clock source latency
     1    0.015086    0.000000    0.000000   10.000000 ^ clk (in)
                                                         clk (net)
                      0.001413    0.000707   10.000708 ^ clkbuf_0_clk/A (sky130_fd_sc_hd__clkbuf_16)
     8    0.084849    0.155388    0.265143   10.265851 ^ clkbuf_0_clk/X (sky130_fd_sc_hd__clkbuf_16)
                                                         clknet_0_clk (net)
                      0.155628    0.004937   10.270788 ^ clkbuf_3_3__f_clk/A (sky130_fd_sc_hd__clkbuf_16)
     9    0.027343    0.076841    0.270870   10.541658 ^ clkbuf_3_3__f_clk/X (sky130_fd_sc_hd__clkbuf_16)
                                                         clknet_3_3__leaf_clk (net)
                      0.076866    0.001264   10.542922 ^ dsa[23]._9_/CLK (sky130_fd_sc_hd__dfrtp_1)
                                  0.000000   10.542922   clock reconvergence pessimism
                                 -0.283321   10.259602   library setup time
                                             10.259602   data required time
---------------------------------------------------------------------------------------------
                                             10.259602   data required time
                                             -1.900980   data arrival time
---------------------------------------------------------------------------------------------
                                              8.358622   slack (MET)


Startpoint: dsa[24]._8_ (rising edge-triggered flip-flop clocked by core_clock)
Endpoint: dsa[24]._9_ (rising edge-triggered flip-flop clocked by core_clock)
Path Group: core_clock
Path Type: max

Fanout         Cap        Slew       Delay        Time   Description
---------------------------------------------------------------------------------------------
                                  0.000000    0.000000   clock core_clock (rise edge)
                                  0.000000    0.000000   clock source latency
     1    0.015086    0.000000    0.000000    0.000000 ^ clk (in)
                                                         clk (net)
                      0.001413    0.000707    0.000707 ^ clkbuf_0_clk/A (sky130_fd_sc_hd__clkbuf_16)
     8    0.084849    0.155388    0.265144    0.265851 ^ clkbuf_0_clk/X (sky130_fd_sc_hd__clkbuf_16)
                                                         clknet_0_clk (net)
                      0.155666    0.005297    0.271148 ^ clkbuf_3_2__f_clk/A (sky130_fd_sc_hd__clkbuf_16)
    10    0.031969    0.083220    0.277120    0.548267 ^ clkbuf_3_2__f_clk/X (sky130_fd_sc_hd__clkbuf_16)
                                                         clknet_3_2__leaf_clk (net)
                      0.083279    0.001968    0.550235 ^ dsa[24]._8_/CLK (sky130_fd_sc_hd__dfrtp_1)
     2    0.005279    0.097556    0.765786    1.316021 v dsa[24]._8_/Q (sky130_fd_sc_hd__dfrtp_1)
                                                         dsa[24].last_carry (net)
                      0.097556    0.000346    1.316367 v dsa[24]._4_/B1 (sky130_fd_sc_hd__a21o_1)
     2    0.005835    0.083916    0.313341    1.629708 v dsa[24]._4_/X (sky130_fd_sc_hd__a21o_1)
                                                         dsa[24]._1_ (net)
                      0.083917    0.000371    1.630079 v dsa[24]._5_/B (sky130_fd_sc_hd__nand2_1)
     1    0.005251    0.104491    0.130912    1.760991 ^ dsa[24]._5_/Y (sky130_fd_sc_hd__nand2_1)
                                                         dsa[24]._2_ (net)
                      0.104491    0.000384    1.761375 ^ dsa[24]._6_/B (sky130_fd_sc_hd__xnor2_1)
     1    0.003305    0.098303    0.135946    1.897321 v dsa[24]._6_/Y (sky130_fd_sc_hd__xnor2_1)
                                                         dsa[24].y_out_next (net)
                      0.098303    0.000127    1.897448 v dsa[24]._9_/D (sky130_fd_sc_hd__dfrtp_1)
                                              1.897448   data arrival time

                                 10.000000   10.000000   clock core_clock (rise edge)
                                  0.000000   10.000000   clock source latency
     1    0.015086    0.000000    0.000000   10.000000 ^ clk (in)
                                                         clk (net)
                      0.001413    0.000707   10.000708 ^ clkbuf_0_clk/A (sky130_fd_sc_hd__clkbuf_16)
     8    0.084849    0.155388    0.265143   10.265851 ^ clkbuf_0_clk/X (sky130_fd_sc_hd__clkbuf_16)
                                                         clknet_0_clk (net)
                      0.155628    0.004937   10.270788 ^ clkbuf_3_3__f_clk/A (sky130_fd_sc_hd__clkbuf_16)
     9    0.027343    0.076841    0.270870   10.541658 ^ clkbuf_3_3__f_clk/X (sky130_fd_sc_hd__clkbuf_16)
                                                         clknet_3_3__leaf_clk (net)
                      0.076871    0.001362   10.543020 ^ dsa[24]._9_/CLK (sky130_fd_sc_hd__dfrtp_1)
                                  0.000000   10.543020   clock reconvergence pessimism
                                 -0.286536   10.256484   library setup time
                                             10.256484   data required time
---------------------------------------------------------------------------------------------
                                             10.256484   data required time
                                             -1.897448   data arrival time
---------------------------------------------------------------------------------------------
                                              8.359036   slack (MET)


Startpoint: dsa[11]._8_ (rising edge-triggered flip-flop clocked by core_clock)
Endpoint: dsa[11]._9_ (rising edge-triggered flip-flop clocked by core_clock)
Path Group: core_clock
Path Type: max

Fanout         Cap        Slew       Delay        Time   Description
---------------------------------------------------------------------------------------------
                                  0.000000    0.000000   clock core_clock (rise edge)
                                  0.000000    0.000000   clock source latency
     1    0.015086    0.000000    0.000000    0.000000 ^ clk (in)
                                                         clk (net)
                      0.001413    0.000707    0.000707 ^ clkbuf_0_clk/A (sky130_fd_sc_hd__clkbuf_16)
     8    0.084849    0.155388    0.265144    0.265851 ^ clkbuf_0_clk/X (sky130_fd_sc_hd__clkbuf_16)
                                                         clknet_0_clk (net)
                      0.155817    0.006528    0.272379 ^ clkbuf_3_6__f_clk/A (sky130_fd_sc_hd__clkbuf_16)
     8    0.027426    0.076950    0.271086    0.543465 ^ clkbuf_3_6__f_clk/X (sky130_fd_sc_hd__clkbuf_16)
                                                         clknet_3_6__leaf_clk (net)
                      0.076971    0.001177    0.544642 ^ dsa[11]._8_/CLK (sky130_fd_sc_hd__dfrtp_1)
     2    0.005642    0.100397    0.766202    1.310843 v dsa[11]._8_/Q (sky130_fd_sc_hd__dfrtp_1)
                                                         dsa[11].last_carry (net)
                      0.100397    0.000366    1.311209 v dsa[11]._4_/B1 (sky130_fd_sc_hd__a21o_1)
     2    0.006904    0.092019    0.322708    1.633917 v dsa[11]._4_/X (sky130_fd_sc_hd__a21o_1)
                                                         dsa[11]._1_ (net)
                      0.092019    0.000399    1.634316 v dsa[11]._5_/B (sky130_fd_sc_hd__nand2_1)
     1    0.004884    0.101768    0.131115    1.765431 ^ dsa[11]._5_/Y (sky130_fd_sc_hd__nand2_1)
                                                         dsa[11]._2_ (net)
                      0.101768    0.000365    1.765796 ^ dsa[11]._6_/B (sky130_fd_sc_hd__xnor2_1)
     1    0.003440    0.100197    0.136491    1.902287 v dsa[11]._6_/Y (sky130_fd_sc_hd__xnor2_1)
                                                         dsa[11].y_out_next (net)
                      0.100197    0.000137    1.902424 v dsa[11]._9_/D (sky130_fd_sc_hd__dfrtp_1)
                                              1.902424   data arrival time

                                 10.000000   10.000000   clock core_clock (rise edge)
                                  0.000000   10.000000   clock source latency
     1    0.015086    0.000000    0.000000   10.000000 ^ clk (in)
                                                         clk (net)
                      0.001413    0.000707   10.000708 ^ clkbuf_0_clk/A (sky130_fd_sc_hd__clkbuf_16)
     8    0.084849    0.155388    0.265143   10.265851 ^ clkbuf_0_clk/X (sky130_fd_sc_hd__clkbuf_16)
                                                         clknet_0_clk (net)
                      0.155834    0.006654   10.272505 ^ clkbuf_3_7__f_clk/A (sky130_fd_sc_hd__clkbuf_16)
    10    0.029828    0.080221    0.274364   10.546868 ^ clkbuf_3_7__f_clk/X (sky130_fd_sc_hd__clkbuf_16)
                                                         clknet_3_7__leaf_clk (net)
                      0.080249    0.001388   10.548257 ^ dsa[11]._9_/CLK (sky130_fd_sc_hd__dfrtp_1)
                                  0.000000   10.548257   clock reconvergence pessimism
                                 -0.286425   10.261831   library setup time
                                             10.261831   data required time
---------------------------------------------------------------------------------------------
                                             10.261831   data required time
                                             -1.902424   data arrival time
---------------------------------------------------------------------------------------------
                                              8.359407   slack (MET)


Startpoint: dsa[8]._8_ (rising edge-triggered flip-flop clocked by core_clock)
Endpoint: dsa[8]._9_ (rising edge-triggered flip-flop clocked by core_clock)
Path Group: core_clock
Path Type: max

Fanout         Cap        Slew       Delay        Time   Description
---------------------------------------------------------------------------------------------
                                  0.000000    0.000000   clock core_clock (rise edge)
                                  0.000000    0.000000   clock source latency
     1    0.015086    0.000000    0.000000    0.000000 ^ clk (in)
                                                         clk (net)
                      0.001413    0.000707    0.000707 ^ clkbuf_0_clk/A (sky130_fd_sc_hd__clkbuf_16)
     8    0.084849    0.155388    0.265144    0.265851 ^ clkbuf_0_clk/X (sky130_fd_sc_hd__clkbuf_16)
                                                         clknet_0_clk (net)
                      0.156172    0.008760    0.274610 ^ clkbuf_3_4__f_clk/A (sky130_fd_sc_hd__clkbuf_16)
     9    0.022714    0.070802    0.264628    0.539239 ^ clkbuf_3_4__f_clk/X (sky130_fd_sc_hd__clkbuf_16)
                                                         clknet_3_4__leaf_clk (net)
                      0.070827    0.001047    0.540286 ^ dsa[8]._8_/CLK (sky130_fd_sc_hd__dfrtp_1)
     2    0.006110    0.104205    0.767669    1.307955 v dsa[8]._8_/Q (sky130_fd_sc_hd__dfrtp_1)
                                                         dsa[8].last_carry (net)
                      0.104205    0.000205    1.308160 v dsa[8]._4_/B1 (sky130_fd_sc_hd__a21o_1)
     2    0.007494    0.096609    0.328771    1.636932 v dsa[8]._4_/X (sky130_fd_sc_hd__a21o_1)
                                                         dsa[8]._1_ (net)
                      0.096609    0.000405    1.637336 v dsa[8]._5_/B (sky130_fd_sc_hd__nand2_1)
     1    0.005236    0.107022    0.136797    1.774133 ^ dsa[8]._5_/Y (sky130_fd_sc_hd__nand2_1)
                                                         dsa[8]._2_ (net)
                      0.107022    0.000401    1.774534 ^ dsa[8]._6_/B (sky130_fd_sc_hd__xnor2_1)
     1    0.002145    0.081842    0.122342    1.896876 v dsa[8]._6_/Y (sky130_fd_sc_hd__xnor2_1)
                                                         dsa[8].y_out_next (net)
                      0.081842    0.000154    1.897030 v dsa[8]._9_/D (sky130_fd_sc_hd__dfrtp_1)
                                              1.897030   data arrival time

                                 10.000000   10.000000   clock core_clock (rise edge)
                                  0.000000   10.000000   clock source latency
     1    0.015086    0.000000    0.000000   10.000000 ^ clk (in)
                                                         clk (net)
                      0.001413    0.000707   10.000708 ^ clkbuf_0_clk/A (sky130_fd_sc_hd__clkbuf_16)
     8    0.084849    0.155388    0.265143   10.265851 ^ clkbuf_0_clk/X (sky130_fd_sc_hd__clkbuf_16)
                                                         clknet_0_clk (net)
                      0.156172    0.008760   10.274611 ^ clkbuf_3_4__f_clk/A (sky130_fd_sc_hd__clkbuf_16)
     9    0.022714    0.070802    0.264628   10.539239 ^ clkbuf_3_4__f_clk/X (sky130_fd_sc_hd__clkbuf_16)
                                                         clknet_3_4__leaf_clk (net)
                      0.070830    0.001313   10.540552 ^ dsa[8]._9_/CLK (sky130_fd_sc_hd__dfrtp_1)
                                  0.000000   10.540552   clock reconvergence pessimism
                                 -0.281282   10.259270   library setup time
                                             10.259270   data required time
---------------------------------------------------------------------------------------------
                                             10.259270   data required time
                                             -1.897030   data arrival time
---------------------------------------------------------------------------------------------
                                              8.362240   slack (MET)


Startpoint: dsa[28]._8_ (rising edge-triggered flip-flop clocked by core_clock)
Endpoint: dsa[28]._9_ (rising edge-triggered flip-flop clocked by core_clock)
Path Group: core_clock
Path Type: max

Fanout         Cap        Slew       Delay        Time   Description
---------------------------------------------------------------------------------------------
                                  0.000000    0.000000   clock core_clock (rise edge)
                                  0.000000    0.000000   clock source latency
     1    0.015086    0.000000    0.000000    0.000000 ^ clk (in)
                                                         clk (net)
                      0.001413    0.000707    0.000707 ^ clkbuf_0_clk/A (sky130_fd_sc_hd__clkbuf_16)
     8    0.084849    0.155388    0.265144    0.265851 ^ clkbuf_0_clk/X (sky130_fd_sc_hd__clkbuf_16)
                                                         clknet_0_clk (net)
                      0.155666    0.005297    0.271148 ^ clkbuf_3_2__f_clk/A (sky130_fd_sc_hd__clkbuf_16)
    10    0.031969    0.083220    0.277120    0.548267 ^ clkbuf_3_2__f_clk/X (sky130_fd_sc_hd__clkbuf_16)
                                                         clknet_3_2__leaf_clk (net)
                      0.083278    0.001961    0.550228 ^ dsa[28]._8_/CLK (sky130_fd_sc_hd__dfrtp_1)
     2    0.006143    0.104472    0.773719    1.323947 v dsa[28]._8_/Q (sky130_fd_sc_hd__dfrtp_1)
                                                         dsa[28].last_carry (net)
                      0.104472    0.000357    1.324304 v dsa[28]._4_/B1 (sky130_fd_sc_hd__a21o_1)
     2    0.006159    0.086330    0.318630    1.642934 v dsa[28]._4_/X (sky130_fd_sc_hd__a21o_1)
                                                         dsa[28]._1_ (net)
                      0.086330    0.000342    1.643276 v dsa[28]._5_/B (sky130_fd_sc_hd__nand2_1)
     1    0.004845    0.099102    0.128065    1.771341 ^ dsa[28]._5_/Y (sky130_fd_sc_hd__nand2_1)
                                                         dsa[28]._2_ (net)
                      0.099102    0.000227    1.771568 ^ dsa[28]._6_/B (sky130_fd_sc_hd__xnor2_1)
     1    0.003426    0.099993    0.135290    1.906858 v dsa[28]._6_/Y (sky130_fd_sc_hd__xnor2_1)
                                                         dsa[28].y_out_next (net)
                      0.099993    0.000225    1.907083 v dsa[28]._9_/D (sky130_fd_sc_hd__dfrtp_1)
                                              1.907083   data arrival time

                                 10.000000   10.000000   clock core_clock (rise edge)
                                  0.000000   10.000000   clock source latency
     1    0.015086    0.000000    0.000000   10.000000 ^ clk (in)
                                                         clk (net)
                      0.001413    0.000707   10.000708 ^ clkbuf_0_clk/A (sky130_fd_sc_hd__clkbuf_16)
     8    0.084849    0.155388    0.265143   10.265851 ^ clkbuf_0_clk/X (sky130_fd_sc_hd__clkbuf_16)
                                                         clknet_0_clk (net)
                      0.156452    0.010188   10.276039 ^ clkbuf_3_0__f_clk/A (sky130_fd_sc_hd__clkbuf_16)
    10    0.032964    0.084590    0.278967   10.555006 ^ clkbuf_3_0__f_clk/X (sky130_fd_sc_hd__clkbuf_16)
                                                         clknet_3_0__leaf_clk (net)
                      0.084616    0.001414   10.556420 ^ dsa[28]._9_/CLK (sky130_fd_sc_hd__dfrtp_1)
                                  0.000000   10.556420   clock reconvergence pessimism
                                 -0.285175   10.271245   library setup time
                                             10.271245   data required time
---------------------------------------------------------------------------------------------
                                             10.271245   data required time
                                             -1.907083   data arrival time
---------------------------------------------------------------------------------------------
                                              8.364162   slack (MET)


Startpoint: dsa[5]._8_ (rising edge-triggered flip-flop clocked by core_clock)
Endpoint: dsa[5]._9_ (rising edge-triggered flip-flop clocked by core_clock)
Path Group: core_clock
Path Type: max

Fanout         Cap        Slew       Delay        Time   Description
---------------------------------------------------------------------------------------------
                                  0.000000    0.000000   clock core_clock (rise edge)
                                  0.000000    0.000000   clock source latency
     1    0.015086    0.000000    0.000000    0.000000 ^ clk (in)
                                                         clk (net)
                      0.001413    0.000707    0.000707 ^ clkbuf_0_clk/A (sky130_fd_sc_hd__clkbuf_16)
     8    0.084849    0.155388    0.265144    0.265851 ^ clkbuf_0_clk/X (sky130_fd_sc_hd__clkbuf_16)
                                                         clknet_0_clk (net)
                      0.156230    0.009074    0.274925 ^ clkbuf_3_5__f_clk/A (sky130_fd_sc_hd__clkbuf_16)
     8    0.030080    0.080567    0.274894    0.549819 ^ clkbuf_3_5__f_clk/X (sky130_fd_sc_hd__clkbuf_16)
                                                         clknet_3_5__leaf_clk (net)
                      0.080602    0.001536    0.551355 ^ dsa[5]._8_/CLK (sky130_fd_sc_hd__dfrtp_1)
     2    0.006220    0.105088    0.773191    1.324546 v dsa[5]._8_/Q (sky130_fd_sc_hd__dfrtp_1)
                                                         dsa[5].last_carry (net)
                      0.105088    0.000348    1.324894 v dsa[5]._4_/B1 (sky130_fd_sc_hd__a21o_1)
     2    0.006054    0.085554    0.318049    1.642943 v dsa[5]._4_/X (sky130_fd_sc_hd__a21o_1)
                                                         dsa[5]._1_ (net)
                      0.085556    0.000476    1.643419 v dsa[5]._5_/B (sky130_fd_sc_hd__nand2_1)
     1    0.005254    0.104034    0.131720    1.775139 ^ dsa[5]._5_/Y (sky130_fd_sc_hd__nand2_1)
                                                         dsa[5]._2_ (net)
                      0.104034    0.000387    1.775526 ^ dsa[5]._6_/B (sky130_fd_sc_hd__xnor2_1)
     1    0.002622    0.088569    0.127210    1.902737 v dsa[5]._6_/Y (sky130_fd_sc_hd__xnor2_1)
                                                         dsa[5].y_out_next (net)
                      0.088569    0.000169    1.902905 v dsa[5]._9_/D (sky130_fd_sc_hd__dfrtp_1)
                                              1.902905   data arrival time

                                 10.000000   10.000000   clock core_clock (rise edge)
                                  0.000000   10.000000   clock source latency
     1    0.015086    0.000000    0.000000   10.000000 ^ clk (in)
                                                         clk (net)
                      0.001413    0.000707   10.000708 ^ clkbuf_0_clk/A (sky130_fd_sc_hd__clkbuf_16)
     8    0.084849    0.155388    0.265143   10.265851 ^ clkbuf_0_clk/X (sky130_fd_sc_hd__clkbuf_16)
                                                         clknet_0_clk (net)
                      0.156230    0.009075   10.274925 ^ clkbuf_3_5__f_clk/A (sky130_fd_sc_hd__clkbuf_16)
     8    0.030080    0.080567    0.274894   10.549819 ^ clkbuf_3_5__f_clk/X (sky130_fd_sc_hd__clkbuf_16)
                                                         clknet_3_5__leaf_clk (net)
                      0.080597    0.001434   10.551253 ^ dsa[5]._9_/CLK (sky130_fd_sc_hd__dfrtp_1)
                                  0.000000   10.551253   clock reconvergence pessimism
                                 -0.281483   10.269771   library setup time
                                             10.269771   data required time
---------------------------------------------------------------------------------------------
                                             10.269771   data required time
                                             -1.902905   data arrival time
---------------------------------------------------------------------------------------------
                                              8.366865   slack (MET)


Startpoint: dsa[25]._8_ (rising edge-triggered flip-flop clocked by core_clock)
Endpoint: dsa[25]._9_ (rising edge-triggered flip-flop clocked by core_clock)
Path Group: core_clock
Path Type: max

Fanout         Cap        Slew       Delay        Time   Description
---------------------------------------------------------------------------------------------
                                  0.000000    0.000000   clock core_clock (rise edge)
                                  0.000000    0.000000   clock source latency
     1    0.015086    0.000000    0.000000    0.000000 ^ clk (in)
                                                         clk (net)
                      0.001413    0.000707    0.000707 ^ clkbuf_0_clk/A (sky130_fd_sc_hd__clkbuf_16)
     8    0.084849    0.155388    0.265144    0.265851 ^ clkbuf_0_clk/X (sky130_fd_sc_hd__clkbuf_16)
                                                         clknet_0_clk (net)
                      0.155666    0.005297    0.271148 ^ clkbuf_3_2__f_clk/A (sky130_fd_sc_hd__clkbuf_16)
    10    0.031969    0.083220    0.277120    0.548267 ^ clkbuf_3_2__f_clk/X (sky130_fd_sc_hd__clkbuf_16)
                                                         clknet_3_2__leaf_clk (net)
                      0.083287    0.002085    0.550352 ^ dsa[25]._8_/CLK (sky130_fd_sc_hd__dfrtp_1)
     2    0.006113    0.104239    0.773409    1.323761 v dsa[25]._8_/Q (sky130_fd_sc_hd__dfrtp_1)
                                                         dsa[25].last_carry (net)
                      0.104239    0.000381    1.324142 v dsa[25]._4_/B1 (sky130_fd_sc_hd__a21o_1)
     2    0.006649    0.090029    0.322355    1.646496 v dsa[25]._4_/X (sky130_fd_sc_hd__a21o_1)
                                                         dsa[25]._1_ (net)
                      0.090029    0.000339    1.646836 v dsa[25]._5_/B (sky130_fd_sc_hd__nand2_1)
     1    0.005005    0.100741    0.131376    1.778211 ^ dsa[25]._5_/Y (sky130_fd_sc_hd__nand2_1)
                                                         dsa[25]._2_ (net)
                      0.100741    0.000370    1.778581 ^ dsa[25]._6_/B (sky130_fd_sc_hd__xnor2_1)
     1    0.002323    0.084323    0.122247    1.900828 v dsa[25]._6_/Y (sky130_fd_sc_hd__xnor2_1)
                                                         dsa[25].y_out_next (net)
                      0.084323    0.000169    1.900997 v dsa[25]._9_/D (sky130_fd_sc_hd__dfrtp_1)
                                              1.900997   data arrival time

                                 10.000000   10.000000   clock core_clock (rise edge)
                                  0.000000   10.000000   clock source latency
     1    0.015086    0.000000    0.000000   10.000000 ^ clk (in)
                                                         clk (net)
                      0.001413    0.000707   10.000708 ^ clkbuf_0_clk/A (sky130_fd_sc_hd__clkbuf_16)
     8    0.084849    0.155388    0.265143   10.265851 ^ clkbuf_0_clk/X (sky130_fd_sc_hd__clkbuf_16)
                                                         clknet_0_clk (net)
                      0.155666    0.005297   10.271148 ^ clkbuf_3_2__f_clk/A (sky130_fd_sc_hd__clkbuf_16)
    10    0.031969    0.083220    0.277120   10.548267 ^ clkbuf_3_2__f_clk/X (sky130_fd_sc_hd__clkbuf_16)
                                                         clknet_3_2__leaf_clk (net)
                      0.083259    0.001653   10.549920 ^ dsa[25]._9_/CLK (sky130_fd_sc_hd__dfrtp_1)
                                  0.000000   10.549920   clock reconvergence pessimism
                                 -0.279003   10.270918   library setup time
                                             10.270918   data required time
---------------------------------------------------------------------------------------------
                                             10.270918   data required time
                                             -1.900997   data arrival time
---------------------------------------------------------------------------------------------
                                              8.369920   slack (MET)


Startpoint: dsa[14]._8_ (rising edge-triggered flip-flop clocked by core_clock)
Endpoint: dsa[14]._9_ (rising edge-triggered flip-flop clocked by core_clock)
Path Group: core_clock
Path Type: max

Fanout         Cap        Slew       Delay        Time   Description
---------------------------------------------------------------------------------------------
                                  0.000000    0.000000   clock core_clock (rise edge)
                                  0.000000    0.000000   clock source latency
     1    0.015086    0.000000    0.000000    0.000000 ^ clk (in)
                                                         clk (net)
                      0.001413    0.000707    0.000707 ^ clkbuf_0_clk/A (sky130_fd_sc_hd__clkbuf_16)
     8    0.084849    0.155388    0.265144    0.265851 ^ clkbuf_0_clk/X (sky130_fd_sc_hd__clkbuf_16)
                                                         clknet_0_clk (net)
                      0.155628    0.004937    0.270788 ^ clkbuf_3_3__f_clk/A (sky130_fd_sc_hd__clkbuf_16)
     9    0.027343    0.076841    0.270870    0.541658 ^ clkbuf_3_3__f_clk/X (sky130_fd_sc_hd__clkbuf_16)
                                                         clknet_3_3__leaf_clk (net)
                      0.076868    0.001304    0.542962 ^ dsa[14]._8_/CLK (sky130_fd_sc_hd__dfrtp_1)
     2    0.005848    0.102099    0.768014    1.310976 v dsa[14]._8_/Q (sky130_fd_sc_hd__dfrtp_1)
                                                         dsa[14].last_carry (net)
                      0.102099    0.000373    1.311350 v dsa[14]._4_/B1 (sky130_fd_sc_hd__a21o_1)
     2    0.005438    0.080938    0.312151    1.623501 v dsa[14]._4_/X (sky130_fd_sc_hd__a21o_1)
                                                         dsa[14]._1_ (net)
                      0.080938    0.000318    1.623819 v dsa[14]._5_/B (sky130_fd_sc_hd__nand2_1)
     1    0.005465    0.106485    0.131633    1.755452 ^ dsa[14]._5_/Y (sky130_fd_sc_hd__nand2_1)
                                                         dsa[14]._2_ (net)
                      0.106485    0.000395    1.755847 ^ dsa[14]._6_/B (sky130_fd_sc_hd__xnor2_1)
     1    0.003033    0.094426    0.133268    1.889114 v dsa[14]._6_/Y (sky130_fd_sc_hd__xnor2_1)
                                                         dsa[14].y_out_next (net)
                      0.094426    0.000193    1.889307 v dsa[14]._9_/D (sky130_fd_sc_hd__dfrtp_1)
                                              1.889307   data arrival time

                                 10.000000   10.000000   clock core_clock (rise edge)
                                  0.000000   10.000000   clock source latency
     1    0.015086    0.000000    0.000000   10.000000 ^ clk (in)
                                                         clk (net)
                      0.001413    0.000707   10.000708 ^ clkbuf_0_clk/A (sky130_fd_sc_hd__clkbuf_16)
     8    0.084849    0.155388    0.265143   10.265851 ^ clkbuf_0_clk/X (sky130_fd_sc_hd__clkbuf_16)
                                                         clknet_0_clk (net)
                      0.155817    0.006528   10.272379 ^ clkbuf_3_6__f_clk/A (sky130_fd_sc_hd__clkbuf_16)
     8    0.027426    0.076950    0.271086   10.543465 ^ clkbuf_3_6__f_clk/X (sky130_fd_sc_hd__clkbuf_16)
                                                         clknet_3_6__leaf_clk (net)
                      0.076976    0.001274   10.544739 ^ dsa[14]._9_/CLK (sky130_fd_sc_hd__dfrtp_1)
                                  0.000000   10.544739   clock reconvergence pessimism
                                 -0.284891   10.259848   library setup time
                                             10.259848   data required time
---------------------------------------------------------------------------------------------
                                             10.259848   data required time
                                             -1.889307   data arrival time
---------------------------------------------------------------------------------------------
                                              8.370540   slack (MET)


Startpoint: dsa[17]._8_ (rising edge-triggered flip-flop clocked by core_clock)
Endpoint: dsa[17]._9_ (rising edge-triggered flip-flop clocked by core_clock)
Path Group: core_clock
Path Type: max

Fanout         Cap        Slew       Delay        Time   Description
---------------------------------------------------------------------------------------------
                                  0.000000    0.000000   clock core_clock (rise edge)
                                  0.000000    0.000000   clock source latency
     1    0.015086    0.000000    0.000000    0.000000 ^ clk (in)
                                                         clk (net)
                      0.001413    0.000707    0.000707 ^ clkbuf_0_clk/A (sky130_fd_sc_hd__clkbuf_16)
     8    0.084849    0.155388    0.265144    0.265851 ^ clkbuf_0_clk/X (sky130_fd_sc_hd__clkbuf_16)
                                                         clknet_0_clk (net)
                      0.156441    0.010137    0.275988 ^ clkbuf_3_1__f_clk/A (sky130_fd_sc_hd__clkbuf_16)
     7    0.024793    0.073466    0.267673    0.543661 ^ clkbuf_3_1__f_clk/X (sky130_fd_sc_hd__clkbuf_16)
                                                         clknet_3_1__leaf_clk (net)
                      0.073498    0.001249    0.544910 ^ dsa[17]._8_/CLK (sky130_fd_sc_hd__dfrtp_1)
     2    0.006565    0.107963    0.773040    1.317950 v dsa[17]._8_/Q (sky130_fd_sc_hd__dfrtp_1)
                                                         dsa[17].last_carry (net)
                      0.107963    0.000370    1.318319 v dsa[17]._4_/B1 (sky130_fd_sc_hd__a21o_1)
     2    0.005604    0.082176    0.315847    1.634166 v dsa[17]._4_/X (sky130_fd_sc_hd__a21o_1)
                                                         dsa[17]._1_ (net)
                      0.082176    0.000185    1.634351 v dsa[17]._5_/B (sky130_fd_sc_hd__nand2_1)
     1    0.004998    0.102967    0.127563    1.761914 ^ dsa[17]._5_/Y (sky130_fd_sc_hd__nand2_1)
                                                         dsa[17]._2_ (net)
                      0.102968    0.000369    1.762283 ^ dsa[17]._6_/B (sky130_fd_sc_hd__xnor2_1)
     1    0.002418    0.085681    0.124272    1.886554 v dsa[17]._6_/Y (sky130_fd_sc_hd__xnor2_1)
                                                         dsa[17].y_out_next (net)
                      0.085681    0.000163    1.886718 v dsa[17]._9_/D (sky130_fd_sc_hd__dfrtp_1)
                                              1.886718   data arrival time

                                 10.000000   10.000000   clock core_clock (rise edge)
                                  0.000000   10.000000   clock source latency
     1    0.015086    0.000000    0.000000   10.000000 ^ clk (in)
                                                         clk (net)
                      0.001413    0.000707   10.000708 ^ clkbuf_0_clk/A (sky130_fd_sc_hd__clkbuf_16)
     8    0.084849    0.155388    0.265143   10.265851 ^ clkbuf_0_clk/X (sky130_fd_sc_hd__clkbuf_16)
                                                         clknet_0_clk (net)
                      0.156172    0.008760   10.274611 ^ clkbuf_3_4__f_clk/A (sky130_fd_sc_hd__clkbuf_16)
     9    0.022714    0.070802    0.264628   10.539239 ^ clkbuf_3_4__f_clk/X (sky130_fd_sc_hd__clkbuf_16)
                                                         clknet_3_4__leaf_clk (net)
                      0.070827    0.001050   10.540289 ^ dsa[17]._9_/CLK (sky130_fd_sc_hd__dfrtp_1)
                                  0.000000   10.540289   clock reconvergence pessimism
                                 -0.282884   10.257405   library setup time
                                             10.257405   data required time
---------------------------------------------------------------------------------------------
                                             10.257405   data required time
                                             -1.886718   data arrival time
---------------------------------------------------------------------------------------------
                                              8.370687   slack (MET)


Startpoint: dsa[12]._8_ (rising edge-triggered flip-flop clocked by core_clock)
Endpoint: dsa[12]._9_ (rising edge-triggered flip-flop clocked by core_clock)
Path Group: core_clock
Path Type: max

Fanout         Cap        Slew       Delay        Time   Description
---------------------------------------------------------------------------------------------
                                  0.000000    0.000000   clock core_clock (rise edge)
                                  0.000000    0.000000   clock source latency
     1    0.015086    0.000000    0.000000    0.000000 ^ clk (in)
                                                         clk (net)
                      0.001413    0.000707    0.000707 ^ clkbuf_0_clk/A (sky130_fd_sc_hd__clkbuf_16)
     8    0.084849    0.155388    0.265144    0.265851 ^ clkbuf_0_clk/X (sky130_fd_sc_hd__clkbuf_16)
                                                         clknet_0_clk (net)
                      0.155817    0.006528    0.272379 ^ clkbuf_3_6__f_clk/A (sky130_fd_sc_hd__clkbuf_16)
     8    0.027426    0.076950    0.271086    0.543465 ^ clkbuf_3_6__f_clk/X (sky130_fd_sc_hd__clkbuf_16)
                                                         clknet_3_6__leaf_clk (net)
                      0.076973    0.001205    0.544670 ^ dsa[12]._8_/CLK (sky130_fd_sc_hd__dfrtp_1)
     2    0.005607    0.100128    0.765881    1.310551 v dsa[12]._8_/Q (sky130_fd_sc_hd__dfrtp_1)
                                                         dsa[12].last_carry (net)
                      0.100128    0.000353    1.310904 v dsa[12]._4_/B1 (sky130_fd_sc_hd__a21o_1)
     2    0.006266    0.087119    0.317748    1.628652 v dsa[12]._4_/X (sky130_fd_sc_hd__a21o_1)
                                                         dsa[12]._1_ (net)
                      0.087119    0.000324    1.628976 v dsa[12]._5_/B (sky130_fd_sc_hd__nand2_1)
     1    0.005112    0.104017    0.131055    1.760031 ^ dsa[12]._5_/Y (sky130_fd_sc_hd__nand2_1)
                                                         dsa[12]._2_ (net)
                      0.104017    0.000376    1.760407 ^ dsa[12]._6_/B (sky130_fd_sc_hd__xnor2_1)
     1    0.002948    0.093204    0.131295    1.891702 v dsa[12]._6_/Y (sky130_fd_sc_hd__xnor2_1)
                                                         dsa[12].y_out_next (net)
                      0.093204    0.000121    1.891823 v dsa[12]._9_/D (sky130_fd_sc_hd__dfrtp_1)
                                              1.891823   data arrival time

                                 10.000000   10.000000   clock core_clock (rise edge)
                                  0.000000   10.000000   clock source latency
     1    0.015086    0.000000    0.000000   10.000000 ^ clk (in)
                                                         clk (net)
                      0.001413    0.000707   10.000708 ^ clkbuf_0_clk/A (sky130_fd_sc_hd__clkbuf_16)
     8    0.084849    0.155388    0.265143   10.265851 ^ clkbuf_0_clk/X (sky130_fd_sc_hd__clkbuf_16)
                                                         clknet_0_clk (net)
                      0.155834    0.006654   10.272505 ^ clkbuf_3_7__f_clk/A (sky130_fd_sc_hd__clkbuf_16)
    10    0.029828    0.080221    0.274364   10.546868 ^ clkbuf_3_7__f_clk/X (sky130_fd_sc_hd__clkbuf_16)
                                                         clknet_3_7__leaf_clk (net)
                      0.080272    0.001784   10.548653 ^ dsa[12]._9_/CLK (sky130_fd_sc_hd__dfrtp_1)
                                  0.000000   10.548653   clock reconvergence pessimism
                                 -0.283502   10.265151   library setup time
                                             10.265151   data required time
---------------------------------------------------------------------------------------------
                                             10.265151   data required time
                                             -1.891823   data arrival time
---------------------------------------------------------------------------------------------
                                              8.373328   slack (MET)


Startpoint: dsa[4]._8_ (rising edge-triggered flip-flop clocked by core_clock)
Endpoint: dsa[4]._9_ (rising edge-triggered flip-flop clocked by core_clock)
Path Group: core_clock
Path Type: max

Fanout         Cap        Slew       Delay        Time   Description
---------------------------------------------------------------------------------------------
                                  0.000000    0.000000   clock core_clock (rise edge)
                                  0.000000    0.000000   clock source latency
     1    0.015086    0.000000    0.000000    0.000000 ^ clk (in)
                                                         clk (net)
                      0.001413    0.000707    0.000707 ^ clkbuf_0_clk/A (sky130_fd_sc_hd__clkbuf_16)
     8    0.084849    0.155388    0.265144    0.265851 ^ clkbuf_0_clk/X (sky130_fd_sc_hd__clkbuf_16)
                                                         clknet_0_clk (net)
                      0.156230    0.009074    0.274925 ^ clkbuf_3_5__f_clk/A (sky130_fd_sc_hd__clkbuf_16)
     8    0.030080    0.080567    0.274894    0.549819 ^ clkbuf_3_5__f_clk/X (sky130_fd_sc_hd__clkbuf_16)
                                                         clknet_3_5__leaf_clk (net)
                      0.080615    0.001752    0.551571 ^ dsa[4]._8_/CLK (sky130_fd_sc_hd__dfrtp_1)
     2    0.005529    0.099489    0.766908    1.318479 v dsa[4]._8_/Q (sky130_fd_sc_hd__dfrtp_1)
                                                         dsa[4].last_carry (net)
                      0.099489    0.000193    1.318672 v dsa[4]._4_/B1 (sky130_fd_sc_hd__a21o_1)
     2    0.005804    0.083679    0.313881    1.632553 v dsa[4]._4_/X (sky130_fd_sc_hd__a21o_1)
                                                         dsa[4]._1_ (net)
                      0.083680    0.000361    1.632914 v dsa[4]._5_/B (sky130_fd_sc_hd__nand2_1)
     1    0.005833    0.111094    0.136588    1.769503 ^ dsa[4]._5_/Y (sky130_fd_sc_hd__nand2_1)
                                                         dsa[4]._2_ (net)
                      0.111094    0.000442    1.769944 ^ dsa[4]._6_/B (sky130_fd_sc_hd__xnor2_1)
     1    0.002371    0.085035    0.126683    1.896627 v dsa[4]._6_/Y (sky130_fd_sc_hd__xnor2_1)
                                                         dsa[4].y_out_next (net)
                      0.085035    0.000162    1.896789 v dsa[4]._9_/D (sky130_fd_sc_hd__dfrtp_1)
                                              1.896789   data arrival time

                                 10.000000   10.000000   clock core_clock (rise edge)
                                  0.000000   10.000000   clock source latency
     1    0.015086    0.000000    0.000000   10.000000 ^ clk (in)
                                                         clk (net)
                      0.001413    0.000707   10.000708 ^ clkbuf_0_clk/A (sky130_fd_sc_hd__clkbuf_16)
     8    0.084849    0.155388    0.265143   10.265851 ^ clkbuf_0_clk/X (sky130_fd_sc_hd__clkbuf_16)
                                                         clknet_0_clk (net)
                      0.156230    0.009075   10.274925 ^ clkbuf_3_5__f_clk/A (sky130_fd_sc_hd__clkbuf_16)
     8    0.030080    0.080567    0.274894   10.549819 ^ clkbuf_3_5__f_clk/X (sky130_fd_sc_hd__clkbuf_16)
                                                         clknet_3_5__leaf_clk (net)
                      0.080576    0.000906   10.550725 ^ dsa[4]._9_/CLK (sky130_fd_sc_hd__dfrtp_1)
                                  0.000000   10.550725   clock reconvergence pessimism
                                 -0.280015   10.270710   library setup time
                                             10.270710   data required time
---------------------------------------------------------------------------------------------
                                             10.270710   data required time
                                             -1.896789   data arrival time
---------------------------------------------------------------------------------------------
                                              8.373921   slack (MET)


Startpoint: dsa[9]._8_ (rising edge-triggered flip-flop clocked by core_clock)
Endpoint: dsa[9]._9_ (rising edge-triggered flip-flop clocked by core_clock)
Path Group: core_clock
Path Type: max

Fanout         Cap        Slew       Delay        Time   Description
---------------------------------------------------------------------------------------------
                                  0.000000    0.000000   clock core_clock (rise edge)
                                  0.000000    0.000000   clock source latency
     1    0.015086    0.000000    0.000000    0.000000 ^ clk (in)
                                                         clk (net)
                      0.001413    0.000707    0.000707 ^ clkbuf_0_clk/A (sky130_fd_sc_hd__clkbuf_16)
     8    0.084849    0.155388    0.265144    0.265851 ^ clkbuf_0_clk/X (sky130_fd_sc_hd__clkbuf_16)
                                                         clknet_0_clk (net)
                      0.155817    0.006528    0.272379 ^ clkbuf_3_6__f_clk/A (sky130_fd_sc_hd__clkbuf_16)
     8    0.027426    0.076950    0.271086    0.543465 ^ clkbuf_3_6__f_clk/X (sky130_fd_sc_hd__clkbuf_16)
                                                         clknet_3_6__leaf_clk (net)
                      0.076986    0.001457    0.544922 ^ dsa[9]._8_/CLK (sky130_fd_sc_hd__dfrtp_1)
     2    0.005557    0.099723    0.765435    1.310357 v dsa[9]._8_/Q (sky130_fd_sc_hd__dfrtp_1)
                                                         dsa[9].last_carry (net)
                      0.099723    0.000327    1.310684 v dsa[9]._4_/B1 (sky130_fd_sc_hd__a21o_1)
     2    0.005723    0.083082    0.313356    1.624039 v dsa[9]._4_/X (sky130_fd_sc_hd__a21o_1)
                                                         dsa[9]._1_ (net)
                      0.083083    0.000372    1.624411 v dsa[9]._5_/B (sky130_fd_sc_hd__nand2_1)
     1    0.004874    0.099734    0.126809    1.751220 ^ dsa[9]._5_/Y (sky130_fd_sc_hd__nand2_1)
                                                         dsa[9]._2_ (net)
                      0.099734    0.000231    1.751451 ^ dsa[9]._6_/B (sky130_fd_sc_hd__xnor2_1)
     1    0.003393    0.099534    0.135160    1.886611 v dsa[9]._6_/Y (sky130_fd_sc_hd__xnor2_1)
                                                         dsa[9].y_out_next (net)
                      0.099534    0.000202    1.886813 v dsa[9]._9_/D (sky130_fd_sc_hd__dfrtp_1)
                                              1.886813   data arrival time

                                 10.000000   10.000000   clock core_clock (rise edge)
                                  0.000000   10.000000   clock source latency
     1    0.015086    0.000000    0.000000   10.000000 ^ clk (in)
                                                         clk (net)
                      0.001413    0.000707   10.000708 ^ clkbuf_0_clk/A (sky130_fd_sc_hd__clkbuf_16)
     8    0.084849    0.155388    0.265143   10.265851 ^ clkbuf_0_clk/X (sky130_fd_sc_hd__clkbuf_16)
                                                         clknet_0_clk (net)
                      0.155834    0.006654   10.272505 ^ clkbuf_3_7__f_clk/A (sky130_fd_sc_hd__clkbuf_16)
    10    0.029828    0.080221    0.274364   10.546868 ^ clkbuf_3_7__f_clk/X (sky130_fd_sc_hd__clkbuf_16)
                                                         clknet_3_7__leaf_clk (net)
                      0.080237    0.001133   10.548002 ^ dsa[9]._9_/CLK (sky130_fd_sc_hd__dfrtp_1)
                                  0.000000   10.548002   clock reconvergence pessimism
                                 -0.286151   10.261850   library setup time
                                             10.261850   data required time
---------------------------------------------------------------------------------------------
                                             10.261850   data required time
                                             -1.886813   data arrival time
---------------------------------------------------------------------------------------------
                                              8.375038   slack (MET)


Startpoint: dsa[6]._8_ (rising edge-triggered flip-flop clocked by core_clock)
Endpoint: dsa[6]._9_ (rising edge-triggered flip-flop clocked by core_clock)
Path Group: core_clock
Path Type: max

Fanout         Cap        Slew       Delay        Time   Description
---------------------------------------------------------------------------------------------
                                  0.000000    0.000000   clock core_clock (rise edge)
                                  0.000000    0.000000   clock source latency
     1    0.015086    0.000000    0.000000    0.000000 ^ clk (in)
                                                         clk (net)
                      0.001413    0.000707    0.000707 ^ clkbuf_0_clk/A (sky130_fd_sc_hd__clkbuf_16)
     8    0.084849    0.155388    0.265144    0.265851 ^ clkbuf_0_clk/X (sky130_fd_sc_hd__clkbuf_16)
                                                         clknet_0_clk (net)
                      0.156230    0.009074    0.274925 ^ clkbuf_3_5__f_clk/A (sky130_fd_sc_hd__clkbuf_16)
     8    0.030080    0.080567    0.274894    0.549819 ^ clkbuf_3_5__f_clk/X (sky130_fd_sc_hd__clkbuf_16)
                                                         clknet_3_5__leaf_clk (net)
                      0.080600    0.001497    0.551316 ^ dsa[6]._8_/CLK (sky130_fd_sc_hd__dfrtp_1)
     2    0.006146    0.104482    0.772512    1.323828 v dsa[6]._8_/Q (sky130_fd_sc_hd__dfrtp_1)
                                                         dsa[6].last_carry (net)
                      0.104482    0.000345    1.324173 v dsa[6]._4_/B1 (sky130_fd_sc_hd__a21o_1)
     2    0.006370    0.087909    0.320309    1.644482 v dsa[6]._4_/X (sky130_fd_sc_hd__a21o_1)
                                                         dsa[6]._1_ (net)
                      0.087909    0.000205    1.644687 v dsa[6]._5_/B (sky130_fd_sc_hd__nand2_1)
     1    0.004937    0.101990    0.129679    1.774366 ^ dsa[6]._5_/Y (sky130_fd_sc_hd__nand2_1)
                                                         dsa[6]._2_ (net)
                      0.101990    0.000367    1.774733 ^ dsa[6]._6_/B (sky130_fd_sc_hd__xnor2_1)
     1    0.002260    0.083447    0.121936    1.896669 v dsa[6]._6_/Y (sky130_fd_sc_hd__xnor2_1)
                                                         dsa[6].y_out_next (net)
                      0.083447    0.000154    1.896823 v dsa[6]._9_/D (sky130_fd_sc_hd__dfrtp_1)
                                              1.896823   data arrival time

                                 10.000000   10.000000   clock core_clock (rise edge)
                                  0.000000   10.000000   clock source latency
     1    0.015086    0.000000    0.000000   10.000000 ^ clk (in)
                                                         clk (net)
                      0.001413    0.000707   10.000708 ^ clkbuf_0_clk/A (sky130_fd_sc_hd__clkbuf_16)
     8    0.084849    0.155388    0.265143   10.265851 ^ clkbuf_0_clk/X (sky130_fd_sc_hd__clkbuf_16)
                                                         clknet_0_clk (net)
                      0.156230    0.009075   10.274925 ^ clkbuf_3_5__f_clk/A (sky130_fd_sc_hd__clkbuf_16)
     8    0.030080    0.080567    0.274894   10.549819 ^ clkbuf_3_5__f_clk/X (sky130_fd_sc_hd__clkbuf_16)
                                                         clknet_3_5__leaf_clk (net)
                      0.080599    0.001479   10.551298 ^ dsa[6]._9_/CLK (sky130_fd_sc_hd__dfrtp_1)
                                  0.000000   10.551298   clock reconvergence pessimism
                                 -0.279347   10.271951   library setup time
                                             10.271951   data required time
---------------------------------------------------------------------------------------------
                                             10.271951   data required time
                                             -1.896823   data arrival time
---------------------------------------------------------------------------------------------
                                              8.375129   slack (MET)


Startpoint: dsa[1]._8_ (rising edge-triggered flip-flop clocked by core_clock)
Endpoint: dsa[1]._9_ (rising edge-triggered flip-flop clocked by core_clock)
Path Group: core_clock
Path Type: max

Fanout         Cap        Slew       Delay        Time   Description
---------------------------------------------------------------------------------------------
                                  0.000000    0.000000   clock core_clock (rise edge)
                                  0.000000    0.000000   clock source latency
     1    0.015086    0.000000    0.000000    0.000000 ^ clk (in)
                                                         clk (net)
                      0.001413    0.000707    0.000707 ^ clkbuf_0_clk/A (sky130_fd_sc_hd__clkbuf_16)
     8    0.084849    0.155388    0.265144    0.265851 ^ clkbuf_0_clk/X (sky130_fd_sc_hd__clkbuf_16)
                                                         clknet_0_clk (net)
                      0.155834    0.006654    0.272504 ^ clkbuf_3_7__f_clk/A (sky130_fd_sc_hd__clkbuf_16)
    10    0.029828    0.080221    0.274364    0.546868 ^ clkbuf_3_7__f_clk/X (sky130_fd_sc_hd__clkbuf_16)
                                                         clknet_3_7__leaf_clk (net)
                      0.080279    0.001891    0.548759 ^ dsa[1]._8_/CLK (sky130_fd_sc_hd__dfrtp_1)
     2    0.006323    0.105912    0.774027    1.322785 v dsa[1]._8_/Q (sky130_fd_sc_hd__dfrtp_1)
                                                         dsa[1].last_carry (net)
                      0.105912    0.000296    1.323081 v dsa[1]._4_/B1 (sky130_fd_sc_hd__a21o_1)
     2    0.005593    0.082075    0.314889    1.637970 v dsa[1]._4_/X (sky130_fd_sc_hd__a21o_1)
                                                         dsa[1]._1_ (net)
                      0.082075    0.000332    1.638302 v dsa[1]._5_/B (sky130_fd_sc_hd__nand2_1)
     1    0.004836    0.099228    0.125899    1.764202 ^ dsa[1]._5_/Y (sky130_fd_sc_hd__nand2_1)
                                                         dsa[1]._2_ (net)
                      0.099228    0.000362    1.764563 ^ dsa[1]._6_/B (sky130_fd_sc_hd__xnor2_1)
     1    0.002387    0.085222    0.122482    1.887046 v dsa[1]._6_/Y (sky130_fd_sc_hd__xnor2_1)
                                                         dsa[1].y_out_next (net)
                      0.085222    0.000174    1.887219 v dsa[1]._9_/D (sky130_fd_sc_hd__dfrtp_1)
                                              1.887219   data arrival time

                                 10.000000   10.000000   clock core_clock (rise edge)
                                  0.000000   10.000000   clock source latency
     1    0.015086    0.000000    0.000000   10.000000 ^ clk (in)
                                                         clk (net)
                      0.001413    0.000707   10.000708 ^ clkbuf_0_clk/A (sky130_fd_sc_hd__clkbuf_16)
     8    0.084849    0.155388    0.265143   10.265851 ^ clkbuf_0_clk/X (sky130_fd_sc_hd__clkbuf_16)
                                                         clknet_0_clk (net)
                      0.155834    0.006654   10.272505 ^ clkbuf_3_7__f_clk/A (sky130_fd_sc_hd__clkbuf_16)
    10    0.029828    0.080221    0.274364   10.546868 ^ clkbuf_3_7__f_clk/X (sky130_fd_sc_hd__clkbuf_16)
                                                         clknet_3_7__leaf_clk (net)
                      0.080249    0.001394   10.548263 ^ dsa[1]._9_/CLK (sky130_fd_sc_hd__dfrtp_1)
                                  0.000000   10.548263   clock reconvergence pessimism
                                 -0.280180   10.268083   library setup time
                                             10.268083   data required time
---------------------------------------------------------------------------------------------
                                             10.268083   data required time
                                             -1.887219   data arrival time
---------------------------------------------------------------------------------------------
                                              8.380863   slack (MET)


Startpoint: dsa[10]._8_ (rising edge-triggered flip-flop clocked by core_clock)
Endpoint: dsa[10]._9_ (rising edge-triggered flip-flop clocked by core_clock)
Path Group: core_clock
Path Type: max

Fanout         Cap        Slew       Delay        Time   Description
---------------------------------------------------------------------------------------------
                                  0.000000    0.000000   clock core_clock (rise edge)
                                  0.000000    0.000000   clock source latency
     1    0.015086    0.000000    0.000000    0.000000 ^ clk (in)
                                                         clk (net)
                      0.001413    0.000707    0.000707 ^ clkbuf_0_clk/A (sky130_fd_sc_hd__clkbuf_16)
     8    0.084849    0.155388    0.265144    0.265851 ^ clkbuf_0_clk/X (sky130_fd_sc_hd__clkbuf_16)
                                                         clknet_0_clk (net)
                      0.155817    0.006528    0.272379 ^ clkbuf_3_6__f_clk/A (sky130_fd_sc_hd__clkbuf_16)
     8    0.027426    0.076950    0.271086    0.543465 ^ clkbuf_3_6__f_clk/X (sky130_fd_sc_hd__clkbuf_16)
                                                         clknet_3_6__leaf_clk (net)
                      0.076984    0.001426    0.544891 ^ dsa[10]._8_/CLK (sky130_fd_sc_hd__dfrtp_1)
     2    0.005832    0.101948    0.767958    1.312849 v dsa[10]._8_/Q (sky130_fd_sc_hd__dfrtp_1)
                                                         dsa[10].last_carry (net)
                      0.101948    0.000349    1.313198 v dsa[10]._4_/B1 (sky130_fd_sc_hd__a21o_1)
     2    0.005384    0.080549    0.311654    1.624852 v dsa[10]._4_/X (sky130_fd_sc_hd__a21o_1)
                                                         dsa[10]._1_ (net)
                      0.080549    0.000338    1.625191 v dsa[10]._5_/B (sky130_fd_sc_hd__nand2_1)
     1    0.004850    0.098965    0.125308    1.750499 ^ dsa[10]._5_/Y (sky130_fd_sc_hd__nand2_1)
                                                         dsa[10]._2_ (net)
                      0.098965    0.000363    1.750862 ^ dsa[10]._6_/B (sky130_fd_sc_hd__xnor2_1)
     1    0.002543    0.087428    0.124320    1.875182 v dsa[10]._6_/Y (sky130_fd_sc_hd__xnor2_1)
                                                         dsa[10].y_out_next (net)
                      0.087428    0.000185    1.875367 v dsa[10]._9_/D (sky130_fd_sc_hd__dfrtp_1)
                                              1.875367   data arrival time

                                 10.000000   10.000000   clock core_clock (rise edge)
                                  0.000000   10.000000   clock source latency
     1    0.015086    0.000000    0.000000   10.000000 ^ clk (in)
                                                         clk (net)
                      0.001413    0.000707   10.000708 ^ clkbuf_0_clk/A (sky130_fd_sc_hd__clkbuf_16)
     8    0.084849    0.155388    0.265143   10.265851 ^ clkbuf_0_clk/X (sky130_fd_sc_hd__clkbuf_16)
                                                         clknet_0_clk (net)
                      0.155817    0.006528   10.272379 ^ clkbuf_3_6__f_clk/A (sky130_fd_sc_hd__clkbuf_16)
     8    0.027426    0.076950    0.271086   10.543465 ^ clkbuf_3_6__f_clk/X (sky130_fd_sc_hd__clkbuf_16)
                                                         clknet_3_6__leaf_clk (net)
                      0.076977    0.001294   10.544759 ^ dsa[10]._9_/CLK (sky130_fd_sc_hd__dfrtp_1)
                                  0.000000   10.544759   clock reconvergence pessimism
                                 -0.281973   10.262787   library setup time
                                             10.262787   data required time
---------------------------------------------------------------------------------------------
                                             10.262787   data required time
                                             -1.875367   data arrival time
---------------------------------------------------------------------------------------------
                                              8.387419   slack (MET)


Startpoint: dsa[13]._8_ (rising edge-triggered flip-flop clocked by core_clock)
Endpoint: dsa[13]._9_ (rising edge-triggered flip-flop clocked by core_clock)
Path Group: core_clock
Path Type: max

Fanout         Cap        Slew       Delay        Time   Description
---------------------------------------------------------------------------------------------
                                  0.000000    0.000000   clock core_clock (rise edge)
                                  0.000000    0.000000   clock source latency
     1    0.015086    0.000000    0.000000    0.000000 ^ clk (in)
                                                         clk (net)
                      0.001413    0.000707    0.000707 ^ clkbuf_0_clk/A (sky130_fd_sc_hd__clkbuf_16)
     8    0.084849    0.155388    0.265144    0.265851 ^ clkbuf_0_clk/X (sky130_fd_sc_hd__clkbuf_16)
                                                         clknet_0_clk (net)
                      0.155628    0.004937    0.270788 ^ clkbuf_3_3__f_clk/A (sky130_fd_sc_hd__clkbuf_16)
     9    0.027343    0.076841    0.270870    0.541658 ^ clkbuf_3_3__f_clk/X (sky130_fd_sc_hd__clkbuf_16)
                                                         clknet_3_3__leaf_clk (net)
                      0.076871    0.001350    0.543009 ^ dsa[13]._8_/CLK (sky130_fd_sc_hd__dfrtp_1)
     2    0.005666    0.100608    0.766421    1.309430 v dsa[13]._8_/Q (sky130_fd_sc_hd__dfrtp_1)
                                                         dsa[13].last_carry (net)
                      0.100608    0.000193    1.309622 v dsa[13]._4_/B1 (sky130_fd_sc_hd__a21o_1)
     2    0.005581    0.081988    0.312626    1.622249 v dsa[13]._4_/X (sky130_fd_sc_hd__a21o_1)
                                                         dsa[13]._1_ (net)
                      0.081989    0.000350    1.622599 v dsa[13]._5_/B (sky130_fd_sc_hd__nand2_1)
     1    0.005153    0.102872    0.129005    1.751604 ^ dsa[13]._5_/Y (sky130_fd_sc_hd__nand2_1)
                                                         dsa[13]._2_ (net)
                      0.102873    0.000396    1.752000 ^ dsa[13]._6_/B (sky130_fd_sc_hd__xnor2_1)
     1    0.002267    0.083549    0.122346    1.874346 v dsa[13]._6_/Y (sky130_fd_sc_hd__xnor2_1)
                                                         dsa[13].y_out_next (net)
                      0.083549    0.000156    1.874502 v dsa[13]._9_/D (sky130_fd_sc_hd__dfrtp_1)
                                              1.874502   data arrival time

                                 10.000000   10.000000   clock core_clock (rise edge)
                                  0.000000   10.000000   clock source latency
     1    0.015086    0.000000    0.000000   10.000000 ^ clk (in)
                                                         clk (net)
                      0.001413    0.000707   10.000708 ^ clkbuf_0_clk/A (sky130_fd_sc_hd__clkbuf_16)
     8    0.084849    0.155388    0.265143   10.265851 ^ clkbuf_0_clk/X (sky130_fd_sc_hd__clkbuf_16)
                                                         clknet_0_clk (net)
                      0.155628    0.004937   10.270788 ^ clkbuf_3_3__f_clk/A (sky130_fd_sc_hd__clkbuf_16)
     9    0.027343    0.076841    0.270870   10.541658 ^ clkbuf_3_3__f_clk/X (sky130_fd_sc_hd__clkbuf_16)
                                                         clknet_3_3__leaf_clk (net)
                      0.076872    0.001374   10.543033 ^ dsa[13]._9_/CLK (sky130_fd_sc_hd__dfrtp_1)
                                  0.000000   10.543033   clock reconvergence pessimism
                                 -0.280383   10.262650   library setup time
                                             10.262650   data required time
---------------------------------------------------------------------------------------------
                                             10.262650   data required time
                                             -1.874502   data arrival time
---------------------------------------------------------------------------------------------
                                              8.388147   slack (MET)


Startpoint: dsa[0]._8_ (rising edge-triggered flip-flop clocked by core_clock)
Endpoint: dsa[0]._9_ (rising edge-triggered flip-flop clocked by core_clock)
Path Group: core_clock
Path Type: max

Fanout         Cap        Slew       Delay        Time   Description
---------------------------------------------------------------------------------------------
                                  0.000000    0.000000   clock core_clock (rise edge)
                                  0.000000    0.000000   clock source latency
     1    0.015086    0.000000    0.000000    0.000000 ^ clk (in)
                                                         clk (net)
                      0.001413    0.000707    0.000707 ^ clkbuf_0_clk/A (sky130_fd_sc_hd__clkbuf_16)
     8    0.084849    0.155388    0.265144    0.265851 ^ clkbuf_0_clk/X (sky130_fd_sc_hd__clkbuf_16)
                                                         clknet_0_clk (net)
                      0.155834    0.006654    0.272504 ^ clkbuf_3_7__f_clk/A (sky130_fd_sc_hd__clkbuf_16)
    10    0.029828    0.080221    0.274364    0.546868 ^ clkbuf_3_7__f_clk/X (sky130_fd_sc_hd__clkbuf_16)
                                                         clknet_3_7__leaf_clk (net)
                      0.080277    0.001857    0.548725 ^ dsa[0]._8_/CLK (sky130_fd_sc_hd__dfrtp_1)
     2    0.005165    0.096670    0.763428    1.312154 v dsa[0]._8_/Q (sky130_fd_sc_hd__dfrtp_1)
                                                         dsa[0].last_carry (net)
                      0.096670    0.000180    1.312334 v dsa[0]._4_/B1 (sky130_fd_sc_hd__a21o_1)
     2    0.005722    0.083031    0.312115    1.624449 v dsa[0]._4_/X (sky130_fd_sc_hd__a21o_1)
                                                         dsa[0]._1_ (net)
                      0.083031    0.000364    1.624813 v dsa[0]._5_/B (sky130_fd_sc_hd__nand2_1)
     1    0.005311    0.104974    0.131083    1.755896 ^ dsa[0]._5_/Y (sky130_fd_sc_hd__nand2_1)
                                                         dsa[0]._2_ (net)
                      0.104975    0.000401    1.756297 ^ dsa[0]._6_/B (sky130_fd_sc_hd__xnor2_1)
     1    0.002203    0.082665    0.122327    1.878623 v dsa[0]._6_/Y (sky130_fd_sc_hd__xnor2_1)
                                                         dsa[0].y_out_next (net)
                      0.082665    0.000152    1.878775 v dsa[0]._9_/D (sky130_fd_sc_hd__dfrtp_1)
                                              1.878775   data arrival time

                                 10.000000   10.000000   clock core_clock (rise edge)
                                  0.000000   10.000000   clock source latency
     1    0.015086    0.000000    0.000000   10.000000 ^ clk (in)
                                                         clk (net)
                      0.001413    0.000707   10.000708 ^ clkbuf_0_clk/A (sky130_fd_sc_hd__clkbuf_16)
     8    0.084849    0.155388    0.265143   10.265851 ^ clkbuf_0_clk/X (sky130_fd_sc_hd__clkbuf_16)
                                                         clknet_0_clk (net)
                      0.155834    0.006654   10.272505 ^ clkbuf_3_7__f_clk/A (sky130_fd_sc_hd__clkbuf_16)
    10    0.029828    0.080221    0.274364   10.546868 ^ clkbuf_3_7__f_clk/X (sky130_fd_sc_hd__clkbuf_16)
                                                         clknet_3_7__leaf_clk (net)
                      0.080256    0.001515   10.548384 ^ dsa[0]._9_/CLK (sky130_fd_sc_hd__dfrtp_1)
                                  0.000000   10.548384   clock reconvergence pessimism
                                 -0.279112   10.269272   library setup time
                                             10.269272   data required time
---------------------------------------------------------------------------------------------
                                             10.269272   data required time
                                             -1.878775   data arrival time
---------------------------------------------------------------------------------------------
                                              8.390496   slack (MET)


Startpoint: dsa[7]._8_ (rising edge-triggered flip-flop clocked by core_clock)
Endpoint: dsa[7]._9_ (rising edge-triggered flip-flop clocked by core_clock)
Path Group: core_clock
Path Type: max

Fanout         Cap        Slew       Delay        Time   Description
---------------------------------------------------------------------------------------------
                                  0.000000    0.000000   clock core_clock (rise edge)
                                  0.000000    0.000000   clock source latency
     1    0.015086    0.000000    0.000000    0.000000 ^ clk (in)
                                                         clk (net)
                      0.001413    0.000707    0.000707 ^ clkbuf_0_clk/A (sky130_fd_sc_hd__clkbuf_16)
     8    0.084849    0.155388    0.265144    0.265851 ^ clkbuf_0_clk/X (sky130_fd_sc_hd__clkbuf_16)
                                                         clknet_0_clk (net)
                      0.156172    0.008760    0.274610 ^ clkbuf_3_4__f_clk/A (sky130_fd_sc_hd__clkbuf_16)
     9    0.022714    0.070802    0.264628    0.539239 ^ clkbuf_3_4__f_clk/X (sky130_fd_sc_hd__clkbuf_16)
                                                         clknet_3_4__leaf_clk (net)
                      0.070827    0.001083    0.540322 ^ dsa[7]._8_/CLK (sky130_fd_sc_hd__dfrtp_1)
     2    0.005290    0.097662    0.760094    1.300416 v dsa[7]._8_/Q (sky130_fd_sc_hd__dfrtp_1)
                                                         dsa[7].last_carry (net)
                      0.097662    0.000336    1.300752 v dsa[7]._4_/B1 (sky130_fd_sc_hd__a21o_1)
     2    0.005423    0.080826    0.310279    1.611031 v dsa[7]._4_/X (sky130_fd_sc_hd__a21o_1)
                                                         dsa[7]._1_ (net)
                      0.080826    0.000256    1.611287 v dsa[7]._5_/B (sky130_fd_sc_hd__nand2_1)
     1    0.004701    0.097464    0.124010    1.735298 ^ dsa[7]._5_/Y (sky130_fd_sc_hd__nand2_1)
                                                         dsa[7]._2_ (net)
                      0.097464    0.000219    1.735516 ^ dsa[7]._6_/B (sky130_fd_sc_hd__xnor2_1)
     1    0.002869    0.092153    0.127832    1.863348 v dsa[7]._6_/Y (sky130_fd_sc_hd__xnor2_1)
                                                         dsa[7].y_out_next (net)
                      0.092153    0.000183    1.863531 v dsa[7]._9_/D (sky130_fd_sc_hd__dfrtp_1)
                                              1.863531   data arrival time

                                 10.000000   10.000000   clock core_clock (rise edge)
                                  0.000000   10.000000   clock source latency
     1    0.015086    0.000000    0.000000   10.000000 ^ clk (in)
                                                         clk (net)
                      0.001413    0.000707   10.000708 ^ clkbuf_0_clk/A (sky130_fd_sc_hd__clkbuf_16)
     8    0.084849    0.155388    0.265143   10.265851 ^ clkbuf_0_clk/X (sky130_fd_sc_hd__clkbuf_16)
                                                         clknet_0_clk (net)
                      0.156172    0.008760   10.274611 ^ clkbuf_3_4__f_clk/A (sky130_fd_sc_hd__clkbuf_16)
     9    0.022714    0.070802    0.264628   10.539239 ^ clkbuf_3_4__f_clk/X (sky130_fd_sc_hd__clkbuf_16)
                                                         clknet_3_4__leaf_clk (net)
                      0.070827    0.001022   10.540261 ^ dsa[7]._9_/CLK (sky130_fd_sc_hd__dfrtp_1)
                                  0.000000   10.540261   clock reconvergence pessimism
                                 -0.285583   10.254679   library setup time
                                             10.254679   data required time
---------------------------------------------------------------------------------------------
                                             10.254679   data required time
                                             -1.863531   data arrival time
---------------------------------------------------------------------------------------------
                                              8.391148   slack (MET)


Startpoint: dsa[20]._8_ (rising edge-triggered flip-flop clocked by core_clock)
Endpoint: dsa[20]._9_ (rising edge-triggered flip-flop clocked by core_clock)
Path Group: core_clock
Path Type: max

Fanout         Cap        Slew       Delay        Time   Description
---------------------------------------------------------------------------------------------
                                  0.000000    0.000000   clock core_clock (rise edge)
                                  0.000000    0.000000   clock source latency
     1    0.015086    0.000000    0.000000    0.000000 ^ clk (in)
                                                         clk (net)
                      0.001413    0.000707    0.000707 ^ clkbuf_0_clk/A (sky130_fd_sc_hd__clkbuf_16)
     8    0.084849    0.155388    0.265144    0.265851 ^ clkbuf_0_clk/X (sky130_fd_sc_hd__clkbuf_16)
                                                         clknet_0_clk (net)
                      0.156441    0.010137    0.275988 ^ clkbuf_3_1__f_clk/A (sky130_fd_sc_hd__clkbuf_16)
     7    0.024793    0.073466    0.267673    0.543661 ^ clkbuf_3_1__f_clk/X (sky130_fd_sc_hd__clkbuf_16)
                                                         clknet_3_1__leaf_clk (net)
                      0.073491    0.001121    0.544782 ^ dsa[20]._8_/CLK (sky130_fd_sc_hd__dfrtp_1)
     2    0.005948    0.102904    0.767362    1.312144 v dsa[20]._8_/Q (sky130_fd_sc_hd__dfrtp_1)
                                                         dsa[20].last_carry (net)
                      0.102904    0.000387    1.312531 v dsa[20]._4_/B1 (sky130_fd_sc_hd__a21o_1)
     2    0.005512    0.081504    0.313097    1.625628 v dsa[20]._4_/X (sky130_fd_sc_hd__a21o_1)
                                                         dsa[20]._1_ (net)
                      0.081504    0.000208    1.625836 v dsa[20]._5_/B (sky130_fd_sc_hd__nand2_1)
     1    0.004826    0.099936    0.125524    1.751361 ^ dsa[20]._5_/Y (sky130_fd_sc_hd__nand2_1)
                                                         dsa[20]._2_ (net)
                      0.099936    0.000360    1.751721 ^ dsa[20]._6_/B (sky130_fd_sc_hd__xnor2_1)
     1    0.002362    0.084875    0.122447    1.874168 v dsa[20]._6_/Y (sky130_fd_sc_hd__xnor2_1)
                                                         dsa[20].y_out_next (net)
                      0.084875    0.000158    1.874327 v dsa[20]._9_/D (sky130_fd_sc_hd__dfrtp_1)
                                              1.874327   data arrival time

                                 10.000000   10.000000   clock core_clock (rise edge)
                                  0.000000   10.000000   clock source latency
     1    0.015086    0.000000    0.000000   10.000000 ^ clk (in)
                                                         clk (net)
                      0.001413    0.000707   10.000708 ^ clkbuf_0_clk/A (sky130_fd_sc_hd__clkbuf_16)
     8    0.084849    0.155388    0.265143   10.265851 ^ clkbuf_0_clk/X (sky130_fd_sc_hd__clkbuf_16)
                                                         clknet_0_clk (net)
                      0.156452    0.010188   10.276039 ^ clkbuf_3_0__f_clk/A (sky130_fd_sc_hd__clkbuf_16)
    10    0.032964    0.084590    0.278967   10.555006 ^ clkbuf_3_0__f_clk/X (sky130_fd_sc_hd__clkbuf_16)
                                                         clknet_3_0__leaf_clk (net)
                      0.084615    0.001390   10.556396 ^ dsa[20]._9_/CLK (sky130_fd_sc_hd__dfrtp_1)
                                  0.000000   10.556396   clock reconvergence pessimism
                                 -0.278872   10.277524   library setup time
                                             10.277524   data required time
---------------------------------------------------------------------------------------------
                                             10.277524   data required time
                                             -1.874327   data arrival time
---------------------------------------------------------------------------------------------
                                              8.403197   slack (MET)


Startpoint: dsa[0]._8_ (rising edge-triggered flip-flop clocked by core_clock)
Endpoint: dsa[0]._8_ (rising edge-triggered flip-flop clocked by core_clock)
Path Group: core_clock
Path Type: max

Fanout         Cap        Slew       Delay        Time   Description
---------------------------------------------------------------------------------------------
                                  0.000000    0.000000   clock core_clock (rise edge)
                                  0.000000    0.000000   clock source latency
     1    0.015086    0.000000    0.000000    0.000000 ^ clk (in)
                                                         clk (net)
                      0.001413    0.000707    0.000707 ^ clkbuf_0_clk/A (sky130_fd_sc_hd__clkbuf_16)
     8    0.084849    0.155388    0.265144    0.265851 ^ clkbuf_0_clk/X (sky130_fd_sc_hd__clkbuf_16)
                                                         clknet_0_clk (net)
                      0.155834    0.006654    0.272504 ^ clkbuf_3_7__f_clk/A (sky130_fd_sc_hd__clkbuf_16)
    10    0.029828    0.080221    0.274364    0.546868 ^ clkbuf_3_7__f_clk/X (sky130_fd_sc_hd__clkbuf_16)
                                                         clknet_3_7__leaf_clk (net)
                      0.080277    0.001857    0.548725 ^ dsa[0]._8_/CLK (sky130_fd_sc_hd__dfrtp_1)
     2    0.005165    0.096670    0.763428    1.312154 v dsa[0]._8_/Q (sky130_fd_sc_hd__dfrtp_1)
                                                         dsa[0].last_carry (net)
                      0.096670    0.000190    1.312344 v dsa[0]._3_/A (sky130_fd_sc_hd__nand3_1)
     2    0.005299    0.132452    0.141961    1.454305 ^ dsa[0]._3_/Y (sky130_fd_sc_hd__nand3_1)
                                                         dsa[0]._0_ (net)
                      0.132453    0.000351    1.454656 ^ dsa[0]._7_/B1_N (sky130_fd_sc_hd__a21bo_1)
     1    0.002461    0.059116    0.380449    1.835105 v dsa[0]._7_/X (sky130_fd_sc_hd__a21bo_1)
                                                         dsa[0].last_carry_next (net)
                      0.059116    0.000180    1.835285 v dsa[0]._8_/D (sky130_fd_sc_hd__dfrtp_1)
                                              1.835285   data arrival time

                                 10.000000   10.000000   clock core_clock (rise edge)
                                  0.000000   10.000000   clock source latency
     1    0.015086    0.000000    0.000000   10.000000 ^ clk (in)
                                                         clk (net)
                      0.001413    0.000707   10.000708 ^ clkbuf_0_clk/A (sky130_fd_sc_hd__clkbuf_16)
     8    0.084849    0.155388    0.265143   10.265851 ^ clkbuf_0_clk/X (sky130_fd_sc_hd__clkbuf_16)
                                                         clknet_0_clk (net)
                      0.155834    0.006654   10.272505 ^ clkbuf_3_7__f_clk/A (sky130_fd_sc_hd__clkbuf_16)
    10    0.029828    0.080221    0.274364   10.546868 ^ clkbuf_3_7__f_clk/X (sky130_fd_sc_hd__clkbuf_16)
                                                         clknet_3_7__leaf_clk (net)
                      0.080277    0.001857   10.548726 ^ dsa[0]._8_/CLK (sky130_fd_sc_hd__dfrtp_1)
                                  0.000000   10.548726   clock reconvergence pessimism
                                 -0.269287   10.279439   library setup time
                                             10.279439   data required time
---------------------------------------------------------------------------------------------
                                             10.279439   data required time
                                             -1.835285   data arrival time
---------------------------------------------------------------------------------------------
                                              8.444154   slack (MET)



