
===========================================================================
report_checks -path_delay min (Hold)
============================================================================
======================= max_ss_100C_1v60 Corner ===================================

Startpoint: dsa[25]._9_ (rising edge-triggered flip-flop clocked by core_clock)
Endpoint: dsa[26]._9_ (rising edge-triggered flip-flop clocked by core_clock)
Path Group: core_clock
Path Type: min

Fanout         Cap        Slew       Delay        Time   Description
---------------------------------------------------------------------------------------------
                                  0.000000    0.000000   clock core_clock (rise edge)
                                  0.000000    0.000000   clock source latency
     1    0.015086    0.000000    0.000000    0.000000 ^ clk (in)
                                                         clk (net)
                      0.001413    0.000707    0.000707 ^ clkbuf_0_clk/A (sky130_fd_sc_hd__clkbuf_16)
     8    0.084849    0.155388    0.265144    0.265851 ^ clkbuf_0_clk/X (sky130_fd_sc_hd__clkbuf_16)
                                                         clknet_0_clk (net)
                      0.155666    0.005297    0.271148 ^ clkbuf_3_2__f_clk/A (sky130_fd_sc_hd__clkbuf_16)
    10    0.031969    0.083220    0.277120    0.548267 ^ clkbuf_3_2__f_clk/X (sky130_fd_sc_hd__clkbuf_16)
                                                         clknet_3_2__leaf_clk (net)
                      0.083259    0.001653    0.549920 ^ dsa[25]._9_/CLK (sky130_fd_sc_hd__dfrtp_1)
     2    0.008373    0.145328    0.705164    1.255084 ^ dsa[25]._9_/Q (sky130_fd_sc_hd__dfrtp_1)
                                                         dsa[25].y_out (net)
                      0.145328    0.000319    1.255402 ^ dsa[26]._6_/A (sky130_fd_sc_hd__xnor2_1)
     1    0.002313    0.066119    0.157047    1.412449 v dsa[26]._6_/Y (sky130_fd_sc_hd__xnor2_1)
                                                         dsa[26].y_out_next (net)
                      0.066119    0.000158    1.412607 v dsa[26]._9_/D (sky130_fd_sc_hd__dfrtp_1)
                                              1.412607   data arrival time

                                  0.000000    0.000000   clock core_clock (rise edge)
                                  0.000000    0.000000   clock source latency
     1    0.015086    0.000000    0.000000    0.000000 ^ clk (in)
                                                         clk (net)
                      0.001413    0.000707    0.000707 ^ clkbuf_0_clk/A (sky130_fd_sc_hd__clkbuf_16)
     8    0.084849    0.155388    0.265144    0.265851 ^ clkbuf_0_clk/X (sky130_fd_sc_hd__clkbuf_16)
                                                         clknet_0_clk (net)
                      0.155666    0.005297    0.271148 ^ clkbuf_3_2__f_clk/A (sky130_fd_sc_hd__clkbuf_16)
    10    0.031969    0.083220    0.277120    0.548267 ^ clkbuf_3_2__f_clk/X (sky130_fd_sc_hd__clkbuf_16)
                                                         clknet_3_2__leaf_clk (net)
                      0.083273    0.001884    0.550151 ^ dsa[26]._9_/CLK (sky130_fd_sc_hd__dfrtp_1)
                                  0.000000    0.550151   clock reconvergence pessimism
                                 -0.092565    0.457587   library hold time
                                              0.457587   data required time
---------------------------------------------------------------------------------------------
                                              0.457587   data required time
                                             -1.412607   data arrival time
---------------------------------------------------------------------------------------------
                                              0.955020   slack (MET)


Startpoint: dsa[0]._9_ (rising edge-triggered flip-flop clocked by core_clock)
Endpoint: dsa[1]._9_ (rising edge-triggered flip-flop clocked by core_clock)
Path Group: core_clock
Path Type: min

Fanout         Cap        Slew       Delay        Time   Description
---------------------------------------------------------------------------------------------
                                  0.000000    0.000000   clock core_clock (rise edge)
                                  0.000000    0.000000   clock source latency
     1    0.015086    0.000000    0.000000    0.000000 ^ clk (in)
                                                         clk (net)
                      0.001413    0.000707    0.000707 ^ clkbuf_0_clk/A (sky130_fd_sc_hd__clkbuf_16)
     8    0.084849    0.155388    0.265144    0.265851 ^ clkbuf_0_clk/X (sky130_fd_sc_hd__clkbuf_16)
                                                         clknet_0_clk (net)
                      0.155834    0.006654    0.272504 ^ clkbuf_3_7__f_clk/A (sky130_fd_sc_hd__clkbuf_16)
    10    0.029828    0.080221    0.274364    0.546868 ^ clkbuf_3_7__f_clk/X (sky130_fd_sc_hd__clkbuf_16)
                                                         clknet_3_7__leaf_clk (net)
                      0.080256    0.001516    0.548384 ^ dsa[0]._9_/CLK (sky130_fd_sc_hd__dfrtp_1)
     2    0.008415    0.145848    0.704205    1.252589 ^ dsa[0]._9_/Q (sky130_fd_sc_hd__dfrtp_1)
                                                         dsa[0].y_out (net)
                      0.145848    0.000322    1.252912 ^ dsa[1]._6_/A (sky130_fd_sc_hd__xnor2_1)
     1    0.002387    0.066271    0.158177    1.411089 v dsa[1]._6_/Y (sky130_fd_sc_hd__xnor2_1)
                                                         dsa[1].y_out_next (net)
                      0.066271    0.000174    1.411263 v dsa[1]._9_/D (sky130_fd_sc_hd__dfrtp_1)
                                              1.411263   data arrival time

                                  0.000000    0.000000   clock core_clock (rise edge)
                                  0.000000    0.000000   clock source latency
     1    0.015086    0.000000    0.000000    0.000000 ^ clk (in)
                                                         clk (net)
                      0.001413    0.000707    0.000707 ^ clkbuf_0_clk/A (sky130_fd_sc_hd__clkbuf_16)
     8    0.084849    0.155388    0.265144    0.265851 ^ clkbuf_0_clk/X (sky130_fd_sc_hd__clkbuf_16)
                                                         clknet_0_clk (net)
                      0.155834    0.006654    0.272504 ^ clkbuf_3_7__f_clk/A (sky130_fd_sc_hd__clkbuf_16)
    10    0.029828    0.080221    0.274364    0.546868 ^ clkbuf_3_7__f_clk/X (sky130_fd_sc_hd__clkbuf_16)
                                                         clknet_3_7__leaf_clk (net)
                      0.080249    0.001394    0.548262 ^ dsa[1]._9_/CLK (sky130_fd_sc_hd__dfrtp_1)
                                  0.000000    0.548262   clock reconvergence pessimism
                                 -0.093356    0.454906   library hold time
                                              0.454906   data required time
---------------------------------------------------------------------------------------------
                                              0.454906   data required time
                                             -1.411263   data arrival time
---------------------------------------------------------------------------------------------
                                              0.956356   slack (MET)


Startpoint: dsa[4]._9_ (rising edge-triggered flip-flop clocked by core_clock)
Endpoint: dsa[5]._9_ (rising edge-triggered flip-flop clocked by core_clock)
Path Group: core_clock
Path Type: min

Fanout         Cap        Slew       Delay        Time   Description
---------------------------------------------------------------------------------------------
                                  0.000000    0.000000   clock core_clock (rise edge)
                                  0.000000    0.000000   clock source latency
     1    0.015086    0.000000    0.000000    0.000000 ^ clk (in)
                                                         clk (net)
                      0.001413    0.000707    0.000707 ^ clkbuf_0_clk/A (sky130_fd_sc_hd__clkbuf_16)
     8    0.084849    0.155388    0.265144    0.265851 ^ clkbuf_0_clk/X (sky130_fd_sc_hd__clkbuf_16)
                                                         clknet_0_clk (net)
                      0.156230    0.009074    0.274925 ^ clkbuf_3_5__f_clk/A (sky130_fd_sc_hd__clkbuf_16)
     8    0.030080    0.080567    0.274894    0.549819 ^ clkbuf_3_5__f_clk/X (sky130_fd_sc_hd__clkbuf_16)
                                                         clknet_3_5__leaf_clk (net)
                      0.080576    0.000905    0.550724 ^ dsa[4]._9_/CLK (sky130_fd_sc_hd__dfrtp_1)
     2    0.008467    0.146533    0.704800    1.255525 ^ dsa[4]._9_/Q (sky130_fd_sc_hd__dfrtp_1)
                                                         dsa[4].y_out (net)
                      0.146533    0.000555    1.256080 ^ dsa[5]._6_/A (sky130_fd_sc_hd__xnor2_1)
     1    0.002622    0.069847    0.161442    1.417522 v dsa[5]._6_/Y (sky130_fd_sc_hd__xnor2_1)
                                                         dsa[5].y_out_next (net)
                      0.069847    0.000169    1.417690 v dsa[5]._9_/D (sky130_fd_sc_hd__dfrtp_1)
                                              1.417690   data arrival time

                                  0.000000    0.000000   clock core_clock (rise edge)
                                  0.000000    0.000000   clock source latency
     1    0.015086    0.000000    0.000000    0.000000 ^ clk (in)
                                                         clk (net)
                      0.001413    0.000707    0.000707 ^ clkbuf_0_clk/A (sky130_fd_sc_hd__clkbuf_16)
     8    0.084849    0.155388    0.265144    0.265851 ^ clkbuf_0_clk/X (sky130_fd_sc_hd__clkbuf_16)
                                                         clknet_0_clk (net)
                      0.156230    0.009074    0.274925 ^ clkbuf_3_5__f_clk/A (sky130_fd_sc_hd__clkbuf_16)
     8    0.030080    0.080567    0.274894    0.549819 ^ clkbuf_3_5__f_clk/X (sky130_fd_sc_hd__clkbuf_16)
                                                         clknet_3_5__leaf_clk (net)
                      0.080597    0.001434    0.551253 ^ dsa[5]._9_/CLK (sky130_fd_sc_hd__dfrtp_1)
                                  0.000000    0.551253   clock reconvergence pessimism
                                 -0.094599    0.456654   library hold time
                                              0.456654   data required time
---------------------------------------------------------------------------------------------
                                              0.456654   data required time
                                             -1.417690   data arrival time
---------------------------------------------------------------------------------------------
                                              0.961037   slack (MET)


Startpoint: dsa[16]._9_ (rising edge-triggered flip-flop clocked by core_clock)
Endpoint: dsa[17]._9_ (rising edge-triggered flip-flop clocked by core_clock)
Path Group: core_clock
Path Type: min

Fanout         Cap        Slew       Delay        Time   Description
---------------------------------------------------------------------------------------------
                                  0.000000    0.000000   clock core_clock (rise edge)
                                  0.000000    0.000000   clock source latency
     1    0.015086    0.000000    0.000000    0.000000 ^ clk (in)
                                                         clk (net)
                      0.001413    0.000707    0.000707 ^ clkbuf_0_clk/A (sky130_fd_sc_hd__clkbuf_16)
     8    0.084849    0.155388    0.265144    0.265851 ^ clkbuf_0_clk/X (sky130_fd_sc_hd__clkbuf_16)
                                                         clknet_0_clk (net)
                      0.156172    0.008760    0.274610 ^ clkbuf_3_4__f_clk/A (sky130_fd_sc_hd__clkbuf_16)
     9    0.022714    0.070802    0.264628    0.539239 ^ clkbuf_3_4__f_clk/X (sky130_fd_sc_hd__clkbuf_16)
                                                         clknet_3_4__leaf_clk (net)
                      0.070827    0.001049    0.540288 ^ dsa[16]._9_/CLK (sky130_fd_sc_hd__dfrtp_1)
     2    0.009077    0.154160    0.706678    1.246966 ^ dsa[16]._9_/Q (sky130_fd_sc_hd__dfrtp_1)
                                                         dsa[16].y_out (net)
                      0.154160    0.000607    1.247573 ^ dsa[17]._6_/A (sky130_fd_sc_hd__xnor2_1)
     1    0.002418    0.066821    0.161776    1.409349 v dsa[17]._6_/Y (sky130_fd_sc_hd__xnor2_1)
                                                         dsa[17].y_out_next (net)
                      0.066821    0.000163    1.409512 v dsa[17]._9_/D (sky130_fd_sc_hd__dfrtp_1)
                                              1.409512   data arrival time

                                  0.000000    0.000000   clock core_clock (rise edge)
                                  0.000000    0.000000   clock source latency
     1    0.015086    0.000000    0.000000    0.000000 ^ clk (in)
                                                         clk (net)
                      0.001413    0.000707    0.000707 ^ clkbuf_0_clk/A (sky130_fd_sc_hd__clkbuf_16)
     8    0.084849    0.155388    0.265144    0.265851 ^ clkbuf_0_clk/X (sky130_fd_sc_hd__clkbuf_16)
                                                         clknet_0_clk (net)
                      0.156172    0.008760    0.274610 ^ clkbuf_3_4__f_clk/A (sky130_fd_sc_hd__clkbuf_16)
     9    0.022714    0.070802    0.264628    0.539239 ^ clkbuf_3_4__f_clk/X (sky130_fd_sc_hd__clkbuf_16)
                                                         clknet_3_4__leaf_clk (net)
                      0.070827    0.001050    0.540289 ^ dsa[17]._9_/CLK (sky130_fd_sc_hd__dfrtp_1)
                                  0.000000    0.540289   clock reconvergence pessimism
                                 -0.095852    0.444437   library hold time
                                              0.444437   data required time
---------------------------------------------------------------------------------------------
                                              0.444437   data required time
                                             -1.409512   data arrival time
---------------------------------------------------------------------------------------------
                                              0.965075   slack (MET)


Startpoint: dsa[15]._9_ (rising edge-triggered flip-flop clocked by core_clock)
Endpoint: dsa[16]._9_ (rising edge-triggered flip-flop clocked by core_clock)
Path Group: core_clock
Path Type: min

Fanout         Cap        Slew       Delay        Time   Description
---------------------------------------------------------------------------------------------
                                  0.000000    0.000000   clock core_clock (rise edge)
                                  0.000000    0.000000   clock source latency
     1    0.015086    0.000000    0.000000    0.000000 ^ clk (in)
                                                         clk (net)
                      0.001413    0.000707    0.000707 ^ clkbuf_0_clk/A (sky130_fd_sc_hd__clkbuf_16)
     8    0.084849    0.155388    0.265144    0.265851 ^ clkbuf_0_clk/X (sky130_fd_sc_hd__clkbuf_16)
                                                         clknet_0_clk (net)
                      0.156172    0.008760    0.274610 ^ clkbuf_3_4__f_clk/A (sky130_fd_sc_hd__clkbuf_16)
     9    0.022714    0.070802    0.264628    0.539239 ^ clkbuf_3_4__f_clk/X (sky130_fd_sc_hd__clkbuf_16)
                                                         clknet_3_4__leaf_clk (net)
                      0.070829    0.001294    0.540533 ^ dsa[15]._9_/CLK (sky130_fd_sc_hd__dfrtp_1)
     2    0.008216    0.143491    0.697615    1.238148 ^ dsa[15]._9_/Q (sky130_fd_sc_hd__dfrtp_1)
                                                         dsa[15].y_out (net)
                      0.143491    0.000556    1.238704 ^ dsa[16]._6_/A (sky130_fd_sc_hd__xnor2_1)
     1    0.003167    0.077449    0.167204    1.405907 v dsa[16]._6_/Y (sky130_fd_sc_hd__xnor2_1)
                                                         dsa[16].y_out_next (net)
                      0.077449    0.000195    1.406102 v dsa[16]._9_/D (sky130_fd_sc_hd__dfrtp_1)
                                              1.406102   data arrival time

                                  0.000000    0.000000   clock core_clock (rise edge)
                                  0.000000    0.000000   clock source latency
     1    0.015086    0.000000    0.000000    0.000000 ^ clk (in)
                                                         clk (net)
                      0.001413    0.000707    0.000707 ^ clkbuf_0_clk/A (sky130_fd_sc_hd__clkbuf_16)
     8    0.084849    0.155388    0.265144    0.265851 ^ clkbuf_0_clk/X (sky130_fd_sc_hd__clkbuf_16)
                                                         clknet_0_clk (net)
                      0.156172    0.008760    0.274610 ^ clkbuf_3_4__f_clk/A (sky130_fd_sc_hd__clkbuf_16)
     9    0.022714    0.070802    0.264628    0.539239 ^ clkbuf_3_4__f_clk/X (sky130_fd_sc_hd__clkbuf_16)
                                                         clknet_3_4__leaf_clk (net)
                      0.070827    0.001049    0.540288 ^ dsa[16]._9_/CLK (sky130_fd_sc_hd__dfrtp_1)
                                  0.000000    0.540288   clock reconvergence pessimism
                                 -0.099798    0.440490   library hold time
                                              0.440490   data required time
---------------------------------------------------------------------------------------------
                                              0.440490   data required time
                                             -1.406102   data arrival time
---------------------------------------------------------------------------------------------
                                              0.965611   slack (MET)


Startpoint: dsa[19]._9_ (rising edge-triggered flip-flop clocked by core_clock)
Endpoint: dsa[20]._9_ (rising edge-triggered flip-flop clocked by core_clock)
Path Group: core_clock
Path Type: min

Fanout         Cap        Slew       Delay        Time   Description
---------------------------------------------------------------------------------------------
                                  0.000000    0.000000   clock core_clock (rise edge)
                                  0.000000    0.000000   clock source latency
     1    0.015086    0.000000    0.000000    0.000000 ^ clk (in)
                                                         clk (net)
                      0.001413    0.000707    0.000707 ^ clkbuf_0_clk/A (sky130_fd_sc_hd__clkbuf_16)
     8    0.084849    0.155388    0.265144    0.265851 ^ clkbuf_0_clk/X (sky130_fd_sc_hd__clkbuf_16)
                                                         clknet_0_clk (net)
                      0.156452    0.010188    0.276039 ^ clkbuf_3_0__f_clk/A (sky130_fd_sc_hd__clkbuf_16)
    10    0.032964    0.084590    0.278967    0.555006 ^ clkbuf_3_0__f_clk/X (sky130_fd_sc_hd__clkbuf_16)
                                                         clknet_3_0__leaf_clk (net)
                      0.084638    0.001813    0.556819 ^ dsa[19]._9_/CLK (sky130_fd_sc_hd__dfrtp_1)
     2    0.008977    0.152866    0.712063    1.268882 ^ dsa[19]._9_/Q (sky130_fd_sc_hd__dfrtp_1)
                                                         dsa[19].y_out (net)
                      0.152866    0.000622    1.269503 ^ dsa[20]._6_/A (sky130_fd_sc_hd__xnor2_1)
     1    0.002362    0.065918    0.160561    1.430064 v dsa[20]._6_/Y (sky130_fd_sc_hd__xnor2_1)
                                                         dsa[20].y_out_next (net)
                      0.065918    0.000158    1.430222 v dsa[20]._9_/D (sky130_fd_sc_hd__dfrtp_1)
                                              1.430222   data arrival time

                                  0.000000    0.000000   clock core_clock (rise edge)
                                  0.000000    0.000000   clock source latency
     1    0.015086    0.000000    0.000000    0.000000 ^ clk (in)
                                                         clk (net)
                      0.001413    0.000707    0.000707 ^ clkbuf_0_clk/A (sky130_fd_sc_hd__clkbuf_16)
     8    0.084849    0.155388    0.265144    0.265851 ^ clkbuf_0_clk/X (sky130_fd_sc_hd__clkbuf_16)
                                                         clknet_0_clk (net)
                      0.156452    0.010188    0.276039 ^ clkbuf_3_0__f_clk/A (sky130_fd_sc_hd__clkbuf_16)
    10    0.032964    0.084590    0.278967    0.555006 ^ clkbuf_3_0__f_clk/X (sky130_fd_sc_hd__clkbuf_16)
                                                         clknet_3_0__leaf_clk (net)
                      0.084615    0.001390    0.556395 ^ dsa[20]._9_/CLK (sky130_fd_sc_hd__dfrtp_1)
                                  0.000000    0.556395   clock reconvergence pessimism
                                 -0.092164    0.464232   library hold time
                                              0.464232   data required time
---------------------------------------------------------------------------------------------
                                              0.464232   data required time
                                             -1.430222   data arrival time
---------------------------------------------------------------------------------------------
                                              0.965990   slack (MET)


Startpoint: dsa[3]._9_ (rising edge-triggered flip-flop clocked by core_clock)
Endpoint: dsa[4]._9_ (rising edge-triggered flip-flop clocked by core_clock)
Path Group: core_clock
Path Type: min

Fanout         Cap        Slew       Delay        Time   Description
---------------------------------------------------------------------------------------------
                                  0.000000    0.000000   clock core_clock (rise edge)
                                  0.000000    0.000000   clock source latency
     1    0.015086    0.000000    0.000000    0.000000 ^ clk (in)
                                                         clk (net)
                      0.001413    0.000707    0.000707 ^ clkbuf_0_clk/A (sky130_fd_sc_hd__clkbuf_16)
     8    0.084849    0.155388    0.265144    0.265851 ^ clkbuf_0_clk/X (sky130_fd_sc_hd__clkbuf_16)
                                                         clknet_0_clk (net)
                      0.156230    0.009074    0.274925 ^ clkbuf_3_5__f_clk/A (sky130_fd_sc_hd__clkbuf_16)
     8    0.030080    0.080567    0.274894    0.549819 ^ clkbuf_3_5__f_clk/X (sky130_fd_sc_hd__clkbuf_16)
                                                         clknet_3_5__leaf_clk (net)
                      0.080576    0.000900    0.550719 ^ dsa[3]._9_/CLK (sky130_fd_sc_hd__dfrtp_1)
     2    0.009099    0.154341    0.711524    1.262243 ^ dsa[3]._9_/Q (sky130_fd_sc_hd__dfrtp_1)
                                                         dsa[3].y_out (net)
                      0.154341    0.000505    1.262748 ^ dsa[4]._6_/A (sky130_fd_sc_hd__xnor2_1)
     1    0.002371    0.066685    0.161236    1.423984 v dsa[4]._6_/Y (sky130_fd_sc_hd__xnor2_1)
                                                         dsa[4].y_out_next (net)
                      0.066685    0.000162    1.424146 v dsa[4]._9_/D (sky130_fd_sc_hd__dfrtp_1)
                                              1.424146   data arrival time

                                  0.000000    0.000000   clock core_clock (rise edge)
                                  0.000000    0.000000   clock source latency
     1    0.015086    0.000000    0.000000    0.000000 ^ clk (in)
                                                         clk (net)
                      0.001413    0.000707    0.000707 ^ clkbuf_0_clk/A (sky130_fd_sc_hd__clkbuf_16)
     8    0.084849    0.155388    0.265144    0.265851 ^ clkbuf_0_clk/X (sky130_fd_sc_hd__clkbuf_16)
                                                         clknet_0_clk (net)
                      0.156230    0.009074    0.274925 ^ clkbuf_3_5__f_clk/A (sky130_fd_sc_hd__clkbuf_16)
     8    0.030080    0.080567    0.274894    0.549819 ^ clkbuf_3_5__f_clk/X (sky130_fd_sc_hd__clkbuf_16)
                                                         clknet_3_5__leaf_clk (net)
                      0.080576    0.000905    0.550724 ^ dsa[4]._9_/CLK (sky130_fd_sc_hd__dfrtp_1)
                                  0.000000    0.550724   clock reconvergence pessimism
                                 -0.093430    0.457294   library hold time
                                              0.457294   data required time
---------------------------------------------------------------------------------------------
                                              0.457294   data required time
                                             -1.424146   data arrival time
---------------------------------------------------------------------------------------------
                                              0.966852   slack (MET)


Startpoint: dsa[22]._9_ (rising edge-triggered flip-flop clocked by core_clock)
Endpoint: dsa[23]._9_ (rising edge-triggered flip-flop clocked by core_clock)
Path Group: core_clock
Path Type: min

Fanout         Cap        Slew       Delay        Time   Description
---------------------------------------------------------------------------------------------
                                  0.000000    0.000000   clock core_clock (rise edge)
                                  0.000000    0.000000   clock source latency
     1    0.015086    0.000000    0.000000    0.000000 ^ clk (in)
                                                         clk (net)
                      0.001413    0.000707    0.000707 ^ clkbuf_0_clk/A (sky130_fd_sc_hd__clkbuf_16)
     8    0.084849    0.155388    0.265144    0.265851 ^ clkbuf_0_clk/X (sky130_fd_sc_hd__clkbuf_16)
                                                         clknet_0_clk (net)
                      0.155628    0.004937    0.270788 ^ clkbuf_3_3__f_clk/A (sky130_fd_sc_hd__clkbuf_16)
     9    0.027343    0.076841    0.270870    0.541658 ^ clkbuf_3_3__f_clk/X (sky130_fd_sc_hd__clkbuf_16)
                                                         clknet_3_3__leaf_clk (net)
                      0.076863    0.001200    0.542859 ^ dsa[22]._9_/CLK (sky130_fd_sc_hd__dfrtp_1)
     2    0.008770    0.150302    0.706272    1.249131 ^ dsa[22]._9_/Q (sky130_fd_sc_hd__dfrtp_1)
                                                         dsa[22].y_out (net)
                      0.150302    0.000540    1.249671 ^ dsa[23]._6_/A (sky130_fd_sc_hd__xnor2_1)
     1    0.002765    0.071635    0.164710    1.414381 v dsa[23]._6_/Y (sky130_fd_sc_hd__xnor2_1)
                                                         dsa[23].y_out_next (net)
                      0.071635    0.000176    1.414557 v dsa[23]._9_/D (sky130_fd_sc_hd__dfrtp_1)
                                              1.414557   data arrival time

                                  0.000000    0.000000   clock core_clock (rise edge)
                                  0.000000    0.000000   clock source latency
     1    0.015086    0.000000    0.000000    0.000000 ^ clk (in)
                                                         clk (net)
                      0.001413    0.000707    0.000707 ^ clkbuf_0_clk/A (sky130_fd_sc_hd__clkbuf_16)
     8    0.084849    0.155388    0.265144    0.265851 ^ clkbuf_0_clk/X (sky130_fd_sc_hd__clkbuf_16)
                                                         clknet_0_clk (net)
                      0.155628    0.004937    0.270788 ^ clkbuf_3_3__f_clk/A (sky130_fd_sc_hd__clkbuf_16)
     9    0.027343    0.076841    0.270870    0.541658 ^ clkbuf_3_3__f_clk/X (sky130_fd_sc_hd__clkbuf_16)
                                                         clknet_3_3__leaf_clk (net)
                      0.076866    0.001263    0.542922 ^ dsa[23]._9_/CLK (sky130_fd_sc_hd__dfrtp_1)
                                  0.000000    0.542922   clock reconvergence pessimism
                                 -0.096170    0.446752   library hold time
                                              0.446752   data required time
---------------------------------------------------------------------------------------------
                                              0.446752   data required time
                                             -1.414557   data arrival time
---------------------------------------------------------------------------------------------
                                              0.967806   slack (MET)


Startpoint: dsa[17]._9_ (rising edge-triggered flip-flop clocked by core_clock)
Endpoint: dsa[18]._9_ (rising edge-triggered flip-flop clocked by core_clock)
Path Group: core_clock
Path Type: min

Fanout         Cap        Slew       Delay        Time   Description
---------------------------------------------------------------------------------------------
                                  0.000000    0.000000   clock core_clock (rise edge)
                                  0.000000    0.000000   clock source latency
     1    0.015086    0.000000    0.000000    0.000000 ^ clk (in)
                                                         clk (net)
                      0.001413    0.000707    0.000707 ^ clkbuf_0_clk/A (sky130_fd_sc_hd__clkbuf_16)
     8    0.084849    0.155388    0.265144    0.265851 ^ clkbuf_0_clk/X (sky130_fd_sc_hd__clkbuf_16)
                                                         clknet_0_clk (net)
                      0.156172    0.008760    0.274610 ^ clkbuf_3_4__f_clk/A (sky130_fd_sc_hd__clkbuf_16)
     9    0.022714    0.070802    0.264628    0.539239 ^ clkbuf_3_4__f_clk/X (sky130_fd_sc_hd__clkbuf_16)
                                                         clknet_3_4__leaf_clk (net)
                      0.070827    0.001050    0.540289 ^ dsa[17]._9_/CLK (sky130_fd_sc_hd__dfrtp_1)
     2    0.008552    0.147667    0.701119    1.241408 ^ dsa[17]._9_/Q (sky130_fd_sc_hd__dfrtp_1)
                                                         dsa[17].y_out (net)
                      0.147667    0.000584    1.241992 ^ dsa[18]._6_/A (sky130_fd_sc_hd__xnor2_1)
     1    0.003233    0.078783    0.169663    1.411655 v dsa[18]._6_/Y (sky130_fd_sc_hd__xnor2_1)
                                                         dsa[18].y_out_next (net)
                      0.078783    0.000190    1.411845 v dsa[18]._9_/D (sky130_fd_sc_hd__dfrtp_1)
                                              1.411845   data arrival time

                                  0.000000    0.000000   clock core_clock (rise edge)
                                  0.000000    0.000000   clock source latency
     1    0.015086    0.000000    0.000000    0.000000 ^ clk (in)
                                                         clk (net)
                      0.001413    0.000707    0.000707 ^ clkbuf_0_clk/A (sky130_fd_sc_hd__clkbuf_16)
     8    0.084849    0.155388    0.265144    0.265851 ^ clkbuf_0_clk/X (sky130_fd_sc_hd__clkbuf_16)
                                                         clknet_0_clk (net)
                      0.156172    0.008760    0.274610 ^ clkbuf_3_4__f_clk/A (sky130_fd_sc_hd__clkbuf_16)
     9    0.022714    0.070802    0.264628    0.539239 ^ clkbuf_3_4__f_clk/X (sky130_fd_sc_hd__clkbuf_16)
                                                         clknet_3_4__leaf_clk (net)
                      0.070827    0.001075    0.540313 ^ dsa[18]._9_/CLK (sky130_fd_sc_hd__dfrtp_1)
                                  0.000000    0.540313   clock reconvergence pessimism
                                 -0.100293    0.440021   library hold time
                                              0.440021   data required time
---------------------------------------------------------------------------------------------
                                              0.440021   data required time
                                             -1.411845   data arrival time
---------------------------------------------------------------------------------------------
                                              0.971824   slack (MET)


Startpoint: dsa[13]._9_ (rising edge-triggered flip-flop clocked by core_clock)
Endpoint: dsa[14]._9_ (rising edge-triggered flip-flop clocked by core_clock)
Path Group: core_clock
Path Type: min

Fanout         Cap        Slew       Delay        Time   Description
---------------------------------------------------------------------------------------------
                                  0.000000    0.000000   clock core_clock (rise edge)
                                  0.000000    0.000000   clock source latency
     1    0.015086    0.000000    0.000000    0.000000 ^ clk (in)
                                                         clk (net)
                      0.001413    0.000707    0.000707 ^ clkbuf_0_clk/A (sky130_fd_sc_hd__clkbuf_16)
     8    0.084849    0.155388    0.265144    0.265851 ^ clkbuf_0_clk/X (sky130_fd_sc_hd__clkbuf_16)
                                                         clknet_0_clk (net)
                      0.155628    0.004937    0.270788 ^ clkbuf_3_3__f_clk/A (sky130_fd_sc_hd__clkbuf_16)
     9    0.027343    0.076841    0.270870    0.541658 ^ clkbuf_3_3__f_clk/X (sky130_fd_sc_hd__clkbuf_16)
                                                         clknet_3_3__leaf_clk (net)
                      0.076872    0.001374    0.543032 ^ dsa[13]._9_/CLK (sky130_fd_sc_hd__dfrtp_1)
     2    0.008879    0.151667    0.707377    1.250409 ^ dsa[13]._9_/Q (sky130_fd_sc_hd__dfrtp_1)
                                                         dsa[13].y_out (net)
                      0.151667    0.000617    1.251026 ^ dsa[14]._6_/A (sky130_fd_sc_hd__xnor2_1)
     1    0.003033    0.075752    0.168652    1.419678 v dsa[14]._6_/Y (sky130_fd_sc_hd__xnor2_1)
                                                         dsa[14].y_out_next (net)
                      0.075753    0.000193    1.419871 v dsa[14]._9_/D (sky130_fd_sc_hd__dfrtp_1)
                                              1.419871   data arrival time

                                  0.000000    0.000000   clock core_clock (rise edge)
                                  0.000000    0.000000   clock source latency
     1    0.015086    0.000000    0.000000    0.000000 ^ clk (in)
                                                         clk (net)
                      0.001413    0.000707    0.000707 ^ clkbuf_0_clk/A (sky130_fd_sc_hd__clkbuf_16)
     8    0.084849    0.155388    0.265144    0.265851 ^ clkbuf_0_clk/X (sky130_fd_sc_hd__clkbuf_16)
                                                         clknet_0_clk (net)
                      0.155817    0.006528    0.272379 ^ clkbuf_3_6__f_clk/A (sky130_fd_sc_hd__clkbuf_16)
     8    0.027426    0.076950    0.271086    0.543465 ^ clkbuf_3_6__f_clk/X (sky130_fd_sc_hd__clkbuf_16)
                                                         clknet_3_6__leaf_clk (net)
                      0.076976    0.001273    0.544738 ^ dsa[14]._9_/CLK (sky130_fd_sc_hd__dfrtp_1)
                                  0.000000    0.544738   clock reconvergence pessimism
                                 -0.097672    0.447066   library hold time
                                              0.447066   data required time
---------------------------------------------------------------------------------------------
                                              0.447066   data required time
                                             -1.419871   data arrival time
---------------------------------------------------------------------------------------------
                                              0.972805   slack (MET)


Startpoint: dsa[21]._9_ (rising edge-triggered flip-flop clocked by core_clock)
Endpoint: dsa[22]._9_ (rising edge-triggered flip-flop clocked by core_clock)
Path Group: core_clock
Path Type: min

Fanout         Cap        Slew       Delay        Time   Description
---------------------------------------------------------------------------------------------
                                  0.000000    0.000000   clock core_clock (rise edge)
                                  0.000000    0.000000   clock source latency
     1    0.015086    0.000000    0.000000    0.000000 ^ clk (in)
                                                         clk (net)
                      0.001413    0.000707    0.000707 ^ clkbuf_0_clk/A (sky130_fd_sc_hd__clkbuf_16)
     8    0.084849    0.155388    0.265144    0.265851 ^ clkbuf_0_clk/X (sky130_fd_sc_hd__clkbuf_16)
                                                         clknet_0_clk (net)
                      0.155628    0.004937    0.270788 ^ clkbuf_3_3__f_clk/A (sky130_fd_sc_hd__clkbuf_16)
     9    0.027343    0.076841    0.270870    0.541658 ^ clkbuf_3_3__f_clk/X (sky130_fd_sc_hd__clkbuf_16)
                                                         clknet_3_3__leaf_clk (net)
                      0.076854    0.000993    0.542651 ^ dsa[21]._9_/CLK (sky130_fd_sc_hd__dfrtp_1)
     2    0.008095    0.141927    0.699217    1.241868 ^ dsa[21]._9_/Q (sky130_fd_sc_hd__dfrtp_1)
                                                         dsa[21].y_out (net)
                      0.141927    0.000475    1.242343 ^ dsa[22]._6_/A (sky130_fd_sc_hd__xnor2_1)
     1    0.003714    0.085138    0.173285    1.415627 v dsa[22]._6_/Y (sky130_fd_sc_hd__xnor2_1)
                                                         dsa[22].y_out_next (net)
                      0.085138    0.000225    1.415853 v dsa[22]._9_/D (sky130_fd_sc_hd__dfrtp_1)
                                              1.415853   data arrival time

                                  0.000000    0.000000   clock core_clock (rise edge)
                                  0.000000    0.000000   clock source latency
     1    0.015086    0.000000    0.000000    0.000000 ^ clk (in)
                                                         clk (net)
                      0.001413    0.000707    0.000707 ^ clkbuf_0_clk/A (sky130_fd_sc_hd__clkbuf_16)
     8    0.084849    0.155388    0.265144    0.265851 ^ clkbuf_0_clk/X (sky130_fd_sc_hd__clkbuf_16)
                                                         clknet_0_clk (net)
                      0.155628    0.004937    0.270788 ^ clkbuf_3_3__f_clk/A (sky130_fd_sc_hd__clkbuf_16)
     9    0.027343    0.076841    0.270870    0.541658 ^ clkbuf_3_3__f_clk/X (sky130_fd_sc_hd__clkbuf_16)
                                                         clknet_3_3__leaf_clk (net)
                      0.076863    0.001200    0.542859 ^ dsa[22]._9_/CLK (sky130_fd_sc_hd__dfrtp_1)
                                  0.000000    0.542859   clock reconvergence pessimism
                                 -0.101184    0.441675   library hold time
                                              0.441675   data required time
---------------------------------------------------------------------------------------------
                                              0.441675   data required time
                                             -1.415853   data arrival time
---------------------------------------------------------------------------------------------
                                              0.974178   slack (MET)


Startpoint: dsa[24]._9_ (rising edge-triggered flip-flop clocked by core_clock)
Endpoint: dsa[25]._9_ (rising edge-triggered flip-flop clocked by core_clock)
Path Group: core_clock
Path Type: min

Fanout         Cap        Slew       Delay        Time   Description
---------------------------------------------------------------------------------------------
                                  0.000000    0.000000   clock core_clock (rise edge)
                                  0.000000    0.000000   clock source latency
     1    0.015086    0.000000    0.000000    0.000000 ^ clk (in)
                                                         clk (net)
                      0.001413    0.000707    0.000707 ^ clkbuf_0_clk/A (sky130_fd_sc_hd__clkbuf_16)
     8    0.084849    0.155388    0.265144    0.265851 ^ clkbuf_0_clk/X (sky130_fd_sc_hd__clkbuf_16)
                                                         clknet_0_clk (net)
                      0.155628    0.004937    0.270788 ^ clkbuf_3_3__f_clk/A (sky130_fd_sc_hd__clkbuf_16)
     9    0.027343    0.076841    0.270870    0.541658 ^ clkbuf_3_3__f_clk/X (sky130_fd_sc_hd__clkbuf_16)
                                                         clknet_3_3__leaf_clk (net)
                      0.076871    0.001361    0.543020 ^ dsa[24]._9_/CLK (sky130_fd_sc_hd__dfrtp_1)
     2    0.010275    0.169036    0.722189    1.265209 ^ dsa[24]._9_/Q (sky130_fd_sc_hd__dfrtp_1)
                                                         dsa[24].y_out (net)
                      0.169036    0.000444    1.265652 ^ dsa[25]._6_/A (sky130_fd_sc_hd__xnor2_1)
     1    0.002323    0.065510    0.166248    1.431900 v dsa[25]._6_/Y (sky130_fd_sc_hd__xnor2_1)
                                                         dsa[25].y_out_next (net)
                      0.065510    0.000169    1.432069 v dsa[25]._9_/D (sky130_fd_sc_hd__dfrtp_1)
                                              1.432069   data arrival time

                                  0.000000    0.000000   clock core_clock (rise edge)
                                  0.000000    0.000000   clock source latency
     1    0.015086    0.000000    0.000000    0.000000 ^ clk (in)
                                                         clk (net)
                      0.001413    0.000707    0.000707 ^ clkbuf_0_clk/A (sky130_fd_sc_hd__clkbuf_16)
     8    0.084849    0.155388    0.265144    0.265851 ^ clkbuf_0_clk/X (sky130_fd_sc_hd__clkbuf_16)
                                                         clknet_0_clk (net)
                      0.155666    0.005297    0.271148 ^ clkbuf_3_2__f_clk/A (sky130_fd_sc_hd__clkbuf_16)
    10    0.031969    0.083220    0.277120    0.548267 ^ clkbuf_3_2__f_clk/X (sky130_fd_sc_hd__clkbuf_16)
                                                         clknet_3_2__leaf_clk (net)
                      0.083259    0.001653    0.549920 ^ dsa[25]._9_/CLK (sky130_fd_sc_hd__dfrtp_1)
                                  0.000000    0.549920   clock reconvergence pessimism
                                 -0.092342    0.457578   library hold time
                                              0.457578   data required time
---------------------------------------------------------------------------------------------
                                              0.457578   data required time
                                             -1.432069   data arrival time
---------------------------------------------------------------------------------------------
                                              0.974491   slack (MET)


Startpoint: dsa[2]._9_ (rising edge-triggered flip-flop clocked by core_clock)
Endpoint: dsa[3]._9_ (rising edge-triggered flip-flop clocked by core_clock)
Path Group: core_clock
Path Type: min

Fanout         Cap        Slew       Delay        Time   Description
---------------------------------------------------------------------------------------------
                                  0.000000    0.000000   clock core_clock (rise edge)
                                  0.000000    0.000000   clock source latency
     1    0.015086    0.000000    0.000000    0.000000 ^ clk (in)
                                                         clk (net)
                      0.001413    0.000707    0.000707 ^ clkbuf_0_clk/A (sky130_fd_sc_hd__clkbuf_16)
     8    0.084849    0.155388    0.265144    0.265851 ^ clkbuf_0_clk/X (sky130_fd_sc_hd__clkbuf_16)
                                                         clknet_0_clk (net)
                      0.155834    0.006654    0.272504 ^ clkbuf_3_7__f_clk/A (sky130_fd_sc_hd__clkbuf_16)
    10    0.029828    0.080221    0.274364    0.546868 ^ clkbuf_3_7__f_clk/X (sky130_fd_sc_hd__clkbuf_16)
                                                         clknet_3_7__leaf_clk (net)
                      0.080238    0.001139    0.548007 ^ dsa[2]._9_/CLK (sky130_fd_sc_hd__dfrtp_1)
     2    0.008716    0.149606    0.707268    1.255276 ^ dsa[2]._9_/Q (sky130_fd_sc_hd__dfrtp_1)
                                                         dsa[2].y_out (net)
                      0.149606    0.000571    1.255847 ^ dsa[3]._6_/A (sky130_fd_sc_hd__xnor2_1)
     1    0.003420    0.080980    0.172688    1.428534 v dsa[3]._6_/Y (sky130_fd_sc_hd__xnor2_1)
                                                         dsa[3].y_out_next (net)
                      0.080980    0.000258    1.428792 v dsa[3]._9_/D (sky130_fd_sc_hd__dfrtp_1)
                                              1.428792   data arrival time

                                  0.000000    0.000000   clock core_clock (rise edge)
                                  0.000000    0.000000   clock source latency
     1    0.015086    0.000000    0.000000    0.000000 ^ clk (in)
                                                         clk (net)
                      0.001413    0.000707    0.000707 ^ clkbuf_0_clk/A (sky130_fd_sc_hd__clkbuf_16)
     8    0.084849    0.155388    0.265144    0.265851 ^ clkbuf_0_clk/X (sky130_fd_sc_hd__clkbuf_16)
                                                         clknet_0_clk (net)
                      0.156230    0.009074    0.274925 ^ clkbuf_3_5__f_clk/A (sky130_fd_sc_hd__clkbuf_16)
     8    0.030080    0.080567    0.274894    0.549819 ^ clkbuf_3_5__f_clk/X (sky130_fd_sc_hd__clkbuf_16)
                                                         clknet_3_5__leaf_clk (net)
                      0.080576    0.000900    0.550719 ^ dsa[3]._9_/CLK (sky130_fd_sc_hd__dfrtp_1)
                                  0.000000    0.550719   clock reconvergence pessimism
                                 -0.098738    0.451981   library hold time
                                              0.451981   data required time
---------------------------------------------------------------------------------------------
                                              0.451981   data required time
                                             -1.428792   data arrival time
---------------------------------------------------------------------------------------------
                                              0.976811   slack (MET)


Startpoint: dsa[9]._9_ (rising edge-triggered flip-flop clocked by core_clock)
Endpoint: dsa[10]._9_ (rising edge-triggered flip-flop clocked by core_clock)
Path Group: core_clock
Path Type: min

Fanout         Cap        Slew       Delay        Time   Description
---------------------------------------------------------------------------------------------
                                  0.000000    0.000000   clock core_clock (rise edge)
                                  0.000000    0.000000   clock source latency
     1    0.015086    0.000000    0.000000    0.000000 ^ clk (in)
                                                         clk (net)
                      0.001413    0.000707    0.000707 ^ clkbuf_0_clk/A (sky130_fd_sc_hd__clkbuf_16)
     8    0.084849    0.155388    0.265144    0.265851 ^ clkbuf_0_clk/X (sky130_fd_sc_hd__clkbuf_16)
                                                         clknet_0_clk (net)
                      0.155834    0.006654    0.272504 ^ clkbuf_3_7__f_clk/A (sky130_fd_sc_hd__clkbuf_16)
    10    0.029828    0.080221    0.274364    0.546868 ^ clkbuf_3_7__f_clk/X (sky130_fd_sc_hd__clkbuf_16)
                                                         clknet_3_7__leaf_clk (net)
                      0.080237    0.001133    0.548001 ^ dsa[9]._9_/CLK (sky130_fd_sc_hd__dfrtp_1)
     2    0.009426    0.158441    0.714738    1.262740 ^ dsa[9]._9_/Q (sky130_fd_sc_hd__dfrtp_1)
                                                         dsa[10].y_in (net)
                      0.158441    0.000609    1.263348 ^ dsa[10]._6_/A (sky130_fd_sc_hd__xnor2_1)
     1    0.002543    0.068470    0.164991    1.428339 v dsa[10]._6_/Y (sky130_fd_sc_hd__xnor2_1)
                                                         dsa[10].y_out_next (net)
                      0.068470    0.000185    1.428524 v dsa[10]._9_/D (sky130_fd_sc_hd__dfrtp_1)
                                              1.428524   data arrival time

                                  0.000000    0.000000   clock core_clock (rise edge)
                                  0.000000    0.000000   clock source latency
     1    0.015086    0.000000    0.000000    0.000000 ^ clk (in)
                                                         clk (net)
                      0.001413    0.000707    0.000707 ^ clkbuf_0_clk/A (sky130_fd_sc_hd__clkbuf_16)
     8    0.084849    0.155388    0.265144    0.265851 ^ clkbuf_0_clk/X (sky130_fd_sc_hd__clkbuf_16)
                                                         clknet_0_clk (net)
                      0.155817    0.006528    0.272379 ^ clkbuf_3_6__f_clk/A (sky130_fd_sc_hd__clkbuf_16)
     8    0.027426    0.076950    0.271086    0.543465 ^ clkbuf_3_6__f_clk/X (sky130_fd_sc_hd__clkbuf_16)
                                                         clknet_3_6__leaf_clk (net)
                      0.076977    0.001294    0.544759 ^ dsa[10]._9_/CLK (sky130_fd_sc_hd__dfrtp_1)
                                  0.000000    0.544759   clock reconvergence pessimism
                                 -0.094968    0.449790   library hold time
                                              0.449790   data required time
---------------------------------------------------------------------------------------------
                                              0.449790   data required time
                                             -1.428524   data arrival time
---------------------------------------------------------------------------------------------
                                              0.978734   slack (MET)


Startpoint: dsa[12]._9_ (rising edge-triggered flip-flop clocked by core_clock)
Endpoint: dsa[13]._9_ (rising edge-triggered flip-flop clocked by core_clock)
Path Group: core_clock
Path Type: min

Fanout         Cap        Slew       Delay        Time   Description
---------------------------------------------------------------------------------------------
                                  0.000000    0.000000   clock core_clock (rise edge)
                                  0.000000    0.000000   clock source latency
     1    0.015086    0.000000    0.000000    0.000000 ^ clk (in)
                                                         clk (net)
                      0.001413    0.000707    0.000707 ^ clkbuf_0_clk/A (sky130_fd_sc_hd__clkbuf_16)
     8    0.084849    0.155388    0.265144    0.265851 ^ clkbuf_0_clk/X (sky130_fd_sc_hd__clkbuf_16)
                                                         clknet_0_clk (net)
                      0.155834    0.006654    0.272504 ^ clkbuf_3_7__f_clk/A (sky130_fd_sc_hd__clkbuf_16)
    10    0.029828    0.080221    0.274364    0.546868 ^ clkbuf_3_7__f_clk/X (sky130_fd_sc_hd__clkbuf_16)
                                                         clknet_3_7__leaf_clk (net)
                      0.080272    0.001785    0.548653 ^ dsa[12]._9_/CLK (sky130_fd_sc_hd__dfrtp_1)
     2    0.009679    0.161558    0.717498    1.266151 ^ dsa[12]._9_/Q (sky130_fd_sc_hd__dfrtp_1)
                                                         dsa[12].y_out (net)
                      0.161558    0.000450    1.266601 ^ dsa[13]._6_/A (sky130_fd_sc_hd__xnor2_1)
     1    0.002267    0.064804    0.162676    1.429277 v dsa[13]._6_/Y (sky130_fd_sc_hd__xnor2_1)
                                                         dsa[13].y_out_next (net)
                      0.064805    0.000156    1.429433 v dsa[13]._9_/D (sky130_fd_sc_hd__dfrtp_1)
                                              1.429433   data arrival time

                                  0.000000    0.000000   clock core_clock (rise edge)
                                  0.000000    0.000000   clock source latency
     1    0.015086    0.000000    0.000000    0.000000 ^ clk (in)
                                                         clk (net)
                      0.001413    0.000707    0.000707 ^ clkbuf_0_clk/A (sky130_fd_sc_hd__clkbuf_16)
     8    0.084849    0.155388    0.265144    0.265851 ^ clkbuf_0_clk/X (sky130_fd_sc_hd__clkbuf_16)
                                                         clknet_0_clk (net)
                      0.155628    0.004937    0.270788 ^ clkbuf_3_3__f_clk/A (sky130_fd_sc_hd__clkbuf_16)
     9    0.027343    0.076841    0.270870    0.541658 ^ clkbuf_3_3__f_clk/X (sky130_fd_sc_hd__clkbuf_16)
                                                         clknet_3_3__leaf_clk (net)
                      0.076872    0.001374    0.543032 ^ dsa[13]._9_/CLK (sky130_fd_sc_hd__dfrtp_1)
                                  0.000000    0.543032   clock reconvergence pessimism
                                 -0.093633    0.449399   library hold time
                                              0.449399   data required time
---------------------------------------------------------------------------------------------
                                              0.449399   data required time
                                             -1.429433   data arrival time
---------------------------------------------------------------------------------------------
                                              0.980034   slack (MET)


Startpoint: dsa[23]._9_ (rising edge-triggered flip-flop clocked by core_clock)
Endpoint: dsa[24]._9_ (rising edge-triggered flip-flop clocked by core_clock)
Path Group: core_clock
Path Type: min

Fanout         Cap        Slew       Delay        Time   Description
---------------------------------------------------------------------------------------------
                                  0.000000    0.000000   clock core_clock (rise edge)
                                  0.000000    0.000000   clock source latency
     1    0.015086    0.000000    0.000000    0.000000 ^ clk (in)
                                                         clk (net)
                      0.001413    0.000707    0.000707 ^ clkbuf_0_clk/A (sky130_fd_sc_hd__clkbuf_16)
     8    0.084849    0.155388    0.265144    0.265851 ^ clkbuf_0_clk/X (sky130_fd_sc_hd__clkbuf_16)
                                                         clknet_0_clk (net)
                      0.155628    0.004937    0.270788 ^ clkbuf_3_3__f_clk/A (sky130_fd_sc_hd__clkbuf_16)
     9    0.027343    0.076841    0.270870    0.541658 ^ clkbuf_3_3__f_clk/X (sky130_fd_sc_hd__clkbuf_16)
                                                         clknet_3_3__leaf_clk (net)
                      0.076866    0.001263    0.542922 ^ dsa[23]._9_/CLK (sky130_fd_sc_hd__dfrtp_1)
     2    0.009000    0.153154    0.708677    1.251599 ^ dsa[23]._9_/Q (sky130_fd_sc_hd__dfrtp_1)
                                                         dsa[23].y_out (net)
                      0.153154    0.000571    1.252169 ^ dsa[24]._6_/A (sky130_fd_sc_hd__xnor2_1)
     1    0.003305    0.079534    0.172718    1.424887 v dsa[24]._6_/Y (sky130_fd_sc_hd__xnor2_1)
                                                         dsa[24].y_out_next (net)
                      0.079534    0.000127    1.425014 v dsa[24]._9_/D (sky130_fd_sc_hd__dfrtp_1)
                                              1.425014   data arrival time

                                  0.000000    0.000000   clock core_clock (rise edge)
                                  0.000000    0.000000   clock source latency
     1    0.015086    0.000000    0.000000    0.000000 ^ clk (in)
                                                         clk (net)
                      0.001413    0.000707    0.000707 ^ clkbuf_0_clk/A (sky130_fd_sc_hd__clkbuf_16)
     8    0.084849    0.155388    0.265144    0.265851 ^ clkbuf_0_clk/X (sky130_fd_sc_hd__clkbuf_16)
                                                         clknet_0_clk (net)
                      0.155628    0.004937    0.270788 ^ clkbuf_3_3__f_clk/A (sky130_fd_sc_hd__clkbuf_16)
     9    0.027343    0.076841    0.270870    0.541658 ^ clkbuf_3_3__f_clk/X (sky130_fd_sc_hd__clkbuf_16)
                                                         clknet_3_3__leaf_clk (net)
                      0.076871    0.001361    0.543020 ^ dsa[24]._9_/CLK (sky130_fd_sc_hd__dfrtp_1)
                                  0.000000    0.543020   clock reconvergence pessimism
                                 -0.099101    0.443918   library hold time
                                              0.443918   data required time
---------------------------------------------------------------------------------------------
                                              0.443918   data required time
                                             -1.425014   data arrival time
---------------------------------------------------------------------------------------------
                                              0.981095   slack (MET)


Startpoint: dsa[8]._9_ (rising edge-triggered flip-flop clocked by core_clock)
Endpoint: dsa[9]._9_ (rising edge-triggered flip-flop clocked by core_clock)
Path Group: core_clock
Path Type: min

Fanout         Cap        Slew       Delay        Time   Description
---------------------------------------------------------------------------------------------
                                  0.000000    0.000000   clock core_clock (rise edge)
                                  0.000000    0.000000   clock source latency
     1    0.015086    0.000000    0.000000    0.000000 ^ clk (in)
                                                         clk (net)
                      0.001413    0.000707    0.000707 ^ clkbuf_0_clk/A (sky130_fd_sc_hd__clkbuf_16)
     8    0.084849    0.155388    0.265144    0.265851 ^ clkbuf_0_clk/X (sky130_fd_sc_hd__clkbuf_16)
                                                         clknet_0_clk (net)
                      0.156172    0.008760    0.274610 ^ clkbuf_3_4__f_clk/A (sky130_fd_sc_hd__clkbuf_16)
     9    0.022714    0.070802    0.264628    0.539239 ^ clkbuf_3_4__f_clk/X (sky130_fd_sc_hd__clkbuf_16)
                                                         clknet_3_4__leaf_clk (net)
                      0.070830    0.001313    0.540551 ^ dsa[8]._9_/CLK (sky130_fd_sc_hd__dfrtp_1)
     2    0.009638    0.161167    0.712581    1.253132 ^ dsa[8]._9_/Q (sky130_fd_sc_hd__dfrtp_1)
                                                         dsa[8].y_out (net)
                      0.161167    0.000621    1.253753 ^ dsa[9]._6_/A (sky130_fd_sc_hd__xnor2_1)
     1    0.003393    0.080592    0.176868    1.430621 v dsa[9]._6_/Y (sky130_fd_sc_hd__xnor2_1)
                                                         dsa[9].y_out_next (net)
                      0.080592    0.000202    1.430822 v dsa[9]._9_/D (sky130_fd_sc_hd__dfrtp_1)
                                              1.430822   data arrival time

                                  0.000000    0.000000   clock core_clock (rise edge)
                                  0.000000    0.000000   clock source latency
     1    0.015086    0.000000    0.000000    0.000000 ^ clk (in)
                                                         clk (net)
                      0.001413    0.000707    0.000707 ^ clkbuf_0_clk/A (sky130_fd_sc_hd__clkbuf_16)
     8    0.084849    0.155388    0.265144    0.265851 ^ clkbuf_0_clk/X (sky130_fd_sc_hd__clkbuf_16)
                                                         clknet_0_clk (net)
                      0.155834    0.006654    0.272504 ^ clkbuf_3_7__f_clk/A (sky130_fd_sc_hd__clkbuf_16)
    10    0.029828    0.080221    0.274364    0.546868 ^ clkbuf_3_7__f_clk/X (sky130_fd_sc_hd__clkbuf_16)
                                                         clknet_3_7__leaf_clk (net)
                      0.080237    0.001133    0.548001 ^ dsa[9]._9_/CLK (sky130_fd_sc_hd__dfrtp_1)
                                  0.000000    0.548001   clock reconvergence pessimism
                                 -0.098676    0.449326   library hold time
                                              0.449326   data required time
---------------------------------------------------------------------------------------------
                                              0.449326   data required time
                                             -1.430822   data arrival time
---------------------------------------------------------------------------------------------
                                              0.981497   slack (MET)


Startpoint: dsa[28]._9_ (rising edge-triggered flip-flop clocked by core_clock)
Endpoint: dsa[29]._9_ (rising edge-triggered flip-flop clocked by core_clock)
Path Group: core_clock
Path Type: min

Fanout         Cap        Slew       Delay        Time   Description
---------------------------------------------------------------------------------------------
                                  0.000000    0.000000   clock core_clock (rise edge)
                                  0.000000    0.000000   clock source latency
     1    0.015086    0.000000    0.000000    0.000000 ^ clk (in)
                                                         clk (net)
                      0.001413    0.000707    0.000707 ^ clkbuf_0_clk/A (sky130_fd_sc_hd__clkbuf_16)
     8    0.084849    0.155388    0.265144    0.265851 ^ clkbuf_0_clk/X (sky130_fd_sc_hd__clkbuf_16)
                                                         clknet_0_clk (net)
                      0.156452    0.010188    0.276039 ^ clkbuf_3_0__f_clk/A (sky130_fd_sc_hd__clkbuf_16)
    10    0.032964    0.084590    0.278967    0.555006 ^ clkbuf_3_0__f_clk/X (sky130_fd_sc_hd__clkbuf_16)
                                                         clknet_3_0__leaf_clk (net)
                      0.084616    0.001414    0.556420 ^ dsa[28]._9_/CLK (sky130_fd_sc_hd__dfrtp_1)
     2    0.008500    0.146960    0.707014    1.263434 ^ dsa[28]._9_/Q (sky130_fd_sc_hd__dfrtp_1)
                                                         dsa[28].y_out (net)
                      0.146960    0.000586    1.264020 ^ dsa[29]._6_/A (sky130_fd_sc_hd__xnor2_1)
     1    0.002878    0.073229    0.164881    1.428901 v dsa[29]._6_/Y (sky130_fd_sc_hd__xnor2_1)
                                                         dsa[29].y_out_next (net)
                      0.073229    0.000118    1.429019 v dsa[29]._9_/D (sky130_fd_sc_hd__dfrtp_1)
                                              1.429019   data arrival time

                                  0.000000    0.000000   clock core_clock (rise edge)
                                  0.000000    0.000000   clock source latency
     1    0.015086    0.000000    0.000000    0.000000 ^ clk (in)
                                                         clk (net)
                      0.001413    0.000707    0.000707 ^ clkbuf_0_clk/A (sky130_fd_sc_hd__clkbuf_16)
     8    0.084849    0.155388    0.265144    0.265851 ^ clkbuf_0_clk/X (sky130_fd_sc_hd__clkbuf_16)
                                                         clknet_0_clk (net)
                      0.156441    0.010137    0.275988 ^ clkbuf_3_1__f_clk/A (sky130_fd_sc_hd__clkbuf_16)
     7    0.024793    0.073466    0.267673    0.543661 ^ clkbuf_3_1__f_clk/X (sky130_fd_sc_hd__clkbuf_16)
                                                         clknet_3_1__leaf_clk (net)
                      0.073494    0.001193    0.544854 ^ dsa[29]._9_/CLK (sky130_fd_sc_hd__dfrtp_1)
                                  0.000000    0.544854   clock reconvergence pessimism
                                 -0.097582    0.447272   library hold time
                                              0.447272   data required time
---------------------------------------------------------------------------------------------
                                              0.447272   data required time
                                             -1.429019   data arrival time
---------------------------------------------------------------------------------------------
                                              0.981747   slack (MET)


Startpoint: dsa[7]._9_ (rising edge-triggered flip-flop clocked by core_clock)
Endpoint: dsa[8]._9_ (rising edge-triggered flip-flop clocked by core_clock)
Path Group: core_clock
Path Type: min

Fanout         Cap        Slew       Delay        Time   Description
---------------------------------------------------------------------------------------------
                                  0.000000    0.000000   clock core_clock (rise edge)
                                  0.000000    0.000000   clock source latency
     1    0.015086    0.000000    0.000000    0.000000 ^ clk (in)
                                                         clk (net)
                      0.001413    0.000707    0.000707 ^ clkbuf_0_clk/A (sky130_fd_sc_hd__clkbuf_16)
     8    0.084849    0.155388    0.265144    0.265851 ^ clkbuf_0_clk/X (sky130_fd_sc_hd__clkbuf_16)
                                                         clknet_0_clk (net)
                      0.156172    0.008760    0.274610 ^ clkbuf_3_4__f_clk/A (sky130_fd_sc_hd__clkbuf_16)
     9    0.022714    0.070802    0.264628    0.539239 ^ clkbuf_3_4__f_clk/X (sky130_fd_sc_hd__clkbuf_16)
                                                         clknet_3_4__leaf_clk (net)
                      0.070827    0.001022    0.540261 ^ dsa[7]._9_/CLK (sky130_fd_sc_hd__dfrtp_1)
     2    0.010607    0.173286    0.722823    1.263084 ^ dsa[7]._9_/Q (sky130_fd_sc_hd__dfrtp_1)
                                                         dsa[7].y_out (net)
                      0.173286    0.000652    1.263736 ^ dsa[8]._6_/A (sky130_fd_sc_hd__xnor2_1)
     1    0.002145    0.063230    0.165596    1.429333 v dsa[8]._6_/Y (sky130_fd_sc_hd__xnor2_1)
                                                         dsa[8].y_out_next (net)
                      0.063230    0.000154    1.429487 v dsa[8]._9_/D (sky130_fd_sc_hd__dfrtp_1)
                                              1.429487   data arrival time

                                  0.000000    0.000000   clock core_clock (rise edge)
                                  0.000000    0.000000   clock source latency
     1    0.015086    0.000000    0.000000    0.000000 ^ clk (in)
                                                         clk (net)
                      0.001413    0.000707    0.000707 ^ clkbuf_0_clk/A (sky130_fd_sc_hd__clkbuf_16)
     8    0.084849    0.155388    0.265144    0.265851 ^ clkbuf_0_clk/X (sky130_fd_sc_hd__clkbuf_16)
                                                         clknet_0_clk (net)
                      0.156172    0.008760    0.274610 ^ clkbuf_3_4__f_clk/A (sky130_fd_sc_hd__clkbuf_16)
     9    0.022714    0.070802    0.264628    0.539239 ^ clkbuf_3_4__f_clk/X (sky130_fd_sc_hd__clkbuf_16)
                                                         clknet_3_4__leaf_clk (net)
                      0.070830    0.001313    0.540551 ^ dsa[8]._9_/CLK (sky130_fd_sc_hd__dfrtp_1)
                                  0.000000    0.540551   clock reconvergence pessimism
                                 -0.094518    0.446033   library hold time
                                              0.446033   data required time
---------------------------------------------------------------------------------------------
                                              0.446033   data required time
                                             -1.429487   data arrival time
---------------------------------------------------------------------------------------------
                                              0.983453   slack (MET)


Startpoint: dsa[27]._9_ (rising edge-triggered flip-flop clocked by core_clock)
Endpoint: dsa[28]._9_ (rising edge-triggered flip-flop clocked by core_clock)
Path Group: core_clock
Path Type: min

Fanout         Cap        Slew       Delay        Time   Description
---------------------------------------------------------------------------------------------
                                  0.000000    0.000000   clock core_clock (rise edge)
                                  0.000000    0.000000   clock source latency
     1    0.015086    0.000000    0.000000    0.000000 ^ clk (in)
                                                         clk (net)
                      0.001413    0.000707    0.000707 ^ clkbuf_0_clk/A (sky130_fd_sc_hd__clkbuf_16)
     8    0.084849    0.155388    0.265144    0.265851 ^ clkbuf_0_clk/X (sky130_fd_sc_hd__clkbuf_16)
                                                         clknet_0_clk (net)
                      0.155666    0.005297    0.271148 ^ clkbuf_3_2__f_clk/A (sky130_fd_sc_hd__clkbuf_16)
    10    0.031969    0.083220    0.277120    0.548267 ^ clkbuf_3_2__f_clk/X (sky130_fd_sc_hd__clkbuf_16)
                                                         clknet_3_2__leaf_clk (net)
                      0.083244    0.001357    0.549624 ^ dsa[27]._9_/CLK (sky130_fd_sc_hd__dfrtp_1)
     2    0.009425    0.158459    0.716063    1.265687 ^ dsa[27]._9_/Q (sky130_fd_sc_hd__dfrtp_1)
                                                         dsa[27].y_out (net)
                      0.158459    0.000648    1.266335 ^ dsa[28]._6_/A (sky130_fd_sc_hd__xnor2_1)
     1    0.003426    0.081049    0.176205    1.442540 v dsa[28]._6_/Y (sky130_fd_sc_hd__xnor2_1)
                                                         dsa[28].y_out_next (net)
                      0.081049    0.000225    1.442765 v dsa[28]._9_/D (sky130_fd_sc_hd__dfrtp_1)
                                              1.442765   data arrival time

                                  0.000000    0.000000   clock core_clock (rise edge)
                                  0.000000    0.000000   clock source latency
     1    0.015086    0.000000    0.000000    0.000000 ^ clk (in)
                                                         clk (net)
                      0.001413    0.000707    0.000707 ^ clkbuf_0_clk/A (sky130_fd_sc_hd__clkbuf_16)
     8    0.084849    0.155388    0.265144    0.265851 ^ clkbuf_0_clk/X (sky130_fd_sc_hd__clkbuf_16)
                                                         clknet_0_clk (net)
                      0.156452    0.010188    0.276039 ^ clkbuf_3_0__f_clk/A (sky130_fd_sc_hd__clkbuf_16)
    10    0.032964    0.084590    0.278967    0.555006 ^ clkbuf_3_0__f_clk/X (sky130_fd_sc_hd__clkbuf_16)
                                                         clknet_3_0__leaf_clk (net)
                      0.084616    0.001414    0.556420 ^ dsa[28]._9_/CLK (sky130_fd_sc_hd__dfrtp_1)
                                  0.000000    0.556420   clock reconvergence pessimism
                                 -0.097781    0.458639   library hold time
                                              0.458639   data required time
---------------------------------------------------------------------------------------------
                                              0.458639   data required time
                                             -1.442765   data arrival time
---------------------------------------------------------------------------------------------
                                              0.984126   slack (MET)


Startpoint: dsa[18]._9_ (rising edge-triggered flip-flop clocked by core_clock)
Endpoint: dsa[19]._9_ (rising edge-triggered flip-flop clocked by core_clock)
Path Group: core_clock
Path Type: min

Fanout         Cap        Slew       Delay        Time   Description
---------------------------------------------------------------------------------------------
                                  0.000000    0.000000   clock core_clock (rise edge)
                                  0.000000    0.000000   clock source latency
     1    0.015086    0.000000    0.000000    0.000000 ^ clk (in)
                                                         clk (net)
                      0.001413    0.000707    0.000707 ^ clkbuf_0_clk/A (sky130_fd_sc_hd__clkbuf_16)
     8    0.084849    0.155388    0.265144    0.265851 ^ clkbuf_0_clk/X (sky130_fd_sc_hd__clkbuf_16)
                                                         clknet_0_clk (net)
                      0.156172    0.008760    0.274610 ^ clkbuf_3_4__f_clk/A (sky130_fd_sc_hd__clkbuf_16)
     9    0.022714    0.070802    0.264628    0.539239 ^ clkbuf_3_4__f_clk/X (sky130_fd_sc_hd__clkbuf_16)
                                                         clknet_3_4__leaf_clk (net)
                      0.070827    0.001075    0.540313 ^ dsa[18]._9_/CLK (sky130_fd_sc_hd__dfrtp_1)
     2    0.010655    0.173875    0.723351    1.263664 ^ dsa[18]._9_/Q (sky130_fd_sc_hd__dfrtp_1)
                                                         dsa[18].y_out (net)
                      0.173875    0.000666    1.264330 ^ dsa[19]._6_/A (sky130_fd_sc_hd__xnor2_1)
     1    0.003411    0.081347    0.182015    1.446345 v dsa[19]._6_/Y (sky130_fd_sc_hd__xnor2_1)
                                                         dsa[19].y_out_next (net)
                      0.081347    0.000130    1.446475 v dsa[19]._9_/D (sky130_fd_sc_hd__dfrtp_1)
                                              1.446475   data arrival time

                                  0.000000    0.000000   clock core_clock (rise edge)
                                  0.000000    0.000000   clock source latency
     1    0.015086    0.000000    0.000000    0.000000 ^ clk (in)
                                                         clk (net)
                      0.001413    0.000707    0.000707 ^ clkbuf_0_clk/A (sky130_fd_sc_hd__clkbuf_16)
     8    0.084849    0.155388    0.265144    0.265851 ^ clkbuf_0_clk/X (sky130_fd_sc_hd__clkbuf_16)
                                                         clknet_0_clk (net)
                      0.156452    0.010188    0.276039 ^ clkbuf_3_0__f_clk/A (sky130_fd_sc_hd__clkbuf_16)
    10    0.032964    0.084590    0.278967    0.555006 ^ clkbuf_3_0__f_clk/X (sky130_fd_sc_hd__clkbuf_16)
                                                         clknet_3_0__leaf_clk (net)
                      0.084638    0.001813    0.556819 ^ dsa[19]._9_/CLK (sky130_fd_sc_hd__dfrtp_1)
                                  0.000000    0.556819   clock reconvergence pessimism
                                 -0.097886    0.458933   library hold time
                                              0.458933   data required time
---------------------------------------------------------------------------------------------
                                              0.458933   data required time
                                             -1.446475   data arrival time
---------------------------------------------------------------------------------------------
                                              0.987542   slack (MET)


Startpoint: dsa[1]._9_ (rising edge-triggered flip-flop clocked by core_clock)
Endpoint: dsa[2]._9_ (rising edge-triggered flip-flop clocked by core_clock)
Path Group: core_clock
Path Type: min

Fanout         Cap        Slew       Delay        Time   Description
---------------------------------------------------------------------------------------------
                                  0.000000    0.000000   clock core_clock (rise edge)
                                  0.000000    0.000000   clock source latency
     1    0.015086    0.000000    0.000000    0.000000 ^ clk (in)
                                                         clk (net)
                      0.001413    0.000707    0.000707 ^ clkbuf_0_clk/A (sky130_fd_sc_hd__clkbuf_16)
     8    0.084849    0.155388    0.265144    0.265851 ^ clkbuf_0_clk/X (sky130_fd_sc_hd__clkbuf_16)
                                                         clknet_0_clk (net)
                      0.155834    0.006654    0.272504 ^ clkbuf_3_7__f_clk/A (sky130_fd_sc_hd__clkbuf_16)
    10    0.029828    0.080221    0.274364    0.546868 ^ clkbuf_3_7__f_clk/X (sky130_fd_sc_hd__clkbuf_16)
                                                         clknet_3_7__leaf_clk (net)
                      0.080249    0.001394    0.548262 ^ dsa[1]._9_/CLK (sky130_fd_sc_hd__dfrtp_1)
     2    0.009772    0.162774    0.718342    1.266605 ^ dsa[1]._9_/Q (sky130_fd_sc_hd__dfrtp_1)
                                                         dsa[1].y_out (net)
                      0.162774    0.000676    1.267281 ^ dsa[2]._6_/A (sky130_fd_sc_hd__xnor2_1)
     1    0.002995    0.075269    0.172443    1.439723 v dsa[2]._6_/Y (sky130_fd_sc_hd__xnor2_1)
                                                         dsa[2].y_out_next (net)
                      0.075273    0.000203    1.439927 v dsa[2]._9_/D (sky130_fd_sc_hd__dfrtp_1)
                                              1.439927   data arrival time

                                  0.000000    0.000000   clock core_clock (rise edge)
                                  0.000000    0.000000   clock source latency
     1    0.015086    0.000000    0.000000    0.000000 ^ clk (in)
                                                         clk (net)
                      0.001413    0.000707    0.000707 ^ clkbuf_0_clk/A (sky130_fd_sc_hd__clkbuf_16)
     8    0.084849    0.155388    0.265144    0.265851 ^ clkbuf_0_clk/X (sky130_fd_sc_hd__clkbuf_16)
                                                         clknet_0_clk (net)
                      0.155834    0.006654    0.272504 ^ clkbuf_3_7__f_clk/A (sky130_fd_sc_hd__clkbuf_16)
    10    0.029828    0.080221    0.274364    0.546868 ^ clkbuf_3_7__f_clk/X (sky130_fd_sc_hd__clkbuf_16)
                                                         clknet_3_7__leaf_clk (net)
                      0.080238    0.001139    0.548007 ^ dsa[2]._9_/CLK (sky130_fd_sc_hd__dfrtp_1)
                                  0.000000    0.548007   clock reconvergence pessimism
                                 -0.096701    0.451306   library hold time
                                              0.451306   data required time
---------------------------------------------------------------------------------------------
                                              0.451306   data required time
                                             -1.439927   data arrival time
---------------------------------------------------------------------------------------------
                                              0.988621   slack (MET)


Startpoint: dsa[5]._9_ (rising edge-triggered flip-flop clocked by core_clock)
Endpoint: dsa[6]._9_ (rising edge-triggered flip-flop clocked by core_clock)
Path Group: core_clock
Path Type: min

Fanout         Cap        Slew       Delay        Time   Description
---------------------------------------------------------------------------------------------
                                  0.000000    0.000000   clock core_clock (rise edge)
                                  0.000000    0.000000   clock source latency
     1    0.015086    0.000000    0.000000    0.000000 ^ clk (in)
                                                         clk (net)
                      0.001413    0.000707    0.000707 ^ clkbuf_0_clk/A (sky130_fd_sc_hd__clkbuf_16)
     8    0.084849    0.155388    0.265144    0.265851 ^ clkbuf_0_clk/X (sky130_fd_sc_hd__clkbuf_16)
                                                         clknet_0_clk (net)
                      0.156230    0.009074    0.274925 ^ clkbuf_3_5__f_clk/A (sky130_fd_sc_hd__clkbuf_16)
     8    0.030080    0.080567    0.274894    0.549819 ^ clkbuf_3_5__f_clk/X (sky130_fd_sc_hd__clkbuf_16)
                                                         clknet_3_5__leaf_clk (net)
                      0.080597    0.001434    0.551253 ^ dsa[5]._9_/CLK (sky130_fd_sc_hd__dfrtp_1)
     2    0.010805    0.175739    0.729325    1.280578 ^ dsa[5]._9_/Q (sky130_fd_sc_hd__dfrtp_1)
                                                         dsa[5].y_out (net)
                      0.175740    0.000743    1.281322 ^ dsa[6]._6_/A (sky130_fd_sc_hd__xnor2_1)
     1    0.002260    0.064595    0.168019    1.449341 v dsa[6]._6_/Y (sky130_fd_sc_hd__xnor2_1)
                                                         dsa[6].y_out_next (net)
                      0.064595    0.000154    1.449495 v dsa[6]._9_/D (sky130_fd_sc_hd__dfrtp_1)
                                              1.449495   data arrival time

                                  0.000000    0.000000   clock core_clock (rise edge)
                                  0.000000    0.000000   clock source latency
     1    0.015086    0.000000    0.000000    0.000000 ^ clk (in)
                                                         clk (net)
                      0.001413    0.000707    0.000707 ^ clkbuf_0_clk/A (sky130_fd_sc_hd__clkbuf_16)
     8    0.084849    0.155388    0.265144    0.265851 ^ clkbuf_0_clk/X (sky130_fd_sc_hd__clkbuf_16)
                                                         clknet_0_clk (net)
                      0.156230    0.009074    0.274925 ^ clkbuf_3_5__f_clk/A (sky130_fd_sc_hd__clkbuf_16)
     8    0.030080    0.080567    0.274894    0.549819 ^ clkbuf_3_5__f_clk/X (sky130_fd_sc_hd__clkbuf_16)
                                                         clknet_3_5__leaf_clk (net)
                      0.080599    0.001479    0.551298 ^ dsa[6]._9_/CLK (sky130_fd_sc_hd__dfrtp_1)
                                  0.000000    0.551298   clock reconvergence pessimism
                                 -0.092649    0.458649   library hold time
                                              0.458649   data required time
---------------------------------------------------------------------------------------------
                                              0.458649   data required time
                                             -1.449495   data arrival time
---------------------------------------------------------------------------------------------
                                              0.990846   slack (MET)


Startpoint: dsa[30]._9_ (rising edge-triggered flip-flop clocked by core_clock)
Endpoint: dsa[31]._9_ (rising edge-triggered flip-flop clocked by core_clock)
Path Group: core_clock
Path Type: min

Fanout         Cap        Slew       Delay        Time   Description
---------------------------------------------------------------------------------------------
                                  0.000000    0.000000   clock core_clock (rise edge)
                                  0.000000    0.000000   clock source latency
     1    0.015086    0.000000    0.000000    0.000000 ^ clk (in)
                                                         clk (net)
                      0.001413    0.000707    0.000707 ^ clkbuf_0_clk/A (sky130_fd_sc_hd__clkbuf_16)
     8    0.084849    0.155388    0.265144    0.265851 ^ clkbuf_0_clk/X (sky130_fd_sc_hd__clkbuf_16)
                                                         clknet_0_clk (net)
                      0.156441    0.010137    0.275988 ^ clkbuf_3_1__f_clk/A (sky130_fd_sc_hd__clkbuf_16)
     7    0.024793    0.073466    0.267673    0.543661 ^ clkbuf_3_1__f_clk/X (sky130_fd_sc_hd__clkbuf_16)
                                                         clknet_3_1__leaf_clk (net)
                      0.073493    0.001162    0.544823 ^ dsa[30]._9_/CLK (sky130_fd_sc_hd__dfrtp_1)
     2    0.009202    0.155696    0.709234    1.254058 ^ dsa[30]._9_/Q (sky130_fd_sc_hd__dfrtp_1)
                                                         dsa[30].y_out (net)
                      0.155696    0.000608    1.254665 ^ dsa[31]._6_/A (sky130_fd_sc_hd__xnor2_1)
     1    0.004607    0.098245    0.189322    1.443988 v dsa[31]._6_/Y (sky130_fd_sc_hd__xnor2_1)
                                                         dsa[31].y_out_next (net)
                      0.098245    0.000313    1.444301 v dsa[31]._9_/D (sky130_fd_sc_hd__dfrtp_1)
                                              1.444301   data arrival time

                                  0.000000    0.000000   clock core_clock (rise edge)
                                  0.000000    0.000000   clock source latency
     1    0.015086    0.000000    0.000000    0.000000 ^ clk (in)
                                                         clk (net)
                      0.001413    0.000707    0.000707 ^ clkbuf_0_clk/A (sky130_fd_sc_hd__clkbuf_16)
     8    0.084849    0.155388    0.265144    0.265851 ^ clkbuf_0_clk/X (sky130_fd_sc_hd__clkbuf_16)
                                                         clknet_0_clk (net)
                      0.156452    0.010188    0.276039 ^ clkbuf_3_0__f_clk/A (sky130_fd_sc_hd__clkbuf_16)
    10    0.032964    0.084590    0.278967    0.555006 ^ clkbuf_3_0__f_clk/X (sky130_fd_sc_hd__clkbuf_16)
                                                         clknet_3_0__leaf_clk (net)
                      0.084631    0.001698    0.556704 ^ dsa[31]._9_/CLK (sky130_fd_sc_hd__dfrtp_1)
                                  0.000000    0.556704   clock reconvergence pessimism
                                 -0.104161    0.452543   library hold time
                                              0.452543   data required time
---------------------------------------------------------------------------------------------
                                              0.452543   data required time
                                             -1.444301   data arrival time
---------------------------------------------------------------------------------------------
                                              0.991758   slack (MET)


Startpoint: dsa[29]._9_ (rising edge-triggered flip-flop clocked by core_clock)
Endpoint: dsa[30]._9_ (rising edge-triggered flip-flop clocked by core_clock)
Path Group: core_clock
Path Type: min

Fanout         Cap        Slew       Delay        Time   Description
---------------------------------------------------------------------------------------------
                                  0.000000    0.000000   clock core_clock (rise edge)
                                  0.000000    0.000000   clock source latency
     1    0.015086    0.000000    0.000000    0.000000 ^ clk (in)
                                                         clk (net)
                      0.001413    0.000707    0.000707 ^ clkbuf_0_clk/A (sky130_fd_sc_hd__clkbuf_16)
     8    0.084849    0.155388    0.265144    0.265851 ^ clkbuf_0_clk/X (sky130_fd_sc_hd__clkbuf_16)
                                                         clknet_0_clk (net)
                      0.156441    0.010137    0.275988 ^ clkbuf_3_1__f_clk/A (sky130_fd_sc_hd__clkbuf_16)
     7    0.024793    0.073466    0.267673    0.543661 ^ clkbuf_3_1__f_clk/X (sky130_fd_sc_hd__clkbuf_16)
                                                         clknet_3_1__leaf_clk (net)
                      0.073494    0.001193    0.544854 ^ dsa[29]._9_/CLK (sky130_fd_sc_hd__dfrtp_1)
     2    0.009500    0.159414    0.712371    1.257225 ^ dsa[29]._9_/Q (sky130_fd_sc_hd__dfrtp_1)
                                                         dsa[29].y_out (net)
                      0.159414    0.000603    1.257828 ^ dsa[30]._6_/A (sky130_fd_sc_hd__xnor2_1)
     1    0.003638    0.084077    0.179115    1.436943 v dsa[30]._6_/Y (sky130_fd_sc_hd__xnor2_1)
                                                         dsa[30].y_out_next (net)
                      0.084077    0.000242    1.437185 v dsa[30]._9_/D (sky130_fd_sc_hd__dfrtp_1)
                                              1.437185   data arrival time

                                  0.000000    0.000000   clock core_clock (rise edge)
                                  0.000000    0.000000   clock source latency
     1    0.015086    0.000000    0.000000    0.000000 ^ clk (in)
                                                         clk (net)
                      0.001413    0.000707    0.000707 ^ clkbuf_0_clk/A (sky130_fd_sc_hd__clkbuf_16)
     8    0.084849    0.155388    0.265144    0.265851 ^ clkbuf_0_clk/X (sky130_fd_sc_hd__clkbuf_16)
                                                         clknet_0_clk (net)
                      0.156441    0.010137    0.275988 ^ clkbuf_3_1__f_clk/A (sky130_fd_sc_hd__clkbuf_16)
     7    0.024793    0.073466    0.267673    0.543661 ^ clkbuf_3_1__f_clk/X (sky130_fd_sc_hd__clkbuf_16)
                                                         clknet_3_1__leaf_clk (net)
                      0.073493    0.001162    0.544823 ^ dsa[30]._9_/CLK (sky130_fd_sc_hd__dfrtp_1)
                                  0.000000    0.544823   clock reconvergence pessimism
                                 -0.101610    0.443214   library hold time
                                              0.443214   data required time
---------------------------------------------------------------------------------------------
                                              0.443214   data required time
                                             -1.437185   data arrival time
---------------------------------------------------------------------------------------------
                                              0.993971   slack (MET)


Startpoint: dsa[30]._9_ (rising edge-triggered flip-flop clocked by core_clock)
Endpoint: dsa[31]._8_ (rising edge-triggered flip-flop clocked by core_clock)
Path Group: core_clock
Path Type: min

Fanout         Cap        Slew       Delay        Time   Description
---------------------------------------------------------------------------------------------
                                  0.000000    0.000000   clock core_clock (rise edge)
                                  0.000000    0.000000   clock source latency
     1    0.015086    0.000000    0.000000    0.000000 ^ clk (in)
                                                         clk (net)
                      0.001413    0.000707    0.000707 ^ clkbuf_0_clk/A (sky130_fd_sc_hd__clkbuf_16)
     8    0.084849    0.155388    0.265144    0.265851 ^ clkbuf_0_clk/X (sky130_fd_sc_hd__clkbuf_16)
                                                         clknet_0_clk (net)
                      0.156441    0.010137    0.275988 ^ clkbuf_3_1__f_clk/A (sky130_fd_sc_hd__clkbuf_16)
     7    0.024793    0.073466    0.267673    0.543661 ^ clkbuf_3_1__f_clk/X (sky130_fd_sc_hd__clkbuf_16)
                                                         clknet_3_1__leaf_clk (net)
                      0.073493    0.001162    0.544823 ^ dsa[30]._9_/CLK (sky130_fd_sc_hd__dfrtp_1)
     2    0.009202    0.155696    0.709234    1.254058 ^ dsa[30]._9_/Q (sky130_fd_sc_hd__dfrtp_1)
                                                         dsa[30].y_out (net)
                      0.155696    0.000523    1.254580 ^ dsa[31]._7_/A1 (sky130_fd_sc_hd__a21bo_1)
     1    0.002358    0.055504    0.226676    1.481256 ^ dsa[31]._7_/X (sky130_fd_sc_hd__a21bo_1)
                                                         dsa[31].last_carry_next (net)
                      0.055504    0.000171    1.481427 ^ dsa[31]._8_/D (sky130_fd_sc_hd__dfrtp_1)
                                              1.481427   data arrival time

                                  0.000000    0.000000   clock core_clock (rise edge)
                                  0.000000    0.000000   clock source latency
     1    0.015086    0.000000    0.000000    0.000000 ^ clk (in)
                                                         clk (net)
                      0.001413    0.000707    0.000707 ^ clkbuf_0_clk/A (sky130_fd_sc_hd__clkbuf_16)
     8    0.084849    0.155388    0.265144    0.265851 ^ clkbuf_0_clk/X (sky130_fd_sc_hd__clkbuf_16)
                                                         clknet_0_clk (net)
                      0.156452    0.010188    0.276039 ^ clkbuf_3_0__f_clk/A (sky130_fd_sc_hd__clkbuf_16)
    10    0.032964    0.084590    0.278967    0.555006 ^ clkbuf_3_0__f_clk/X (sky130_fd_sc_hd__clkbuf_16)
                                                         clknet_3_0__leaf_clk (net)
                      0.084651    0.002017    0.557023 ^ dsa[31]._8_/CLK (sky130_fd_sc_hd__dfrtp_1)
                                  0.000000    0.557023   clock reconvergence pessimism
                                 -0.071228    0.485795   library hold time
                                              0.485795   data required time
---------------------------------------------------------------------------------------------
                                              0.485795   data required time
                                             -1.481427   data arrival time
---------------------------------------------------------------------------------------------
                                              0.995632   slack (MET)


Startpoint: dsa[15]._9_ (rising edge-triggered flip-flop clocked by core_clock)
Endpoint: dsa[16]._8_ (rising edge-triggered flip-flop clocked by core_clock)
Path Group: core_clock
Path Type: min

Fanout         Cap        Slew       Delay        Time   Description
---------------------------------------------------------------------------------------------
                                  0.000000    0.000000   clock core_clock (rise edge)
                                  0.000000    0.000000   clock source latency
     1    0.015086    0.000000    0.000000    0.000000 ^ clk (in)
                                                         clk (net)
                      0.001413    0.000707    0.000707 ^ clkbuf_0_clk/A (sky130_fd_sc_hd__clkbuf_16)
     8    0.084849    0.155388    0.265144    0.265851 ^ clkbuf_0_clk/X (sky130_fd_sc_hd__clkbuf_16)
                                                         clknet_0_clk (net)
                      0.156172    0.008760    0.274610 ^ clkbuf_3_4__f_clk/A (sky130_fd_sc_hd__clkbuf_16)
     9    0.022714    0.070802    0.264628    0.539239 ^ clkbuf_3_4__f_clk/X (sky130_fd_sc_hd__clkbuf_16)
                                                         clknet_3_4__leaf_clk (net)
                      0.070829    0.001294    0.540533 ^ dsa[15]._9_/CLK (sky130_fd_sc_hd__dfrtp_1)
     2    0.008216    0.143491    0.697615    1.238148 ^ dsa[15]._9_/Q (sky130_fd_sc_hd__dfrtp_1)
                                                         dsa[15].y_out (net)
                      0.143491    0.000524    1.238672 ^ dsa[16]._7_/A1 (sky130_fd_sc_hd__a21bo_1)
     1    0.002944    0.061699    0.228046    1.466718 ^ dsa[16]._7_/X (sky130_fd_sc_hd__a21bo_1)
                                                         dsa[16].last_carry_next (net)
                      0.061699    0.000118    1.466836 ^ dsa[16]._8_/D (sky130_fd_sc_hd__dfrtp_1)
                                              1.466836   data arrival time

                                  0.000000    0.000000   clock core_clock (rise edge)
                                  0.000000    0.000000   clock source latency
     1    0.015086    0.000000    0.000000    0.000000 ^ clk (in)
                                                         clk (net)
                      0.001413    0.000707    0.000707 ^ clkbuf_0_clk/A (sky130_fd_sc_hd__clkbuf_16)
     8    0.084849    0.155388    0.265144    0.265851 ^ clkbuf_0_clk/X (sky130_fd_sc_hd__clkbuf_16)
                                                         clknet_0_clk (net)
                      0.156441    0.010137    0.275988 ^ clkbuf_3_1__f_clk/A (sky130_fd_sc_hd__clkbuf_16)
     7    0.024793    0.073466    0.267673    0.543661 ^ clkbuf_3_1__f_clk/X (sky130_fd_sc_hd__clkbuf_16)
                                                         clknet_3_1__leaf_clk (net)
                      0.073494    0.001193    0.544854 ^ dsa[16]._8_/CLK (sky130_fd_sc_hd__dfrtp_1)
                                  0.000000    0.544854   clock reconvergence pessimism
                                 -0.074472    0.470382   library hold time
                                              0.470382   data required time
---------------------------------------------------------------------------------------------
                                              0.470382   data required time
                                             -1.466836   data arrival time
---------------------------------------------------------------------------------------------
                                              0.996454   slack (MET)


Startpoint: dsa[21]._9_ (rising edge-triggered flip-flop clocked by core_clock)
Endpoint: dsa[22]._8_ (rising edge-triggered flip-flop clocked by core_clock)
Path Group: core_clock
Path Type: min

Fanout         Cap        Slew       Delay        Time   Description
---------------------------------------------------------------------------------------------
                                  0.000000    0.000000   clock core_clock (rise edge)
                                  0.000000    0.000000   clock source latency
     1    0.015086    0.000000    0.000000    0.000000 ^ clk (in)
                                                         clk (net)
                      0.001413    0.000707    0.000707 ^ clkbuf_0_clk/A (sky130_fd_sc_hd__clkbuf_16)
     8    0.084849    0.155388    0.265144    0.265851 ^ clkbuf_0_clk/X (sky130_fd_sc_hd__clkbuf_16)
                                                         clknet_0_clk (net)
                      0.155628    0.004937    0.270788 ^ clkbuf_3_3__f_clk/A (sky130_fd_sc_hd__clkbuf_16)
     9    0.027343    0.076841    0.270870    0.541658 ^ clkbuf_3_3__f_clk/X (sky130_fd_sc_hd__clkbuf_16)
                                                         clknet_3_3__leaf_clk (net)
                      0.076854    0.000993    0.542651 ^ dsa[21]._9_/CLK (sky130_fd_sc_hd__dfrtp_1)
     2    0.008095    0.141927    0.699217    1.241868 ^ dsa[21]._9_/Q (sky130_fd_sc_hd__dfrtp_1)
                                                         dsa[21].y_out (net)
                      0.141927    0.000276    1.242144 ^ dsa[22]._7_/A1 (sky130_fd_sc_hd__a21bo_1)
     1    0.003258    0.065160    0.230789    1.472932 ^ dsa[22]._7_/X (sky130_fd_sc_hd__a21bo_1)
                                                         dsa[22].last_carry_next (net)
                      0.065160    0.000203    1.473136 ^ dsa[22]._8_/D (sky130_fd_sc_hd__dfrtp_1)
                                              1.473136   data arrival time

                                  0.000000    0.000000   clock core_clock (rise edge)
                                  0.000000    0.000000   clock source latency
     1    0.015086    0.000000    0.000000    0.000000 ^ clk (in)
                                                         clk (net)
                      0.001413    0.000707    0.000707 ^ clkbuf_0_clk/A (sky130_fd_sc_hd__clkbuf_16)
     8    0.084849    0.155388    0.265144    0.265851 ^ clkbuf_0_clk/X (sky130_fd_sc_hd__clkbuf_16)
                                                         clknet_0_clk (net)
                      0.155666    0.005297    0.271148 ^ clkbuf_3_2__f_clk/A (sky130_fd_sc_hd__clkbuf_16)
    10    0.031969    0.083220    0.277120    0.548267 ^ clkbuf_3_2__f_clk/X (sky130_fd_sc_hd__clkbuf_16)
                                                         clknet_3_2__leaf_clk (net)
                      0.083243    0.001332    0.549599 ^ dsa[22]._8_/CLK (sky130_fd_sc_hd__dfrtp_1)
                                  0.000000    0.549599   clock reconvergence pessimism
                                 -0.073662    0.475937   library hold time
                                              0.475937   data required time
---------------------------------------------------------------------------------------------
                                              0.475937   data required time
                                             -1.473136   data arrival time
---------------------------------------------------------------------------------------------
                                              0.997199   slack (MET)


Startpoint: dsa[25]._9_ (rising edge-triggered flip-flop clocked by core_clock)
Endpoint: dsa[26]._8_ (rising edge-triggered flip-flop clocked by core_clock)
Path Group: core_clock
Path Type: min

Fanout         Cap        Slew       Delay        Time   Description
---------------------------------------------------------------------------------------------
                                  0.000000    0.000000   clock core_clock (rise edge)
                                  0.000000    0.000000   clock source latency
     1    0.015086    0.000000    0.000000    0.000000 ^ clk (in)
                                                         clk (net)
                      0.001413    0.000707    0.000707 ^ clkbuf_0_clk/A (sky130_fd_sc_hd__clkbuf_16)
     8    0.084849    0.155388    0.265144    0.265851 ^ clkbuf_0_clk/X (sky130_fd_sc_hd__clkbuf_16)
                                                         clknet_0_clk (net)
                      0.155666    0.005297    0.271148 ^ clkbuf_3_2__f_clk/A (sky130_fd_sc_hd__clkbuf_16)
    10    0.031969    0.083220    0.277120    0.548267 ^ clkbuf_3_2__f_clk/X (sky130_fd_sc_hd__clkbuf_16)
                                                         clknet_3_2__leaf_clk (net)
                      0.083259    0.001653    0.549920 ^ dsa[25]._9_/CLK (sky130_fd_sc_hd__dfrtp_1)
     2    0.008373    0.145328    0.705164    1.255084 ^ dsa[25]._9_/Q (sky130_fd_sc_hd__dfrtp_1)
                                                         dsa[25].y_out (net)
                      0.145328    0.000388    1.255472 ^ dsa[26]._7_/A1 (sky130_fd_sc_hd__a21bo_1)
     1    0.002335    0.055267    0.222165    1.477637 ^ dsa[26]._7_/X (sky130_fd_sc_hd__a21bo_1)
                                                         dsa[26].last_carry_next (net)
                      0.055267    0.000159    1.477796 ^ dsa[26]._8_/D (sky130_fd_sc_hd__dfrtp_1)
                                              1.477796   data arrival time

                                  0.000000    0.000000   clock core_clock (rise edge)
                                  0.000000    0.000000   clock source latency
     1    0.015086    0.000000    0.000000    0.000000 ^ clk (in)
                                                         clk (net)
                      0.001413    0.000707    0.000707 ^ clkbuf_0_clk/A (sky130_fd_sc_hd__clkbuf_16)
     8    0.084849    0.155388    0.265144    0.265851 ^ clkbuf_0_clk/X (sky130_fd_sc_hd__clkbuf_16)
                                                         clknet_0_clk (net)
                      0.155666    0.005297    0.271148 ^ clkbuf_3_2__f_clk/A (sky130_fd_sc_hd__clkbuf_16)
    10    0.031969    0.083220    0.277120    0.548267 ^ clkbuf_3_2__f_clk/X (sky130_fd_sc_hd__clkbuf_16)
                                                         clknet_3_2__leaf_clk (net)
                      0.083291    0.002136    0.550404 ^ dsa[26]._8_/CLK (sky130_fd_sc_hd__dfrtp_1)
                                  0.000000    0.550404   clock reconvergence pessimism
                                 -0.071397    0.479007   library hold time
                                              0.479007   data required time
---------------------------------------------------------------------------------------------
                                              0.479007   data required time
                                             -1.477796   data arrival time
---------------------------------------------------------------------------------------------
                                              0.998789   slack (MET)


Startpoint: dsa[16]._9_ (rising edge-triggered flip-flop clocked by core_clock)
Endpoint: dsa[17]._8_ (rising edge-triggered flip-flop clocked by core_clock)
Path Group: core_clock
Path Type: min

Fanout         Cap        Slew       Delay        Time   Description
---------------------------------------------------------------------------------------------
                                  0.000000    0.000000   clock core_clock (rise edge)
                                  0.000000    0.000000   clock source latency
     1    0.015086    0.000000    0.000000    0.000000 ^ clk (in)
                                                         clk (net)
                      0.001413    0.000707    0.000707 ^ clkbuf_0_clk/A (sky130_fd_sc_hd__clkbuf_16)
     8    0.084849    0.155388    0.265144    0.265851 ^ clkbuf_0_clk/X (sky130_fd_sc_hd__clkbuf_16)
                                                         clknet_0_clk (net)
                      0.156172    0.008760    0.274610 ^ clkbuf_3_4__f_clk/A (sky130_fd_sc_hd__clkbuf_16)
     9    0.022714    0.070802    0.264628    0.539239 ^ clkbuf_3_4__f_clk/X (sky130_fd_sc_hd__clkbuf_16)
                                                         clknet_3_4__leaf_clk (net)
                      0.070827    0.001049    0.540288 ^ dsa[16]._9_/CLK (sky130_fd_sc_hd__dfrtp_1)
     2    0.009077    0.154160    0.706678    1.246966 ^ dsa[16]._9_/Q (sky130_fd_sc_hd__dfrtp_1)
                                                         dsa[16].y_out (net)
                      0.154160    0.000480    1.247446 ^ dsa[17]._7_/A1 (sky130_fd_sc_hd__a21bo_1)
     1    0.002167    0.053136    0.223978    1.471424 ^ dsa[17]._7_/X (sky130_fd_sc_hd__a21bo_1)
                                                         dsa[17].last_carry_next (net)
                      0.053515    0.000152    1.471576 ^ dsa[17]._8_/D (sky130_fd_sc_hd__dfrtp_1)
                                              1.471576   data arrival time

                                  0.000000    0.000000   clock core_clock (rise edge)
                                  0.000000    0.000000   clock source latency
     1    0.015086    0.000000    0.000000    0.000000 ^ clk (in)
                                                         clk (net)
                      0.001413    0.000707    0.000707 ^ clkbuf_0_clk/A (sky130_fd_sc_hd__clkbuf_16)
     8    0.084849    0.155388    0.265144    0.265851 ^ clkbuf_0_clk/X (sky130_fd_sc_hd__clkbuf_16)
                                                         clknet_0_clk (net)
                      0.156441    0.010137    0.275988 ^ clkbuf_3_1__f_clk/A (sky130_fd_sc_hd__clkbuf_16)
     7    0.024793    0.073466    0.267673    0.543661 ^ clkbuf_3_1__f_clk/X (sky130_fd_sc_hd__clkbuf_16)
                                                         clknet_3_1__leaf_clk (net)
                      0.073498    0.001249    0.544910 ^ dsa[17]._8_/CLK (sky130_fd_sc_hd__dfrtp_1)
                                  0.000000    0.544910   clock reconvergence pessimism
                                 -0.072603    0.472306   library hold time
                                              0.472306   data required time
---------------------------------------------------------------------------------------------
                                              0.472306   data required time
                                             -1.471576   data arrival time
---------------------------------------------------------------------------------------------
                                              0.999270   slack (MET)


Startpoint: dsa[26]._9_ (rising edge-triggered flip-flop clocked by core_clock)
Endpoint: dsa[27]._9_ (rising edge-triggered flip-flop clocked by core_clock)
Path Group: core_clock
Path Type: min

Fanout         Cap        Slew       Delay        Time   Description
---------------------------------------------------------------------------------------------
                                  0.000000    0.000000   clock core_clock (rise edge)
                                  0.000000    0.000000   clock source latency
     1    0.015086    0.000000    0.000000    0.000000 ^ clk (in)
                                                         clk (net)
                      0.001413    0.000707    0.000707 ^ clkbuf_0_clk/A (sky130_fd_sc_hd__clkbuf_16)
     8    0.084849    0.155388    0.265144    0.265851 ^ clkbuf_0_clk/X (sky130_fd_sc_hd__clkbuf_16)
                                                         clknet_0_clk (net)
                      0.155666    0.005297    0.271148 ^ clkbuf_3_2__f_clk/A (sky130_fd_sc_hd__clkbuf_16)
    10    0.031969    0.083220    0.277120    0.548267 ^ clkbuf_3_2__f_clk/X (sky130_fd_sc_hd__clkbuf_16)
                                                         clknet_3_2__leaf_clk (net)
                      0.083273    0.001884    0.550151 ^ dsa[26]._9_/CLK (sky130_fd_sc_hd__dfrtp_1)
     2    0.009959    0.165139    0.721691    1.271842 ^ dsa[26]._9_/Q (sky130_fd_sc_hd__dfrtp_1)
                                                         dsa[26].y_out (net)
                      0.165139    0.000689    1.272531 ^ dsa[27]._6_/A (sky130_fd_sc_hd__xnor2_1)
     1    0.003430    0.081099    0.178827    1.451358 v dsa[27]._6_/Y (sky130_fd_sc_hd__xnor2_1)
                                                         dsa[27].y_out_next (net)
                      0.081099    0.000241    1.451599 v dsa[27]._9_/D (sky130_fd_sc_hd__dfrtp_1)
                                              1.451599   data arrival time

                                  0.000000    0.000000   clock core_clock (rise edge)
                                  0.000000    0.000000   clock source latency
     1    0.015086    0.000000    0.000000    0.000000 ^ clk (in)
                                                         clk (net)
                      0.001413    0.000707    0.000707 ^ clkbuf_0_clk/A (sky130_fd_sc_hd__clkbuf_16)
     8    0.084849    0.155388    0.265144    0.265851 ^ clkbuf_0_clk/X (sky130_fd_sc_hd__clkbuf_16)
                                                         clknet_0_clk (net)
                      0.155666    0.005297    0.271148 ^ clkbuf_3_2__f_clk/A (sky130_fd_sc_hd__clkbuf_16)
    10    0.031969    0.083220    0.277120    0.548267 ^ clkbuf_3_2__f_clk/X (sky130_fd_sc_hd__clkbuf_16)
                                                         clknet_3_2__leaf_clk (net)
                      0.083244    0.001357    0.549624 ^ dsa[27]._9_/CLK (sky130_fd_sc_hd__dfrtp_1)
                                  0.000000    0.549624   clock reconvergence pessimism
                                 -0.098133    0.451491   library hold time
                                              0.451491   data required time
---------------------------------------------------------------------------------------------
                                              0.451491   data required time
                                             -1.451599   data arrival time
---------------------------------------------------------------------------------------------
                                              1.000108   slack (MET)


Startpoint: dsa[23]._9_ (rising edge-triggered flip-flop clocked by core_clock)
Endpoint: dsa[24]._8_ (rising edge-triggered flip-flop clocked by core_clock)
Path Group: core_clock
Path Type: min

Fanout         Cap        Slew       Delay        Time   Description
---------------------------------------------------------------------------------------------
                                  0.000000    0.000000   clock core_clock (rise edge)
                                  0.000000    0.000000   clock source latency
     1    0.015086    0.000000    0.000000    0.000000 ^ clk (in)
                                                         clk (net)
                      0.001413    0.000707    0.000707 ^ clkbuf_0_clk/A (sky130_fd_sc_hd__clkbuf_16)
     8    0.084849    0.155388    0.265144    0.265851 ^ clkbuf_0_clk/X (sky130_fd_sc_hd__clkbuf_16)
                                                         clknet_0_clk (net)
                      0.155628    0.004937    0.270788 ^ clkbuf_3_3__f_clk/A (sky130_fd_sc_hd__clkbuf_16)
     9    0.027343    0.076841    0.270870    0.541658 ^ clkbuf_3_3__f_clk/X (sky130_fd_sc_hd__clkbuf_16)
                                                         clknet_3_3__leaf_clk (net)
                      0.076866    0.001263    0.542922 ^ dsa[23]._9_/CLK (sky130_fd_sc_hd__dfrtp_1)
     2    0.009000    0.153154    0.708677    1.251599 ^ dsa[23]._9_/Q (sky130_fd_sc_hd__dfrtp_1)
                                                         dsa[23].y_out (net)
                      0.153154    0.000510    1.252109 ^ dsa[24]._7_/A1 (sky130_fd_sc_hd__a21bo_1)
     1    0.002616    0.058199    0.228441    1.480550 ^ dsa[24]._7_/X (sky130_fd_sc_hd__a21bo_1)
                                                         dsa[24].last_carry_next (net)
                      0.058199    0.000168    1.480718 ^ dsa[24]._8_/D (sky130_fd_sc_hd__dfrtp_1)
                                              1.480718   data arrival time

                                  0.000000    0.000000   clock core_clock (rise edge)
                                  0.000000    0.000000   clock source latency
     1    0.015086    0.000000    0.000000    0.000000 ^ clk (in)
                                                         clk (net)
                      0.001413    0.000707    0.000707 ^ clkbuf_0_clk/A (sky130_fd_sc_hd__clkbuf_16)
     8    0.084849    0.155388    0.265144    0.265851 ^ clkbuf_0_clk/X (sky130_fd_sc_hd__clkbuf_16)
                                                         clknet_0_clk (net)
                      0.155666    0.005297    0.271148 ^ clkbuf_3_2__f_clk/A (sky130_fd_sc_hd__clkbuf_16)
    10    0.031969    0.083220    0.277120    0.548267 ^ clkbuf_3_2__f_clk/X (sky130_fd_sc_hd__clkbuf_16)
                                                         clknet_3_2__leaf_clk (net)
                      0.083279    0.001968    0.550235 ^ dsa[24]._8_/CLK (sky130_fd_sc_hd__dfrtp_1)
                                  0.000000    0.550235   clock reconvergence pessimism
                                 -0.072068    0.478167   library hold time
                                              0.478167   data required time
---------------------------------------------------------------------------------------------
                                              0.478167   data required time
                                             -1.480718   data arrival time
---------------------------------------------------------------------------------------------
                                              1.002551   slack (MET)


Startpoint: dsa[22]._9_ (rising edge-triggered flip-flop clocked by core_clock)
Endpoint: dsa[23]._8_ (rising edge-triggered flip-flop clocked by core_clock)
Path Group: core_clock
Path Type: min

Fanout         Cap        Slew       Delay        Time   Description
---------------------------------------------------------------------------------------------
                                  0.000000    0.000000   clock core_clock (rise edge)
                                  0.000000    0.000000   clock source latency
     1    0.015086    0.000000    0.000000    0.000000 ^ clk (in)
                                                         clk (net)
                      0.001413    0.000707    0.000707 ^ clkbuf_0_clk/A (sky130_fd_sc_hd__clkbuf_16)
     8    0.084849    0.155388    0.265144    0.265851 ^ clkbuf_0_clk/X (sky130_fd_sc_hd__clkbuf_16)
                                                         clknet_0_clk (net)
                      0.155628    0.004937    0.270788 ^ clkbuf_3_3__f_clk/A (sky130_fd_sc_hd__clkbuf_16)
     9    0.027343    0.076841    0.270870    0.541658 ^ clkbuf_3_3__f_clk/X (sky130_fd_sc_hd__clkbuf_16)
                                                         clknet_3_3__leaf_clk (net)
                      0.076863    0.001200    0.542859 ^ dsa[22]._9_/CLK (sky130_fd_sc_hd__dfrtp_1)
     2    0.008770    0.150302    0.706272    1.249131 ^ dsa[22]._9_/Q (sky130_fd_sc_hd__dfrtp_1)
                                                         dsa[22].y_out (net)
                      0.150302    0.000497    1.249628 ^ dsa[23]._7_/A1 (sky130_fd_sc_hd__a21bo_1)
     1    0.002884    0.061061    0.230204    1.479832 ^ dsa[23]._7_/X (sky130_fd_sc_hd__a21bo_1)
                                                         dsa[23].last_carry_next (net)
                      0.061061    0.000120    1.479952 ^ dsa[23]._8_/D (sky130_fd_sc_hd__dfrtp_1)
                                              1.479952   data arrival time

                                  0.000000    0.000000   clock core_clock (rise edge)
                                  0.000000    0.000000   clock source latency
     1    0.015086    0.000000    0.000000    0.000000 ^ clk (in)
                                                         clk (net)
                      0.001413    0.000707    0.000707 ^ clkbuf_0_clk/A (sky130_fd_sc_hd__clkbuf_16)
     8    0.084849    0.155388    0.265144    0.265851 ^ clkbuf_0_clk/X (sky130_fd_sc_hd__clkbuf_16)
                                                         clknet_0_clk (net)
                      0.155666    0.005297    0.271148 ^ clkbuf_3_2__f_clk/A (sky130_fd_sc_hd__clkbuf_16)
    10    0.031969    0.083220    0.277120    0.548267 ^ clkbuf_3_2__f_clk/X (sky130_fd_sc_hd__clkbuf_16)
                                                         clknet_3_2__leaf_clk (net)
                      0.083257    0.001627    0.549894 ^ dsa[23]._8_/CLK (sky130_fd_sc_hd__dfrtp_1)
                                  0.000000    0.549894   clock reconvergence pessimism
                                 -0.072725    0.477169   library hold time
                                              0.477169   data required time
---------------------------------------------------------------------------------------------
                                              0.477169   data required time
                                             -1.479952   data arrival time
---------------------------------------------------------------------------------------------
                                              1.002783   slack (MET)


Startpoint: dsa[0]._9_ (rising edge-triggered flip-flop clocked by core_clock)
Endpoint: dsa[1]._8_ (rising edge-triggered flip-flop clocked by core_clock)
Path Group: core_clock
Path Type: min

Fanout         Cap        Slew       Delay        Time   Description
---------------------------------------------------------------------------------------------
                                  0.000000    0.000000   clock core_clock (rise edge)
                                  0.000000    0.000000   clock source latency
     1    0.015086    0.000000    0.000000    0.000000 ^ clk (in)
                                                         clk (net)
                      0.001413    0.000707    0.000707 ^ clkbuf_0_clk/A (sky130_fd_sc_hd__clkbuf_16)
     8    0.084849    0.155388    0.265144    0.265851 ^ clkbuf_0_clk/X (sky130_fd_sc_hd__clkbuf_16)
                                                         clknet_0_clk (net)
                      0.155834    0.006654    0.272504 ^ clkbuf_3_7__f_clk/A (sky130_fd_sc_hd__clkbuf_16)
    10    0.029828    0.080221    0.274364    0.546868 ^ clkbuf_3_7__f_clk/X (sky130_fd_sc_hd__clkbuf_16)
                                                         clknet_3_7__leaf_clk (net)
                      0.080256    0.001516    0.548384 ^ dsa[0]._9_/CLK (sky130_fd_sc_hd__dfrtp_1)
     2    0.008415    0.145848    0.704205    1.252589 ^ dsa[0]._9_/Q (sky130_fd_sc_hd__dfrtp_1)
                                                         dsa[0].y_out (net)
                      0.145848    0.000390    1.252980 ^ dsa[1]._7_/A1 (sky130_fd_sc_hd__a21bo_1)
     1    0.002661    0.058673    0.225926    1.478905 ^ dsa[1]._7_/X (sky130_fd_sc_hd__a21bo_1)
                                                         dsa[1].last_carry_next (net)
                      0.058673    0.000170    1.479075 ^ dsa[1]._8_/D (sky130_fd_sc_hd__dfrtp_1)
                                              1.479075   data arrival time

                                  0.000000    0.000000   clock core_clock (rise edge)
                                  0.000000    0.000000   clock source latency
     1    0.015086    0.000000    0.000000    0.000000 ^ clk (in)
                                                         clk (net)
                      0.001413    0.000707    0.000707 ^ clkbuf_0_clk/A (sky130_fd_sc_hd__clkbuf_16)
     8    0.084849    0.155388    0.265144    0.265851 ^ clkbuf_0_clk/X (sky130_fd_sc_hd__clkbuf_16)
                                                         clknet_0_clk (net)
                      0.155834    0.006654    0.272504 ^ clkbuf_3_7__f_clk/A (sky130_fd_sc_hd__clkbuf_16)
    10    0.029828    0.080221    0.274364    0.546868 ^ clkbuf_3_7__f_clk/X (sky130_fd_sc_hd__clkbuf_16)
                                                         clknet_3_7__leaf_clk (net)
                      0.080279    0.001891    0.548759 ^ dsa[1]._8_/CLK (sky130_fd_sc_hd__dfrtp_1)
                                  0.000000    0.548759   clock reconvergence pessimism
                                 -0.072668    0.476091   library hold time
                                              0.476091   data required time
---------------------------------------------------------------------------------------------
                                              0.476091   data required time
                                             -1.479075   data arrival time
---------------------------------------------------------------------------------------------
                                              1.002985   slack (MET)


Startpoint: dsa[10]._9_ (rising edge-triggered flip-flop clocked by core_clock)
Endpoint: dsa[11]._9_ (rising edge-triggered flip-flop clocked by core_clock)
Path Group: core_clock
Path Type: min

Fanout         Cap        Slew       Delay        Time   Description
---------------------------------------------------------------------------------------------
                                  0.000000    0.000000   clock core_clock (rise edge)
                                  0.000000    0.000000   clock source latency
     1    0.015086    0.000000    0.000000    0.000000 ^ clk (in)
                                                         clk (net)
                      0.001413    0.000707    0.000707 ^ clkbuf_0_clk/A (sky130_fd_sc_hd__clkbuf_16)
     8    0.084849    0.155388    0.265144    0.265851 ^ clkbuf_0_clk/X (sky130_fd_sc_hd__clkbuf_16)
                                                         clknet_0_clk (net)
                      0.155817    0.006528    0.272379 ^ clkbuf_3_6__f_clk/A (sky130_fd_sc_hd__clkbuf_16)
     8    0.027426    0.076950    0.271086    0.543465 ^ clkbuf_3_6__f_clk/X (sky130_fd_sc_hd__clkbuf_16)
                                                         clknet_3_6__leaf_clk (net)
                      0.076977    0.001294    0.544759 ^ dsa[10]._9_/CLK (sky130_fd_sc_hd__dfrtp_1)
     2    0.010611    0.173274    0.725730    1.270489 ^ dsa[10]._9_/Q (sky130_fd_sc_hd__dfrtp_1)
                                                         dsa[10].y_out (net)
                      0.173274    0.000643    1.271133 ^ dsa[11]._6_/A (sky130_fd_sc_hd__xnor2_1)
     1    0.003440    0.081287    0.182120    1.453252 v dsa[11]._6_/Y (sky130_fd_sc_hd__xnor2_1)
                                                         dsa[11].y_out_next (net)
                      0.081287    0.000137    1.453389 v dsa[11]._9_/D (sky130_fd_sc_hd__dfrtp_1)
                                              1.453389   data arrival time

                                  0.000000    0.000000   clock core_clock (rise edge)
                                  0.000000    0.000000   clock source latency
     1    0.015086    0.000000    0.000000    0.000000 ^ clk (in)
                                                         clk (net)
                      0.001413    0.000707    0.000707 ^ clkbuf_0_clk/A (sky130_fd_sc_hd__clkbuf_16)
     8    0.084849    0.155388    0.265144    0.265851 ^ clkbuf_0_clk/X (sky130_fd_sc_hd__clkbuf_16)
                                                         clknet_0_clk (net)
                      0.155834    0.006654    0.272504 ^ clkbuf_3_7__f_clk/A (sky130_fd_sc_hd__clkbuf_16)
    10    0.029828    0.080221    0.274364    0.546868 ^ clkbuf_3_7__f_clk/X (sky130_fd_sc_hd__clkbuf_16)
                                                         clknet_3_7__leaf_clk (net)
                      0.080249    0.001388    0.548256 ^ dsa[11]._9_/CLK (sky130_fd_sc_hd__dfrtp_1)
                                  0.000000    0.548256   clock reconvergence pessimism
                                 -0.098931    0.449325   library hold time
                                              0.449325   data required time
---------------------------------------------------------------------------------------------
                                              0.449325   data required time
                                             -1.453389   data arrival time
---------------------------------------------------------------------------------------------
                                              1.004064   slack (MET)


Startpoint: dsa[29]._9_ (rising edge-triggered flip-flop clocked by core_clock)
Endpoint: dsa[30]._8_ (rising edge-triggered flip-flop clocked by core_clock)
Path Group: core_clock
Path Type: min

Fanout         Cap        Slew       Delay        Time   Description
---------------------------------------------------------------------------------------------
                                  0.000000    0.000000   clock core_clock (rise edge)
                                  0.000000    0.000000   clock source latency
     1    0.015086    0.000000    0.000000    0.000000 ^ clk (in)
                                                         clk (net)
                      0.001413    0.000707    0.000707 ^ clkbuf_0_clk/A (sky130_fd_sc_hd__clkbuf_16)
     8    0.084849    0.155388    0.265144    0.265851 ^ clkbuf_0_clk/X (sky130_fd_sc_hd__clkbuf_16)
                                                         clknet_0_clk (net)
                      0.156441    0.010137    0.275988 ^ clkbuf_3_1__f_clk/A (sky130_fd_sc_hd__clkbuf_16)
     7    0.024793    0.073466    0.267673    0.543661 ^ clkbuf_3_1__f_clk/X (sky130_fd_sc_hd__clkbuf_16)
                                                         clknet_3_1__leaf_clk (net)
                      0.073494    0.001193    0.544854 ^ dsa[29]._9_/CLK (sky130_fd_sc_hd__dfrtp_1)
     2    0.009500    0.159414    0.712371    1.257225 ^ dsa[29]._9_/Q (sky130_fd_sc_hd__dfrtp_1)
                                                         dsa[29].y_out (net)
                      0.159414    0.000555    1.257780 ^ dsa[30]._7_/A1 (sky130_fd_sc_hd__a21bo_1)
     1    0.002713    0.059228    0.232063    1.489843 ^ dsa[30]._7_/X (sky130_fd_sc_hd__a21bo_1)
                                                         dsa[30].last_carry_next (net)
                      0.059228    0.000198    1.490041 ^ dsa[30]._8_/D (sky130_fd_sc_hd__dfrtp_1)
                                              1.490041   data arrival time

                                  0.000000    0.000000   clock core_clock (rise edge)
                                  0.000000    0.000000   clock source latency
     1    0.015086    0.000000    0.000000    0.000000 ^ clk (in)
                                                         clk (net)
                      0.001413    0.000707    0.000707 ^ clkbuf_0_clk/A (sky130_fd_sc_hd__clkbuf_16)
     8    0.084849    0.155388    0.265144    0.265851 ^ clkbuf_0_clk/X (sky130_fd_sc_hd__clkbuf_16)
                                                         clknet_0_clk (net)
                      0.156452    0.010188    0.276039 ^ clkbuf_3_0__f_clk/A (sky130_fd_sc_hd__clkbuf_16)
    10    0.032964    0.084590    0.278967    0.555006 ^ clkbuf_3_0__f_clk/X (sky130_fd_sc_hd__clkbuf_16)
                                                         clknet_3_0__leaf_clk (net)
                      0.084654    0.002058    0.557064 ^ dsa[30]._8_/CLK (sky130_fd_sc_hd__dfrtp_1)
                                  0.000000    0.557064   clock reconvergence pessimism
                                 -0.072077    0.484986   library hold time
                                              0.484986   data required time
---------------------------------------------------------------------------------------------
                                              0.484986   data required time
                                             -1.490041   data arrival time
---------------------------------------------------------------------------------------------
                                              1.005054   slack (MET)


Startpoint: dsa[11]._9_ (rising edge-triggered flip-flop clocked by core_clock)
Endpoint: dsa[12]._9_ (rising edge-triggered flip-flop clocked by core_clock)
Path Group: core_clock
Path Type: min

Fanout         Cap        Slew       Delay        Time   Description
---------------------------------------------------------------------------------------------
                                  0.000000    0.000000   clock core_clock (rise edge)
                                  0.000000    0.000000   clock source latency
     1    0.015086    0.000000    0.000000    0.000000 ^ clk (in)
                                                         clk (net)
                      0.001413    0.000707    0.000707 ^ clkbuf_0_clk/A (sky130_fd_sc_hd__clkbuf_16)
     8    0.084849    0.155388    0.265144    0.265851 ^ clkbuf_0_clk/X (sky130_fd_sc_hd__clkbuf_16)
                                                         clknet_0_clk (net)
                      0.155834    0.006654    0.272504 ^ clkbuf_3_7__f_clk/A (sky130_fd_sc_hd__clkbuf_16)
    10    0.029828    0.080221    0.274364    0.546868 ^ clkbuf_3_7__f_clk/X (sky130_fd_sc_hd__clkbuf_16)
                                                         clknet_3_7__leaf_clk (net)
                      0.080249    0.001388    0.548256 ^ dsa[11]._9_/CLK (sky130_fd_sc_hd__dfrtp_1)
     2    0.010995    0.178100    0.731236    1.279492 ^ dsa[11]._9_/Q (sky130_fd_sc_hd__dfrtp_1)
                                                         dsa[11].y_out (net)
                      0.178100    0.000726    1.280218 ^ dsa[12]._6_/A (sky130_fd_sc_hd__xnor2_1)
     1    0.002948    0.074374    0.177763    1.457982 v dsa[12]._6_/Y (sky130_fd_sc_hd__xnor2_1)
                                                         dsa[12].y_out_next (net)
                      0.074374    0.000121    1.458103 v dsa[12]._9_/D (sky130_fd_sc_hd__dfrtp_1)
                                              1.458103   data arrival time

                                  0.000000    0.000000   clock core_clock (rise edge)
                                  0.000000    0.000000   clock source latency
     1    0.015086    0.000000    0.000000    0.000000 ^ clk (in)
                                                         clk (net)
                      0.001413    0.000707    0.000707 ^ clkbuf_0_clk/A (sky130_fd_sc_hd__clkbuf_16)
     8    0.084849    0.155388    0.265144    0.265851 ^ clkbuf_0_clk/X (sky130_fd_sc_hd__clkbuf_16)
                                                         clknet_0_clk (net)
                      0.155834    0.006654    0.272504 ^ clkbuf_3_7__f_clk/A (sky130_fd_sc_hd__clkbuf_16)
    10    0.029828    0.080221    0.274364    0.546868 ^ clkbuf_3_7__f_clk/X (sky130_fd_sc_hd__clkbuf_16)
                                                         clknet_3_7__leaf_clk (net)
                      0.080272    0.001785    0.548653 ^ dsa[12]._9_/CLK (sky130_fd_sc_hd__dfrtp_1)
                                  0.000000    0.548653   clock reconvergence pessimism
                                 -0.096359    0.452294   library hold time
                                              0.452294   data required time
---------------------------------------------------------------------------------------------
                                              0.452294   data required time
                                             -1.458103   data arrival time
---------------------------------------------------------------------------------------------
                                              1.005808   slack (MET)


Startpoint: dsa[4]._9_ (rising edge-triggered flip-flop clocked by core_clock)
Endpoint: dsa[5]._8_ (rising edge-triggered flip-flop clocked by core_clock)
Path Group: core_clock
Path Type: min

Fanout         Cap        Slew       Delay        Time   Description
---------------------------------------------------------------------------------------------
                                  0.000000    0.000000   clock core_clock (rise edge)
                                  0.000000    0.000000   clock source latency
     1    0.015086    0.000000    0.000000    0.000000 ^ clk (in)
                                                         clk (net)
                      0.001413    0.000707    0.000707 ^ clkbuf_0_clk/A (sky130_fd_sc_hd__clkbuf_16)
     8    0.084849    0.155388    0.265144    0.265851 ^ clkbuf_0_clk/X (sky130_fd_sc_hd__clkbuf_16)
                                                         clknet_0_clk (net)
                      0.156230    0.009074    0.274925 ^ clkbuf_3_5__f_clk/A (sky130_fd_sc_hd__clkbuf_16)
     8    0.030080    0.080567    0.274894    0.549819 ^ clkbuf_3_5__f_clk/X (sky130_fd_sc_hd__clkbuf_16)
                                                         clknet_3_5__leaf_clk (net)
                      0.080576    0.000905    0.550724 ^ dsa[4]._9_/CLK (sky130_fd_sc_hd__dfrtp_1)
     2    0.008467    0.146533    0.704800    1.255525 ^ dsa[4]._9_/Q (sky130_fd_sc_hd__dfrtp_1)
                                                         dsa[4].y_out (net)
                      0.146533    0.000443    1.255967 ^ dsa[5]._7_/A1 (sky130_fd_sc_hd__a21bo_1)
     1    0.003014    0.062460    0.230057    1.486024 ^ dsa[5]._7_/X (sky130_fd_sc_hd__a21bo_1)
                                                         dsa[5].last_carry_next (net)
                      0.062460    0.000125    1.486149 ^ dsa[5]._8_/D (sky130_fd_sc_hd__dfrtp_1)
                                              1.486149   data arrival time

                                  0.000000    0.000000   clock core_clock (rise edge)
                                  0.000000    0.000000   clock source latency
     1    0.015086    0.000000    0.000000    0.000000 ^ clk (in)
                                                         clk (net)
                      0.001413    0.000707    0.000707 ^ clkbuf_0_clk/A (sky130_fd_sc_hd__clkbuf_16)
     8    0.084849    0.155388    0.265144    0.265851 ^ clkbuf_0_clk/X (sky130_fd_sc_hd__clkbuf_16)
                                                         clknet_0_clk (net)
                      0.156230    0.009074    0.274925 ^ clkbuf_3_5__f_clk/A (sky130_fd_sc_hd__clkbuf_16)
     8    0.030080    0.080567    0.274894    0.549819 ^ clkbuf_3_5__f_clk/X (sky130_fd_sc_hd__clkbuf_16)
                                                         clknet_3_5__leaf_clk (net)
                      0.080602    0.001536    0.551355 ^ dsa[5]._8_/CLK (sky130_fd_sc_hd__dfrtp_1)
                                  0.000000    0.551355   clock reconvergence pessimism
                                 -0.073479    0.477875   library hold time
                                              0.477875   data required time
---------------------------------------------------------------------------------------------
                                              0.477875   data required time
                                             -1.486149   data arrival time
---------------------------------------------------------------------------------------------
                                              1.008273   slack (MET)


Startpoint: dsa[17]._9_ (rising edge-triggered flip-flop clocked by core_clock)
Endpoint: dsa[18]._8_ (rising edge-triggered flip-flop clocked by core_clock)
Path Group: core_clock
Path Type: min

Fanout         Cap        Slew       Delay        Time   Description
---------------------------------------------------------------------------------------------
                                  0.000000    0.000000   clock core_clock (rise edge)
                                  0.000000    0.000000   clock source latency
     1    0.015086    0.000000    0.000000    0.000000 ^ clk (in)
                                                         clk (net)
                      0.001413    0.000707    0.000707 ^ clkbuf_0_clk/A (sky130_fd_sc_hd__clkbuf_16)
     8    0.084849    0.155388    0.265144    0.265851 ^ clkbuf_0_clk/X (sky130_fd_sc_hd__clkbuf_16)
                                                         clknet_0_clk (net)
                      0.156172    0.008760    0.274610 ^ clkbuf_3_4__f_clk/A (sky130_fd_sc_hd__clkbuf_16)
     9    0.022714    0.070802    0.264628    0.539239 ^ clkbuf_3_4__f_clk/X (sky130_fd_sc_hd__clkbuf_16)
                                                         clknet_3_4__leaf_clk (net)
                      0.070827    0.001050    0.540289 ^ dsa[17]._9_/CLK (sky130_fd_sc_hd__dfrtp_1)
     2    0.008552    0.147667    0.701119    1.241408 ^ dsa[17]._9_/Q (sky130_fd_sc_hd__dfrtp_1)
                                                         dsa[17].y_out (net)
                      0.147668    0.000647    1.242055 ^ dsa[18]._7_/A1 (sky130_fd_sc_hd__a21bo_1)
     1    0.003457    0.067371    0.235321    1.477376 ^ dsa[18]._7_/X (sky130_fd_sc_hd__a21bo_1)
                                                         dsa[18].last_carry_next (net)
                      0.067371    0.000205    1.477580 ^ dsa[18]._8_/D (sky130_fd_sc_hd__dfrtp_1)
                                              1.477580   data arrival time

                                  0.000000    0.000000   clock core_clock (rise edge)
                                  0.000000    0.000000   clock source latency
     1    0.015086    0.000000    0.000000    0.000000 ^ clk (in)
                                                         clk (net)
                      0.001413    0.000707    0.000707 ^ clkbuf_0_clk/A (sky130_fd_sc_hd__clkbuf_16)
     8    0.084849    0.155388    0.265144    0.265851 ^ clkbuf_0_clk/X (sky130_fd_sc_hd__clkbuf_16)
                                                         clknet_0_clk (net)
                      0.156441    0.010137    0.275988 ^ clkbuf_3_1__f_clk/A (sky130_fd_sc_hd__clkbuf_16)
     7    0.024793    0.073466    0.267673    0.543661 ^ clkbuf_3_1__f_clk/X (sky130_fd_sc_hd__clkbuf_16)
                                                         clknet_3_1__leaf_clk (net)
                      0.073471    0.000707    0.544368 ^ dsa[18]._8_/CLK (sky130_fd_sc_hd__dfrtp_1)
                                  0.000000    0.544368   clock reconvergence pessimism
                                 -0.075770    0.468597   library hold time
                                              0.468597   data required time
---------------------------------------------------------------------------------------------
                                              0.468597   data required time
                                             -1.477580   data arrival time
---------------------------------------------------------------------------------------------
                                              1.008983   slack (MET)


Startpoint: dsa[3]._9_ (rising edge-triggered flip-flop clocked by core_clock)
Endpoint: dsa[4]._8_ (rising edge-triggered flip-flop clocked by core_clock)
Path Group: core_clock
Path Type: min

Fanout         Cap        Slew       Delay        Time   Description
---------------------------------------------------------------------------------------------
                                  0.000000    0.000000   clock core_clock (rise edge)
                                  0.000000    0.000000   clock source latency
     1    0.015086    0.000000    0.000000    0.000000 ^ clk (in)
                                                         clk (net)
                      0.001413    0.000707    0.000707 ^ clkbuf_0_clk/A (sky130_fd_sc_hd__clkbuf_16)
     8    0.084849    0.155388    0.265144    0.265851 ^ clkbuf_0_clk/X (sky130_fd_sc_hd__clkbuf_16)
                                                         clknet_0_clk (net)
                      0.156230    0.009074    0.274925 ^ clkbuf_3_5__f_clk/A (sky130_fd_sc_hd__clkbuf_16)
     8    0.030080    0.080567    0.274894    0.549819 ^ clkbuf_3_5__f_clk/X (sky130_fd_sc_hd__clkbuf_16)
                                                         clknet_3_5__leaf_clk (net)
                      0.080576    0.000900    0.550719 ^ dsa[3]._9_/CLK (sky130_fd_sc_hd__dfrtp_1)
     2    0.009099    0.154341    0.711524    1.262243 ^ dsa[3]._9_/Q (sky130_fd_sc_hd__dfrtp_1)
                                                         dsa[3].y_out (net)
                      0.154341    0.000304    1.262547 ^ dsa[4]._7_/A1 (sky130_fd_sc_hd__a21bo_1)
     1    0.002445    0.056411    0.227060    1.489606 ^ dsa[4]._7_/X (sky130_fd_sc_hd__a21bo_1)
                                                         dsa[4].last_carry_next (net)
                      0.056411    0.000178    1.489785 ^ dsa[4]._8_/D (sky130_fd_sc_hd__dfrtp_1)
                                              1.489785   data arrival time

                                  0.000000    0.000000   clock core_clock (rise edge)
                                  0.000000    0.000000   clock source latency
     1    0.015086    0.000000    0.000000    0.000000 ^ clk (in)
                                                         clk (net)
                      0.001413    0.000707    0.000707 ^ clkbuf_0_clk/A (sky130_fd_sc_hd__clkbuf_16)
     8    0.084849    0.155388    0.265144    0.265851 ^ clkbuf_0_clk/X (sky130_fd_sc_hd__clkbuf_16)
                                                         clknet_0_clk (net)
                      0.156230    0.009074    0.274925 ^ clkbuf_3_5__f_clk/A (sky130_fd_sc_hd__clkbuf_16)
     8    0.030080    0.080567    0.274894    0.549819 ^ clkbuf_3_5__f_clk/X (sky130_fd_sc_hd__clkbuf_16)
                                                         clknet_3_5__leaf_clk (net)
                      0.080615    0.001752    0.551571 ^ dsa[4]._8_/CLK (sky130_fd_sc_hd__dfrtp_1)
                                  0.000000    0.551571   clock reconvergence pessimism
                                 -0.072097    0.479474   library hold time
                                              0.479474   data required time
---------------------------------------------------------------------------------------------
                                              0.479474   data required time
                                             -1.489785   data arrival time
---------------------------------------------------------------------------------------------
                                              1.010310   slack (MET)


Startpoint: dsa[13]._9_ (rising edge-triggered flip-flop clocked by core_clock)
Endpoint: dsa[14]._8_ (rising edge-triggered flip-flop clocked by core_clock)
Path Group: core_clock
Path Type: min

Fanout         Cap        Slew       Delay        Time   Description
---------------------------------------------------------------------------------------------
                                  0.000000    0.000000   clock core_clock (rise edge)
                                  0.000000    0.000000   clock source latency
     1    0.015086    0.000000    0.000000    0.000000 ^ clk (in)
                                                         clk (net)
                      0.001413    0.000707    0.000707 ^ clkbuf_0_clk/A (sky130_fd_sc_hd__clkbuf_16)
     8    0.084849    0.155388    0.265144    0.265851 ^ clkbuf_0_clk/X (sky130_fd_sc_hd__clkbuf_16)
                                                         clknet_0_clk (net)
                      0.155628    0.004937    0.270788 ^ clkbuf_3_3__f_clk/A (sky130_fd_sc_hd__clkbuf_16)
     9    0.027343    0.076841    0.270870    0.541658 ^ clkbuf_3_3__f_clk/X (sky130_fd_sc_hd__clkbuf_16)
                                                         clknet_3_3__leaf_clk (net)
                      0.076872    0.001374    0.543032 ^ dsa[13]._9_/CLK (sky130_fd_sc_hd__dfrtp_1)
     2    0.008879    0.151667    0.707377    1.250409 ^ dsa[13]._9_/Q (sky130_fd_sc_hd__dfrtp_1)
                                                         dsa[13].y_out (net)
                      0.151667    0.000596    1.251005 ^ dsa[14]._7_/A1 (sky130_fd_sc_hd__a21bo_1)
     1    0.002950    0.061771    0.231481    1.482486 ^ dsa[14]._7_/X (sky130_fd_sc_hd__a21bo_1)
                                                         dsa[14].last_carry_next (net)
                      0.061771    0.000123    1.482609 ^ dsa[14]._8_/D (sky130_fd_sc_hd__dfrtp_1)
                                              1.482609   data arrival time

                                  0.000000    0.000000   clock core_clock (rise edge)
                                  0.000000    0.000000   clock source latency
     1    0.015086    0.000000    0.000000    0.000000 ^ clk (in)
                                                         clk (net)
                      0.001413    0.000707    0.000707 ^ clkbuf_0_clk/A (sky130_fd_sc_hd__clkbuf_16)
     8    0.084849    0.155388    0.265144    0.265851 ^ clkbuf_0_clk/X (sky130_fd_sc_hd__clkbuf_16)
                                                         clknet_0_clk (net)
                      0.155628    0.004937    0.270788 ^ clkbuf_3_3__f_clk/A (sky130_fd_sc_hd__clkbuf_16)
     9    0.027343    0.076841    0.270870    0.541658 ^ clkbuf_3_3__f_clk/X (sky130_fd_sc_hd__clkbuf_16)
                                                         clknet_3_3__leaf_clk (net)
                      0.076868    0.001304    0.542962 ^ dsa[14]._8_/CLK (sky130_fd_sc_hd__dfrtp_1)
                                  0.000000    0.542962   clock reconvergence pessimism
                                 -0.073935    0.469028   library hold time
                                              0.469028   data required time
---------------------------------------------------------------------------------------------
                                              0.469028   data required time
                                             -1.482609   data arrival time
---------------------------------------------------------------------------------------------
                                              1.013581   slack (MET)


Startpoint: dsa[2]._9_ (rising edge-triggered flip-flop clocked by core_clock)
Endpoint: dsa[3]._8_ (rising edge-triggered flip-flop clocked by core_clock)
Path Group: core_clock
Path Type: min

Fanout         Cap        Slew       Delay        Time   Description
---------------------------------------------------------------------------------------------
                                  0.000000    0.000000   clock core_clock (rise edge)
                                  0.000000    0.000000   clock source latency
     1    0.015086    0.000000    0.000000    0.000000 ^ clk (in)
                                                         clk (net)
                      0.001413    0.000707    0.000707 ^ clkbuf_0_clk/A (sky130_fd_sc_hd__clkbuf_16)
     8    0.084849    0.155388    0.265144    0.265851 ^ clkbuf_0_clk/X (sky130_fd_sc_hd__clkbuf_16)
                                                         clknet_0_clk (net)
                      0.155834    0.006654    0.272504 ^ clkbuf_3_7__f_clk/A (sky130_fd_sc_hd__clkbuf_16)
    10    0.029828    0.080221    0.274364    0.546868 ^ clkbuf_3_7__f_clk/X (sky130_fd_sc_hd__clkbuf_16)
                                                         clknet_3_7__leaf_clk (net)
                      0.080238    0.001139    0.548007 ^ dsa[2]._9_/CLK (sky130_fd_sc_hd__dfrtp_1)
     2    0.008716    0.149606    0.707268    1.255276 ^ dsa[2]._9_/Q (sky130_fd_sc_hd__dfrtp_1)
                                                         dsa[2].y_out (net)
                      0.149606    0.000466    1.255741 ^ dsa[3]._7_/A1 (sky130_fd_sc_hd__a21bo_1)
     1    0.003134    0.063788    0.232625    1.488367 ^ dsa[3]._7_/X (sky130_fd_sc_hd__a21bo_1)
                                                         dsa[3].last_carry_next (net)
                      0.063788    0.000131    1.488497 ^ dsa[3]._8_/D (sky130_fd_sc_hd__dfrtp_1)
                                              1.488497   data arrival time

                                  0.000000    0.000000   clock core_clock (rise edge)
                                  0.000000    0.000000   clock source latency
     1    0.015086    0.000000    0.000000    0.000000 ^ clk (in)
                                                         clk (net)
                      0.001413    0.000707    0.000707 ^ clkbuf_0_clk/A (sky130_fd_sc_hd__clkbuf_16)
     8    0.084849    0.155388    0.265144    0.265851 ^ clkbuf_0_clk/X (sky130_fd_sc_hd__clkbuf_16)
                                                         clknet_0_clk (net)
                      0.155834    0.006654    0.272504 ^ clkbuf_3_7__f_clk/A (sky130_fd_sc_hd__clkbuf_16)
    10    0.029828    0.080221    0.274364    0.546868 ^ clkbuf_3_7__f_clk/X (sky130_fd_sc_hd__clkbuf_16)
                                                         clknet_3_7__leaf_clk (net)
                      0.080237    0.001120    0.547989 ^ dsa[3]._8_/CLK (sky130_fd_sc_hd__dfrtp_1)
                                  0.000000    0.547989   clock reconvergence pessimism
                                 -0.073842    0.474146   library hold time
                                              0.474146   data required time
---------------------------------------------------------------------------------------------
                                              0.474146   data required time
                                             -1.488497   data arrival time
---------------------------------------------------------------------------------------------
                                              1.014351   slack (MET)


Startpoint: dsa[28]._9_ (rising edge-triggered flip-flop clocked by core_clock)
Endpoint: dsa[29]._8_ (rising edge-triggered flip-flop clocked by core_clock)
Path Group: core_clock
Path Type: min

Fanout         Cap        Slew       Delay        Time   Description
---------------------------------------------------------------------------------------------
                                  0.000000    0.000000   clock core_clock (rise edge)
                                  0.000000    0.000000   clock source latency
     1    0.015086    0.000000    0.000000    0.000000 ^ clk (in)
                                                         clk (net)
                      0.001413    0.000707    0.000707 ^ clkbuf_0_clk/A (sky130_fd_sc_hd__clkbuf_16)
     8    0.084849    0.155388    0.265144    0.265851 ^ clkbuf_0_clk/X (sky130_fd_sc_hd__clkbuf_16)
                                                         clknet_0_clk (net)
                      0.156452    0.010188    0.276039 ^ clkbuf_3_0__f_clk/A (sky130_fd_sc_hd__clkbuf_16)
    10    0.032964    0.084590    0.278967    0.555006 ^ clkbuf_3_0__f_clk/X (sky130_fd_sc_hd__clkbuf_16)
                                                         clknet_3_0__leaf_clk (net)
                      0.084616    0.001414    0.556420 ^ dsa[28]._9_/CLK (sky130_fd_sc_hd__dfrtp_1)
     2    0.008500    0.146960    0.707014    1.263434 ^ dsa[28]._9_/Q (sky130_fd_sc_hd__dfrtp_1)
                                                         dsa[28].y_out (net)
                      0.146960    0.000557    1.263991 ^ dsa[29]._7_/A1 (sky130_fd_sc_hd__a21bo_1)
     1    0.003385    0.066581    0.234215    1.498206 ^ dsa[29]._7_/X (sky130_fd_sc_hd__a21bo_1)
                                                         dsa[29].last_carry_next (net)
                      0.066581    0.000249    1.498455 ^ dsa[29]._8_/D (sky130_fd_sc_hd__dfrtp_1)
                                              1.498455   data arrival time

                                  0.000000    0.000000   clock core_clock (rise edge)
                                  0.000000    0.000000   clock source latency
     1    0.015086    0.000000    0.000000    0.000000 ^ clk (in)
                                                         clk (net)
                      0.001413    0.000707    0.000707 ^ clkbuf_0_clk/A (sky130_fd_sc_hd__clkbuf_16)
     8    0.084849    0.155388    0.265144    0.265851 ^ clkbuf_0_clk/X (sky130_fd_sc_hd__clkbuf_16)
                                                         clknet_0_clk (net)
                      0.156452    0.010188    0.276039 ^ clkbuf_3_0__f_clk/A (sky130_fd_sc_hd__clkbuf_16)
    10    0.032964    0.084590    0.278967    0.555006 ^ clkbuf_3_0__f_clk/X (sky130_fd_sc_hd__clkbuf_16)
                                                         clknet_3_0__leaf_clk (net)
                      0.084619    0.001476    0.556482 ^ dsa[29]._8_/CLK (sky130_fd_sc_hd__dfrtp_1)
                                  0.000000    0.556482   clock reconvergence pessimism
                                 -0.073761    0.482721   library hold time
                                              0.482721   data required time
---------------------------------------------------------------------------------------------
                                              0.482721   data required time
                                             -1.498455   data arrival time
---------------------------------------------------------------------------------------------
                                              1.015734   slack (MET)


Startpoint: dsa[14]._9_ (rising edge-triggered flip-flop clocked by core_clock)
Endpoint: dsa[15]._9_ (rising edge-triggered flip-flop clocked by core_clock)
Path Group: core_clock
Path Type: min

Fanout         Cap        Slew       Delay        Time   Description
---------------------------------------------------------------------------------------------
                                  0.000000    0.000000   clock core_clock (rise edge)
                                  0.000000    0.000000   clock source latency
     1    0.015086    0.000000    0.000000    0.000000 ^ clk (in)
                                                         clk (net)
                      0.001413    0.000707    0.000707 ^ clkbuf_0_clk/A (sky130_fd_sc_hd__clkbuf_16)
     8    0.084849    0.155388    0.265144    0.265851 ^ clkbuf_0_clk/X (sky130_fd_sc_hd__clkbuf_16)
                                                         clknet_0_clk (net)
                      0.155817    0.006528    0.272379 ^ clkbuf_3_6__f_clk/A (sky130_fd_sc_hd__clkbuf_16)
     8    0.027426    0.076950    0.271086    0.543465 ^ clkbuf_3_6__f_clk/X (sky130_fd_sc_hd__clkbuf_16)
                                                         clknet_3_6__leaf_clk (net)
                      0.076976    0.001273    0.544738 ^ dsa[14]._9_/CLK (sky130_fd_sc_hd__dfrtp_1)
     2    0.010870    0.176574    0.728350    1.273088 ^ dsa[14]._9_/Q (sky130_fd_sc_hd__dfrtp_1)
                                                         dsa[14].y_out (net)
                      0.176574    0.000808    1.273896 ^ dsa[15]._6_/A (sky130_fd_sc_hd__xnor2_1)
     1    0.003347    0.080100    0.182268    1.456164 v dsa[15]._6_/Y (sky130_fd_sc_hd__xnor2_1)
                                                         dsa[15].y_out_next (net)
                      0.080100    0.000201    1.456365 v dsa[15]._9_/D (sky130_fd_sc_hd__dfrtp_1)
                                              1.456365   data arrival time

                                  0.000000    0.000000   clock core_clock (rise edge)
                                  0.000000    0.000000   clock source latency
     1    0.015086    0.000000    0.000000    0.000000 ^ clk (in)
                                                         clk (net)
                      0.001413    0.000707    0.000707 ^ clkbuf_0_clk/A (sky130_fd_sc_hd__clkbuf_16)
     8    0.084849    0.155388    0.265144    0.265851 ^ clkbuf_0_clk/X (sky130_fd_sc_hd__clkbuf_16)
                                                         clknet_0_clk (net)
                      0.156172    0.008760    0.274610 ^ clkbuf_3_4__f_clk/A (sky130_fd_sc_hd__clkbuf_16)
     9    0.022714    0.070802    0.264628    0.539239 ^ clkbuf_3_4__f_clk/X (sky130_fd_sc_hd__clkbuf_16)
                                                         clknet_3_4__leaf_clk (net)
                      0.070829    0.001294    0.540533 ^ dsa[15]._9_/CLK (sky130_fd_sc_hd__dfrtp_1)
                                  0.000000    0.540533   clock reconvergence pessimism
                                 -0.100781    0.439752   library hold time
                                              0.439752   data required time
---------------------------------------------------------------------------------------------
                                              0.439752   data required time
                                             -1.456365   data arrival time
---------------------------------------------------------------------------------------------
                                              1.016612   slack (MET)


Startpoint: dsa[8]._9_ (rising edge-triggered flip-flop clocked by core_clock)
Endpoint: dsa[9]._8_ (rising edge-triggered flip-flop clocked by core_clock)
Path Group: core_clock
Path Type: min

Fanout         Cap        Slew       Delay        Time   Description
---------------------------------------------------------------------------------------------
                                  0.000000    0.000000   clock core_clock (rise edge)
                                  0.000000    0.000000   clock source latency
     1    0.015086    0.000000    0.000000    0.000000 ^ clk (in)
                                                         clk (net)
                      0.001413    0.000707    0.000707 ^ clkbuf_0_clk/A (sky130_fd_sc_hd__clkbuf_16)
     8    0.084849    0.155388    0.265144    0.265851 ^ clkbuf_0_clk/X (sky130_fd_sc_hd__clkbuf_16)
                                                         clknet_0_clk (net)
                      0.156172    0.008760    0.274610 ^ clkbuf_3_4__f_clk/A (sky130_fd_sc_hd__clkbuf_16)
     9    0.022714    0.070802    0.264628    0.539239 ^ clkbuf_3_4__f_clk/X (sky130_fd_sc_hd__clkbuf_16)
                                                         clknet_3_4__leaf_clk (net)
                      0.070830    0.001313    0.540551 ^ dsa[8]._9_/CLK (sky130_fd_sc_hd__dfrtp_1)
     2    0.009638    0.161167    0.712581    1.253132 ^ dsa[8]._9_/Q (sky130_fd_sc_hd__dfrtp_1)
                                                         dsa[8].y_out (net)
                      0.161167    0.000588    1.253720 ^ dsa[9]._7_/A1 (sky130_fd_sc_hd__a21bo_1)
     1    0.002833    0.060512    0.234123    1.487843 ^ dsa[9]._7_/X (sky130_fd_sc_hd__a21bo_1)
                                                         dsa[9].last_carry_next (net)
                      0.060512    0.000118    1.487961 ^ dsa[9]._8_/D (sky130_fd_sc_hd__dfrtp_1)
                                              1.487961   data arrival time

                                  0.000000    0.000000   clock core_clock (rise edge)
                                  0.000000    0.000000   clock source latency
     1    0.015086    0.000000    0.000000    0.000000 ^ clk (in)
                                                         clk (net)
                      0.001413    0.000707    0.000707 ^ clkbuf_0_clk/A (sky130_fd_sc_hd__clkbuf_16)
     8    0.084849    0.155388    0.265144    0.265851 ^ clkbuf_0_clk/X (sky130_fd_sc_hd__clkbuf_16)
                                                         clknet_0_clk (net)
                      0.155817    0.006528    0.272379 ^ clkbuf_3_6__f_clk/A (sky130_fd_sc_hd__clkbuf_16)
     8    0.027426    0.076950    0.271086    0.543465 ^ clkbuf_3_6__f_clk/X (sky130_fd_sc_hd__clkbuf_16)
                                                         clknet_3_6__leaf_clk (net)
                      0.076986    0.001457    0.544922 ^ dsa[9]._8_/CLK (sky130_fd_sc_hd__dfrtp_1)
                                  0.000000    0.544922   clock reconvergence pessimism
                                 -0.073628    0.471294   library hold time
                                              0.471294   data required time
---------------------------------------------------------------------------------------------
                                              0.471294   data required time
                                             -1.487961   data arrival time
---------------------------------------------------------------------------------------------
                                              1.016668   slack (MET)


Startpoint: dsa[27]._9_ (rising edge-triggered flip-flop clocked by core_clock)
Endpoint: dsa[28]._8_ (rising edge-triggered flip-flop clocked by core_clock)
Path Group: core_clock
Path Type: min

Fanout         Cap        Slew       Delay        Time   Description
---------------------------------------------------------------------------------------------
                                  0.000000    0.000000   clock core_clock (rise edge)
                                  0.000000    0.000000   clock source latency
     1    0.015086    0.000000    0.000000    0.000000 ^ clk (in)
                                                         clk (net)
                      0.001413    0.000707    0.000707 ^ clkbuf_0_clk/A (sky130_fd_sc_hd__clkbuf_16)
     8    0.084849    0.155388    0.265144    0.265851 ^ clkbuf_0_clk/X (sky130_fd_sc_hd__clkbuf_16)
                                                         clknet_0_clk (net)
                      0.155666    0.005297    0.271148 ^ clkbuf_3_2__f_clk/A (sky130_fd_sc_hd__clkbuf_16)
    10    0.031969    0.083220    0.277120    0.548267 ^ clkbuf_3_2__f_clk/X (sky130_fd_sc_hd__clkbuf_16)
                                                         clknet_3_2__leaf_clk (net)
                      0.083244    0.001357    0.549624 ^ dsa[27]._9_/CLK (sky130_fd_sc_hd__dfrtp_1)
     2    0.009425    0.158459    0.716063    1.265687 ^ dsa[27]._9_/Q (sky130_fd_sc_hd__dfrtp_1)
                                                         dsa[27].y_out (net)
                      0.158460    0.000716    1.266403 ^ dsa[28]._7_/A1 (sky130_fd_sc_hd__a21bo_1)
     1    0.002538    0.057384    0.229768    1.496171 ^ dsa[28]._7_/X (sky130_fd_sc_hd__a21bo_1)
                                                         dsa[28].last_carry_next (net)
                      0.057384    0.000183    1.496354 ^ dsa[28]._8_/D (sky130_fd_sc_hd__dfrtp_1)
                                              1.496354   data arrival time

                                  0.000000    0.000000   clock core_clock (rise edge)
                                  0.000000    0.000000   clock source latency
     1    0.015086    0.000000    0.000000    0.000000 ^ clk (in)
                                                         clk (net)
                      0.001413    0.000707    0.000707 ^ clkbuf_0_clk/A (sky130_fd_sc_hd__clkbuf_16)
     8    0.084849    0.155388    0.265144    0.265851 ^ clkbuf_0_clk/X (sky130_fd_sc_hd__clkbuf_16)
                                                         clknet_0_clk (net)
                      0.155666    0.005297    0.271148 ^ clkbuf_3_2__f_clk/A (sky130_fd_sc_hd__clkbuf_16)
    10    0.031969    0.083220    0.277120    0.548267 ^ clkbuf_3_2__f_clk/X (sky130_fd_sc_hd__clkbuf_16)
                                                         clknet_3_2__leaf_clk (net)
                      0.083278    0.001961    0.550228 ^ dsa[28]._8_/CLK (sky130_fd_sc_hd__dfrtp_1)
                                  0.000000    0.550228   clock reconvergence pessimism
                                 -0.071882    0.478346   library hold time
                                              0.478346   data required time
---------------------------------------------------------------------------------------------
                                              0.478346   data required time
                                             -1.496354   data arrival time
---------------------------------------------------------------------------------------------
                                              1.018008   slack (MET)


Startpoint: dsa[18]._9_ (rising edge-triggered flip-flop clocked by core_clock)
Endpoint: dsa[19]._8_ (rising edge-triggered flip-flop clocked by core_clock)
Path Group: core_clock
Path Type: min

Fanout         Cap        Slew       Delay        Time   Description
---------------------------------------------------------------------------------------------
                                  0.000000    0.000000   clock core_clock (rise edge)
                                  0.000000    0.000000   clock source latency
     1    0.015086    0.000000    0.000000    0.000000 ^ clk (in)
                                                         clk (net)
                      0.001413    0.000707    0.000707 ^ clkbuf_0_clk/A (sky130_fd_sc_hd__clkbuf_16)
     8    0.084849    0.155388    0.265144    0.265851 ^ clkbuf_0_clk/X (sky130_fd_sc_hd__clkbuf_16)
                                                         clknet_0_clk (net)
                      0.156172    0.008760    0.274610 ^ clkbuf_3_4__f_clk/A (sky130_fd_sc_hd__clkbuf_16)
     9    0.022714    0.070802    0.264628    0.539239 ^ clkbuf_3_4__f_clk/X (sky130_fd_sc_hd__clkbuf_16)
                                                         clknet_3_4__leaf_clk (net)
                      0.070827    0.001075    0.540313 ^ dsa[18]._9_/CLK (sky130_fd_sc_hd__dfrtp_1)
     2    0.010655    0.173875    0.723351    1.263664 ^ dsa[18]._9_/Q (sky130_fd_sc_hd__dfrtp_1)
                                                         dsa[18].y_out (net)
                      0.173875    0.000443    1.264107 ^ dsa[19]._7_/A1 (sky130_fd_sc_hd__a21bo_1)
     1    0.003006    0.062379    0.241230    1.505337 ^ dsa[19]._7_/X (sky130_fd_sc_hd__a21bo_1)
                                                         dsa[19].last_carry_next (net)
                      0.062379    0.000127    1.505464 ^ dsa[19]._8_/D (sky130_fd_sc_hd__dfrtp_1)
                                              1.505464   data arrival time

                                  0.000000    0.000000   clock core_clock (rise edge)
                                  0.000000    0.000000   clock source latency
     1    0.015086    0.000000    0.000000    0.000000 ^ clk (in)
                                                         clk (net)
                      0.001413    0.000707    0.000707 ^ clkbuf_0_clk/A (sky130_fd_sc_hd__clkbuf_16)
     8    0.084849    0.155388    0.265144    0.265851 ^ clkbuf_0_clk/X (sky130_fd_sc_hd__clkbuf_16)
                                                         clknet_0_clk (net)
                      0.156452    0.010188    0.276039 ^ clkbuf_3_0__f_clk/A (sky130_fd_sc_hd__clkbuf_16)
    10    0.032964    0.084590    0.278967    0.555006 ^ clkbuf_3_0__f_clk/X (sky130_fd_sc_hd__clkbuf_16)
                                                         clknet_3_0__leaf_clk (net)
                      0.084641    0.001864    0.556870 ^ dsa[19]._8_/CLK (sky130_fd_sc_hd__dfrtp_1)
                                  0.000000    0.556870   clock reconvergence pessimism
                                 -0.072798    0.484072   library hold time
                                              0.484072   data required time
---------------------------------------------------------------------------------------------
                                              0.484072   data required time
                                             -1.505464   data arrival time
---------------------------------------------------------------------------------------------
                                              1.021393   slack (MET)


Startpoint: dsa[24]._9_ (rising edge-triggered flip-flop clocked by core_clock)
Endpoint: dsa[25]._8_ (rising edge-triggered flip-flop clocked by core_clock)
Path Group: core_clock
Path Type: min

Fanout         Cap        Slew       Delay        Time   Description
---------------------------------------------------------------------------------------------
                                  0.000000    0.000000   clock core_clock (rise edge)
                                  0.000000    0.000000   clock source latency
     1    0.015086    0.000000    0.000000    0.000000 ^ clk (in)
                                                         clk (net)
                      0.001413    0.000707    0.000707 ^ clkbuf_0_clk/A (sky130_fd_sc_hd__clkbuf_16)
     8    0.084849    0.155388    0.265144    0.265851 ^ clkbuf_0_clk/X (sky130_fd_sc_hd__clkbuf_16)
                                                         clknet_0_clk (net)
                      0.155628    0.004937    0.270788 ^ clkbuf_3_3__f_clk/A (sky130_fd_sc_hd__clkbuf_16)
     9    0.027343    0.076841    0.270870    0.541658 ^ clkbuf_3_3__f_clk/X (sky130_fd_sc_hd__clkbuf_16)
                                                         clknet_3_3__leaf_clk (net)
                      0.076871    0.001361    0.543020 ^ dsa[24]._9_/CLK (sky130_fd_sc_hd__dfrtp_1)
     2    0.010275    0.169036    0.722189    1.265209 ^ dsa[24]._9_/Q (sky130_fd_sc_hd__dfrtp_1)
                                                         dsa[24].y_out (net)
                      0.169036    0.000534    1.265743 ^ dsa[25]._7_/A1 (sky130_fd_sc_hd__a21bo_1)
     1    0.002664    0.058700    0.235501    1.501244 ^ dsa[25]._7_/X (sky130_fd_sc_hd__a21bo_1)
                                                         dsa[25].last_carry_next (net)
                      0.058700    0.000172    1.501416 ^ dsa[25]._8_/D (sky130_fd_sc_hd__dfrtp_1)
                                              1.501416   data arrival time

                                  0.000000    0.000000   clock core_clock (rise edge)
                                  0.000000    0.000000   clock source latency
     1    0.015086    0.000000    0.000000    0.000000 ^ clk (in)
                                                         clk (net)
                      0.001413    0.000707    0.000707 ^ clkbuf_0_clk/A (sky130_fd_sc_hd__clkbuf_16)
     8    0.084849    0.155388    0.265144    0.265851 ^ clkbuf_0_clk/X (sky130_fd_sc_hd__clkbuf_16)
                                                         clknet_0_clk (net)
                      0.155666    0.005297    0.271148 ^ clkbuf_3_2__f_clk/A (sky130_fd_sc_hd__clkbuf_16)
    10    0.031969    0.083220    0.277120    0.548267 ^ clkbuf_3_2__f_clk/X (sky130_fd_sc_hd__clkbuf_16)
                                                         clknet_3_2__leaf_clk (net)
                      0.083287    0.002085    0.550352 ^ dsa[25]._8_/CLK (sky130_fd_sc_hd__dfrtp_1)
                                  0.000000    0.550352   clock reconvergence pessimism
                                 -0.072181    0.478171   library hold time
                                              0.478171   data required time
---------------------------------------------------------------------------------------------
                                              0.478171   data required time
                                             -1.501416   data arrival time
---------------------------------------------------------------------------------------------
                                              1.023245   slack (MET)


Startpoint: dsa[20]._9_ (rising edge-triggered flip-flop clocked by core_clock)
Endpoint: dsa[21]._9_ (rising edge-triggered flip-flop clocked by core_clock)
Path Group: core_clock
Path Type: min

Fanout         Cap        Slew       Delay        Time   Description
---------------------------------------------------------------------------------------------
                                  0.000000    0.000000   clock core_clock (rise edge)
                                  0.000000    0.000000   clock source latency
     1    0.015086    0.000000    0.000000    0.000000 ^ clk (in)
                                                         clk (net)
                      0.001413    0.000707    0.000707 ^ clkbuf_0_clk/A (sky130_fd_sc_hd__clkbuf_16)
     8    0.084849    0.155388    0.265144    0.265851 ^ clkbuf_0_clk/X (sky130_fd_sc_hd__clkbuf_16)
                                                         clknet_0_clk (net)
                      0.156452    0.010188    0.276039 ^ clkbuf_3_0__f_clk/A (sky130_fd_sc_hd__clkbuf_16)
    10    0.032964    0.084590    0.278967    0.555006 ^ clkbuf_3_0__f_clk/X (sky130_fd_sc_hd__clkbuf_16)
                                                         clknet_3_0__leaf_clk (net)
                      0.084615    0.001390    0.556395 ^ dsa[20]._9_/CLK (sky130_fd_sc_hd__dfrtp_1)
     2    0.009736    0.162360    0.719923    1.276319 ^ dsa[20]._9_/Q (sky130_fd_sc_hd__dfrtp_1)
                                                         dsa[20].y_out (net)
                      0.162362    0.000871    1.277190 ^ dsa[21]._6_/A (sky130_fd_sc_hd__xnor2_1)
     1    0.004118    0.091349    0.186033    1.463223 v dsa[21]._6_/Y (sky130_fd_sc_hd__xnor2_1)
                                                         dsa[21].y_out_next (net)
                      0.091349    0.000269    1.463492 v dsa[21]._9_/D (sky130_fd_sc_hd__dfrtp_1)
                                              1.463492   data arrival time

                                  0.000000    0.000000   clock core_clock (rise edge)
                                  0.000000    0.000000   clock source latency
     1    0.015086    0.000000    0.000000    0.000000 ^ clk (in)
                                                         clk (net)
                      0.001413    0.000707    0.000707 ^ clkbuf_0_clk/A (sky130_fd_sc_hd__clkbuf_16)
     8    0.084849    0.155388    0.265144    0.265851 ^ clkbuf_0_clk/X (sky130_fd_sc_hd__clkbuf_16)
                                                         clknet_0_clk (net)
                      0.155628    0.004937    0.270788 ^ clkbuf_3_3__f_clk/A (sky130_fd_sc_hd__clkbuf_16)
     9    0.027343    0.076841    0.270870    0.541658 ^ clkbuf_3_3__f_clk/X (sky130_fd_sc_hd__clkbuf_16)
                                                         clknet_3_3__leaf_clk (net)
                      0.076854    0.000993    0.542651 ^ dsa[21]._9_/CLK (sky130_fd_sc_hd__dfrtp_1)
                                  0.000000    0.542651   clock reconvergence pessimism
                                 -0.103492    0.439159   library hold time
                                              0.439159   data required time
---------------------------------------------------------------------------------------------
                                              0.439159   data required time
                                             -1.463492   data arrival time
---------------------------------------------------------------------------------------------
                                              1.024333   slack (MET)


Startpoint: dsa[26]._9_ (rising edge-triggered flip-flop clocked by core_clock)
Endpoint: dsa[27]._8_ (rising edge-triggered flip-flop clocked by core_clock)
Path Group: core_clock
Path Type: min

Fanout         Cap        Slew       Delay        Time   Description
---------------------------------------------------------------------------------------------
                                  0.000000    0.000000   clock core_clock (rise edge)
                                  0.000000    0.000000   clock source latency
     1    0.015086    0.000000    0.000000    0.000000 ^ clk (in)
                                                         clk (net)
                      0.001413    0.000707    0.000707 ^ clkbuf_0_clk/A (sky130_fd_sc_hd__clkbuf_16)
     8    0.084849    0.155388    0.265144    0.265851 ^ clkbuf_0_clk/X (sky130_fd_sc_hd__clkbuf_16)
                                                         clknet_0_clk (net)
                      0.155666    0.005297    0.271148 ^ clkbuf_3_2__f_clk/A (sky130_fd_sc_hd__clkbuf_16)
    10    0.031969    0.083220    0.277120    0.548267 ^ clkbuf_3_2__f_clk/X (sky130_fd_sc_hd__clkbuf_16)
                                                         clknet_3_2__leaf_clk (net)
                      0.083273    0.001884    0.550151 ^ dsa[26]._9_/CLK (sky130_fd_sc_hd__dfrtp_1)
     2    0.009959    0.165139    0.721691    1.271842 ^ dsa[26]._9_/Q (sky130_fd_sc_hd__dfrtp_1)
                                                         dsa[26].y_out (net)
                      0.165140    0.000760    1.272602 ^ dsa[27]._7_/A1 (sky130_fd_sc_hd__a21bo_1)
     1    0.002389    0.055839    0.230916    1.503518 ^ dsa[27]._7_/X (sky130_fd_sc_hd__a21bo_1)
                                                         dsa[27].last_carry_next (net)
                      0.055839    0.000161    1.503680 ^ dsa[27]._8_/D (sky130_fd_sc_hd__dfrtp_1)
                                              1.503680   data arrival time

                                  0.000000    0.000000   clock core_clock (rise edge)
                                  0.000000    0.000000   clock source latency
     1    0.015086    0.000000    0.000000    0.000000 ^ clk (in)
                                                         clk (net)
                      0.001413    0.000707    0.000707 ^ clkbuf_0_clk/A (sky130_fd_sc_hd__clkbuf_16)
     8    0.084849    0.155388    0.265144    0.265851 ^ clkbuf_0_clk/X (sky130_fd_sc_hd__clkbuf_16)
                                                         clknet_0_clk (net)
                      0.155666    0.005297    0.271148 ^ clkbuf_3_2__f_clk/A (sky130_fd_sc_hd__clkbuf_16)
    10    0.031969    0.083220    0.277120    0.548267 ^ clkbuf_3_2__f_clk/X (sky130_fd_sc_hd__clkbuf_16)
                                                         clknet_3_2__leaf_clk (net)
                      0.083274    0.001900    0.550167 ^ dsa[27]._8_/CLK (sky130_fd_sc_hd__dfrtp_1)
                                  0.000000    0.550167   clock reconvergence pessimism
                                 -0.071530    0.478637   library hold time
                                              0.478637   data required time
---------------------------------------------------------------------------------------------
                                              0.478637   data required time
                                             -1.503680   data arrival time
---------------------------------------------------------------------------------------------
                                              1.025043   slack (MET)


Startpoint: dsa[20]._9_ (rising edge-triggered flip-flop clocked by core_clock)
Endpoint: dsa[21]._8_ (rising edge-triggered flip-flop clocked by core_clock)
Path Group: core_clock
Path Type: min

Fanout         Cap        Slew       Delay        Time   Description
---------------------------------------------------------------------------------------------
                                  0.000000    0.000000   clock core_clock (rise edge)
                                  0.000000    0.000000   clock source latency
     1    0.015086    0.000000    0.000000    0.000000 ^ clk (in)
                                                         clk (net)
                      0.001413    0.000707    0.000707 ^ clkbuf_0_clk/A (sky130_fd_sc_hd__clkbuf_16)
     8    0.084849    0.155388    0.265144    0.265851 ^ clkbuf_0_clk/X (sky130_fd_sc_hd__clkbuf_16)
                                                         clknet_0_clk (net)
                      0.156452    0.010188    0.276039 ^ clkbuf_3_0__f_clk/A (sky130_fd_sc_hd__clkbuf_16)
    10    0.032964    0.084590    0.278967    0.555006 ^ clkbuf_3_0__f_clk/X (sky130_fd_sc_hd__clkbuf_16)
                                                         clknet_3_0__leaf_clk (net)
                      0.084615    0.001390    0.556395 ^ dsa[20]._9_/CLK (sky130_fd_sc_hd__dfrtp_1)
     2    0.009736    0.162360    0.719923    1.276319 ^ dsa[20]._9_/Q (sky130_fd_sc_hd__dfrtp_1)
                                                         dsa[20].y_out (net)
                      0.162360    0.000664    1.276983 ^ dsa[21]._7_/A1 (sky130_fd_sc_hd__a21bo_1)
     1    0.002849    0.060687    0.234788    1.511771 ^ dsa[21]._7_/X (sky130_fd_sc_hd__a21bo_1)
                                                         dsa[21].last_carry_next (net)
                      0.060687    0.000119    1.511890 ^ dsa[21]._8_/D (sky130_fd_sc_hd__dfrtp_1)
                                              1.511890   data arrival time

                                  0.000000    0.000000   clock core_clock (rise edge)
                                  0.000000    0.000000   clock source latency
     1    0.015086    0.000000    0.000000    0.000000 ^ clk (in)
                                                         clk (net)
                      0.001413    0.000707    0.000707 ^ clkbuf_0_clk/A (sky130_fd_sc_hd__clkbuf_16)
     8    0.084849    0.155388    0.265144    0.265851 ^ clkbuf_0_clk/X (sky130_fd_sc_hd__clkbuf_16)
                                                         clknet_0_clk (net)
                      0.156452    0.010188    0.276039 ^ clkbuf_3_0__f_clk/A (sky130_fd_sc_hd__clkbuf_16)
    10    0.032964    0.084590    0.278967    0.555006 ^ clkbuf_3_0__f_clk/X (sky130_fd_sc_hd__clkbuf_16)
                                                         clknet_3_0__leaf_clk (net)
                      0.084616    0.001424    0.556430 ^ dsa[21]._8_/CLK (sky130_fd_sc_hd__dfrtp_1)
                                  0.000000    0.556430   clock reconvergence pessimism
                                 -0.072416    0.484014   library hold time
                                              0.484014   data required time
---------------------------------------------------------------------------------------------
                                              0.484014   data required time
                                             -1.511890   data arrival time
---------------------------------------------------------------------------------------------
                                              1.027876   slack (MET)


Startpoint: dsa[12]._9_ (rising edge-triggered flip-flop clocked by core_clock)
Endpoint: dsa[13]._8_ (rising edge-triggered flip-flop clocked by core_clock)
Path Group: core_clock
Path Type: min

Fanout         Cap        Slew       Delay        Time   Description
---------------------------------------------------------------------------------------------
                                  0.000000    0.000000   clock core_clock (rise edge)
                                  0.000000    0.000000   clock source latency
     1    0.015086    0.000000    0.000000    0.000000 ^ clk (in)
                                                         clk (net)
                      0.001413    0.000707    0.000707 ^ clkbuf_0_clk/A (sky130_fd_sc_hd__clkbuf_16)
     8    0.084849    0.155388    0.265144    0.265851 ^ clkbuf_0_clk/X (sky130_fd_sc_hd__clkbuf_16)
                                                         clknet_0_clk (net)
                      0.155834    0.006654    0.272504 ^ clkbuf_3_7__f_clk/A (sky130_fd_sc_hd__clkbuf_16)
    10    0.029828    0.080221    0.274364    0.546868 ^ clkbuf_3_7__f_clk/X (sky130_fd_sc_hd__clkbuf_16)
                                                         clknet_3_7__leaf_clk (net)
                      0.080272    0.001785    0.548653 ^ dsa[12]._9_/CLK (sky130_fd_sc_hd__dfrtp_1)
     2    0.009679    0.161558    0.717498    1.266151 ^ dsa[12]._9_/Q (sky130_fd_sc_hd__dfrtp_1)
                                                         dsa[12].y_out (net)
                      0.161558    0.000487    1.266638 ^ dsa[13]._7_/A1 (sky130_fd_sc_hd__a21bo_1)
     1    0.002631    0.058356    0.232065    1.498703 ^ dsa[13]._7_/X (sky130_fd_sc_hd__a21bo_1)
                                                         dsa[13].last_carry_next (net)
                      0.058356    0.000170    1.498873 ^ dsa[13]._8_/D (sky130_fd_sc_hd__dfrtp_1)
                                              1.498873   data arrival time

                                  0.000000    0.000000   clock core_clock (rise edge)
                                  0.000000    0.000000   clock source latency
     1    0.015086    0.000000    0.000000    0.000000 ^ clk (in)
                                                         clk (net)
                      0.001413    0.000707    0.000707 ^ clkbuf_0_clk/A (sky130_fd_sc_hd__clkbuf_16)
     8    0.084849    0.155388    0.265144    0.265851 ^ clkbuf_0_clk/X (sky130_fd_sc_hd__clkbuf_16)
                                                         clknet_0_clk (net)
                      0.155628    0.004937    0.270788 ^ clkbuf_3_3__f_clk/A (sky130_fd_sc_hd__clkbuf_16)
     9    0.027343    0.076841    0.270870    0.541658 ^ clkbuf_3_3__f_clk/X (sky130_fd_sc_hd__clkbuf_16)
                                                         clknet_3_3__leaf_clk (net)
                      0.076871    0.001350    0.543009 ^ dsa[13]._8_/CLK (sky130_fd_sc_hd__dfrtp_1)
                                  0.000000    0.543009   clock reconvergence pessimism
                                 -0.073155    0.469854   library hold time
                                              0.469854   data required time
---------------------------------------------------------------------------------------------
                                              0.469854   data required time
                                             -1.498873   data arrival time
---------------------------------------------------------------------------------------------
                                              1.029019   slack (MET)


Startpoint: dsa[9]._9_ (rising edge-triggered flip-flop clocked by core_clock)
Endpoint: dsa[10]._8_ (rising edge-triggered flip-flop clocked by core_clock)
Path Group: core_clock
Path Type: min

Fanout         Cap        Slew       Delay        Time   Description
---------------------------------------------------------------------------------------------
                                  0.000000    0.000000   clock core_clock (rise edge)
                                  0.000000    0.000000   clock source latency
     1    0.015086    0.000000    0.000000    0.000000 ^ clk (in)
                                                         clk (net)
                      0.001413    0.000707    0.000707 ^ clkbuf_0_clk/A (sky130_fd_sc_hd__clkbuf_16)
     8    0.084849    0.155388    0.265144    0.265851 ^ clkbuf_0_clk/X (sky130_fd_sc_hd__clkbuf_16)
                                                         clknet_0_clk (net)
                      0.155834    0.006654    0.272504 ^ clkbuf_3_7__f_clk/A (sky130_fd_sc_hd__clkbuf_16)
    10    0.029828    0.080221    0.274364    0.546868 ^ clkbuf_3_7__f_clk/X (sky130_fd_sc_hd__clkbuf_16)
                                                         clknet_3_7__leaf_clk (net)
                      0.080237    0.001133    0.548001 ^ dsa[9]._9_/CLK (sky130_fd_sc_hd__dfrtp_1)
     2    0.009426    0.158441    0.714738    1.262740 ^ dsa[9]._9_/Q (sky130_fd_sc_hd__dfrtp_1)
                                                         dsa[10].y_in (net)
                      0.158441    0.000533    1.263272 ^ dsa[10]._7_/A1 (sky130_fd_sc_hd__a21bo_1)
     1    0.003168    0.064147    0.236589    1.499861 ^ dsa[10]._7_/X (sky130_fd_sc_hd__a21bo_1)
                                                         dsa[10].last_carry_next (net)
                      0.064147    0.000230    1.500091 ^ dsa[10]._8_/D (sky130_fd_sc_hd__dfrtp_1)
                                              1.500091   data arrival time

                                  0.000000    0.000000   clock core_clock (rise edge)
                                  0.000000    0.000000   clock source latency
     1    0.015086    0.000000    0.000000    0.000000 ^ clk (in)
                                                         clk (net)
                      0.001413    0.000707    0.000707 ^ clkbuf_0_clk/A (sky130_fd_sc_hd__clkbuf_16)
     8    0.084849    0.155388    0.265144    0.265851 ^ clkbuf_0_clk/X (sky130_fd_sc_hd__clkbuf_16)
                                                         clknet_0_clk (net)
                      0.155817    0.006528    0.272379 ^ clkbuf_3_6__f_clk/A (sky130_fd_sc_hd__clkbuf_16)
     8    0.027426    0.076950    0.271086    0.543465 ^ clkbuf_3_6__f_clk/X (sky130_fd_sc_hd__clkbuf_16)
                                                         clknet_3_6__leaf_clk (net)
                      0.076984    0.001426    0.544891 ^ dsa[10]._8_/CLK (sky130_fd_sc_hd__dfrtp_1)
                                  0.000000    0.544891   clock reconvergence pessimism
                                 -0.074458    0.470433   library hold time
                                              0.470433   data required time
---------------------------------------------------------------------------------------------
                                              0.470433   data required time
                                             -1.500091   data arrival time
---------------------------------------------------------------------------------------------
                                              1.029659   slack (MET)


Startpoint: dsa[1]._9_ (rising edge-triggered flip-flop clocked by core_clock)
Endpoint: dsa[2]._8_ (rising edge-triggered flip-flop clocked by core_clock)
Path Group: core_clock
Path Type: min

Fanout         Cap        Slew       Delay        Time   Description
---------------------------------------------------------------------------------------------
                                  0.000000    0.000000   clock core_clock (rise edge)
                                  0.000000    0.000000   clock source latency
     1    0.015086    0.000000    0.000000    0.000000 ^ clk (in)
                                                         clk (net)
                      0.001413    0.000707    0.000707 ^ clkbuf_0_clk/A (sky130_fd_sc_hd__clkbuf_16)
     8    0.084849    0.155388    0.265144    0.265851 ^ clkbuf_0_clk/X (sky130_fd_sc_hd__clkbuf_16)
                                                         clknet_0_clk (net)
                      0.155834    0.006654    0.272504 ^ clkbuf_3_7__f_clk/A (sky130_fd_sc_hd__clkbuf_16)
    10    0.029828    0.080221    0.274364    0.546868 ^ clkbuf_3_7__f_clk/X (sky130_fd_sc_hd__clkbuf_16)
                                                         clknet_3_7__leaf_clk (net)
                      0.080249    0.001394    0.548262 ^ dsa[1]._9_/CLK (sky130_fd_sc_hd__dfrtp_1)
     2    0.009772    0.162774    0.718342    1.266605 ^ dsa[1]._9_/Q (sky130_fd_sc_hd__dfrtp_1)
                                                         dsa[1].y_out (net)
                      0.162774    0.000663    1.267267 ^ dsa[2]._7_/A1 (sky130_fd_sc_hd__a21bo_1)
     1    0.002854    0.060737    0.234972    1.502240 ^ dsa[2]._7_/X (sky130_fd_sc_hd__a21bo_1)
                                                         dsa[2].last_carry_next (net)
                      0.060737    0.000210    1.502449 ^ dsa[2]._8_/D (sky130_fd_sc_hd__dfrtp_1)
                                              1.502449   data arrival time

                                  0.000000    0.000000   clock core_clock (rise edge)
                                  0.000000    0.000000   clock source latency
     1    0.015086    0.000000    0.000000    0.000000 ^ clk (in)
                                                         clk (net)
                      0.001413    0.000707    0.000707 ^ clkbuf_0_clk/A (sky130_fd_sc_hd__clkbuf_16)
     8    0.084849    0.155388    0.265144    0.265851 ^ clkbuf_0_clk/X (sky130_fd_sc_hd__clkbuf_16)
                                                         clknet_0_clk (net)
                      0.155817    0.006528    0.272379 ^ clkbuf_3_6__f_clk/A (sky130_fd_sc_hd__clkbuf_16)
     8    0.027426    0.076950    0.271086    0.543465 ^ clkbuf_3_6__f_clk/X (sky130_fd_sc_hd__clkbuf_16)
                                                         clknet_3_6__leaf_clk (net)
                      0.076982    0.001383    0.544848 ^ dsa[2]._8_/CLK (sky130_fd_sc_hd__dfrtp_1)
                                  0.000000    0.544848   clock reconvergence pessimism
                                 -0.073680    0.471168   library hold time
                                              0.471168   data required time
---------------------------------------------------------------------------------------------
                                              0.471168   data required time
                                             -1.502449   data arrival time
---------------------------------------------------------------------------------------------
                                              1.031281   slack (MET)


Startpoint: dsa[19]._9_ (rising edge-triggered flip-flop clocked by core_clock)
Endpoint: dsa[20]._8_ (rising edge-triggered flip-flop clocked by core_clock)
Path Group: core_clock
Path Type: min

Fanout         Cap        Slew       Delay        Time   Description
---------------------------------------------------------------------------------------------
                                  0.000000    0.000000   clock core_clock (rise edge)
                                  0.000000    0.000000   clock source latency
     1    0.015086    0.000000    0.000000    0.000000 ^ clk (in)
                                                         clk (net)
                      0.001413    0.000707    0.000707 ^ clkbuf_0_clk/A (sky130_fd_sc_hd__clkbuf_16)
     8    0.084849    0.155388    0.265144    0.265851 ^ clkbuf_0_clk/X (sky130_fd_sc_hd__clkbuf_16)
                                                         clknet_0_clk (net)
                      0.156452    0.010188    0.276039 ^ clkbuf_3_0__f_clk/A (sky130_fd_sc_hd__clkbuf_16)
    10    0.032964    0.084590    0.278967    0.555006 ^ clkbuf_3_0__f_clk/X (sky130_fd_sc_hd__clkbuf_16)
                                                         clknet_3_0__leaf_clk (net)
                      0.084638    0.001813    0.556819 ^ dsa[19]._9_/CLK (sky130_fd_sc_hd__dfrtp_1)
     2    0.008977    0.152866    0.712063    1.268882 ^ dsa[19]._9_/Q (sky130_fd_sc_hd__dfrtp_1)
                                                         dsa[19].y_out (net)
                      0.152866    0.000509    1.269390 ^ dsa[20]._7_/A1 (sky130_fd_sc_hd__a21bo_1)
     1    0.003075    0.063132    0.233292    1.502682 ^ dsa[20]._7_/X (sky130_fd_sc_hd__a21bo_1)
                                                         dsa[20].last_carry_next (net)
                      0.063132    0.000219    1.502902 ^ dsa[20]._8_/D (sky130_fd_sc_hd__dfrtp_1)
                                              1.502902   data arrival time

                                  0.000000    0.000000   clock core_clock (rise edge)
                                  0.000000    0.000000   clock source latency
     1    0.015086    0.000000    0.000000    0.000000 ^ clk (in)
                                                         clk (net)
                      0.001413    0.000707    0.000707 ^ clkbuf_0_clk/A (sky130_fd_sc_hd__clkbuf_16)
     8    0.084849    0.155388    0.265144    0.265851 ^ clkbuf_0_clk/X (sky130_fd_sc_hd__clkbuf_16)
                                                         clknet_0_clk (net)
                      0.156441    0.010137    0.275988 ^ clkbuf_3_1__f_clk/A (sky130_fd_sc_hd__clkbuf_16)
     7    0.024793    0.073466    0.267673    0.543661 ^ clkbuf_3_1__f_clk/X (sky130_fd_sc_hd__clkbuf_16)
                                                         clknet_3_1__leaf_clk (net)
                      0.073491    0.001121    0.544782 ^ dsa[20]._8_/CLK (sky130_fd_sc_hd__dfrtp_1)
                                  0.000000    0.544782   clock reconvergence pessimism
                                 -0.074800    0.469983   library hold time
                                              0.469983   data required time
---------------------------------------------------------------------------------------------
                                              0.469983   data required time
                                             -1.502902   data arrival time
---------------------------------------------------------------------------------------------
                                              1.032919   slack (MET)


Startpoint: dsa[5]._9_ (rising edge-triggered flip-flop clocked by core_clock)
Endpoint: dsa[6]._8_ (rising edge-triggered flip-flop clocked by core_clock)
Path Group: core_clock
Path Type: min

Fanout         Cap        Slew       Delay        Time   Description
---------------------------------------------------------------------------------------------
                                  0.000000    0.000000   clock core_clock (rise edge)
                                  0.000000    0.000000   clock source latency
     1    0.015086    0.000000    0.000000    0.000000 ^ clk (in)
                                                         clk (net)
                      0.001413    0.000707    0.000707 ^ clkbuf_0_clk/A (sky130_fd_sc_hd__clkbuf_16)
     8    0.084849    0.155388    0.265144    0.265851 ^ clkbuf_0_clk/X (sky130_fd_sc_hd__clkbuf_16)
                                                         clknet_0_clk (net)
                      0.156230    0.009074    0.274925 ^ clkbuf_3_5__f_clk/A (sky130_fd_sc_hd__clkbuf_16)
     8    0.030080    0.080567    0.274894    0.549819 ^ clkbuf_3_5__f_clk/X (sky130_fd_sc_hd__clkbuf_16)
                                                         clknet_3_5__leaf_clk (net)
                      0.080597    0.001434    0.551253 ^ dsa[5]._9_/CLK (sky130_fd_sc_hd__dfrtp_1)
     2    0.010805    0.175739    0.729325    1.280578 ^ dsa[5]._9_/Q (sky130_fd_sc_hd__dfrtp_1)
                                                         dsa[5].y_out (net)
                      0.175740    0.000838    1.281416 ^ dsa[6]._7_/A1 (sky130_fd_sc_hd__a21bo_1)
     1    0.002448    0.056449    0.235909    1.517325 ^ dsa[6]._7_/X (sky130_fd_sc_hd__a21bo_1)
                                                         dsa[6].last_carry_next (net)
                      0.056449    0.000180    1.517505 ^ dsa[6]._8_/D (sky130_fd_sc_hd__dfrtp_1)
                                              1.517505   data arrival time

                                  0.000000    0.000000   clock core_clock (rise edge)
                                  0.000000    0.000000   clock source latency
     1    0.015086    0.000000    0.000000    0.000000 ^ clk (in)
                                                         clk (net)
                      0.001413    0.000707    0.000707 ^ clkbuf_0_clk/A (sky130_fd_sc_hd__clkbuf_16)
     8    0.084849    0.155388    0.265144    0.265851 ^ clkbuf_0_clk/X (sky130_fd_sc_hd__clkbuf_16)
                                                         clknet_0_clk (net)
                      0.156230    0.009074    0.274925 ^ clkbuf_3_5__f_clk/A (sky130_fd_sc_hd__clkbuf_16)
     8    0.030080    0.080567    0.274894    0.549819 ^ clkbuf_3_5__f_clk/X (sky130_fd_sc_hd__clkbuf_16)
                                                         clknet_3_5__leaf_clk (net)
                      0.080600    0.001497    0.551316 ^ dsa[6]._8_/CLK (sky130_fd_sc_hd__dfrtp_1)
                                  0.000000    0.551316   clock reconvergence pessimism
                                 -0.072108    0.479208   library hold time
                                              0.479208   data required time
---------------------------------------------------------------------------------------------
                                              0.479208   data required time
                                             -1.517505   data arrival time
---------------------------------------------------------------------------------------------
                                              1.038297   slack (MET)


Startpoint: dsa[10]._9_ (rising edge-triggered flip-flop clocked by core_clock)
Endpoint: dsa[11]._8_ (rising edge-triggered flip-flop clocked by core_clock)
Path Group: core_clock
Path Type: min

Fanout         Cap        Slew       Delay        Time   Description
---------------------------------------------------------------------------------------------
                                  0.000000    0.000000   clock core_clock (rise edge)
                                  0.000000    0.000000   clock source latency
     1    0.015086    0.000000    0.000000    0.000000 ^ clk (in)
                                                         clk (net)
                      0.001413    0.000707    0.000707 ^ clkbuf_0_clk/A (sky130_fd_sc_hd__clkbuf_16)
     8    0.084849    0.155388    0.265144    0.265851 ^ clkbuf_0_clk/X (sky130_fd_sc_hd__clkbuf_16)
                                                         clknet_0_clk (net)
                      0.155817    0.006528    0.272379 ^ clkbuf_3_6__f_clk/A (sky130_fd_sc_hd__clkbuf_16)
     8    0.027426    0.076950    0.271086    0.543465 ^ clkbuf_3_6__f_clk/X (sky130_fd_sc_hd__clkbuf_16)
                                                         clknet_3_6__leaf_clk (net)
                      0.076977    0.001294    0.544759 ^ dsa[10]._9_/CLK (sky130_fd_sc_hd__dfrtp_1)
     2    0.010611    0.173274    0.725730    1.270489 ^ dsa[10]._9_/Q (sky130_fd_sc_hd__dfrtp_1)
                                                         dsa[10].y_out (net)
                      0.173274    0.000418    1.270907 ^ dsa[11]._7_/A1 (sky130_fd_sc_hd__a21bo_1)
     1    0.002833    0.060512    0.239076    1.509983 ^ dsa[11]._7_/X (sky130_fd_sc_hd__a21bo_1)
                                                         dsa[11].last_carry_next (net)
                      0.060512    0.000194    1.510177 ^ dsa[11]._8_/D (sky130_fd_sc_hd__dfrtp_1)
                                              1.510177   data arrival time

                                  0.000000    0.000000   clock core_clock (rise edge)
                                  0.000000    0.000000   clock source latency
     1    0.015086    0.000000    0.000000    0.000000 ^ clk (in)
                                                         clk (net)
                      0.001413    0.000707    0.000707 ^ clkbuf_0_clk/A (sky130_fd_sc_hd__clkbuf_16)
     8    0.084849    0.155388    0.265144    0.265851 ^ clkbuf_0_clk/X (sky130_fd_sc_hd__clkbuf_16)
                                                         clknet_0_clk (net)
                      0.155817    0.006528    0.272379 ^ clkbuf_3_6__f_clk/A (sky130_fd_sc_hd__clkbuf_16)
     8    0.027426    0.076950    0.271086    0.543465 ^ clkbuf_3_6__f_clk/X (sky130_fd_sc_hd__clkbuf_16)
                                                         clknet_3_6__leaf_clk (net)
                      0.076971    0.001177    0.544642 ^ dsa[11]._8_/CLK (sky130_fd_sc_hd__dfrtp_1)
                                  0.000000    0.544642   clock reconvergence pessimism
                                 -0.073631    0.471011   library hold time
                                              0.471011   data required time
---------------------------------------------------------------------------------------------
                                              0.471011   data required time
                                             -1.510177   data arrival time
---------------------------------------------------------------------------------------------
                                              1.039166   slack (MET)


Startpoint: dsa[7]._9_ (rising edge-triggered flip-flop clocked by core_clock)
Endpoint: dsa[8]._8_ (rising edge-triggered flip-flop clocked by core_clock)
Path Group: core_clock
Path Type: min

Fanout         Cap        Slew       Delay        Time   Description
---------------------------------------------------------------------------------------------
                                  0.000000    0.000000   clock core_clock (rise edge)
                                  0.000000    0.000000   clock source latency
     1    0.015086    0.000000    0.000000    0.000000 ^ clk (in)
                                                         clk (net)
                      0.001413    0.000707    0.000707 ^ clkbuf_0_clk/A (sky130_fd_sc_hd__clkbuf_16)
     8    0.084849    0.155388    0.265144    0.265851 ^ clkbuf_0_clk/X (sky130_fd_sc_hd__clkbuf_16)
                                                         clknet_0_clk (net)
                      0.156172    0.008760    0.274610 ^ clkbuf_3_4__f_clk/A (sky130_fd_sc_hd__clkbuf_16)
     9    0.022714    0.070802    0.264628    0.539239 ^ clkbuf_3_4__f_clk/X (sky130_fd_sc_hd__clkbuf_16)
                                                         clknet_3_4__leaf_clk (net)
                      0.070827    0.001022    0.540261 ^ dsa[7]._9_/CLK (sky130_fd_sc_hd__dfrtp_1)
     2    0.010607    0.173286    0.722823    1.263084 ^ dsa[7]._9_/Q (sky130_fd_sc_hd__dfrtp_1)
                                                         dsa[7].y_out (net)
                      0.173286    0.000431    1.263515 ^ dsa[8]._7_/A1 (sky130_fd_sc_hd__a21bo_1)
     1    0.003226    0.064810    0.243348    1.506864 ^ dsa[8]._7_/X (sky130_fd_sc_hd__a21bo_1)
                                                         dsa[8].last_carry_next (net)
                      0.064810    0.000205    1.507069 ^ dsa[8]._8_/D (sky130_fd_sc_hd__dfrtp_1)
                                              1.507069   data arrival time

                                  0.000000    0.000000   clock core_clock (rise edge)
                                  0.000000    0.000000   clock source latency
     1    0.015086    0.000000    0.000000    0.000000 ^ clk (in)
                                                         clk (net)
                      0.001413    0.000707    0.000707 ^ clkbuf_0_clk/A (sky130_fd_sc_hd__clkbuf_16)
     8    0.084849    0.155388    0.265144    0.265851 ^ clkbuf_0_clk/X (sky130_fd_sc_hd__clkbuf_16)
                                                         clknet_0_clk (net)
                      0.156172    0.008760    0.274610 ^ clkbuf_3_4__f_clk/A (sky130_fd_sc_hd__clkbuf_16)
     9    0.022714    0.070802    0.264628    0.539239 ^ clkbuf_3_4__f_clk/X (sky130_fd_sc_hd__clkbuf_16)
                                                         clknet_3_4__leaf_clk (net)
                      0.070827    0.001047    0.540286 ^ dsa[8]._8_/CLK (sky130_fd_sc_hd__dfrtp_1)
                                  0.000000    0.540286   clock reconvergence pessimism
                                 -0.075620    0.464666   library hold time
                                              0.464666   data required time
---------------------------------------------------------------------------------------------
                                              0.464666   data required time
                                             -1.507069   data arrival time
---------------------------------------------------------------------------------------------
                                              1.042402   slack (MET)


Startpoint: dsa[11]._9_ (rising edge-triggered flip-flop clocked by core_clock)
Endpoint: dsa[12]._8_ (rising edge-triggered flip-flop clocked by core_clock)
Path Group: core_clock
Path Type: min

Fanout         Cap        Slew       Delay        Time   Description
---------------------------------------------------------------------------------------------
                                  0.000000    0.000000   clock core_clock (rise edge)
                                  0.000000    0.000000   clock source latency
     1    0.015086    0.000000    0.000000    0.000000 ^ clk (in)
                                                         clk (net)
                      0.001413    0.000707    0.000707 ^ clkbuf_0_clk/A (sky130_fd_sc_hd__clkbuf_16)
     8    0.084849    0.155388    0.265144    0.265851 ^ clkbuf_0_clk/X (sky130_fd_sc_hd__clkbuf_16)
                                                         clknet_0_clk (net)
                      0.155834    0.006654    0.272504 ^ clkbuf_3_7__f_clk/A (sky130_fd_sc_hd__clkbuf_16)
    10    0.029828    0.080221    0.274364    0.546868 ^ clkbuf_3_7__f_clk/X (sky130_fd_sc_hd__clkbuf_16)
                                                         clknet_3_7__leaf_clk (net)
                      0.080249    0.001388    0.548256 ^ dsa[11]._9_/CLK (sky130_fd_sc_hd__dfrtp_1)
     2    0.010995    0.178100    0.731236    1.279492 ^ dsa[11]._9_/Q (sky130_fd_sc_hd__dfrtp_1)
                                                         dsa[11].y_out (net)
                      0.178100    0.000685    1.280177 ^ dsa[12]._7_/A1 (sky130_fd_sc_hd__a21bo_1)
     1    0.002491    0.056893    0.237343    1.517520 ^ dsa[12]._7_/X (sky130_fd_sc_hd__a21bo_1)
                                                         dsa[12].last_carry_next (net)
                      0.056893    0.000181    1.517701 ^ dsa[12]._8_/D (sky130_fd_sc_hd__dfrtp_1)
                                              1.517701   data arrival time

                                  0.000000    0.000000   clock core_clock (rise edge)
                                  0.000000    0.000000   clock source latency
     1    0.015086    0.000000    0.000000    0.000000 ^ clk (in)
                                                         clk (net)
                      0.001413    0.000707    0.000707 ^ clkbuf_0_clk/A (sky130_fd_sc_hd__clkbuf_16)
     8    0.084849    0.155388    0.265144    0.265851 ^ clkbuf_0_clk/X (sky130_fd_sc_hd__clkbuf_16)
                                                         clknet_0_clk (net)
                      0.155817    0.006528    0.272379 ^ clkbuf_3_6__f_clk/A (sky130_fd_sc_hd__clkbuf_16)
     8    0.027426    0.076950    0.271086    0.543465 ^ clkbuf_3_6__f_clk/X (sky130_fd_sc_hd__clkbuf_16)
                                                         clknet_3_6__leaf_clk (net)
                      0.076973    0.001205    0.544670 ^ dsa[12]._8_/CLK (sky130_fd_sc_hd__dfrtp_1)
                                  0.000000    0.544670   clock reconvergence pessimism
                                 -0.072804    0.471865   library hold time
                                              0.471865   data required time
---------------------------------------------------------------------------------------------
                                              0.471865   data required time
                                             -1.517701   data arrival time
---------------------------------------------------------------------------------------------
                                              1.045835   slack (MET)


Startpoint: dsa[6]._9_ (rising edge-triggered flip-flop clocked by core_clock)
Endpoint: dsa[7]._9_ (rising edge-triggered flip-flop clocked by core_clock)
Path Group: core_clock
Path Type: min

Fanout         Cap        Slew       Delay        Time   Description
---------------------------------------------------------------------------------------------
                                  0.000000    0.000000   clock core_clock (rise edge)
                                  0.000000    0.000000   clock source latency
     1    0.015086    0.000000    0.000000    0.000000 ^ clk (in)
                                                         clk (net)
                      0.001413    0.000707    0.000707 ^ clkbuf_0_clk/A (sky130_fd_sc_hd__clkbuf_16)
     8    0.084849    0.155388    0.265144    0.265851 ^ clkbuf_0_clk/X (sky130_fd_sc_hd__clkbuf_16)
                                                         clknet_0_clk (net)
                      0.156230    0.009074    0.274925 ^ clkbuf_3_5__f_clk/A (sky130_fd_sc_hd__clkbuf_16)
     8    0.030080    0.080567    0.274894    0.549819 ^ clkbuf_3_5__f_clk/X (sky130_fd_sc_hd__clkbuf_16)
                                                         clknet_3_5__leaf_clk (net)
                      0.080599    0.001479    0.551298 ^ dsa[6]._9_/CLK (sky130_fd_sc_hd__dfrtp_1)
     2    0.012842    0.201031    0.750551    1.301849 ^ dsa[6]._9_/Q (sky130_fd_sc_hd__dfrtp_1)
                                                         dsa[6].y_out (net)
                      0.201036    0.001307    1.303156 ^ dsa[7]._6_/A (sky130_fd_sc_hd__xnor2_1)
     1    0.002869    0.073005    0.185563    1.488719 v dsa[7]._6_/Y (sky130_fd_sc_hd__xnor2_1)
                                                         dsa[7].y_out_next (net)
                      0.073005    0.000183    1.488902 v dsa[7]._9_/D (sky130_fd_sc_hd__dfrtp_1)
                                              1.488902   data arrival time

                                  0.000000    0.000000   clock core_clock (rise edge)
                                  0.000000    0.000000   clock source latency
     1    0.015086    0.000000    0.000000    0.000000 ^ clk (in)
                                                         clk (net)
                      0.001413    0.000707    0.000707 ^ clkbuf_0_clk/A (sky130_fd_sc_hd__clkbuf_16)
     8    0.084849    0.155388    0.265144    0.265851 ^ clkbuf_0_clk/X (sky130_fd_sc_hd__clkbuf_16)
                                                         clknet_0_clk (net)
                      0.156172    0.008760    0.274610 ^ clkbuf_3_4__f_clk/A (sky130_fd_sc_hd__clkbuf_16)
     9    0.022714    0.070802    0.264628    0.539239 ^ clkbuf_3_4__f_clk/X (sky130_fd_sc_hd__clkbuf_16)
                                                         clknet_3_4__leaf_clk (net)
                      0.070827    0.001022    0.540261 ^ dsa[7]._9_/CLK (sky130_fd_sc_hd__dfrtp_1)
                                  0.000000    0.540261   clock reconvergence pessimism
                                 -0.098148    0.442113   library hold time
                                              0.442113   data required time
---------------------------------------------------------------------------------------------
                                              0.442113   data required time
                                             -1.488902   data arrival time
---------------------------------------------------------------------------------------------
                                              1.046789   slack (MET)


Startpoint: dsa[14]._9_ (rising edge-triggered flip-flop clocked by core_clock)
Endpoint: dsa[15]._8_ (rising edge-triggered flip-flop clocked by core_clock)
Path Group: core_clock
Path Type: min

Fanout         Cap        Slew       Delay        Time   Description
---------------------------------------------------------------------------------------------
                                  0.000000    0.000000   clock core_clock (rise edge)
                                  0.000000    0.000000   clock source latency
     1    0.015086    0.000000    0.000000    0.000000 ^ clk (in)
                                                         clk (net)
                      0.001413    0.000707    0.000707 ^ clkbuf_0_clk/A (sky130_fd_sc_hd__clkbuf_16)
     8    0.084849    0.155388    0.265144    0.265851 ^ clkbuf_0_clk/X (sky130_fd_sc_hd__clkbuf_16)
                                                         clknet_0_clk (net)
                      0.155817    0.006528    0.272379 ^ clkbuf_3_6__f_clk/A (sky130_fd_sc_hd__clkbuf_16)
     8    0.027426    0.076950    0.271086    0.543465 ^ clkbuf_3_6__f_clk/X (sky130_fd_sc_hd__clkbuf_16)
                                                         clknet_3_6__leaf_clk (net)
                      0.076976    0.001273    0.544738 ^ dsa[14]._9_/CLK (sky130_fd_sc_hd__dfrtp_1)
     2    0.010870    0.176574    0.728350    1.273088 ^ dsa[14]._9_/Q (sky130_fd_sc_hd__dfrtp_1)
                                                         dsa[14].y_out (net)
                      0.176574    0.000663    1.273751 ^ dsa[15]._7_/A1 (sky130_fd_sc_hd__a21bo_1)
     1    0.003639    0.069412    0.249152    1.522903 ^ dsa[15]._7_/X (sky130_fd_sc_hd__a21bo_1)
                                                         dsa[15].last_carry_next (net)
                      0.069412    0.000260    1.523163 ^ dsa[15]._8_/D (sky130_fd_sc_hd__dfrtp_1)
                                              1.523163   data arrival time

                                  0.000000    0.000000   clock core_clock (rise edge)
                                  0.000000    0.000000   clock source latency
     1    0.015086    0.000000    0.000000    0.000000 ^ clk (in)
                                                         clk (net)
                      0.001413    0.000707    0.000707 ^ clkbuf_0_clk/A (sky130_fd_sc_hd__clkbuf_16)
     8    0.084849    0.155388    0.265144    0.265851 ^ clkbuf_0_clk/X (sky130_fd_sc_hd__clkbuf_16)
                                                         clknet_0_clk (net)
                      0.155628    0.004937    0.270788 ^ clkbuf_3_3__f_clk/A (sky130_fd_sc_hd__clkbuf_16)
     9    0.027343    0.076841    0.270870    0.541658 ^ clkbuf_3_3__f_clk/X (sky130_fd_sc_hd__clkbuf_16)
                                                         clknet_3_3__leaf_clk (net)
                      0.076855    0.001001    0.542659 ^ dsa[15]._8_/CLK (sky130_fd_sc_hd__dfrtp_1)
                                  0.000000    0.542659   clock reconvergence pessimism
                                 -0.075681    0.466978   library hold time
                                              0.466978   data required time
---------------------------------------------------------------------------------------------
                                              0.466978   data required time
                                             -1.523163   data arrival time
---------------------------------------------------------------------------------------------
                                              1.056185   slack (MET)


Startpoint: dsa[6]._9_ (rising edge-triggered flip-flop clocked by core_clock)
Endpoint: dsa[7]._8_ (rising edge-triggered flip-flop clocked by core_clock)
Path Group: core_clock
Path Type: min

Fanout         Cap        Slew       Delay        Time   Description
---------------------------------------------------------------------------------------------
                                  0.000000    0.000000   clock core_clock (rise edge)
                                  0.000000    0.000000   clock source latency
     1    0.015086    0.000000    0.000000    0.000000 ^ clk (in)
                                                         clk (net)
                      0.001413    0.000707    0.000707 ^ clkbuf_0_clk/A (sky130_fd_sc_hd__clkbuf_16)
     8    0.084849    0.155388    0.265144    0.265851 ^ clkbuf_0_clk/X (sky130_fd_sc_hd__clkbuf_16)
                                                         clknet_0_clk (net)
                      0.156230    0.009074    0.274925 ^ clkbuf_3_5__f_clk/A (sky130_fd_sc_hd__clkbuf_16)
     8    0.030080    0.080567    0.274894    0.549819 ^ clkbuf_3_5__f_clk/X (sky130_fd_sc_hd__clkbuf_16)
                                                         clknet_3_5__leaf_clk (net)
                      0.080599    0.001479    0.551298 ^ dsa[6]._9_/CLK (sky130_fd_sc_hd__dfrtp_1)
     2    0.012842    0.201031    0.750551    1.301849 ^ dsa[6]._9_/Q (sky130_fd_sc_hd__dfrtp_1)
                                                         dsa[6].y_out (net)
                      0.201035    0.001199    1.303048 ^ dsa[7]._7_/A1 (sky130_fd_sc_hd__a21bo_1)
     1    0.002467    0.056652    0.246546    1.549594 ^ dsa[7]._7_/X (sky130_fd_sc_hd__a21bo_1)
                                                         dsa[7].last_carry_next (net)
                      0.056652    0.000163    1.549757 ^ dsa[7]._8_/D (sky130_fd_sc_hd__dfrtp_1)
                                              1.549757   data arrival time

                                  0.000000    0.000000   clock core_clock (rise edge)
                                  0.000000    0.000000   clock source latency
     1    0.015086    0.000000    0.000000    0.000000 ^ clk (in)
                                                         clk (net)
                      0.001413    0.000707    0.000707 ^ clkbuf_0_clk/A (sky130_fd_sc_hd__clkbuf_16)
     8    0.084849    0.155388    0.265144    0.265851 ^ clkbuf_0_clk/X (sky130_fd_sc_hd__clkbuf_16)
                                                         clknet_0_clk (net)
                      0.156172    0.008760    0.274610 ^ clkbuf_3_4__f_clk/A (sky130_fd_sc_hd__clkbuf_16)
     9    0.022714    0.070802    0.264628    0.539239 ^ clkbuf_3_4__f_clk/X (sky130_fd_sc_hd__clkbuf_16)
                                                         clknet_3_4__leaf_clk (net)
                      0.070827    0.001083    0.540322 ^ dsa[7]._8_/CLK (sky130_fd_sc_hd__dfrtp_1)
                                  0.000000    0.540322   clock reconvergence pessimism
                                 -0.073757    0.466565   library hold time
                                              0.466565   data required time
---------------------------------------------------------------------------------------------
                                              0.466565   data required time
                                             -1.549757   data arrival time
---------------------------------------------------------------------------------------------
                                              1.083192   slack (MET)


Startpoint: dsa[0]._8_ (rising edge-triggered flip-flop clocked by core_clock)
Endpoint: dsa[0]._9_ (rising edge-triggered flip-flop clocked by core_clock)
Path Group: core_clock
Path Type: min

Fanout         Cap        Slew       Delay        Time   Description
---------------------------------------------------------------------------------------------
                                  0.000000    0.000000   clock core_clock (rise edge)
                                  0.000000    0.000000   clock source latency
     1    0.015086    0.000000    0.000000    0.000000 ^ clk (in)
                                                         clk (net)
                      0.001413    0.000707    0.000707 ^ clkbuf_0_clk/A (sky130_fd_sc_hd__clkbuf_16)
     8    0.084849    0.155388    0.265144    0.265851 ^ clkbuf_0_clk/X (sky130_fd_sc_hd__clkbuf_16)
                                                         clknet_0_clk (net)
                      0.155834    0.006654    0.272504 ^ clkbuf_3_7__f_clk/A (sky130_fd_sc_hd__clkbuf_16)
    10    0.029828    0.080221    0.274364    0.546868 ^ clkbuf_3_7__f_clk/X (sky130_fd_sc_hd__clkbuf_16)
                                                         clknet_3_7__leaf_clk (net)
                      0.080277    0.001857    0.548725 ^ dsa[0]._8_/CLK (sky130_fd_sc_hd__dfrtp_1)
     2    0.005510    0.110594    0.673661    1.222386 ^ dsa[0]._8_/Q (sky130_fd_sc_hd__dfrtp_1)
                                                         dsa[0].last_carry (net)
                      0.110594    0.000201    1.222587 ^ dsa[0]._3_/A (sky130_fd_sc_hd__nand3_1)
     2    0.005087    0.170196    0.191804    1.414390 v dsa[0]._3_/Y (sky130_fd_sc_hd__nand3_1)
                                                         dsa[0]._0_ (net)
                      0.170196    0.000348    1.414738 v dsa[0]._5_/A (sky130_fd_sc_hd__nand2_1)
     1    0.005311    0.101751    0.161083    1.575821 ^ dsa[0]._5_/Y (sky130_fd_sc_hd__nand2_1)
                                                         dsa[0]._2_ (net)
                      0.101751    0.000401    1.576222 ^ dsa[0]._6_/B (sky130_fd_sc_hd__xnor2_1)
     1    0.002203    0.064035    0.121139    1.697361 v dsa[0]._6_/Y (sky130_fd_sc_hd__xnor2_1)
                                                         dsa[0].y_out_next (net)
                      0.064035    0.000152    1.697513 v dsa[0]._9_/D (sky130_fd_sc_hd__dfrtp_1)
                                              1.697513   data arrival time

                                  0.000000    0.000000   clock core_clock (rise edge)
                                  0.000000    0.000000   clock source latency
     1    0.015086    0.000000    0.000000    0.000000 ^ clk (in)
                                                         clk (net)
                      0.001413    0.000707    0.000707 ^ clkbuf_0_clk/A (sky130_fd_sc_hd__clkbuf_16)
     8    0.084849    0.155388    0.265144    0.265851 ^ clkbuf_0_clk/X (sky130_fd_sc_hd__clkbuf_16)
                                                         clknet_0_clk (net)
                      0.155834    0.006654    0.272504 ^ clkbuf_3_7__f_clk/A (sky130_fd_sc_hd__clkbuf_16)
    10    0.029828    0.080221    0.274364    0.546868 ^ clkbuf_3_7__f_clk/X (sky130_fd_sc_hd__clkbuf_16)
                                                         clknet_3_7__leaf_clk (net)
                      0.080256    0.001516    0.548384 ^ dsa[0]._9_/CLK (sky130_fd_sc_hd__dfrtp_1)
                                  0.000000    0.548384   clock reconvergence pessimism
                                 -0.092525    0.455859   library hold time
                                              0.455859   data required time
---------------------------------------------------------------------------------------------
                                              0.455859   data required time
                                             -1.697513   data arrival time
---------------------------------------------------------------------------------------------
                                              1.241654   slack (MET)


Startpoint: dsa[0]._8_ (rising edge-triggered flip-flop clocked by core_clock)
Endpoint: dsa[0]._8_ (rising edge-triggered flip-flop clocked by core_clock)
Path Group: core_clock
Path Type: min

Fanout         Cap        Slew       Delay        Time   Description
---------------------------------------------------------------------------------------------
                                  0.000000    0.000000   clock core_clock (rise edge)
                                  0.000000    0.000000   clock source latency
     1    0.015086    0.000000    0.000000    0.000000 ^ clk (in)
                                                         clk (net)
                      0.001413    0.000707    0.000707 ^ clkbuf_0_clk/A (sky130_fd_sc_hd__clkbuf_16)
     8    0.084849    0.155388    0.265144    0.265851 ^ clkbuf_0_clk/X (sky130_fd_sc_hd__clkbuf_16)
                                                         clknet_0_clk (net)
                      0.155834    0.006654    0.272504 ^ clkbuf_3_7__f_clk/A (sky130_fd_sc_hd__clkbuf_16)
    10    0.029828    0.080221    0.274364    0.546868 ^ clkbuf_3_7__f_clk/X (sky130_fd_sc_hd__clkbuf_16)
                                                         clknet_3_7__leaf_clk (net)
                      0.080277    0.001857    0.548725 ^ dsa[0]._8_/CLK (sky130_fd_sc_hd__dfrtp_1)
     2    0.005510    0.110594    0.673661    1.222386 ^ dsa[0]._8_/Q (sky130_fd_sc_hd__dfrtp_1)
                                                         dsa[0].last_carry (net)
                      0.110594    0.000201    1.222587 ^ dsa[0]._3_/A (sky130_fd_sc_hd__nand3_1)
     2    0.005087    0.170196    0.191804    1.414390 v dsa[0]._3_/Y (sky130_fd_sc_hd__nand3_1)
                                                         dsa[0]._0_ (net)
                      0.170196    0.000335    1.414726 v dsa[0]._7_/B1_N (sky130_fd_sc_hd__a21bo_1)
     1    0.002476    0.056743    0.378347    1.793073 ^ dsa[0]._7_/X (sky130_fd_sc_hd__a21bo_1)
                                                         dsa[0].last_carry_next (net)
                      0.056743    0.000181    1.793254 ^ dsa[0]._8_/D (sky130_fd_sc_hd__dfrtp_1)
                                              1.793254   data arrival time

                                  0.000000    0.000000   clock core_clock (rise edge)
                                  0.000000    0.000000   clock source latency
     1    0.015086    0.000000    0.000000    0.000000 ^ clk (in)
                                                         clk (net)
                      0.001413    0.000707    0.000707 ^ clkbuf_0_clk/A (sky130_fd_sc_hd__clkbuf_16)
     8    0.084849    0.155388    0.265144    0.265851 ^ clkbuf_0_clk/X (sky130_fd_sc_hd__clkbuf_16)
                                                         clknet_0_clk (net)
                      0.155834    0.006654    0.272504 ^ clkbuf_3_7__f_clk/A (sky130_fd_sc_hd__clkbuf_16)
    10    0.029828    0.080221    0.274364    0.546868 ^ clkbuf_3_7__f_clk/X (sky130_fd_sc_hd__clkbuf_16)
                                                         clknet_3_7__leaf_clk (net)
                      0.080277    0.001857    0.548725 ^ dsa[0]._8_/CLK (sky130_fd_sc_hd__dfrtp_1)
                                  0.000000    0.548725   clock reconvergence pessimism
                                 -0.072228    0.476497   library hold time
                                              0.476497   data required time
---------------------------------------------------------------------------------------------
                                              0.476497   data required time
                                             -1.793254   data arrival time
---------------------------------------------------------------------------------------------
                                              1.316757   slack (MET)



