
===========================================================================
report_checks -path_delay max (Setup)
============================================================================
======================= nom_tt_025C_1v80 Corner ===================================

Startpoint: dsa[8]._8_ (rising edge-triggered flip-flop clocked by core_clock)
Endpoint: dsa[8]._8_ (rising edge-triggered flip-flop clocked by core_clock)
Path Group: core_clock
Path Type: max

Fanout         Cap        Slew       Delay        Time   Description
---------------------------------------------------------------------------------------------
                                  0.000000    0.000000   clock core_clock (rise edge)
                                  0.000000    0.000000   clock source latency
     1    0.014766    0.000000    0.000000    0.000000 ^ clk (in)
                                                         clk (net)
                      0.000828    0.000414    0.000414 ^ clkbuf_0_clk/A (sky130_fd_sc_hd__clkbuf_16)
     8    0.082920    0.100025    0.156201    0.156615 ^ clkbuf_0_clk/X (sky130_fd_sc_hd__clkbuf_16)
                                                         clknet_0_clk (net)
                      0.100380    0.004787    0.161402 ^ clkbuf_3_4__f_clk/A (sky130_fd_sc_hd__clkbuf_16)
     9    0.023158    0.044657    0.148636    0.310038 ^ clkbuf_3_4__f_clk/X (sky130_fd_sc_hd__clkbuf_16)
                                                         clknet_3_4__leaf_clk (net)
                      0.044661    0.000437    0.310475 ^ dsa[8]._8_/CLK (sky130_fd_sc_hd__dfrtp_1)
     2    0.005834    0.052944    0.370030    0.680505 v dsa[8]._8_/Q (sky130_fd_sc_hd__dfrtp_1)
                                                         dsa[8].last_carry (net)
                      0.052944    0.000082    0.680588 v dsa[8]._4_/B1 (sky130_fd_sc_hd__a21o_1)
     2    0.007159    0.051817    0.171618    0.852206 v dsa[8]._4_/X (sky130_fd_sc_hd__a21o_1)
                                                         dsa[8]._1_ (net)
                      0.051817    0.000200    0.852406 v dsa[8]._7_/A2 (sky130_fd_sc_hd__a21bo_1)
     1    0.003210    0.036196    0.188786    1.041191 v dsa[8]._7_/X (sky130_fd_sc_hd__a21bo_1)
                                                         dsa[8].last_carry_next (net)
                      0.036196    0.000097    1.041289 v dsa[8]._8_/D (sky130_fd_sc_hd__dfrtp_1)
                                              1.041289   data arrival time

                                 10.000000   10.000000   clock core_clock (rise edge)
                                  0.000000   10.000000   clock source latency
     1    0.014766    0.000000    0.000000   10.000000 ^ clk (in)
                                                         clk (net)
                      0.000828    0.000414   10.000414 ^ clkbuf_0_clk/A (sky130_fd_sc_hd__clkbuf_16)
     8    0.082920    0.100025    0.156200   10.156614 ^ clkbuf_0_clk/X (sky130_fd_sc_hd__clkbuf_16)
                                                         clknet_0_clk (net)
                      0.100380    0.004787   10.161402 ^ clkbuf_3_4__f_clk/A (sky130_fd_sc_hd__clkbuf_16)
     9    0.023158    0.044657    0.148637   10.310039 ^ clkbuf_3_4__f_clk/X (sky130_fd_sc_hd__clkbuf_16)
                                                         clknet_3_4__leaf_clk (net)
                      0.044661    0.000437   10.310475 ^ dsa[8]._8_/CLK (sky130_fd_sc_hd__dfrtp_1)
                                  0.000000   10.310475   clock reconvergence pessimism
                                 -0.110510   10.199965   library setup time
                                             10.199965   data required time
---------------------------------------------------------------------------------------------
                                             10.199965   data required time
                                             -1.041289   data arrival time
---------------------------------------------------------------------------------------------
                                              9.158677   slack (MET)


Startpoint: dsa[3]._8_ (rising edge-triggered flip-flop clocked by core_clock)
Endpoint: dsa[3]._8_ (rising edge-triggered flip-flop clocked by core_clock)
Path Group: core_clock
Path Type: max

Fanout         Cap        Slew       Delay        Time   Description
---------------------------------------------------------------------------------------------
                                  0.000000    0.000000   clock core_clock (rise edge)
                                  0.000000    0.000000   clock source latency
     1    0.014766    0.000000    0.000000    0.000000 ^ clk (in)
                                                         clk (net)
                      0.000828    0.000414    0.000414 ^ clkbuf_0_clk/A (sky130_fd_sc_hd__clkbuf_16)
     8    0.082920    0.100025    0.156201    0.156615 ^ clkbuf_0_clk/X (sky130_fd_sc_hd__clkbuf_16)
                                                         clknet_0_clk (net)
                      0.100205    0.003442    0.160057 ^ clkbuf_3_7__f_clk/A (sky130_fd_sc_hd__clkbuf_16)
    10    0.029812    0.050901    0.154433    0.314490 ^ clkbuf_3_7__f_clk/X (sky130_fd_sc_hd__clkbuf_16)
                                                         clknet_3_7__leaf_clk (net)
                      0.050903    0.000544    0.315034 ^ dsa[3]._8_/CLK (sky130_fd_sc_hd__dfrtp_1)
     2    0.006268    0.054924    0.374688    0.689722 v dsa[3]._8_/Q (sky130_fd_sc_hd__dfrtp_1)
                                                         dsa[3].last_carry (net)
                      0.054924    0.000116    0.689838 v dsa[3]._4_/B1 (sky130_fd_sc_hd__a21o_1)
     2    0.005896    0.046101    0.166534    0.856372 v dsa[3]._4_/X (sky130_fd_sc_hd__a21o_1)
                                                         dsa[3]._1_ (net)
                      0.046101    0.000101    0.856472 v dsa[3]._7_/A2 (sky130_fd_sc_hd__a21bo_1)
     1    0.003132    0.035852    0.185974    1.042447 v dsa[3]._7_/X (sky130_fd_sc_hd__a21bo_1)
                                                         dsa[3].last_carry_next (net)
                      0.035852    0.000074    1.042521 v dsa[3]._8_/D (sky130_fd_sc_hd__dfrtp_1)
                                              1.042521   data arrival time

                                 10.000000   10.000000   clock core_clock (rise edge)
                                  0.000000   10.000000   clock source latency
     1    0.014766    0.000000    0.000000   10.000000 ^ clk (in)
                                                         clk (net)
                      0.000828    0.000414   10.000414 ^ clkbuf_0_clk/A (sky130_fd_sc_hd__clkbuf_16)
     8    0.082920    0.100025    0.156200   10.156614 ^ clkbuf_0_clk/X (sky130_fd_sc_hd__clkbuf_16)
                                                         clknet_0_clk (net)
                      0.100205    0.003443   10.160057 ^ clkbuf_3_7__f_clk/A (sky130_fd_sc_hd__clkbuf_16)
    10    0.029812    0.050901    0.154434   10.314491 ^ clkbuf_3_7__f_clk/X (sky130_fd_sc_hd__clkbuf_16)
                                                         clknet_3_7__leaf_clk (net)
                      0.050903    0.000544   10.315035 ^ dsa[3]._8_/CLK (sky130_fd_sc_hd__dfrtp_1)
                                  0.000000   10.315035   clock reconvergence pessimism
                                 -0.108933   10.206101   library setup time
                                             10.206101   data required time
---------------------------------------------------------------------------------------------
                                             10.206101   data required time
                                             -1.042521   data arrival time
---------------------------------------------------------------------------------------------
                                              9.163580   slack (MET)


Startpoint: dsa[29]._8_ (rising edge-triggered flip-flop clocked by core_clock)
Endpoint: dsa[29]._8_ (rising edge-triggered flip-flop clocked by core_clock)
Path Group: core_clock
Path Type: max

Fanout         Cap        Slew       Delay        Time   Description
---------------------------------------------------------------------------------------------
                                  0.000000    0.000000   clock core_clock (rise edge)
                                  0.000000    0.000000   clock source latency
     1    0.014766    0.000000    0.000000    0.000000 ^ clk (in)
                                                         clk (net)
                      0.000828    0.000414    0.000414 ^ clkbuf_0_clk/A (sky130_fd_sc_hd__clkbuf_16)
     8    0.082920    0.100025    0.156201    0.156615 ^ clkbuf_0_clk/X (sky130_fd_sc_hd__clkbuf_16)
                                                         clknet_0_clk (net)
                      0.100513    0.005588    0.162202 ^ clkbuf_3_0__f_clk/A (sky130_fd_sc_hd__clkbuf_16)
    10    0.032660    0.053347    0.156652    0.318855 ^ clkbuf_3_0__f_clk/X (sky130_fd_sc_hd__clkbuf_16)
                                                         clknet_3_0__leaf_clk (net)
                      0.053349    0.000613    0.319468 ^ dsa[29]._8_/CLK (sky130_fd_sc_hd__dfrtp_1)
     2    0.005243    0.050204    0.370077    0.689545 v dsa[29]._8_/Q (sky130_fd_sc_hd__dfrtp_1)
                                                         dsa[29].last_carry (net)
                      0.050204    0.000115    0.689660 v dsa[29]._4_/B1 (sky130_fd_sc_hd__a21o_1)
     2    0.006551    0.049025    0.167925    0.857585 v dsa[29]._4_/X (sky130_fd_sc_hd__a21o_1)
                                                         dsa[29]._1_ (net)
                      0.049025    0.000137    0.857722 v dsa[29]._7_/A2 (sky130_fd_sc_hd__a21bo_1)
     1    0.003409    0.037262    0.188946    1.046668 v dsa[29]._7_/X (sky130_fd_sc_hd__a21bo_1)
                                                         dsa[29].last_carry_next (net)
                      0.037262    0.000103    1.046771 v dsa[29]._8_/D (sky130_fd_sc_hd__dfrtp_1)
                                              1.046771   data arrival time

                                 10.000000   10.000000   clock core_clock (rise edge)
                                  0.000000   10.000000   clock source latency
     1    0.014766    0.000000    0.000000   10.000000 ^ clk (in)
                                                         clk (net)
                      0.000828    0.000414   10.000414 ^ clkbuf_0_clk/A (sky130_fd_sc_hd__clkbuf_16)
     8    0.082920    0.100025    0.156200   10.156614 ^ clkbuf_0_clk/X (sky130_fd_sc_hd__clkbuf_16)
                                                         clknet_0_clk (net)
                      0.100513    0.005588   10.162202 ^ clkbuf_3_0__f_clk/A (sky130_fd_sc_hd__clkbuf_16)
    10    0.032660    0.053347    0.156652   10.318854 ^ clkbuf_3_0__f_clk/X (sky130_fd_sc_hd__clkbuf_16)
                                                         clknet_3_0__leaf_clk (net)
                      0.053349    0.000613   10.319468 ^ dsa[29]._8_/CLK (sky130_fd_sc_hd__dfrtp_1)
                                  0.000000   10.319468   clock reconvergence pessimism
                                 -0.108989   10.210479   library setup time
                                             10.210479   data required time
---------------------------------------------------------------------------------------------
                                             10.210479   data required time
                                             -1.046771   data arrival time
---------------------------------------------------------------------------------------------
                                              9.163709   slack (MET)


Startpoint: dsa[15]._8_ (rising edge-triggered flip-flop clocked by core_clock)
Endpoint: dsa[15]._8_ (rising edge-triggered flip-flop clocked by core_clock)
Path Group: core_clock
Path Type: max

Fanout         Cap        Slew       Delay        Time   Description
---------------------------------------------------------------------------------------------
                                  0.000000    0.000000   clock core_clock (rise edge)
                                  0.000000    0.000000   clock source latency
     1    0.014766    0.000000    0.000000    0.000000 ^ clk (in)
                                                         clk (net)
                      0.000828    0.000414    0.000414 ^ clkbuf_0_clk/A (sky130_fd_sc_hd__clkbuf_16)
     8    0.082920    0.100025    0.156201    0.156615 ^ clkbuf_0_clk/X (sky130_fd_sc_hd__clkbuf_16)
                                                         clknet_0_clk (net)
                      0.100108    0.002364    0.158979 ^ clkbuf_3_3__f_clk/A (sky130_fd_sc_hd__clkbuf_16)
     9    0.027412    0.048669    0.152535    0.311514 ^ clkbuf_3_3__f_clk/X (sky130_fd_sc_hd__clkbuf_16)
                                                         clknet_3_3__leaf_clk (net)
                      0.048670    0.000481    0.311995 ^ dsa[15]._8_/CLK (sky130_fd_sc_hd__dfrtp_1)
     2    0.006078    0.054062    0.372815    0.684810 v dsa[15]._8_/Q (sky130_fd_sc_hd__dfrtp_1)
                                                         dsa[15].last_carry (net)
                      0.054062    0.000138    0.684948 v dsa[15]._4_/B1 (sky130_fd_sc_hd__a21o_1)
     2    0.005317    0.043601    0.163496    0.848444 v dsa[15]._4_/X (sky130_fd_sc_hd__a21o_1)
                                                         dsa[15]._1_ (net)
                      0.043601    0.000077    0.848521 v dsa[15]._7_/A2 (sky130_fd_sc_hd__a21bo_1)
     1    0.003578    0.038126    0.187834    1.036355 v dsa[15]._7_/X (sky130_fd_sc_hd__a21bo_1)
                                                         dsa[15].last_carry_next (net)
                      0.038126    0.000118    1.036473 v dsa[15]._8_/D (sky130_fd_sc_hd__dfrtp_1)
                                              1.036473   data arrival time

                                 10.000000   10.000000   clock core_clock (rise edge)
                                  0.000000   10.000000   clock source latency
     1    0.014766    0.000000    0.000000   10.000000 ^ clk (in)
                                                         clk (net)
                      0.000828    0.000414   10.000414 ^ clkbuf_0_clk/A (sky130_fd_sc_hd__clkbuf_16)
     8    0.082920    0.100025    0.156200   10.156614 ^ clkbuf_0_clk/X (sky130_fd_sc_hd__clkbuf_16)
                                                         clknet_0_clk (net)
                      0.100108    0.002364   10.158978 ^ clkbuf_3_3__f_clk/A (sky130_fd_sc_hd__clkbuf_16)
     9    0.027412    0.048669    0.152535   10.311514 ^ clkbuf_3_3__f_clk/X (sky130_fd_sc_hd__clkbuf_16)
                                                         clknet_3_3__leaf_clk (net)
                      0.048670    0.000481   10.311996 ^ dsa[15]._8_/CLK (sky130_fd_sc_hd__dfrtp_1)
                                  0.000000   10.311996   clock reconvergence pessimism
                                 -0.110435   10.201560   library setup time
                                             10.201560   data required time
---------------------------------------------------------------------------------------------
                                             10.201560   data required time
                                             -1.036473   data arrival time
---------------------------------------------------------------------------------------------
                                              9.165087   slack (MET)


Startpoint: dsa[23]._8_ (rising edge-triggered flip-flop clocked by core_clock)
Endpoint: dsa[23]._8_ (rising edge-triggered flip-flop clocked by core_clock)
Path Group: core_clock
Path Type: max

Fanout         Cap        Slew       Delay        Time   Description
---------------------------------------------------------------------------------------------
                                  0.000000    0.000000   clock core_clock (rise edge)
                                  0.000000    0.000000   clock source latency
     1    0.014766    0.000000    0.000000    0.000000 ^ clk (in)
                                                         clk (net)
                      0.000828    0.000414    0.000414 ^ clkbuf_0_clk/A (sky130_fd_sc_hd__clkbuf_16)
     8    0.082920    0.100025    0.156201    0.156615 ^ clkbuf_0_clk/X (sky130_fd_sc_hd__clkbuf_16)
                                                         clknet_0_clk (net)
                      0.100120    0.002531    0.159146 ^ clkbuf_3_2__f_clk/A (sky130_fd_sc_hd__clkbuf_16)
    10    0.031709    0.052521    0.155780    0.314926 ^ clkbuf_3_2__f_clk/X (sky130_fd_sc_hd__clkbuf_16)
                                                         clknet_3_2__leaf_clk (net)
                      0.052524    0.000680    0.315606 ^ dsa[23]._8_/CLK (sky130_fd_sc_hd__dfrtp_1)
     2    0.006225    0.054718    0.375044    0.690650 v dsa[23]._8_/Q (sky130_fd_sc_hd__dfrtp_1)
                                                         dsa[23].last_carry (net)
                      0.054718    0.000142    0.690793 v dsa[23]._4_/B1 (sky130_fd_sc_hd__a21o_1)
     2    0.005762    0.045532    0.165801    0.856594 v dsa[23]._4_/X (sky130_fd_sc_hd__a21o_1)
                                                         dsa[23]._1_ (net)
                      0.045532    0.000149    0.856743 v dsa[23]._7_/A2 (sky130_fd_sc_hd__a21bo_1)
     1    0.002908    0.034766    0.184296    1.041039 v dsa[23]._7_/X (sky130_fd_sc_hd__a21bo_1)
                                                         dsa[23].last_carry_next (net)
                      0.034766    0.000065    1.041104 v dsa[23]._8_/D (sky130_fd_sc_hd__dfrtp_1)
                                              1.041104   data arrival time

                                 10.000000   10.000000   clock core_clock (rise edge)
                                  0.000000   10.000000   clock source latency
     1    0.014766    0.000000    0.000000   10.000000 ^ clk (in)
                                                         clk (net)
                      0.000828    0.000414   10.000414 ^ clkbuf_0_clk/A (sky130_fd_sc_hd__clkbuf_16)
     8    0.082920    0.100025    0.156200   10.156614 ^ clkbuf_0_clk/X (sky130_fd_sc_hd__clkbuf_16)
                                                         clknet_0_clk (net)
                      0.100120    0.002531   10.159145 ^ clkbuf_3_2__f_clk/A (sky130_fd_sc_hd__clkbuf_16)
    10    0.031709    0.052521    0.155780   10.314926 ^ clkbuf_3_2__f_clk/X (sky130_fd_sc_hd__clkbuf_16)
                                                         clknet_3_2__leaf_clk (net)
                      0.052524    0.000680   10.315606 ^ dsa[23]._8_/CLK (sky130_fd_sc_hd__dfrtp_1)
                                  0.000000   10.315606   clock reconvergence pessimism
                                 -0.108089   10.207518   library setup time
                                             10.207518   data required time
---------------------------------------------------------------------------------------------
                                             10.207518   data required time
                                             -1.041104   data arrival time
---------------------------------------------------------------------------------------------
                                              9.166413   slack (MET)


Startpoint: dsa[2]._8_ (rising edge-triggered flip-flop clocked by core_clock)
Endpoint: dsa[2]._8_ (rising edge-triggered flip-flop clocked by core_clock)
Path Group: core_clock
Path Type: max

Fanout         Cap        Slew       Delay        Time   Description
---------------------------------------------------------------------------------------------
                                  0.000000    0.000000   clock core_clock (rise edge)
                                  0.000000    0.000000   clock source latency
     1    0.014766    0.000000    0.000000    0.000000 ^ clk (in)
                                                         clk (net)
                      0.000828    0.000414    0.000414 ^ clkbuf_0_clk/A (sky130_fd_sc_hd__clkbuf_16)
     8    0.082920    0.100025    0.156201    0.156615 ^ clkbuf_0_clk/X (sky130_fd_sc_hd__clkbuf_16)
                                                         clknet_0_clk (net)
                      0.100194    0.003339    0.159953 ^ clkbuf_3_6__f_clk/A (sky130_fd_sc_hd__clkbuf_16)
     8    0.027342    0.048568    0.152529    0.312482 ^ clkbuf_3_6__f_clk/X (sky130_fd_sc_hd__clkbuf_16)
                                                         clknet_3_6__leaf_clk (net)
                      0.048571    0.000621    0.313103 ^ dsa[2]._8_/CLK (sky130_fd_sc_hd__dfrtp_1)
     2    0.006252    0.054892    0.373700    0.686803 v dsa[2]._8_/Q (sky130_fd_sc_hd__dfrtp_1)
                                                         dsa[2].last_carry (net)
                      0.054892    0.000172    0.686975 v dsa[2]._4_/B1 (sky130_fd_sc_hd__a21o_1)
     2    0.005880    0.046051    0.166415    0.853391 v dsa[2]._4_/X (sky130_fd_sc_hd__a21o_1)
                                                         dsa[2]._1_ (net)
                      0.046051    0.000149    0.853540 v dsa[2]._7_/A2 (sky130_fd_sc_hd__a21bo_1)
     1    0.002854    0.034491    0.184149    1.037689 v dsa[2]._7_/X (sky130_fd_sc_hd__a21bo_1)
                                                         dsa[2].last_carry_next (net)
                      0.034491    0.000084    1.037773 v dsa[2]._8_/D (sky130_fd_sc_hd__dfrtp_1)
                                              1.037773   data arrival time

                                 10.000000   10.000000   clock core_clock (rise edge)
                                  0.000000   10.000000   clock source latency
     1    0.014766    0.000000    0.000000   10.000000 ^ clk (in)
                                                         clk (net)
                      0.000828    0.000414   10.000414 ^ clkbuf_0_clk/A (sky130_fd_sc_hd__clkbuf_16)
     8    0.082920    0.100025    0.156200   10.156614 ^ clkbuf_0_clk/X (sky130_fd_sc_hd__clkbuf_16)
                                                         clknet_0_clk (net)
                      0.100194    0.003339   10.159953 ^ clkbuf_3_6__f_clk/A (sky130_fd_sc_hd__clkbuf_16)
     8    0.027342    0.048568    0.152530   10.312483 ^ clkbuf_3_6__f_clk/X (sky130_fd_sc_hd__clkbuf_16)
                                                         clknet_3_6__leaf_clk (net)
                      0.048571    0.000621   10.313104 ^ dsa[2]._8_/CLK (sky130_fd_sc_hd__dfrtp_1)
                                  0.000000   10.313104   clock reconvergence pessimism
                                 -0.108872   10.204231   library setup time
                                             10.204231   data required time
---------------------------------------------------------------------------------------------
                                             10.204231   data required time
                                             -1.037773   data arrival time
---------------------------------------------------------------------------------------------
                                              9.166459   slack (MET)


Startpoint: dsa[22]._8_ (rising edge-triggered flip-flop clocked by core_clock)
Endpoint: dsa[22]._8_ (rising edge-triggered flip-flop clocked by core_clock)
Path Group: core_clock
Path Type: max

Fanout         Cap        Slew       Delay        Time   Description
---------------------------------------------------------------------------------------------
                                  0.000000    0.000000   clock core_clock (rise edge)
                                  0.000000    0.000000   clock source latency
     1    0.014766    0.000000    0.000000    0.000000 ^ clk (in)
                                                         clk (net)
                      0.000828    0.000414    0.000414 ^ clkbuf_0_clk/A (sky130_fd_sc_hd__clkbuf_16)
     8    0.082920    0.100025    0.156201    0.156615 ^ clkbuf_0_clk/X (sky130_fd_sc_hd__clkbuf_16)
                                                         clknet_0_clk (net)
                      0.100120    0.002531    0.159146 ^ clkbuf_3_2__f_clk/A (sky130_fd_sc_hd__clkbuf_16)
    10    0.031709    0.052521    0.155780    0.314926 ^ clkbuf_3_2__f_clk/X (sky130_fd_sc_hd__clkbuf_16)
                                                         clknet_3_2__leaf_clk (net)
                      0.052523    0.000507    0.315433 ^ dsa[22]._8_/CLK (sky130_fd_sc_hd__dfrtp_1)
     2    0.005889    0.053133    0.373254    0.688687 v dsa[22]._8_/Q (sky130_fd_sc_hd__dfrtp_1)
                                                         dsa[22].last_carry (net)
                      0.053133    0.000116    0.688803 v dsa[22]._4_/B1 (sky130_fd_sc_hd__a21o_1)
     2    0.005610    0.044863    0.164493    0.853296 v dsa[22]._4_/X (sky130_fd_sc_hd__a21o_1)
                                                         dsa[22]._1_ (net)
                      0.044863    0.000122    0.853419 v dsa[22]._7_/A2 (sky130_fd_sc_hd__a21bo_1)
     1    0.003280    0.036590    0.186427    1.039845 v dsa[22]._7_/X (sky130_fd_sc_hd__a21bo_1)
                                                         dsa[22].last_carry_next (net)
                      0.036590    0.000095    1.039940 v dsa[22]._8_/D (sky130_fd_sc_hd__dfrtp_1)
                                              1.039940   data arrival time

                                 10.000000   10.000000   clock core_clock (rise edge)
                                  0.000000   10.000000   clock source latency
     1    0.014766    0.000000    0.000000   10.000000 ^ clk (in)
                                                         clk (net)
                      0.000828    0.000414   10.000414 ^ clkbuf_0_clk/A (sky130_fd_sc_hd__clkbuf_16)
     8    0.082920    0.100025    0.156200   10.156614 ^ clkbuf_0_clk/X (sky130_fd_sc_hd__clkbuf_16)
                                                         clknet_0_clk (net)
                      0.100120    0.002531   10.159145 ^ clkbuf_3_2__f_clk/A (sky130_fd_sc_hd__clkbuf_16)
    10    0.031709    0.052521    0.155780   10.314926 ^ clkbuf_3_2__f_clk/X (sky130_fd_sc_hd__clkbuf_16)
                                                         clknet_3_2__leaf_clk (net)
                      0.052523    0.000507   10.315434 ^ dsa[22]._8_/CLK (sky130_fd_sc_hd__dfrtp_1)
                                  0.000000   10.315434   clock reconvergence pessimism
                                 -0.108885   10.206549   library setup time
                                             10.206549   data required time
---------------------------------------------------------------------------------------------
                                             10.206549   data required time
                                             -1.039940   data arrival time
---------------------------------------------------------------------------------------------
                                              9.166608   slack (MET)


Startpoint: dsa[25]._8_ (rising edge-triggered flip-flop clocked by core_clock)
Endpoint: dsa[25]._8_ (rising edge-triggered flip-flop clocked by core_clock)
Path Group: core_clock
Path Type: max

Fanout         Cap        Slew       Delay        Time   Description
---------------------------------------------------------------------------------------------
                                  0.000000    0.000000   clock core_clock (rise edge)
                                  0.000000    0.000000   clock source latency
     1    0.014766    0.000000    0.000000    0.000000 ^ clk (in)
                                                         clk (net)
                      0.000828    0.000414    0.000414 ^ clkbuf_0_clk/A (sky130_fd_sc_hd__clkbuf_16)
     8    0.082920    0.100025    0.156201    0.156615 ^ clkbuf_0_clk/X (sky130_fd_sc_hd__clkbuf_16)
                                                         clknet_0_clk (net)
                      0.100120    0.002531    0.159146 ^ clkbuf_3_2__f_clk/A (sky130_fd_sc_hd__clkbuf_16)
    10    0.031709    0.052521    0.155780    0.314926 ^ clkbuf_3_2__f_clk/X (sky130_fd_sc_hd__clkbuf_16)
                                                         clknet_3_2__leaf_clk (net)
                      0.052526    0.000907    0.315833 ^ dsa[25]._8_/CLK (sky130_fd_sc_hd__dfrtp_1)
     2    0.005856    0.053006    0.373042    0.688874 v dsa[25]._8_/Q (sky130_fd_sc_hd__dfrtp_1)
                                                         dsa[25].last_carry (net)
                      0.053006    0.000138    0.689012 v dsa[25]._4_/B1 (sky130_fd_sc_hd__a21o_1)
     2    0.006406    0.048367    0.168161    0.857173 v dsa[25]._4_/X (sky130_fd_sc_hd__a21o_1)
                                                         dsa[25]._1_ (net)
                      0.048367    0.000094    0.857267 v dsa[25]._7_/A2 (sky130_fd_sc_hd__a21bo_1)
     1    0.002695    0.033745    0.184057    1.041324 v dsa[25]._7_/X (sky130_fd_sc_hd__a21bo_1)
                                                         dsa[25].last_carry_next (net)
                      0.033745    0.000077    1.041401 v dsa[25]._8_/D (sky130_fd_sc_hd__dfrtp_1)
                                              1.041401   data arrival time

                                 10.000000   10.000000   clock core_clock (rise edge)
                                  0.000000   10.000000   clock source latency
     1    0.014766    0.000000    0.000000   10.000000 ^ clk (in)
                                                         clk (net)
                      0.000828    0.000414   10.000414 ^ clkbuf_0_clk/A (sky130_fd_sc_hd__clkbuf_16)
     8    0.082920    0.100025    0.156200   10.156614 ^ clkbuf_0_clk/X (sky130_fd_sc_hd__clkbuf_16)
                                                         clknet_0_clk (net)
                      0.100120    0.002531   10.159145 ^ clkbuf_3_2__f_clk/A (sky130_fd_sc_hd__clkbuf_16)
    10    0.031709    0.052521    0.155780   10.314926 ^ clkbuf_3_2__f_clk/X (sky130_fd_sc_hd__clkbuf_16)
                                                         clknet_3_2__leaf_clk (net)
                      0.052526    0.000907   10.315833 ^ dsa[25]._8_/CLK (sky130_fd_sc_hd__dfrtp_1)
                                  0.000000   10.315833   clock reconvergence pessimism
                                 -0.107643   10.208190   library setup time
                                             10.208190   data required time
---------------------------------------------------------------------------------------------
                                             10.208190   data required time
                                             -1.041401   data arrival time
---------------------------------------------------------------------------------------------
                                              9.166789   slack (MET)


Startpoint: dsa[11]._8_ (rising edge-triggered flip-flop clocked by core_clock)
Endpoint: dsa[11]._8_ (rising edge-triggered flip-flop clocked by core_clock)
Path Group: core_clock
Path Type: max

Fanout         Cap        Slew       Delay        Time   Description
---------------------------------------------------------------------------------------------
                                  0.000000    0.000000   clock core_clock (rise edge)
                                  0.000000    0.000000   clock source latency
     1    0.014766    0.000000    0.000000    0.000000 ^ clk (in)
                                                         clk (net)
                      0.000828    0.000414    0.000414 ^ clkbuf_0_clk/A (sky130_fd_sc_hd__clkbuf_16)
     8    0.082920    0.100025    0.156201    0.156615 ^ clkbuf_0_clk/X (sky130_fd_sc_hd__clkbuf_16)
                                                         clknet_0_clk (net)
                      0.100194    0.003339    0.159953 ^ clkbuf_3_6__f_clk/A (sky130_fd_sc_hd__clkbuf_16)
     8    0.027342    0.048568    0.152529    0.312482 ^ clkbuf_3_6__f_clk/X (sky130_fd_sc_hd__clkbuf_16)
                                                         clknet_3_6__leaf_clk (net)
                      0.048570    0.000502    0.312984 ^ dsa[11]._8_/CLK (sky130_fd_sc_hd__dfrtp_1)
     2    0.005484    0.051322    0.369587    0.682571 v dsa[11]._8_/Q (sky130_fd_sc_hd__dfrtp_1)
                                                         dsa[11].last_carry (net)
                      0.051322    0.000143    0.682714 v dsa[11]._4_/B1 (sky130_fd_sc_hd__a21o_1)
     2    0.006629    0.049393    0.168635    0.851349 v dsa[11]._4_/X (sky130_fd_sc_hd__a21o_1)
                                                         dsa[11]._1_ (net)
                      0.049393    0.000166    0.851516 v dsa[11]._7_/A2 (sky130_fd_sc_hd__a21bo_1)
     1    0.002825    0.034353    0.185308    1.036823 v dsa[11]._7_/X (sky130_fd_sc_hd__a21bo_1)
                                                         dsa[11].last_carry_next (net)
                      0.034353    0.000086    1.036909 v dsa[11]._8_/D (sky130_fd_sc_hd__dfrtp_1)
                                              1.036909   data arrival time

                                 10.000000   10.000000   clock core_clock (rise edge)
                                  0.000000   10.000000   clock source latency
     1    0.014766    0.000000    0.000000   10.000000 ^ clk (in)
                                                         clk (net)
                      0.000828    0.000414   10.000414 ^ clkbuf_0_clk/A (sky130_fd_sc_hd__clkbuf_16)
     8    0.082920    0.100025    0.156200   10.156614 ^ clkbuf_0_clk/X (sky130_fd_sc_hd__clkbuf_16)
                                                         clknet_0_clk (net)
                      0.100194    0.003339   10.159953 ^ clkbuf_3_6__f_clk/A (sky130_fd_sc_hd__clkbuf_16)
     8    0.027342    0.048568    0.152530   10.312483 ^ clkbuf_3_6__f_clk/X (sky130_fd_sc_hd__clkbuf_16)
                                                         clknet_3_6__leaf_clk (net)
                      0.048570    0.000502   10.312984 ^ dsa[11]._8_/CLK (sky130_fd_sc_hd__dfrtp_1)
                                  0.000000   10.312984   clock reconvergence pessimism
                                 -0.108812   10.204172   library setup time
                                             10.204172   data required time
---------------------------------------------------------------------------------------------
                                             10.204172   data required time
                                             -1.036909   data arrival time
---------------------------------------------------------------------------------------------
                                              9.167263   slack (MET)


Startpoint: dsa[18]._8_ (rising edge-triggered flip-flop clocked by core_clock)
Endpoint: dsa[18]._8_ (rising edge-triggered flip-flop clocked by core_clock)
Path Group: core_clock
Path Type: max

Fanout         Cap        Slew       Delay        Time   Description
---------------------------------------------------------------------------------------------
                                  0.000000    0.000000   clock core_clock (rise edge)
                                  0.000000    0.000000   clock source latency
     1    0.014766    0.000000    0.000000    0.000000 ^ clk (in)
                                                         clk (net)
                      0.000828    0.000414    0.000414 ^ clkbuf_0_clk/A (sky130_fd_sc_hd__clkbuf_16)
     8    0.082920    0.100025    0.156201    0.156615 ^ clkbuf_0_clk/X (sky130_fd_sc_hd__clkbuf_16)
                                                         clknet_0_clk (net)
                      0.100503    0.005534    0.162148 ^ clkbuf_3_1__f_clk/A (sky130_fd_sc_hd__clkbuf_16)
     7    0.024844    0.046180    0.150280    0.312429 ^ clkbuf_3_1__f_clk/X (sky130_fd_sc_hd__clkbuf_16)
                                                         clknet_3_1__leaf_clk (net)
                      0.046181    0.000297    0.312726 ^ dsa[18]._8_/CLK (sky130_fd_sc_hd__dfrtp_1)
     2    0.005335    0.050647    0.367917    0.680643 v dsa[18]._8_/Q (sky130_fd_sc_hd__dfrtp_1)
                                                         dsa[18].last_carry (net)
                      0.050647    0.000108    0.680751 v dsa[18]._4_/B1 (sky130_fd_sc_hd__a21o_1)
     2    0.005924    0.046256    0.165128    0.845879 v dsa[18]._4_/X (sky130_fd_sc_hd__a21o_1)
                                                         dsa[18]._1_ (net)
                      0.046256    0.000164    0.846043 v dsa[18]._7_/A2 (sky130_fd_sc_hd__a21bo_1)
     1    0.003493    0.037675    0.188368    1.034411 v dsa[18]._7_/X (sky130_fd_sc_hd__a21bo_1)
                                                         dsa[18].last_carry_next (net)
                      0.037675    0.000104    1.034515 v dsa[18]._8_/D (sky130_fd_sc_hd__dfrtp_1)
                                              1.034515   data arrival time

                                 10.000000   10.000000   clock core_clock (rise edge)
                                  0.000000   10.000000   clock source latency
     1    0.014766    0.000000    0.000000   10.000000 ^ clk (in)
                                                         clk (net)
                      0.000828    0.000414   10.000414 ^ clkbuf_0_clk/A (sky130_fd_sc_hd__clkbuf_16)
     8    0.082920    0.100025    0.156200   10.156614 ^ clkbuf_0_clk/X (sky130_fd_sc_hd__clkbuf_16)
                                                         clknet_0_clk (net)
                      0.100503    0.005534   10.162148 ^ clkbuf_3_1__f_clk/A (sky130_fd_sc_hd__clkbuf_16)
     7    0.024844    0.046180    0.150281   10.312429 ^ clkbuf_3_1__f_clk/X (sky130_fd_sc_hd__clkbuf_16)
                                                         clknet_3_1__leaf_clk (net)
                      0.046181    0.000297   10.312726 ^ dsa[18]._8_/CLK (sky130_fd_sc_hd__dfrtp_1)
                                  0.000000   10.312726   clock reconvergence pessimism
                                 -0.110807   10.201919   library setup time
                                             10.201919   data required time
---------------------------------------------------------------------------------------------
                                             10.201919   data required time
                                             -1.034515   data arrival time
---------------------------------------------------------------------------------------------
                                              9.167404   slack (MET)


Startpoint: dsa[5]._8_ (rising edge-triggered flip-flop clocked by core_clock)
Endpoint: dsa[5]._8_ (rising edge-triggered flip-flop clocked by core_clock)
Path Group: core_clock
Path Type: max

Fanout         Cap        Slew       Delay        Time   Description
---------------------------------------------------------------------------------------------
                                  0.000000    0.000000   clock core_clock (rise edge)
                                  0.000000    0.000000   clock source latency
     1    0.014766    0.000000    0.000000    0.000000 ^ clk (in)
                                                         clk (net)
                      0.000828    0.000414    0.000414 ^ clkbuf_0_clk/A (sky130_fd_sc_hd__clkbuf_16)
     8    0.082920    0.100025    0.156201    0.156615 ^ clkbuf_0_clk/X (sky130_fd_sc_hd__clkbuf_16)
                                                         clknet_0_clk (net)
                      0.100393    0.004871    0.161486 ^ clkbuf_3_5__f_clk/A (sky130_fd_sc_hd__clkbuf_16)
     8    0.029652    0.050767    0.154396    0.315882 ^ clkbuf_3_5__f_clk/X (sky130_fd_sc_hd__clkbuf_16)
                                                         clknet_3_5__leaf_clk (net)
                      0.050770    0.000680    0.316563 ^ dsa[5]._8_/CLK (sky130_fd_sc_hd__dfrtp_1)
     2    0.005933    0.053365    0.372822    0.689385 v dsa[5]._8_/Q (sky130_fd_sc_hd__dfrtp_1)
                                                         dsa[5].last_carry (net)
                      0.053365    0.000127    0.689512 v dsa[5]._4_/B1 (sky130_fd_sc_hd__a21o_1)
     2    0.005841    0.045885    0.165630    0.855142 v dsa[5]._4_/X (sky130_fd_sc_hd__a21o_1)
                                                         dsa[5]._1_ (net)
                      0.045885    0.000144    0.855286 v dsa[5]._7_/A2 (sky130_fd_sc_hd__a21bo_1)
     1    0.003000    0.035207    0.185032    1.040318 v dsa[5]._7_/X (sky130_fd_sc_hd__a21bo_1)
                                                         dsa[5].last_carry_next (net)
                      0.035207    0.000069    1.040387 v dsa[5]._8_/D (sky130_fd_sc_hd__dfrtp_1)
                                              1.040387   data arrival time

                                 10.000000   10.000000   clock core_clock (rise edge)
                                  0.000000   10.000000   clock source latency
     1    0.014766    0.000000    0.000000   10.000000 ^ clk (in)
                                                         clk (net)
                      0.000828    0.000414   10.000414 ^ clkbuf_0_clk/A (sky130_fd_sc_hd__clkbuf_16)
     8    0.082920    0.100025    0.156200   10.156614 ^ clkbuf_0_clk/X (sky130_fd_sc_hd__clkbuf_16)
                                                         clknet_0_clk (net)
                      0.100393    0.004872   10.161487 ^ clkbuf_3_5__f_clk/A (sky130_fd_sc_hd__clkbuf_16)
     8    0.029652    0.050767    0.154397   10.315883 ^ clkbuf_3_5__f_clk/X (sky130_fd_sc_hd__clkbuf_16)
                                                         clknet_3_5__leaf_clk (net)
                      0.050770    0.000680   10.316563 ^ dsa[5]._8_/CLK (sky130_fd_sc_hd__dfrtp_1)
                                  0.000000   10.316563   clock reconvergence pessimism
                                 -0.108682   10.207881   library setup time
                                             10.207881   data required time
---------------------------------------------------------------------------------------------
                                             10.207881   data required time
                                             -1.040387   data arrival time
---------------------------------------------------------------------------------------------
                                              9.167494   slack (MET)


Startpoint: dsa[19]._8_ (rising edge-triggered flip-flop clocked by core_clock)
Endpoint: dsa[19]._8_ (rising edge-triggered flip-flop clocked by core_clock)
Path Group: core_clock
Path Type: max

Fanout         Cap        Slew       Delay        Time   Description
---------------------------------------------------------------------------------------------
                                  0.000000    0.000000   clock core_clock (rise edge)
                                  0.000000    0.000000   clock source latency
     1    0.014766    0.000000    0.000000    0.000000 ^ clk (in)
                                                         clk (net)
                      0.000828    0.000414    0.000414 ^ clkbuf_0_clk/A (sky130_fd_sc_hd__clkbuf_16)
     8    0.082920    0.100025    0.156201    0.156615 ^ clkbuf_0_clk/X (sky130_fd_sc_hd__clkbuf_16)
                                                         clknet_0_clk (net)
                      0.100513    0.005588    0.162202 ^ clkbuf_3_0__f_clk/A (sky130_fd_sc_hd__clkbuf_16)
    10    0.032660    0.053347    0.156652    0.318855 ^ clkbuf_3_0__f_clk/X (sky130_fd_sc_hd__clkbuf_16)
                                                         clknet_3_0__leaf_clk (net)
                      0.053350    0.000838    0.319693 ^ dsa[19]._8_/CLK (sky130_fd_sc_hd__dfrtp_1)
     2    0.006061    0.053942    0.374471    0.694164 v dsa[19]._8_/Q (sky130_fd_sc_hd__dfrtp_1)
                                                         dsa[19].last_carry (net)
                      0.053942    0.000146    0.694310 v dsa[19]._4_/B1 (sky130_fd_sc_hd__a21o_1)
     2    0.005468    0.044245    0.164152    0.858462 v dsa[19]._4_/X (sky130_fd_sc_hd__a21o_1)
                                                         dsa[19]._1_ (net)
                      0.044245    0.000111    0.858572 v dsa[19]._7_/A2 (sky130_fd_sc_hd__a21bo_1)
     1    0.003046    0.035432    0.184665    1.043238 v dsa[19]._7_/X (sky130_fd_sc_hd__a21bo_1)
                                                         dsa[19].last_carry_next (net)
                      0.035432    0.000071    1.043309 v dsa[19]._8_/D (sky130_fd_sc_hd__dfrtp_1)
                                              1.043309   data arrival time

                                 10.000000   10.000000   clock core_clock (rise edge)
                                  0.000000   10.000000   clock source latency
     1    0.014766    0.000000    0.000000   10.000000 ^ clk (in)
                                                         clk (net)
                      0.000828    0.000414   10.000414 ^ clkbuf_0_clk/A (sky130_fd_sc_hd__clkbuf_16)
     8    0.082920    0.100025    0.156200   10.156614 ^ clkbuf_0_clk/X (sky130_fd_sc_hd__clkbuf_16)
                                                         clknet_0_clk (net)
                      0.100513    0.005588   10.162202 ^ clkbuf_3_0__f_clk/A (sky130_fd_sc_hd__clkbuf_16)
    10    0.032660    0.053347    0.156652   10.318854 ^ clkbuf_3_0__f_clk/X (sky130_fd_sc_hd__clkbuf_16)
                                                         clknet_3_0__leaf_clk (net)
                      0.053350    0.000838   10.319693 ^ dsa[19]._8_/CLK (sky130_fd_sc_hd__dfrtp_1)
                                  0.000000   10.319693   clock reconvergence pessimism
                                 -0.108190   10.211502   library setup time
                                             10.211502   data required time
---------------------------------------------------------------------------------------------
                                             10.211502   data required time
                                             -1.043309   data arrival time
---------------------------------------------------------------------------------------------
                                              9.168194   slack (MET)


Startpoint: dsa[30]._8_ (rising edge-triggered flip-flop clocked by core_clock)
Endpoint: dsa[30]._8_ (rising edge-triggered flip-flop clocked by core_clock)
Path Group: core_clock
Path Type: max

Fanout         Cap        Slew       Delay        Time   Description
---------------------------------------------------------------------------------------------
                                  0.000000    0.000000   clock core_clock (rise edge)
                                  0.000000    0.000000   clock source latency
     1    0.014766    0.000000    0.000000    0.000000 ^ clk (in)
                                                         clk (net)
                      0.000828    0.000414    0.000414 ^ clkbuf_0_clk/A (sky130_fd_sc_hd__clkbuf_16)
     8    0.082920    0.100025    0.156201    0.156615 ^ clkbuf_0_clk/X (sky130_fd_sc_hd__clkbuf_16)
                                                         clknet_0_clk (net)
                      0.100513    0.005588    0.162202 ^ clkbuf_3_0__f_clk/A (sky130_fd_sc_hd__clkbuf_16)
    10    0.032660    0.053347    0.156652    0.318855 ^ clkbuf_3_0__f_clk/X (sky130_fd_sc_hd__clkbuf_16)
                                                         clknet_3_0__leaf_clk (net)
                      0.053352    0.000965    0.319820 ^ dsa[30]._8_/CLK (sky130_fd_sc_hd__dfrtp_1)
     2    0.006260    0.054885    0.375525    0.695344 v dsa[30]._8_/Q (sky130_fd_sc_hd__dfrtp_1)
                                                         dsa[30].last_carry (net)
                      0.054885    0.000175    0.695520 v dsa[30]._4_/B1 (sky130_fd_sc_hd__a21o_1)
     2    0.005548    0.044587    0.164899    0.860419 v dsa[30]._4_/X (sky130_fd_sc_hd__a21o_1)
                                                         dsa[30]._1_ (net)
                      0.044587    0.000086    0.860504 v dsa[30]._7_/A2 (sky130_fd_sc_hd__a21bo_1)
     1    0.002745    0.033970    0.182850    1.043354 v dsa[30]._7_/X (sky130_fd_sc_hd__a21bo_1)
                                                         dsa[30].last_carry_next (net)
                      0.033970    0.000081    1.043435 v dsa[30]._8_/D (sky130_fd_sc_hd__dfrtp_1)
                                              1.043435   data arrival time

                                 10.000000   10.000000   clock core_clock (rise edge)
                                  0.000000   10.000000   clock source latency
     1    0.014766    0.000000    0.000000   10.000000 ^ clk (in)
                                                         clk (net)
                      0.000828    0.000414   10.000414 ^ clkbuf_0_clk/A (sky130_fd_sc_hd__clkbuf_16)
     8    0.082920    0.100025    0.156200   10.156614 ^ clkbuf_0_clk/X (sky130_fd_sc_hd__clkbuf_16)
                                                         clknet_0_clk (net)
                      0.100513    0.005588   10.162202 ^ clkbuf_3_0__f_clk/A (sky130_fd_sc_hd__clkbuf_16)
    10    0.032660    0.053347    0.156652   10.318854 ^ clkbuf_3_0__f_clk/X (sky130_fd_sc_hd__clkbuf_16)
                                                         clknet_3_0__leaf_clk (net)
                      0.053352    0.000965   10.319820 ^ dsa[30]._8_/CLK (sky130_fd_sc_hd__dfrtp_1)
                                  0.000000   10.319820   clock reconvergence pessimism
                                 -0.107553   10.212268   library setup time
                                             10.212268   data required time
---------------------------------------------------------------------------------------------
                                             10.212268   data required time
                                             -1.043435   data arrival time
---------------------------------------------------------------------------------------------
                                              9.168833   slack (MET)


Startpoint: dsa[26]._8_ (rising edge-triggered flip-flop clocked by core_clock)
Endpoint: dsa[26]._8_ (rising edge-triggered flip-flop clocked by core_clock)
Path Group: core_clock
Path Type: max

Fanout         Cap        Slew       Delay        Time   Description
---------------------------------------------------------------------------------------------
                                  0.000000    0.000000   clock core_clock (rise edge)
                                  0.000000    0.000000   clock source latency
     1    0.014766    0.000000    0.000000    0.000000 ^ clk (in)
                                                         clk (net)
                      0.000828    0.000414    0.000414 ^ clkbuf_0_clk/A (sky130_fd_sc_hd__clkbuf_16)
     8    0.082920    0.100025    0.156201    0.156615 ^ clkbuf_0_clk/X (sky130_fd_sc_hd__clkbuf_16)
                                                         clknet_0_clk (net)
                      0.100120    0.002531    0.159146 ^ clkbuf_3_2__f_clk/A (sky130_fd_sc_hd__clkbuf_16)
    10    0.031709    0.052521    0.155780    0.314926 ^ clkbuf_3_2__f_clk/X (sky130_fd_sc_hd__clkbuf_16)
                                                         clknet_3_2__leaf_clk (net)
                      0.052526    0.000942    0.315868 ^ dsa[26]._8_/CLK (sky130_fd_sc_hd__dfrtp_1)
     2    0.005896    0.053181    0.373280    0.689148 v dsa[26]._8_/Q (sky130_fd_sc_hd__dfrtp_1)
                                                         dsa[26].last_carry (net)
                      0.053181    0.000128    0.689277 v dsa[26]._4_/B1 (sky130_fd_sc_hd__a21o_1)
     2    0.006374    0.048242    0.168043    0.857320 v dsa[26]._4_/X (sky130_fd_sc_hd__a21o_1)
                                                         dsa[26]._1_ (net)
                      0.048242    0.000168    0.857488 v dsa[26]._7_/A2 (sky130_fd_sc_hd__a21bo_1)
     1    0.002384    0.032349    0.181987    1.039476 v dsa[26]._7_/X (sky130_fd_sc_hd__a21bo_1)
                                                         dsa[26].last_carry_next (net)
                      0.032349    0.000067    1.039543 v dsa[26]._8_/D (sky130_fd_sc_hd__dfrtp_1)
                                              1.039543   data arrival time

                                 10.000000   10.000000   clock core_clock (rise edge)
                                  0.000000   10.000000   clock source latency
     1    0.014766    0.000000    0.000000   10.000000 ^ clk (in)
                                                         clk (net)
                      0.000828    0.000414   10.000414 ^ clkbuf_0_clk/A (sky130_fd_sc_hd__clkbuf_16)
     8    0.082920    0.100025    0.156200   10.156614 ^ clkbuf_0_clk/X (sky130_fd_sc_hd__clkbuf_16)
                                                         clknet_0_clk (net)
                      0.100120    0.002531   10.159145 ^ clkbuf_3_2__f_clk/A (sky130_fd_sc_hd__clkbuf_16)
    10    0.031709    0.052521    0.155780   10.314926 ^ clkbuf_3_2__f_clk/X (sky130_fd_sc_hd__clkbuf_16)
                                                         clknet_3_2__leaf_clk (net)
                      0.052526    0.000942   10.315868 ^ dsa[26]._8_/CLK (sky130_fd_sc_hd__dfrtp_1)
                                  0.000000   10.315868   clock reconvergence pessimism
                                 -0.107034   10.208835   library setup time
                                             10.208835   data required time
---------------------------------------------------------------------------------------------
                                             10.208835   data required time
                                             -1.039543   data arrival time
---------------------------------------------------------------------------------------------
                                              9.169292   slack (MET)


Startpoint: dsa[16]._8_ (rising edge-triggered flip-flop clocked by core_clock)
Endpoint: dsa[16]._8_ (rising edge-triggered flip-flop clocked by core_clock)
Path Group: core_clock
Path Type: max

Fanout         Cap        Slew       Delay        Time   Description
---------------------------------------------------------------------------------------------
                                  0.000000    0.000000   clock core_clock (rise edge)
                                  0.000000    0.000000   clock source latency
     1    0.014766    0.000000    0.000000    0.000000 ^ clk (in)
                                                         clk (net)
                      0.000828    0.000414    0.000414 ^ clkbuf_0_clk/A (sky130_fd_sc_hd__clkbuf_16)
     8    0.082920    0.100025    0.156201    0.156615 ^ clkbuf_0_clk/X (sky130_fd_sc_hd__clkbuf_16)
                                                         clknet_0_clk (net)
                      0.100503    0.005534    0.162148 ^ clkbuf_3_1__f_clk/A (sky130_fd_sc_hd__clkbuf_16)
     7    0.024844    0.046180    0.150280    0.312429 ^ clkbuf_3_1__f_clk/X (sky130_fd_sc_hd__clkbuf_16)
                                                         clknet_3_1__leaf_clk (net)
                      0.046186    0.000527    0.312956 ^ dsa[16]._8_/CLK (sky130_fd_sc_hd__dfrtp_1)
     2    0.005893    0.053211    0.370912    0.683868 v dsa[16]._8_/Q (sky130_fd_sc_hd__dfrtp_1)
                                                         dsa[16].last_carry (net)
                      0.053211    0.000116    0.683984 v dsa[16]._4_/B1 (sky130_fd_sc_hd__a21o_1)
     2    0.005714    0.045322    0.164995    0.848979 v dsa[16]._4_/X (sky130_fd_sc_hd__a21o_1)
                                                         dsa[16]._1_ (net)
                      0.045322    0.000125    0.849104 v dsa[16]._7_/A2 (sky130_fd_sc_hd__a21bo_1)
     1    0.002923    0.034834    0.184306    1.033410 v dsa[16]._7_/X (sky130_fd_sc_hd__a21bo_1)
                                                         dsa[16].last_carry_next (net)
                      0.034834    0.000063    1.033473 v dsa[16]._8_/D (sky130_fd_sc_hd__dfrtp_1)
                                              1.033473   data arrival time

                                 10.000000   10.000000   clock core_clock (rise edge)
                                  0.000000   10.000000   clock source latency
     1    0.014766    0.000000    0.000000   10.000000 ^ clk (in)
                                                         clk (net)
                      0.000828    0.000414   10.000414 ^ clkbuf_0_clk/A (sky130_fd_sc_hd__clkbuf_16)
     8    0.082920    0.100025    0.156200   10.156614 ^ clkbuf_0_clk/X (sky130_fd_sc_hd__clkbuf_16)
                                                         clknet_0_clk (net)
                      0.100503    0.005534   10.162148 ^ clkbuf_3_1__f_clk/A (sky130_fd_sc_hd__clkbuf_16)
     7    0.024844    0.046180    0.150281   10.312429 ^ clkbuf_3_1__f_clk/X (sky130_fd_sc_hd__clkbuf_16)
                                                         clknet_3_1__leaf_clk (net)
                      0.046186    0.000527   10.312956 ^ dsa[16]._8_/CLK (sky130_fd_sc_hd__dfrtp_1)
                                  0.000000   10.312956   clock reconvergence pessimism
                                 -0.109567   10.203389   library setup time
                                             10.203389   data required time
---------------------------------------------------------------------------------------------
                                             10.203389   data required time
                                             -1.033473   data arrival time
---------------------------------------------------------------------------------------------
                                              9.169917   slack (MET)


Startpoint: dsa[6]._8_ (rising edge-triggered flip-flop clocked by core_clock)
Endpoint: dsa[6]._8_ (rising edge-triggered flip-flop clocked by core_clock)
Path Group: core_clock
Path Type: max

Fanout         Cap        Slew       Delay        Time   Description
---------------------------------------------------------------------------------------------
                                  0.000000    0.000000   clock core_clock (rise edge)
                                  0.000000    0.000000   clock source latency
     1    0.014766    0.000000    0.000000    0.000000 ^ clk (in)
                                                         clk (net)
                      0.000828    0.000414    0.000414 ^ clkbuf_0_clk/A (sky130_fd_sc_hd__clkbuf_16)
     8    0.082920    0.100025    0.156201    0.156615 ^ clkbuf_0_clk/X (sky130_fd_sc_hd__clkbuf_16)
                                                         clknet_0_clk (net)
                      0.100393    0.004871    0.161486 ^ clkbuf_3_5__f_clk/A (sky130_fd_sc_hd__clkbuf_16)
     8    0.029652    0.050767    0.154396    0.315882 ^ clkbuf_3_5__f_clk/X (sky130_fd_sc_hd__clkbuf_16)
                                                         clknet_3_5__leaf_clk (net)
                      0.050770    0.000712    0.316595 ^ dsa[6]._8_/CLK (sky130_fd_sc_hd__dfrtp_1)
     2    0.005875    0.053094    0.372510    0.689105 v dsa[6]._8_/Q (sky130_fd_sc_hd__dfrtp_1)
                                                         dsa[6].last_carry (net)
                      0.053094    0.000126    0.689231 v dsa[6]._4_/B1 (sky130_fd_sc_hd__a21o_1)
     2    0.006134    0.047156    0.166918    0.856149 v dsa[6]._4_/X (sky130_fd_sc_hd__a21o_1)
                                                         dsa[6]._1_ (net)
                      0.047156    0.000145    0.856294 v dsa[6]._7_/A2 (sky130_fd_sc_hd__a21bo_1)
     1    0.002492    0.032816    0.182249    1.038543 v dsa[6]._7_/X (sky130_fd_sc_hd__a21bo_1)
                                                         dsa[6].last_carry_next (net)
                      0.032816    0.000073    1.038616 v dsa[6]._8_/D (sky130_fd_sc_hd__dfrtp_1)
                                              1.038616   data arrival time

                                 10.000000   10.000000   clock core_clock (rise edge)
                                  0.000000   10.000000   clock source latency
     1    0.014766    0.000000    0.000000   10.000000 ^ clk (in)
                                                         clk (net)
                      0.000828    0.000414   10.000414 ^ clkbuf_0_clk/A (sky130_fd_sc_hd__clkbuf_16)
     8    0.082920    0.100025    0.156200   10.156614 ^ clkbuf_0_clk/X (sky130_fd_sc_hd__clkbuf_16)
                                                         clknet_0_clk (net)
                      0.100393    0.004872   10.161487 ^ clkbuf_3_5__f_clk/A (sky130_fd_sc_hd__clkbuf_16)
     8    0.029652    0.050767    0.154397   10.315883 ^ clkbuf_3_5__f_clk/X (sky130_fd_sc_hd__clkbuf_16)
                                                         clknet_3_5__leaf_clk (net)
                      0.050770    0.000712   10.316595 ^ dsa[6]._8_/CLK (sky130_fd_sc_hd__dfrtp_1)
                                  0.000000   10.316595   clock reconvergence pessimism
                                 -0.107639   10.208956   library setup time
                                             10.208956   data required time
---------------------------------------------------------------------------------------------
                                             10.208956   data required time
                                             -1.038616   data arrival time
---------------------------------------------------------------------------------------------
                                              9.170340   slack (MET)


Startpoint: dsa[28]._8_ (rising edge-triggered flip-flop clocked by core_clock)
Endpoint: dsa[28]._8_ (rising edge-triggered flip-flop clocked by core_clock)
Path Group: core_clock
Path Type: max

Fanout         Cap        Slew       Delay        Time   Description
---------------------------------------------------------------------------------------------
                                  0.000000    0.000000   clock core_clock (rise edge)
                                  0.000000    0.000000   clock source latency
     1    0.014766    0.000000    0.000000    0.000000 ^ clk (in)
                                                         clk (net)
                      0.000828    0.000414    0.000414 ^ clkbuf_0_clk/A (sky130_fd_sc_hd__clkbuf_16)
     8    0.082920    0.100025    0.156201    0.156615 ^ clkbuf_0_clk/X (sky130_fd_sc_hd__clkbuf_16)
                                                         clknet_0_clk (net)
                      0.100120    0.002531    0.159146 ^ clkbuf_3_2__f_clk/A (sky130_fd_sc_hd__clkbuf_16)
    10    0.031709    0.052521    0.155780    0.314926 ^ clkbuf_3_2__f_clk/X (sky130_fd_sc_hd__clkbuf_16)
                                                         clknet_3_2__leaf_clk (net)
                      0.052526    0.000869    0.315795 ^ dsa[28]._8_/CLK (sky130_fd_sc_hd__dfrtp_1)
     2    0.005902    0.053207    0.373309    0.689104 v dsa[28]._8_/Q (sky130_fd_sc_hd__dfrtp_1)
                                                         dsa[28].last_carry (net)
                      0.053207    0.000130    0.689235 v dsa[28]._4_/B1 (sky130_fd_sc_hd__a21o_1)
     2    0.005945    0.046332    0.166066    0.855301 v dsa[28]._4_/X (sky130_fd_sc_hd__a21o_1)
                                                         dsa[28]._1_ (net)
                      0.046332    0.000146    0.855448 v dsa[28]._7_/A2 (sky130_fd_sc_hd__a21bo_1)
     1    0.002575    0.033178    0.182450    1.037897 v dsa[28]._7_/X (sky130_fd_sc_hd__a21bo_1)
                                                         dsa[28].last_carry_next (net)
                      0.033178    0.000075    1.037972 v dsa[28]._8_/D (sky130_fd_sc_hd__dfrtp_1)
                                              1.037972   data arrival time

                                 10.000000   10.000000   clock core_clock (rise edge)
                                  0.000000   10.000000   clock source latency
     1    0.014766    0.000000    0.000000   10.000000 ^ clk (in)
                                                         clk (net)
                      0.000828    0.000414   10.000414 ^ clkbuf_0_clk/A (sky130_fd_sc_hd__clkbuf_16)
     8    0.082920    0.100025    0.156200   10.156614 ^ clkbuf_0_clk/X (sky130_fd_sc_hd__clkbuf_16)
                                                         clknet_0_clk (net)
                      0.100120    0.002531   10.159145 ^ clkbuf_3_2__f_clk/A (sky130_fd_sc_hd__clkbuf_16)
    10    0.031709    0.052521    0.155780   10.314926 ^ clkbuf_3_2__f_clk/X (sky130_fd_sc_hd__clkbuf_16)
                                                         clknet_3_2__leaf_clk (net)
                      0.052526    0.000869   10.315795 ^ dsa[28]._8_/CLK (sky130_fd_sc_hd__dfrtp_1)
                                  0.000000   10.315795   clock reconvergence pessimism
                                 -0.107396   10.208399   library setup time
                                             10.208399   data required time
---------------------------------------------------------------------------------------------
                                             10.208399   data required time
                                             -1.037972   data arrival time
---------------------------------------------------------------------------------------------
                                              9.170426   slack (MET)


Startpoint: dsa[20]._8_ (rising edge-triggered flip-flop clocked by core_clock)
Endpoint: dsa[20]._8_ (rising edge-triggered flip-flop clocked by core_clock)
Path Group: core_clock
Path Type: max

Fanout         Cap        Slew       Delay        Time   Description
---------------------------------------------------------------------------------------------
                                  0.000000    0.000000   clock core_clock (rise edge)
                                  0.000000    0.000000   clock source latency
     1    0.014766    0.000000    0.000000    0.000000 ^ clk (in)
                                                         clk (net)
                      0.000828    0.000414    0.000414 ^ clkbuf_0_clk/A (sky130_fd_sc_hd__clkbuf_16)
     8    0.082920    0.100025    0.156201    0.156615 ^ clkbuf_0_clk/X (sky130_fd_sc_hd__clkbuf_16)
                                                         clknet_0_clk (net)
                      0.100503    0.005534    0.162148 ^ clkbuf_3_1__f_clk/A (sky130_fd_sc_hd__clkbuf_16)
     7    0.024844    0.046180    0.150280    0.312429 ^ clkbuf_3_1__f_clk/X (sky130_fd_sc_hd__clkbuf_16)
                                                         clknet_3_1__leaf_clk (net)
                      0.046184    0.000460    0.312889 ^ dsa[20]._8_/CLK (sky130_fd_sc_hd__dfrtp_1)
     2    0.005759    0.052605    0.370171    0.683060 v dsa[20]._8_/Q (sky130_fd_sc_hd__dfrtp_1)
                                                         dsa[20].last_carry (net)
                      0.052605    0.000154    0.683214 v dsa[20]._4_/B1 (sky130_fd_sc_hd__a21o_1)
     2    0.005410    0.043998    0.163392    0.846606 v dsa[20]._4_/X (sky130_fd_sc_hd__a21o_1)
                                                         dsa[20]._1_ (net)
                      0.043998    0.000088    0.846695 v dsa[20]._7_/A2 (sky130_fd_sc_hd__a21bo_1)
     1    0.003082    0.035594    0.184788    1.031482 v dsa[20]._7_/X (sky130_fd_sc_hd__a21bo_1)
                                                         dsa[20].last_carry_next (net)
                      0.035594    0.000092    1.031574 v dsa[20]._8_/D (sky130_fd_sc_hd__dfrtp_1)
                                              1.031574   data arrival time

                                 10.000000   10.000000   clock core_clock (rise edge)
                                  0.000000   10.000000   clock source latency
     1    0.014766    0.000000    0.000000   10.000000 ^ clk (in)
                                                         clk (net)
                      0.000828    0.000414   10.000414 ^ clkbuf_0_clk/A (sky130_fd_sc_hd__clkbuf_16)
     8    0.082920    0.100025    0.156200   10.156614 ^ clkbuf_0_clk/X (sky130_fd_sc_hd__clkbuf_16)
                                                         clknet_0_clk (net)
                      0.100503    0.005534   10.162148 ^ clkbuf_3_1__f_clk/A (sky130_fd_sc_hd__clkbuf_16)
     7    0.024844    0.046180    0.150281   10.312429 ^ clkbuf_3_1__f_clk/X (sky130_fd_sc_hd__clkbuf_16)
                                                         clknet_3_1__leaf_clk (net)
                      0.046184    0.000460   10.312889 ^ dsa[20]._8_/CLK (sky130_fd_sc_hd__dfrtp_1)
                                  0.000000   10.312889   clock reconvergence pessimism
                                 -0.109899   10.202991   library setup time
                                             10.202991   data required time
---------------------------------------------------------------------------------------------
                                             10.202991   data required time
                                             -1.031574   data arrival time
---------------------------------------------------------------------------------------------
                                              9.171416   slack (MET)


Startpoint: dsa[10]._8_ (rising edge-triggered flip-flop clocked by core_clock)
Endpoint: dsa[10]._8_ (rising edge-triggered flip-flop clocked by core_clock)
Path Group: core_clock
Path Type: max

Fanout         Cap        Slew       Delay        Time   Description
---------------------------------------------------------------------------------------------
                                  0.000000    0.000000   clock core_clock (rise edge)
                                  0.000000    0.000000   clock source latency
     1    0.014766    0.000000    0.000000    0.000000 ^ clk (in)
                                                         clk (net)
                      0.000828    0.000414    0.000414 ^ clkbuf_0_clk/A (sky130_fd_sc_hd__clkbuf_16)
     8    0.082920    0.100025    0.156201    0.156615 ^ clkbuf_0_clk/X (sky130_fd_sc_hd__clkbuf_16)
                                                         clknet_0_clk (net)
                      0.100194    0.003339    0.159953 ^ clkbuf_3_6__f_clk/A (sky130_fd_sc_hd__clkbuf_16)
     8    0.027342    0.048568    0.152529    0.312482 ^ clkbuf_3_6__f_clk/X (sky130_fd_sc_hd__clkbuf_16)
                                                         clknet_3_6__leaf_clk (net)
                      0.048571    0.000615    0.313097 ^ dsa[10]._8_/CLK (sky130_fd_sc_hd__dfrtp_1)
     2    0.005633    0.051998    0.370388    0.683486 v dsa[10]._8_/Q (sky130_fd_sc_hd__dfrtp_1)
                                                         dsa[10].last_carry (net)
                      0.051998    0.000144    0.683629 v dsa[10]._4_/B1 (sky130_fd_sc_hd__a21o_1)
     2    0.005288    0.043492    0.162603    0.846232 v dsa[10]._4_/X (sky130_fd_sc_hd__a21o_1)
                                                         dsa[10]._1_ (net)
                      0.043492    0.000137    0.846369 v dsa[10]._7_/A2 (sky130_fd_sc_hd__a21bo_1)
     1    0.003176    0.036075    0.185198    1.031567 v dsa[10]._7_/X (sky130_fd_sc_hd__a21bo_1)
                                                         dsa[10].last_carry_next (net)
                      0.036075    0.000091    1.031658 v dsa[10]._8_/D (sky130_fd_sc_hd__dfrtp_1)
                                              1.031658   data arrival time

                                 10.000000   10.000000   clock core_clock (rise edge)
                                  0.000000   10.000000   clock source latency
     1    0.014766    0.000000    0.000000   10.000000 ^ clk (in)
                                                         clk (net)
                      0.000828    0.000414   10.000414 ^ clkbuf_0_clk/A (sky130_fd_sc_hd__clkbuf_16)
     8    0.082920    0.100025    0.156200   10.156614 ^ clkbuf_0_clk/X (sky130_fd_sc_hd__clkbuf_16)
                                                         clknet_0_clk (net)
                      0.100194    0.003339   10.159953 ^ clkbuf_3_6__f_clk/A (sky130_fd_sc_hd__clkbuf_16)
     8    0.027342    0.048568    0.152530   10.312483 ^ clkbuf_3_6__f_clk/X (sky130_fd_sc_hd__clkbuf_16)
                                                         clknet_3_6__leaf_clk (net)
                      0.048571    0.000615   10.313097 ^ dsa[10]._8_/CLK (sky130_fd_sc_hd__dfrtp_1)
                                  0.000000   10.313097   clock reconvergence pessimism
                                 -0.109563   10.203534   library setup time
                                             10.203534   data required time
---------------------------------------------------------------------------------------------
                                             10.203534   data required time
                                             -1.031658   data arrival time
---------------------------------------------------------------------------------------------
                                              9.171876   slack (MET)


Startpoint: dsa[1]._8_ (rising edge-triggered flip-flop clocked by core_clock)
Endpoint: dsa[1]._8_ (rising edge-triggered flip-flop clocked by core_clock)
Path Group: core_clock
Path Type: max

Fanout         Cap        Slew       Delay        Time   Description
---------------------------------------------------------------------------------------------
                                  0.000000    0.000000   clock core_clock (rise edge)
                                  0.000000    0.000000   clock source latency
     1    0.014766    0.000000    0.000000    0.000000 ^ clk (in)
                                                         clk (net)
                      0.000828    0.000414    0.000414 ^ clkbuf_0_clk/A (sky130_fd_sc_hd__clkbuf_16)
     8    0.082920    0.100025    0.156201    0.156615 ^ clkbuf_0_clk/X (sky130_fd_sc_hd__clkbuf_16)
                                                         clknet_0_clk (net)
                      0.100205    0.003442    0.160057 ^ clkbuf_3_7__f_clk/A (sky130_fd_sc_hd__clkbuf_16)
    10    0.029812    0.050901    0.154433    0.314490 ^ clkbuf_3_7__f_clk/X (sky130_fd_sc_hd__clkbuf_16)
                                                         clknet_3_7__leaf_clk (net)
                      0.050906    0.000905    0.315396 ^ dsa[1]._8_/CLK (sky130_fd_sc_hd__dfrtp_1)
     2    0.006042    0.053864    0.373467    0.688863 v dsa[1]._8_/Q (sky130_fd_sc_hd__dfrtp_1)
                                                         dsa[1].last_carry (net)
                      0.053864    0.000118    0.688980 v dsa[1]._4_/B1 (sky130_fd_sc_hd__a21o_1)
     2    0.005452    0.044186    0.164029    0.853009 v dsa[1]._4_/X (sky130_fd_sc_hd__a21o_1)
                                                         dsa[1]._1_ (net)
                      0.044186    0.000128    0.853137 v dsa[1]._7_/A2 (sky130_fd_sc_hd__a21bo_1)
     1    0.002677    0.033650    0.182249    1.035386 v dsa[1]._7_/X (sky130_fd_sc_hd__a21bo_1)
                                                         dsa[1].last_carry_next (net)
                      0.033650    0.000075    1.035461 v dsa[1]._8_/D (sky130_fd_sc_hd__dfrtp_1)
                                              1.035461   data arrival time

                                 10.000000   10.000000   clock core_clock (rise edge)
                                  0.000000   10.000000   clock source latency
     1    0.014766    0.000000    0.000000   10.000000 ^ clk (in)
                                                         clk (net)
                      0.000828    0.000414   10.000414 ^ clkbuf_0_clk/A (sky130_fd_sc_hd__clkbuf_16)
     8    0.082920    0.100025    0.156200   10.156614 ^ clkbuf_0_clk/X (sky130_fd_sc_hd__clkbuf_16)
                                                         clknet_0_clk (net)
                      0.100205    0.003443   10.160057 ^ clkbuf_3_7__f_clk/A (sky130_fd_sc_hd__clkbuf_16)
    10    0.029812    0.050901    0.154434   10.314491 ^ clkbuf_3_7__f_clk/X (sky130_fd_sc_hd__clkbuf_16)
                                                         clknet_3_7__leaf_clk (net)
                      0.050906    0.000905   10.315396 ^ dsa[1]._8_/CLK (sky130_fd_sc_hd__dfrtp_1)
                                  0.000000   10.315396   clock reconvergence pessimism
                                 -0.107972   10.207424   library setup time
                                             10.207424   data required time
---------------------------------------------------------------------------------------------
                                             10.207424   data required time
                                             -1.035461   data arrival time
---------------------------------------------------------------------------------------------
                                              9.171963   slack (MET)


Startpoint: dsa[27]._8_ (rising edge-triggered flip-flop clocked by core_clock)
Endpoint: dsa[27]._8_ (rising edge-triggered flip-flop clocked by core_clock)
Path Group: core_clock
Path Type: max

Fanout         Cap        Slew       Delay        Time   Description
---------------------------------------------------------------------------------------------
                                  0.000000    0.000000   clock core_clock (rise edge)
                                  0.000000    0.000000   clock source latency
     1    0.014766    0.000000    0.000000    0.000000 ^ clk (in)
                                                         clk (net)
                      0.000828    0.000414    0.000414 ^ clkbuf_0_clk/A (sky130_fd_sc_hd__clkbuf_16)
     8    0.082920    0.100025    0.156201    0.156615 ^ clkbuf_0_clk/X (sky130_fd_sc_hd__clkbuf_16)
                                                         clknet_0_clk (net)
                      0.100120    0.002531    0.159146 ^ clkbuf_3_2__f_clk/A (sky130_fd_sc_hd__clkbuf_16)
    10    0.031709    0.052521    0.155780    0.314926 ^ clkbuf_3_2__f_clk/X (sky130_fd_sc_hd__clkbuf_16)
                                                         clknet_3_2__leaf_clk (net)
                      0.052525    0.000833    0.315759 ^ dsa[27]._8_/CLK (sky130_fd_sc_hd__dfrtp_1)
     2    0.005877    0.053093    0.373178    0.688937 v dsa[27]._8_/Q (sky130_fd_sc_hd__dfrtp_1)
                                                         dsa[27].last_carry (net)
                      0.053093    0.000140    0.689077 v dsa[27]._4_/B1 (sky130_fd_sc_hd__a21o_1)
     2    0.005771    0.045557    0.165238    0.854316 v dsa[27]._4_/X (sky130_fd_sc_hd__a21o_1)
                                                         dsa[27]._1_ (net)
                      0.045557    0.000086    0.854401 v dsa[27]._7_/A2 (sky130_fd_sc_hd__a21bo_1)
     1    0.002444    0.032598    0.181289    1.035691 v dsa[27]._7_/X (sky130_fd_sc_hd__a21bo_1)
                                                         dsa[27].last_carry_next (net)
                      0.032598    0.000069    1.035760 v dsa[27]._8_/D (sky130_fd_sc_hd__dfrtp_1)
                                              1.035760   data arrival time

                                 10.000000   10.000000   clock core_clock (rise edge)
                                  0.000000   10.000000   clock source latency
     1    0.014766    0.000000    0.000000   10.000000 ^ clk (in)
                                                         clk (net)
                      0.000828    0.000414   10.000414 ^ clkbuf_0_clk/A (sky130_fd_sc_hd__clkbuf_16)
     8    0.082920    0.100025    0.156200   10.156614 ^ clkbuf_0_clk/X (sky130_fd_sc_hd__clkbuf_16)
                                                         clknet_0_clk (net)
                      0.100120    0.002531   10.159145 ^ clkbuf_3_2__f_clk/A (sky130_fd_sc_hd__clkbuf_16)
    10    0.031709    0.052521    0.155780   10.314926 ^ clkbuf_3_2__f_clk/X (sky130_fd_sc_hd__clkbuf_16)
                                                         clknet_3_2__leaf_clk (net)
                      0.052525    0.000833   10.315760 ^ dsa[27]._8_/CLK (sky130_fd_sc_hd__dfrtp_1)
                                  0.000000   10.315760   clock reconvergence pessimism
                                 -0.107143   10.208616   library setup time
                                             10.208616   data required time
---------------------------------------------------------------------------------------------
                                             10.208616   data required time
                                             -1.035760   data arrival time
---------------------------------------------------------------------------------------------
                                              9.172856   slack (MET)


Startpoint: dsa[21]._8_ (rising edge-triggered flip-flop clocked by core_clock)
Endpoint: dsa[21]._8_ (rising edge-triggered flip-flop clocked by core_clock)
Path Group: core_clock
Path Type: max

Fanout         Cap        Slew       Delay        Time   Description
---------------------------------------------------------------------------------------------
                                  0.000000    0.000000   clock core_clock (rise edge)
                                  0.000000    0.000000   clock source latency
     1    0.014766    0.000000    0.000000    0.000000 ^ clk (in)
                                                         clk (net)
                      0.000828    0.000414    0.000414 ^ clkbuf_0_clk/A (sky130_fd_sc_hd__clkbuf_16)
     8    0.082920    0.100025    0.156201    0.156615 ^ clkbuf_0_clk/X (sky130_fd_sc_hd__clkbuf_16)
                                                         clknet_0_clk (net)
                      0.100513    0.005588    0.162202 ^ clkbuf_3_0__f_clk/A (sky130_fd_sc_hd__clkbuf_16)
    10    0.032660    0.053347    0.156652    0.318855 ^ clkbuf_3_0__f_clk/X (sky130_fd_sc_hd__clkbuf_16)
                                                         clknet_3_0__leaf_clk (net)
                      0.053348    0.000556    0.319410 ^ dsa[21]._8_/CLK (sky130_fd_sc_hd__dfrtp_1)
     2    0.005240    0.050192    0.370059    0.689469 v dsa[21]._8_/Q (sky130_fd_sc_hd__dfrtp_1)
                                                         dsa[21].last_carry (net)
                      0.050192    0.000113    0.689582 v dsa[21]._4_/B1 (sky130_fd_sc_hd__a21o_1)
     2    0.005830    0.045845    0.164541    0.854123 v dsa[21]._4_/X (sky130_fd_sc_hd__a21o_1)
                                                         dsa[21]._1_ (net)
                      0.045845    0.000139    0.854261 v dsa[21]._7_/A2 (sky130_fd_sc_hd__a21bo_1)
     1    0.002884    0.034627    0.184266    1.038527 v dsa[21]._7_/X (sky130_fd_sc_hd__a21bo_1)
                                                         dsa[21].last_carry_next (net)
                      0.034627    0.000064    1.038592 v dsa[21]._8_/D (sky130_fd_sc_hd__dfrtp_1)
                                              1.038592   data arrival time

                                 10.000000   10.000000   clock core_clock (rise edge)
                                  0.000000   10.000000   clock source latency
     1    0.014766    0.000000    0.000000   10.000000 ^ clk (in)
                                                         clk (net)
                      0.000828    0.000414   10.000414 ^ clkbuf_0_clk/A (sky130_fd_sc_hd__clkbuf_16)
     8    0.082920    0.100025    0.156200   10.156614 ^ clkbuf_0_clk/X (sky130_fd_sc_hd__clkbuf_16)
                                                         clknet_0_clk (net)
                      0.100513    0.005588   10.162202 ^ clkbuf_3_0__f_clk/A (sky130_fd_sc_hd__clkbuf_16)
    10    0.032660    0.053347    0.156652   10.318854 ^ clkbuf_3_0__f_clk/X (sky130_fd_sc_hd__clkbuf_16)
                                                         clknet_3_0__leaf_clk (net)
                      0.053348    0.000556   10.319410 ^ dsa[21]._8_/CLK (sky130_fd_sc_hd__dfrtp_1)
                                  0.000000   10.319410   clock reconvergence pessimism
                                 -0.107840   10.211571   library setup time
                                             10.211571   data required time
---------------------------------------------------------------------------------------------
                                             10.211571   data required time
                                             -1.038592   data arrival time
---------------------------------------------------------------------------------------------
                                              9.172979   slack (MET)


Startpoint: dsa[14]._8_ (rising edge-triggered flip-flop clocked by core_clock)
Endpoint: dsa[14]._8_ (rising edge-triggered flip-flop clocked by core_clock)
Path Group: core_clock
Path Type: max

Fanout         Cap        Slew       Delay        Time   Description
---------------------------------------------------------------------------------------------
                                  0.000000    0.000000   clock core_clock (rise edge)
                                  0.000000    0.000000   clock source latency
     1    0.014766    0.000000    0.000000    0.000000 ^ clk (in)
                                                         clk (net)
                      0.000828    0.000414    0.000414 ^ clkbuf_0_clk/A (sky130_fd_sc_hd__clkbuf_16)
     8    0.082920    0.100025    0.156201    0.156615 ^ clkbuf_0_clk/X (sky130_fd_sc_hd__clkbuf_16)
                                                         clknet_0_clk (net)
                      0.100108    0.002364    0.158979 ^ clkbuf_3_3__f_clk/A (sky130_fd_sc_hd__clkbuf_16)
     9    0.027412    0.048669    0.152535    0.311514 ^ clkbuf_3_3__f_clk/X (sky130_fd_sc_hd__clkbuf_16)
                                                         clknet_3_3__leaf_clk (net)
                      0.048671    0.000604    0.312118 ^ dsa[14]._8_/CLK (sky130_fd_sc_hd__dfrtp_1)
     2    0.005656    0.052113    0.370539    0.682657 v dsa[14]._8_/Q (sky130_fd_sc_hd__dfrtp_1)
                                                         dsa[14].last_carry (net)
                      0.052113    0.000138    0.682795 v dsa[14]._4_/B1 (sky130_fd_sc_hd__a21o_1)
     2    0.005303    0.043553    0.162719    0.845513 v dsa[14]._4_/X (sky130_fd_sc_hd__a21o_1)
                                                         dsa[14]._1_ (net)
                      0.043553    0.000116    0.845630 v dsa[14]._7_/A2 (sky130_fd_sc_hd__a21bo_1)
     1    0.002953    0.034980    0.183785    1.029415 v dsa[14]._7_/X (sky130_fd_sc_hd__a21bo_1)
                                                         dsa[14].last_carry_next (net)
                      0.034980    0.000067    1.029482 v dsa[14]._8_/D (sky130_fd_sc_hd__dfrtp_1)
                                              1.029482   data arrival time

                                 10.000000   10.000000   clock core_clock (rise edge)
                                  0.000000   10.000000   clock source latency
     1    0.014766    0.000000    0.000000   10.000000 ^ clk (in)
                                                         clk (net)
                      0.000828    0.000414   10.000414 ^ clkbuf_0_clk/A (sky130_fd_sc_hd__clkbuf_16)
     8    0.082920    0.100025    0.156200   10.156614 ^ clkbuf_0_clk/X (sky130_fd_sc_hd__clkbuf_16)
                                                         clknet_0_clk (net)
                      0.100108    0.002364   10.158978 ^ clkbuf_3_3__f_clk/A (sky130_fd_sc_hd__clkbuf_16)
     9    0.027412    0.048669    0.152535   10.311514 ^ clkbuf_3_3__f_clk/X (sky130_fd_sc_hd__clkbuf_16)
                                                         clknet_3_3__leaf_clk (net)
                      0.048671    0.000605   10.312119 ^ dsa[14]._8_/CLK (sky130_fd_sc_hd__dfrtp_1)
                                  0.000000   10.312119   clock reconvergence pessimism
                                 -0.109063   10.203055   library setup time
                                             10.203055   data required time
---------------------------------------------------------------------------------------------
                                             10.203055   data required time
                                             -1.029482   data arrival time
---------------------------------------------------------------------------------------------
                                              9.173574   slack (MET)


Startpoint: dsa[12]._8_ (rising edge-triggered flip-flop clocked by core_clock)
Endpoint: dsa[12]._8_ (rising edge-triggered flip-flop clocked by core_clock)
Path Group: core_clock
Path Type: max

Fanout         Cap        Slew       Delay        Time   Description
---------------------------------------------------------------------------------------------
                                  0.000000    0.000000   clock core_clock (rise edge)
                                  0.000000    0.000000   clock source latency
     1    0.014766    0.000000    0.000000    0.000000 ^ clk (in)
                                                         clk (net)
                      0.000828    0.000414    0.000414 ^ clkbuf_0_clk/A (sky130_fd_sc_hd__clkbuf_16)
     8    0.082920    0.100025    0.156201    0.156615 ^ clkbuf_0_clk/X (sky130_fd_sc_hd__clkbuf_16)
                                                         clknet_0_clk (net)
                      0.100194    0.003339    0.159953 ^ clkbuf_3_6__f_clk/A (sky130_fd_sc_hd__clkbuf_16)
     8    0.027342    0.048568    0.152529    0.312482 ^ clkbuf_3_6__f_clk/X (sky130_fd_sc_hd__clkbuf_16)
                                                         clknet_3_6__leaf_clk (net)
                      0.048570    0.000537    0.313019 ^ dsa[12]._8_/CLK (sky130_fd_sc_hd__dfrtp_1)
     2    0.005429    0.051071    0.369288    0.682306 v dsa[12]._8_/Q (sky130_fd_sc_hd__dfrtp_1)
                                                         dsa[12].last_carry (net)
                      0.051071    0.000131    0.682438 v dsa[12]._4_/B1 (sky130_fd_sc_hd__a21o_1)
     2    0.006068    0.046873    0.165957    0.848395 v dsa[12]._4_/X (sky130_fd_sc_hd__a21o_1)
                                                         dsa[12]._1_ (net)
                      0.046873    0.000091    0.848486 v dsa[12]._7_/A2 (sky130_fd_sc_hd__a21bo_1)
     1    0.002533    0.032994    0.182400    1.030886 v dsa[12]._7_/X (sky130_fd_sc_hd__a21bo_1)
                                                         dsa[12].last_carry_next (net)
                      0.032994    0.000073    1.030959 v dsa[12]._8_/D (sky130_fd_sc_hd__dfrtp_1)
                                              1.030959   data arrival time

                                 10.000000   10.000000   clock core_clock (rise edge)
                                  0.000000   10.000000   clock source latency
     1    0.014766    0.000000    0.000000   10.000000 ^ clk (in)
                                                         clk (net)
                      0.000828    0.000414   10.000414 ^ clkbuf_0_clk/A (sky130_fd_sc_hd__clkbuf_16)
     8    0.082920    0.100025    0.156200   10.156614 ^ clkbuf_0_clk/X (sky130_fd_sc_hd__clkbuf_16)
                                                         clknet_0_clk (net)
                      0.100194    0.003339   10.159953 ^ clkbuf_3_6__f_clk/A (sky130_fd_sc_hd__clkbuf_16)
     8    0.027342    0.048568    0.152530   10.312483 ^ clkbuf_3_6__f_clk/X (sky130_fd_sc_hd__clkbuf_16)
                                                         clknet_3_6__leaf_clk (net)
                      0.048570    0.000536   10.313019 ^ dsa[12]._8_/CLK (sky130_fd_sc_hd__dfrtp_1)
                                  0.000000   10.313019   clock reconvergence pessimism
                                 -0.108220   10.204800   library setup time
                                             10.204800   data required time
---------------------------------------------------------------------------------------------
                                             10.204800   data required time
                                             -1.030959   data arrival time
---------------------------------------------------------------------------------------------
                                              9.173841   slack (MET)


Startpoint: dsa[17]._8_ (rising edge-triggered flip-flop clocked by core_clock)
Endpoint: dsa[17]._8_ (rising edge-triggered flip-flop clocked by core_clock)
Path Group: core_clock
Path Type: max

Fanout         Cap        Slew       Delay        Time   Description
---------------------------------------------------------------------------------------------
                                  0.000000    0.000000   clock core_clock (rise edge)
                                  0.000000    0.000000   clock source latency
     1    0.014766    0.000000    0.000000    0.000000 ^ clk (in)
                                                         clk (net)
                      0.000828    0.000414    0.000414 ^ clkbuf_0_clk/A (sky130_fd_sc_hd__clkbuf_16)
     8    0.082920    0.100025    0.156201    0.156615 ^ clkbuf_0_clk/X (sky130_fd_sc_hd__clkbuf_16)
                                                         clknet_0_clk (net)
                      0.100503    0.005534    0.162148 ^ clkbuf_3_1__f_clk/A (sky130_fd_sc_hd__clkbuf_16)
     7    0.024844    0.046180    0.150280    0.312429 ^ clkbuf_3_1__f_clk/X (sky130_fd_sc_hd__clkbuf_16)
                                                         clknet_3_1__leaf_clk (net)
                      0.046186    0.000525    0.312954 ^ dsa[17]._8_/CLK (sky130_fd_sc_hd__dfrtp_1)
     2    0.006326    0.055257    0.373228    0.686182 v dsa[17]._8_/Q (sky130_fd_sc_hd__dfrtp_1)
                                                         dsa[17].last_carry (net)
                      0.055257    0.000139    0.686321 v dsa[17]._4_/B1 (sky130_fd_sc_hd__a21o_1)
     2    0.005511    0.044427    0.164881    0.851202 v dsa[17]._4_/X (sky130_fd_sc_hd__a21o_1)
                                                         dsa[17]._1_ (net)
                      0.044427    0.000093    0.851295 v dsa[17]._7_/A2 (sky130_fd_sc_hd__a21bo_1)
     1    0.002235    0.031718    0.179482    1.030777 v dsa[17]._7_/X (sky130_fd_sc_hd__a21bo_1)
                                                         dsa[17].last_carry_next (net)
                      0.031718    0.000062    1.030839 v dsa[17]._8_/D (sky130_fd_sc_hd__dfrtp_1)
                                              1.030839   data arrival time

                                 10.000000   10.000000   clock core_clock (rise edge)
                                  0.000000   10.000000   clock source latency
     1    0.014766    0.000000    0.000000   10.000000 ^ clk (in)
                                                         clk (net)
                      0.000828    0.000414   10.000414 ^ clkbuf_0_clk/A (sky130_fd_sc_hd__clkbuf_16)
     8    0.082920    0.100025    0.156200   10.156614 ^ clkbuf_0_clk/X (sky130_fd_sc_hd__clkbuf_16)
                                                         clknet_0_clk (net)
                      0.100503    0.005534   10.162148 ^ clkbuf_3_1__f_clk/A (sky130_fd_sc_hd__clkbuf_16)
     7    0.024844    0.046180    0.150281   10.312429 ^ clkbuf_3_1__f_clk/X (sky130_fd_sc_hd__clkbuf_16)
                                                         clknet_3_1__leaf_clk (net)
                      0.046186    0.000525   10.312954 ^ dsa[17]._8_/CLK (sky130_fd_sc_hd__dfrtp_1)
                                  0.000000   10.312954   clock reconvergence pessimism
                                 -0.108207   10.204746   library setup time
                                             10.204746   data required time
---------------------------------------------------------------------------------------------
                                             10.204746   data required time
                                             -1.030839   data arrival time
---------------------------------------------------------------------------------------------
                                              9.173907   slack (MET)


Startpoint: dsa[9]._8_ (rising edge-triggered flip-flop clocked by core_clock)
Endpoint: dsa[9]._8_ (rising edge-triggered flip-flop clocked by core_clock)
Path Group: core_clock
Path Type: max

Fanout         Cap        Slew       Delay        Time   Description
---------------------------------------------------------------------------------------------
                                  0.000000    0.000000   clock core_clock (rise edge)
                                  0.000000    0.000000   clock source latency
     1    0.014766    0.000000    0.000000    0.000000 ^ clk (in)
                                                         clk (net)
                      0.000828    0.000414    0.000414 ^ clkbuf_0_clk/A (sky130_fd_sc_hd__clkbuf_16)
     8    0.082920    0.100025    0.156201    0.156615 ^ clkbuf_0_clk/X (sky130_fd_sc_hd__clkbuf_16)
                                                         clknet_0_clk (net)
                      0.100194    0.003339    0.159953 ^ clkbuf_3_6__f_clk/A (sky130_fd_sc_hd__clkbuf_16)
     8    0.027342    0.048568    0.152529    0.312482 ^ clkbuf_3_6__f_clk/X (sky130_fd_sc_hd__clkbuf_16)
                                                         clknet_3_6__leaf_clk (net)
                      0.048571    0.000633    0.313115 ^ dsa[9]._8_/CLK (sky130_fd_sc_hd__dfrtp_1)
     2    0.005378    0.050834    0.369022    0.682137 v dsa[9]._8_/Q (sky130_fd_sc_hd__dfrtp_1)
                                                         dsa[9].last_carry (net)
                      0.050834    0.000122    0.682259 v dsa[9]._4_/B1 (sky130_fd_sc_hd__a21o_1)
     2    0.005568    0.044700    0.163530    0.845789 v dsa[9]._4_/X (sky130_fd_sc_hd__a21o_1)
                                                         dsa[9]._1_ (net)
                      0.044700    0.000139    0.845928 v dsa[9]._7_/A2 (sky130_fd_sc_hd__a21bo_1)
     1    0.002870    0.034573    0.183711    1.029639 v dsa[9]._7_/X (sky130_fd_sc_hd__a21bo_1)
                                                         dsa[9].last_carry_next (net)
                      0.034573    0.000064    1.029703 v dsa[9]._8_/D (sky130_fd_sc_hd__dfrtp_1)
                                              1.029703   data arrival time

                                 10.000000   10.000000   clock core_clock (rise edge)
                                  0.000000   10.000000   clock source latency
     1    0.014766    0.000000    0.000000   10.000000 ^ clk (in)
                                                         clk (net)
                      0.000828    0.000414   10.000414 ^ clkbuf_0_clk/A (sky130_fd_sc_hd__clkbuf_16)
     8    0.082920    0.100025    0.156200   10.156614 ^ clkbuf_0_clk/X (sky130_fd_sc_hd__clkbuf_16)
                                                         clknet_0_clk (net)
                      0.100194    0.003339   10.159953 ^ clkbuf_3_6__f_clk/A (sky130_fd_sc_hd__clkbuf_16)
     8    0.027342    0.048568    0.152530   10.312483 ^ clkbuf_3_6__f_clk/X (sky130_fd_sc_hd__clkbuf_16)
                                                         clknet_3_6__leaf_clk (net)
                      0.048571    0.000632   10.313115 ^ dsa[9]._8_/CLK (sky130_fd_sc_hd__dfrtp_1)
                                  0.000000   10.313115   clock reconvergence pessimism
                                 -0.108908   10.204206   library setup time
                                             10.204206   data required time
---------------------------------------------------------------------------------------------
                                             10.204206   data required time
                                             -1.029703   data arrival time
---------------------------------------------------------------------------------------------
                                              9.174504   slack (MET)


Startpoint: dsa[31]._8_ (rising edge-triggered flip-flop clocked by core_clock)
Endpoint: dsa[31]._8_ (rising edge-triggered flip-flop clocked by core_clock)
Path Group: core_clock
Path Type: max

Fanout         Cap        Slew       Delay        Time   Description
---------------------------------------------------------------------------------------------
                                  0.000000    0.000000   clock core_clock (rise edge)
                                  0.000000    0.000000   clock source latency
     1    0.014766    0.000000    0.000000    0.000000 ^ clk (in)
                                                         clk (net)
                      0.000828    0.000414    0.000414 ^ clkbuf_0_clk/A (sky130_fd_sc_hd__clkbuf_16)
     8    0.082920    0.100025    0.156201    0.156615 ^ clkbuf_0_clk/X (sky130_fd_sc_hd__clkbuf_16)
                                                         clknet_0_clk (net)
                      0.100513    0.005588    0.162202 ^ clkbuf_3_0__f_clk/A (sky130_fd_sc_hd__clkbuf_16)
    10    0.032660    0.053347    0.156652    0.318855 ^ clkbuf_3_0__f_clk/X (sky130_fd_sc_hd__clkbuf_16)
                                                         clknet_3_0__leaf_clk (net)
                      0.053352    0.000941    0.319795 ^ dsa[31]._8_/CLK (sky130_fd_sc_hd__dfrtp_1)
     2    0.005357    0.050714    0.370691    0.690486 v dsa[31]._8_/Q (sky130_fd_sc_hd__dfrtp_1)
                                                         dsa[31].last_carry (net)
                      0.050714    0.000115    0.690602 v dsa[31]._4_/B1 (sky130_fd_sc_hd__a21o_1)
     2    0.005845    0.045907    0.164779    0.855380 v dsa[31]._4_/X (sky130_fd_sc_hd__a21o_1)
                                                         dsa[31]._1_ (net)
                      0.045907    0.000161    0.855541 v dsa[31]._7_/A2 (sky130_fd_sc_hd__a21bo_1)
     1    0.002410    0.032454    0.181215    1.036756 v dsa[31]._7_/X (sky130_fd_sc_hd__a21bo_1)
                                                         dsa[31].last_carry_next (net)
                      0.032454    0.000069    1.036824 v dsa[31]._8_/D (sky130_fd_sc_hd__dfrtp_1)
                                              1.036824   data arrival time

                                 10.000000   10.000000   clock core_clock (rise edge)
                                  0.000000   10.000000   clock source latency
     1    0.014766    0.000000    0.000000   10.000000 ^ clk (in)
                                                         clk (net)
                      0.000828    0.000414   10.000414 ^ clkbuf_0_clk/A (sky130_fd_sc_hd__clkbuf_16)
     8    0.082920    0.100025    0.156200   10.156614 ^ clkbuf_0_clk/X (sky130_fd_sc_hd__clkbuf_16)
                                                         clknet_0_clk (net)
                      0.100513    0.005588   10.162202 ^ clkbuf_3_0__f_clk/A (sky130_fd_sc_hd__clkbuf_16)
    10    0.032660    0.053347    0.156652   10.318854 ^ clkbuf_3_0__f_clk/X (sky130_fd_sc_hd__clkbuf_16)
                                                         clknet_3_0__leaf_clk (net)
                      0.053352    0.000941   10.319795 ^ dsa[31]._8_/CLK (sky130_fd_sc_hd__dfrtp_1)
                                  0.000000   10.319795   clock reconvergence pessimism
                                 -0.106891   10.212904   library setup time
                                             10.212904   data required time
---------------------------------------------------------------------------------------------
                                             10.212904   data required time
                                             -1.036824   data arrival time
---------------------------------------------------------------------------------------------
                                              9.176079   slack (MET)


Startpoint: dsa[21]._8_ (rising edge-triggered flip-flop clocked by core_clock)
Endpoint: dsa[21]._9_ (rising edge-triggered flip-flop clocked by core_clock)
Path Group: core_clock
Path Type: max

Fanout         Cap        Slew       Delay        Time   Description
---------------------------------------------------------------------------------------------
                                  0.000000    0.000000   clock core_clock (rise edge)
                                  0.000000    0.000000   clock source latency
     1    0.014766    0.000000    0.000000    0.000000 ^ clk (in)
                                                         clk (net)
                      0.000828    0.000414    0.000414 ^ clkbuf_0_clk/A (sky130_fd_sc_hd__clkbuf_16)
     8    0.082920    0.100025    0.156201    0.156615 ^ clkbuf_0_clk/X (sky130_fd_sc_hd__clkbuf_16)
                                                         clknet_0_clk (net)
                      0.100513    0.005588    0.162202 ^ clkbuf_3_0__f_clk/A (sky130_fd_sc_hd__clkbuf_16)
    10    0.032660    0.053347    0.156652    0.318855 ^ clkbuf_3_0__f_clk/X (sky130_fd_sc_hd__clkbuf_16)
                                                         clknet_3_0__leaf_clk (net)
                      0.053348    0.000556    0.319410 ^ dsa[21]._8_/CLK (sky130_fd_sc_hd__dfrtp_1)
     2    0.005240    0.050192    0.370059    0.689469 v dsa[21]._8_/Q (sky130_fd_sc_hd__dfrtp_1)
                                                         dsa[21].last_carry (net)
                      0.050192    0.000113    0.689582 v dsa[21]._4_/B1 (sky130_fd_sc_hd__a21o_1)
     2    0.005830    0.045845    0.164541    0.854123 v dsa[21]._4_/X (sky130_fd_sc_hd__a21o_1)
                                                         dsa[21]._1_ (net)
                      0.045845    0.000161    0.854284 v dsa[21]._5_/B (sky130_fd_sc_hd__nand2_1)
     1    0.005671    0.066796    0.079321    0.933606 ^ dsa[21]._5_/Y (sky130_fd_sc_hd__nand2_1)
                                                         dsa[21]._2_ (net)
                      0.066796    0.000176    0.933781 ^ dsa[21]._6_/B (sky130_fd_sc_hd__xnor2_1)
     1    0.004098    0.140261    0.120721    1.054502 ^ dsa[21]._6_/Y (sky130_fd_sc_hd__xnor2_1)
                                                         dsa[21].y_out_next (net)
                      0.140261    0.000140    1.054643 ^ dsa[21]._9_/D (sky130_fd_sc_hd__dfrtp_1)
                                              1.054643   data arrival time

                                 10.000000   10.000000   clock core_clock (rise edge)
                                  0.000000   10.000000   clock source latency
     1    0.014766    0.000000    0.000000   10.000000 ^ clk (in)
                                                         clk (net)
                      0.000828    0.000414   10.000414 ^ clkbuf_0_clk/A (sky130_fd_sc_hd__clkbuf_16)
     8    0.082920    0.100025    0.156200   10.156614 ^ clkbuf_0_clk/X (sky130_fd_sc_hd__clkbuf_16)
                                                         clknet_0_clk (net)
                      0.100108    0.002364   10.158978 ^ clkbuf_3_3__f_clk/A (sky130_fd_sc_hd__clkbuf_16)
     9    0.027412    0.048669    0.152535   10.311514 ^ clkbuf_3_3__f_clk/X (sky130_fd_sc_hd__clkbuf_16)
                                                         clknet_3_3__leaf_clk (net)
                      0.048670    0.000476   10.311990 ^ dsa[21]._9_/CLK (sky130_fd_sc_hd__dfrtp_1)
                                  0.000000   10.311990   clock reconvergence pessimism
                                 -0.081258   10.230732   library setup time
                                             10.230732   data required time
---------------------------------------------------------------------------------------------
                                             10.230732   data required time
                                             -1.054643   data arrival time
---------------------------------------------------------------------------------------------
                                              9.176089   slack (MET)


Startpoint: dsa[13]._8_ (rising edge-triggered flip-flop clocked by core_clock)
Endpoint: dsa[13]._8_ (rising edge-triggered flip-flop clocked by core_clock)
Path Group: core_clock
Path Type: max

Fanout         Cap        Slew       Delay        Time   Description
---------------------------------------------------------------------------------------------
                                  0.000000    0.000000   clock core_clock (rise edge)
                                  0.000000    0.000000   clock source latency
     1    0.014766    0.000000    0.000000    0.000000 ^ clk (in)
                                                         clk (net)
                      0.000828    0.000414    0.000414 ^ clkbuf_0_clk/A (sky130_fd_sc_hd__clkbuf_16)
     8    0.082920    0.100025    0.156201    0.156615 ^ clkbuf_0_clk/X (sky130_fd_sc_hd__clkbuf_16)
                                                         clknet_0_clk (net)
                      0.100108    0.002364    0.158979 ^ clkbuf_3_3__f_clk/A (sky130_fd_sc_hd__clkbuf_16)
     9    0.027412    0.048669    0.152535    0.311514 ^ clkbuf_3_3__f_clk/X (sky130_fd_sc_hd__clkbuf_16)
                                                         clknet_3_3__leaf_clk (net)
                      0.048671    0.000674    0.312187 ^ dsa[13]._8_/CLK (sky130_fd_sc_hd__dfrtp_1)
     2    0.005474    0.051264    0.369592    0.681779 v dsa[13]._8_/Q (sky130_fd_sc_hd__dfrtp_1)
                                                         dsa[13].last_carry (net)
                      0.051264    0.000080    0.681859 v dsa[13]._4_/B1 (sky130_fd_sc_hd__a21o_1)
     2    0.005420    0.044061    0.162980    0.844839 v dsa[13]._4_/X (sky130_fd_sc_hd__a21o_1)
                                                         dsa[13]._1_ (net)
                      0.044061    0.000143    0.844982 v dsa[13]._7_/A2 (sky130_fd_sc_hd__a21bo_1)
     1    0.002680    0.033663    0.182217    1.027199 v dsa[13]._7_/X (sky130_fd_sc_hd__a21bo_1)
                                                         dsa[13].last_carry_next (net)
                      0.033663    0.000076    1.027275 v dsa[13]._8_/D (sky130_fd_sc_hd__dfrtp_1)
                                              1.027275   data arrival time

                                 10.000000   10.000000   clock core_clock (rise edge)
                                  0.000000   10.000000   clock source latency
     1    0.014766    0.000000    0.000000   10.000000 ^ clk (in)
                                                         clk (net)
                      0.000828    0.000414   10.000414 ^ clkbuf_0_clk/A (sky130_fd_sc_hd__clkbuf_16)
     8    0.082920    0.100025    0.156200   10.156614 ^ clkbuf_0_clk/X (sky130_fd_sc_hd__clkbuf_16)
                                                         clknet_0_clk (net)
                      0.100108    0.002364   10.158978 ^ clkbuf_3_3__f_clk/A (sky130_fd_sc_hd__clkbuf_16)
     9    0.027412    0.048669    0.152535   10.311514 ^ clkbuf_3_3__f_clk/X (sky130_fd_sc_hd__clkbuf_16)
                                                         clknet_3_3__leaf_clk (net)
                      0.048671    0.000674   10.312188 ^ dsa[13]._8_/CLK (sky130_fd_sc_hd__dfrtp_1)
                                  0.000000   10.312188   clock reconvergence pessimism
                                 -0.108488   10.203699   library setup time
                                             10.203699   data required time
---------------------------------------------------------------------------------------------
                                             10.203699   data required time
                                             -1.027275   data arrival time
---------------------------------------------------------------------------------------------
                                              9.176424   slack (MET)


Startpoint: dsa[24]._8_ (rising edge-triggered flip-flop clocked by core_clock)
Endpoint: dsa[24]._8_ (rising edge-triggered flip-flop clocked by core_clock)
Path Group: core_clock
Path Type: max

Fanout         Cap        Slew       Delay        Time   Description
---------------------------------------------------------------------------------------------
                                  0.000000    0.000000   clock core_clock (rise edge)
                                  0.000000    0.000000   clock source latency
     1    0.014766    0.000000    0.000000    0.000000 ^ clk (in)
                                                         clk (net)
                      0.000828    0.000414    0.000414 ^ clkbuf_0_clk/A (sky130_fd_sc_hd__clkbuf_16)
     8    0.082920    0.100025    0.156201    0.156615 ^ clkbuf_0_clk/X (sky130_fd_sc_hd__clkbuf_16)
                                                         clknet_0_clk (net)
                      0.100120    0.002531    0.159146 ^ clkbuf_3_2__f_clk/A (sky130_fd_sc_hd__clkbuf_16)
    10    0.031709    0.052521    0.155780    0.314926 ^ clkbuf_3_2__f_clk/X (sky130_fd_sc_hd__clkbuf_16)
                                                         clknet_3_2__leaf_clk (net)
                      0.052525    0.000836    0.315762 ^ dsa[24]._8_/CLK (sky130_fd_sc_hd__dfrtp_1)
     2    0.005127    0.049699    0.369141    0.684903 v dsa[24]._8_/Q (sky130_fd_sc_hd__dfrtp_1)
                                                         dsa[24].last_carry (net)
                      0.049699    0.000129    0.685032 v dsa[24]._4_/B1 (sky130_fd_sc_hd__a21o_1)
     2    0.005661    0.045112    0.163593    0.848625 v dsa[24]._4_/X (sky130_fd_sc_hd__a21o_1)
                                                         dsa[24]._1_ (net)
                      0.045112    0.000156    0.848781 v dsa[24]._7_/A2 (sky130_fd_sc_hd__a21bo_1)
     1    0.002661    0.033576    0.182520    1.031301 v dsa[24]._7_/X (sky130_fd_sc_hd__a21bo_1)
                                                         dsa[24].last_carry_next (net)
                      0.033576    0.000075    1.031375 v dsa[24]._8_/D (sky130_fd_sc_hd__dfrtp_1)
                                              1.031375   data arrival time

                                 10.000000   10.000000   clock core_clock (rise edge)
                                  0.000000   10.000000   clock source latency
     1    0.014766    0.000000    0.000000   10.000000 ^ clk (in)
                                                         clk (net)
                      0.000828    0.000414   10.000414 ^ clkbuf_0_clk/A (sky130_fd_sc_hd__clkbuf_16)
     8    0.082920    0.100025    0.156200   10.156614 ^ clkbuf_0_clk/X (sky130_fd_sc_hd__clkbuf_16)
                                                         clknet_0_clk (net)
                      0.100120    0.002531   10.159145 ^ clkbuf_3_2__f_clk/A (sky130_fd_sc_hd__clkbuf_16)
    10    0.031709    0.052521    0.155780   10.314926 ^ clkbuf_3_2__f_clk/X (sky130_fd_sc_hd__clkbuf_16)
                                                         clknet_3_2__leaf_clk (net)
                      0.052525    0.000836   10.315762 ^ dsa[24]._8_/CLK (sky130_fd_sc_hd__dfrtp_1)
                                  0.000000   10.315762   clock reconvergence pessimism
                                 -0.107569   10.208193   library setup time
                                             10.208193   data required time
---------------------------------------------------------------------------------------------
                                             10.208193   data required time
                                             -1.031375   data arrival time
---------------------------------------------------------------------------------------------
                                              9.176818   slack (MET)


Startpoint: dsa[4]._8_ (rising edge-triggered flip-flop clocked by core_clock)
Endpoint: dsa[4]._8_ (rising edge-triggered flip-flop clocked by core_clock)
Path Group: core_clock
Path Type: max

Fanout         Cap        Slew       Delay        Time   Description
---------------------------------------------------------------------------------------------
                                  0.000000    0.000000   clock core_clock (rise edge)
                                  0.000000    0.000000   clock source latency
     1    0.014766    0.000000    0.000000    0.000000 ^ clk (in)
                                                         clk (net)
                      0.000828    0.000414    0.000414 ^ clkbuf_0_clk/A (sky130_fd_sc_hd__clkbuf_16)
     8    0.082920    0.100025    0.156201    0.156615 ^ clkbuf_0_clk/X (sky130_fd_sc_hd__clkbuf_16)
                                                         clknet_0_clk (net)
                      0.100393    0.004871    0.161486 ^ clkbuf_3_5__f_clk/A (sky130_fd_sc_hd__clkbuf_16)
     8    0.029652    0.050767    0.154396    0.315882 ^ clkbuf_3_5__f_clk/X (sky130_fd_sc_hd__clkbuf_16)
                                                         clknet_3_5__leaf_clk (net)
                      0.050771    0.000775    0.316657 ^ dsa[4]._8_/CLK (sky130_fd_sc_hd__dfrtp_1)
     2    0.005375    0.050799    0.369838    0.686495 v dsa[4]._8_/Q (sky130_fd_sc_hd__dfrtp_1)
                                                         dsa[4].last_carry (net)
                      0.050799    0.000079    0.686574 v dsa[4]._4_/B1 (sky130_fd_sc_hd__a21o_1)
     2    0.005656    0.045082    0.163928    0.850501 v dsa[4]._4_/X (sky130_fd_sc_hd__a21o_1)
                                                         dsa[4]._1_ (net)
                      0.045082    0.000153    0.850655 v dsa[4]._7_/A2 (sky130_fd_sc_hd__a21bo_1)
     1    0.002476    0.032737    0.181305    1.031959 v dsa[4]._7_/X (sky130_fd_sc_hd__a21bo_1)
                                                         dsa[4].last_carry_next (net)
                      0.032737    0.000072    1.032031 v dsa[4]._8_/D (sky130_fd_sc_hd__dfrtp_1)
                                              1.032031   data arrival time

                                 10.000000   10.000000   clock core_clock (rise edge)
                                  0.000000   10.000000   clock source latency
     1    0.014766    0.000000    0.000000   10.000000 ^ clk (in)
                                                         clk (net)
                      0.000828    0.000414   10.000414 ^ clkbuf_0_clk/A (sky130_fd_sc_hd__clkbuf_16)
     8    0.082920    0.100025    0.156200   10.156614 ^ clkbuf_0_clk/X (sky130_fd_sc_hd__clkbuf_16)
                                                         clknet_0_clk (net)
                      0.100393    0.004872   10.161487 ^ clkbuf_3_5__f_clk/A (sky130_fd_sc_hd__clkbuf_16)
     8    0.029652    0.050767    0.154397   10.315883 ^ clkbuf_3_5__f_clk/X (sky130_fd_sc_hd__clkbuf_16)
                                                         clknet_3_5__leaf_clk (net)
                      0.050771    0.000775   10.316658 ^ dsa[4]._8_/CLK (sky130_fd_sc_hd__dfrtp_1)
                                  0.000000   10.316658   clock reconvergence pessimism
                                 -0.107605   10.209053   library setup time
                                             10.209053   data required time
---------------------------------------------------------------------------------------------
                                             10.209053   data required time
                                             -1.032031   data arrival time
---------------------------------------------------------------------------------------------
                                              9.177022   slack (MET)


Startpoint: dsa[7]._8_ (rising edge-triggered flip-flop clocked by core_clock)
Endpoint: dsa[7]._8_ (rising edge-triggered flip-flop clocked by core_clock)
Path Group: core_clock
Path Type: max

Fanout         Cap        Slew       Delay        Time   Description
---------------------------------------------------------------------------------------------
                                  0.000000    0.000000   clock core_clock (rise edge)
                                  0.000000    0.000000   clock source latency
     1    0.014766    0.000000    0.000000    0.000000 ^ clk (in)
                                                         clk (net)
                      0.000828    0.000414    0.000414 ^ clkbuf_0_clk/A (sky130_fd_sc_hd__clkbuf_16)
     8    0.082920    0.100025    0.156201    0.156615 ^ clkbuf_0_clk/X (sky130_fd_sc_hd__clkbuf_16)
                                                         clknet_0_clk (net)
                      0.100380    0.004787    0.161402 ^ clkbuf_3_4__f_clk/A (sky130_fd_sc_hd__clkbuf_16)
     9    0.023158    0.044657    0.148636    0.310038 ^ clkbuf_3_4__f_clk/X (sky130_fd_sc_hd__clkbuf_16)
                                                         clknet_3_4__leaf_clk (net)
                      0.044662    0.000482    0.310520 ^ dsa[7]._8_/CLK (sky130_fd_sc_hd__dfrtp_1)
     2    0.005160    0.049882    0.366389    0.676909 v dsa[7]._8_/Q (sky130_fd_sc_hd__dfrtp_1)
                                                         dsa[7].last_carry (net)
                      0.049882    0.000123    0.677032 v dsa[7]._4_/B1 (sky130_fd_sc_hd__a21o_1)
     2    0.005293    0.043510    0.161962    0.838993 v dsa[7]._4_/X (sky130_fd_sc_hd__a21o_1)
                                                         dsa[7]._1_ (net)
                      0.043510    0.000084    0.839077 v dsa[7]._7_/A2 (sky130_fd_sc_hd__a21bo_1)
     1    0.002527    0.032956    0.181001    1.020078 v dsa[7]._7_/X (sky130_fd_sc_hd__a21bo_1)
                                                         dsa[7].last_carry_next (net)
                      0.032956    0.000071    1.020149 v dsa[7]._8_/D (sky130_fd_sc_hd__dfrtp_1)
                                              1.020149   data arrival time

                                 10.000000   10.000000   clock core_clock (rise edge)
                                  0.000000   10.000000   clock source latency
     1    0.014766    0.000000    0.000000   10.000000 ^ clk (in)
                                                         clk (net)
                      0.000828    0.000414   10.000414 ^ clkbuf_0_clk/A (sky130_fd_sc_hd__clkbuf_16)
     8    0.082920    0.100025    0.156200   10.156614 ^ clkbuf_0_clk/X (sky130_fd_sc_hd__clkbuf_16)
                                                         clknet_0_clk (net)
                      0.100380    0.004787   10.161402 ^ clkbuf_3_4__f_clk/A (sky130_fd_sc_hd__clkbuf_16)
     9    0.023158    0.044657    0.148637   10.310039 ^ clkbuf_3_4__f_clk/X (sky130_fd_sc_hd__clkbuf_16)
                                                         clknet_3_4__leaf_clk (net)
                      0.044662    0.000481   10.310520 ^ dsa[7]._8_/CLK (sky130_fd_sc_hd__dfrtp_1)
                                  0.000000   10.310520   clock reconvergence pessimism
                                 -0.109096   10.201424   library setup time
                                             10.201424   data required time
---------------------------------------------------------------------------------------------
                                             10.201424   data required time
                                             -1.020149   data arrival time
---------------------------------------------------------------------------------------------
                                              9.181274   slack (MET)


Startpoint: dsa[31]._8_ (rising edge-triggered flip-flop clocked by core_clock)
Endpoint: dsa[31]._9_ (rising edge-triggered flip-flop clocked by core_clock)
Path Group: core_clock
Path Type: max

Fanout         Cap        Slew       Delay        Time   Description
---------------------------------------------------------------------------------------------
                                  0.000000    0.000000   clock core_clock (rise edge)
                                  0.000000    0.000000   clock source latency
     1    0.014766    0.000000    0.000000    0.000000 ^ clk (in)
                                                         clk (net)
                      0.000828    0.000414    0.000414 ^ clkbuf_0_clk/A (sky130_fd_sc_hd__clkbuf_16)
     8    0.082920    0.100025    0.156201    0.156615 ^ clkbuf_0_clk/X (sky130_fd_sc_hd__clkbuf_16)
                                                         clknet_0_clk (net)
                      0.100513    0.005588    0.162202 ^ clkbuf_3_0__f_clk/A (sky130_fd_sc_hd__clkbuf_16)
    10    0.032660    0.053347    0.156652    0.318855 ^ clkbuf_3_0__f_clk/X (sky130_fd_sc_hd__clkbuf_16)
                                                         clknet_3_0__leaf_clk (net)
                      0.053352    0.000941    0.319795 ^ dsa[31]._8_/CLK (sky130_fd_sc_hd__dfrtp_1)
     2    0.005357    0.050714    0.370691    0.690486 v dsa[31]._8_/Q (sky130_fd_sc_hd__dfrtp_1)
                                                         dsa[31].last_carry (net)
                      0.050714    0.000115    0.690602 v dsa[31]._4_/B1 (sky130_fd_sc_hd__a21o_1)
     2    0.005845    0.045907    0.164779    0.855380 v dsa[31]._4_/X (sky130_fd_sc_hd__a21o_1)
                                                         dsa[31]._1_ (net)
                      0.045907    0.000141    0.855521 v dsa[31]._5_/B (sky130_fd_sc_hd__nand2_1)
     1    0.005145    0.062375    0.076090    0.931611 ^ dsa[31]._5_/Y (sky130_fd_sc_hd__nand2_1)
                                                         dsa[31]._2_ (net)
                      0.062375    0.000154    0.931765 ^ dsa[31]._6_/B (sky130_fd_sc_hd__xnor2_1)
     1    0.004562    0.149073    0.122997    1.054762 ^ dsa[31]._6_/Y (sky130_fd_sc_hd__xnor2_1)
                                                         dsa[31].y_out_next (net)
                      0.149073    0.000153    1.054914 ^ dsa[31]._9_/D (sky130_fd_sc_hd__dfrtp_1)
                                              1.054914   data arrival time

                                 10.000000   10.000000   clock core_clock (rise edge)
                                  0.000000   10.000000   clock source latency
     1    0.014766    0.000000    0.000000   10.000000 ^ clk (in)
                                                         clk (net)
                      0.000828    0.000414   10.000414 ^ clkbuf_0_clk/A (sky130_fd_sc_hd__clkbuf_16)
     8    0.082920    0.100025    0.156200   10.156614 ^ clkbuf_0_clk/X (sky130_fd_sc_hd__clkbuf_16)
                                                         clknet_0_clk (net)
                      0.100513    0.005588   10.162202 ^ clkbuf_3_0__f_clk/A (sky130_fd_sc_hd__clkbuf_16)
    10    0.032660    0.053347    0.156652   10.318854 ^ clkbuf_3_0__f_clk/X (sky130_fd_sc_hd__clkbuf_16)
                                                         clknet_3_0__leaf_clk (net)
                      0.053350    0.000782   10.319636 ^ dsa[31]._9_/CLK (sky130_fd_sc_hd__dfrtp_1)
                                  0.000000   10.319636   clock reconvergence pessimism
                                 -0.082561   10.237075   library setup time
                                             10.237075   data required time
---------------------------------------------------------------------------------------------
                                             10.237075   data required time
                                             -1.054914   data arrival time
---------------------------------------------------------------------------------------------
                                              9.182160   slack (MET)


Startpoint: dsa[30]._8_ (rising edge-triggered flip-flop clocked by core_clock)
Endpoint: dsa[30]._9_ (rising edge-triggered flip-flop clocked by core_clock)
Path Group: core_clock
Path Type: max

Fanout         Cap        Slew       Delay        Time   Description
---------------------------------------------------------------------------------------------
                                  0.000000    0.000000   clock core_clock (rise edge)
                                  0.000000    0.000000   clock source latency
     1    0.014766    0.000000    0.000000    0.000000 ^ clk (in)
                                                         clk (net)
                      0.000828    0.000414    0.000414 ^ clkbuf_0_clk/A (sky130_fd_sc_hd__clkbuf_16)
     8    0.082920    0.100025    0.156201    0.156615 ^ clkbuf_0_clk/X (sky130_fd_sc_hd__clkbuf_16)
                                                         clknet_0_clk (net)
                      0.100513    0.005588    0.162202 ^ clkbuf_3_0__f_clk/A (sky130_fd_sc_hd__clkbuf_16)
    10    0.032660    0.053347    0.156652    0.318855 ^ clkbuf_3_0__f_clk/X (sky130_fd_sc_hd__clkbuf_16)
                                                         clknet_3_0__leaf_clk (net)
                      0.053352    0.000965    0.319820 ^ dsa[30]._8_/CLK (sky130_fd_sc_hd__dfrtp_1)
     2    0.006260    0.054885    0.375525    0.695344 v dsa[30]._8_/Q (sky130_fd_sc_hd__dfrtp_1)
                                                         dsa[30].last_carry (net)
                      0.054885    0.000175    0.695520 v dsa[30]._4_/B1 (sky130_fd_sc_hd__a21o_1)
     2    0.005548    0.044587    0.164899    0.860419 v dsa[30]._4_/X (sky130_fd_sc_hd__a21o_1)
                                                         dsa[30]._1_ (net)
                      0.044587    0.000104    0.860522 v dsa[30]._5_/B (sky130_fd_sc_hd__nand2_1)
     1    0.005022    0.061346    0.074758    0.935281 ^ dsa[30]._5_/Y (sky130_fd_sc_hd__nand2_1)
                                                         dsa[30]._2_ (net)
                      0.061346    0.000104    0.935385 ^ dsa[30]._6_/B (sky130_fd_sc_hd__xnor2_1)
     1    0.003644    0.131680    0.115563    1.050947 ^ dsa[30]._6_/Y (sky130_fd_sc_hd__xnor2_1)
                                                         dsa[30].y_out_next (net)
                      0.131680    0.000111    1.051059 ^ dsa[30]._9_/D (sky130_fd_sc_hd__dfrtp_1)
                                              1.051059   data arrival time

                                 10.000000   10.000000   clock core_clock (rise edge)
                                  0.000000   10.000000   clock source latency
     1    0.014766    0.000000    0.000000   10.000000 ^ clk (in)
                                                         clk (net)
                      0.000828    0.000414   10.000414 ^ clkbuf_0_clk/A (sky130_fd_sc_hd__clkbuf_16)
     8    0.082920    0.100025    0.156200   10.156614 ^ clkbuf_0_clk/X (sky130_fd_sc_hd__clkbuf_16)
                                                         clknet_0_clk (net)
                      0.100503    0.005534   10.162148 ^ clkbuf_3_1__f_clk/A (sky130_fd_sc_hd__clkbuf_16)
     7    0.024844    0.046180    0.150281   10.312429 ^ clkbuf_3_1__f_clk/X (sky130_fd_sc_hd__clkbuf_16)
                                                         clknet_3_1__leaf_clk (net)
                      0.046185    0.000471   10.312901 ^ dsa[30]._9_/CLK (sky130_fd_sc_hd__dfrtp_1)
                                  0.000000   10.312901   clock reconvergence pessimism
                                 -0.079663   10.233236   library setup time
                                             10.233236   data required time
---------------------------------------------------------------------------------------------
                                             10.233236   data required time
                                             -1.051059   data arrival time
---------------------------------------------------------------------------------------------
                                              9.182178   slack (MET)


Startpoint: dsa[19]._8_ (rising edge-triggered flip-flop clocked by core_clock)
Endpoint: dsa[19]._9_ (rising edge-triggered flip-flop clocked by core_clock)
Path Group: core_clock
Path Type: max

Fanout         Cap        Slew       Delay        Time   Description
---------------------------------------------------------------------------------------------
                                  0.000000    0.000000   clock core_clock (rise edge)
                                  0.000000    0.000000   clock source latency
     1    0.014766    0.000000    0.000000    0.000000 ^ clk (in)
                                                         clk (net)
                      0.000828    0.000414    0.000414 ^ clkbuf_0_clk/A (sky130_fd_sc_hd__clkbuf_16)
     8    0.082920    0.100025    0.156201    0.156615 ^ clkbuf_0_clk/X (sky130_fd_sc_hd__clkbuf_16)
                                                         clknet_0_clk (net)
                      0.100513    0.005588    0.162202 ^ clkbuf_3_0__f_clk/A (sky130_fd_sc_hd__clkbuf_16)
    10    0.032660    0.053347    0.156652    0.318855 ^ clkbuf_3_0__f_clk/X (sky130_fd_sc_hd__clkbuf_16)
                                                         clknet_3_0__leaf_clk (net)
                      0.053350    0.000838    0.319693 ^ dsa[19]._8_/CLK (sky130_fd_sc_hd__dfrtp_1)
     2    0.006061    0.053942    0.374471    0.694164 v dsa[19]._8_/Q (sky130_fd_sc_hd__dfrtp_1)
                                                         dsa[19].last_carry (net)
                      0.053942    0.000146    0.694310 v dsa[19]._4_/B1 (sky130_fd_sc_hd__a21o_1)
     2    0.005468    0.044245    0.164152    0.858462 v dsa[19]._4_/X (sky130_fd_sc_hd__a21o_1)
                                                         dsa[19]._1_ (net)
                      0.044245    0.000079    0.858540 v dsa[19]._5_/B (sky130_fd_sc_hd__nand2_1)
     1    0.005891    0.068653    0.079966    0.938507 ^ dsa[19]._5_/Y (sky130_fd_sc_hd__nand2_1)
                                                         dsa[19]._2_ (net)
                      0.068653    0.000195    0.938701 ^ dsa[19]._6_/B (sky130_fd_sc_hd__xnor2_1)
     1    0.003500    0.128955    0.116646    1.055348 ^ dsa[19]._6_/Y (sky130_fd_sc_hd__xnor2_1)
                                                         dsa[19].y_out_next (net)
                      0.128955    0.000076    1.055423 ^ dsa[19]._9_/D (sky130_fd_sc_hd__dfrtp_1)
                                              1.055423   data arrival time

                                 10.000000   10.000000   clock core_clock (rise edge)
                                  0.000000   10.000000   clock source latency
     1    0.014766    0.000000    0.000000   10.000000 ^ clk (in)
                                                         clk (net)
                      0.000828    0.000414   10.000414 ^ clkbuf_0_clk/A (sky130_fd_sc_hd__clkbuf_16)
     8    0.082920    0.100025    0.156200   10.156614 ^ clkbuf_0_clk/X (sky130_fd_sc_hd__clkbuf_16)
                                                         clknet_0_clk (net)
                      0.100513    0.005588   10.162202 ^ clkbuf_3_0__f_clk/A (sky130_fd_sc_hd__clkbuf_16)
    10    0.032660    0.053347    0.156652   10.318854 ^ clkbuf_3_0__f_clk/X (sky130_fd_sc_hd__clkbuf_16)
                                                         clknet_3_0__leaf_clk (net)
                      0.053350    0.000826   10.319680 ^ dsa[19]._9_/CLK (sky130_fd_sc_hd__dfrtp_1)
                                  0.000000   10.319680   clock reconvergence pessimism
                                 -0.077924   10.241756   library setup time
                                             10.241756   data required time
---------------------------------------------------------------------------------------------
                                             10.241756   data required time
                                             -1.055423   data arrival time
---------------------------------------------------------------------------------------------
                                              9.186333   slack (MET)


Startpoint: dsa[22]._8_ (rising edge-triggered flip-flop clocked by core_clock)
Endpoint: dsa[22]._9_ (rising edge-triggered flip-flop clocked by core_clock)
Path Group: core_clock
Path Type: max

Fanout         Cap        Slew       Delay        Time   Description
---------------------------------------------------------------------------------------------
                                  0.000000    0.000000   clock core_clock (rise edge)
                                  0.000000    0.000000   clock source latency
     1    0.014766    0.000000    0.000000    0.000000 ^ clk (in)
                                                         clk (net)
                      0.000828    0.000414    0.000414 ^ clkbuf_0_clk/A (sky130_fd_sc_hd__clkbuf_16)
     8    0.082920    0.100025    0.156201    0.156615 ^ clkbuf_0_clk/X (sky130_fd_sc_hd__clkbuf_16)
                                                         clknet_0_clk (net)
                      0.100120    0.002531    0.159146 ^ clkbuf_3_2__f_clk/A (sky130_fd_sc_hd__clkbuf_16)
    10    0.031709    0.052521    0.155780    0.314926 ^ clkbuf_3_2__f_clk/X (sky130_fd_sc_hd__clkbuf_16)
                                                         clknet_3_2__leaf_clk (net)
                      0.052523    0.000507    0.315433 ^ dsa[22]._8_/CLK (sky130_fd_sc_hd__dfrtp_1)
     2    0.005889    0.053133    0.373254    0.688687 v dsa[22]._8_/Q (sky130_fd_sc_hd__dfrtp_1)
                                                         dsa[22].last_carry (net)
                      0.053133    0.000116    0.688803 v dsa[22]._4_/B1 (sky130_fd_sc_hd__a21o_1)
     2    0.005610    0.044863    0.164493    0.853296 v dsa[22]._4_/X (sky130_fd_sc_hd__a21o_1)
                                                         dsa[22]._1_ (net)
                      0.044863    0.000078    0.853374 v dsa[22]._5_/B (sky130_fd_sc_hd__nand2_1)
     1    0.004913    0.060433    0.074186    0.927560 ^ dsa[22]._5_/Y (sky130_fd_sc_hd__nand2_1)
                                                         dsa[22]._2_ (net)
                      0.060433    0.000142    0.927702 ^ dsa[22]._6_/B (sky130_fd_sc_hd__xnor2_1)
     1    0.003665    0.132078    0.115448    1.043149 ^ dsa[22]._6_/Y (sky130_fd_sc_hd__xnor2_1)
                                                         dsa[22].y_out_next (net)
                      0.132078    0.000119    1.043268 ^ dsa[22]._9_/D (sky130_fd_sc_hd__dfrtp_1)
                                              1.043268   data arrival time

                                 10.000000   10.000000   clock core_clock (rise edge)
                                  0.000000   10.000000   clock source latency
     1    0.014766    0.000000    0.000000   10.000000 ^ clk (in)
                                                         clk (net)
                      0.000828    0.000414   10.000414 ^ clkbuf_0_clk/A (sky130_fd_sc_hd__clkbuf_16)
     8    0.082920    0.100025    0.156200   10.156614 ^ clkbuf_0_clk/X (sky130_fd_sc_hd__clkbuf_16)
                                                         clknet_0_clk (net)
                      0.100108    0.002364   10.158978 ^ clkbuf_3_3__f_clk/A (sky130_fd_sc_hd__clkbuf_16)
     9    0.027412    0.048669    0.152535   10.311514 ^ clkbuf_3_3__f_clk/X (sky130_fd_sc_hd__clkbuf_16)
                                                         clknet_3_3__leaf_clk (net)
                      0.048670    0.000551   10.312064 ^ dsa[22]._9_/CLK (sky130_fd_sc_hd__dfrtp_1)
                                  0.000000   10.312064   clock reconvergence pessimism
                                 -0.079370   10.232695   library setup time
                                             10.232695   data required time
---------------------------------------------------------------------------------------------
                                             10.232695   data required time
                                             -1.043268   data arrival time
---------------------------------------------------------------------------------------------
                                              9.189426   slack (MET)


Startpoint: dsa[18]._8_ (rising edge-triggered flip-flop clocked by core_clock)
Endpoint: dsa[18]._9_ (rising edge-triggered flip-flop clocked by core_clock)
Path Group: core_clock
Path Type: max

Fanout         Cap        Slew       Delay        Time   Description
---------------------------------------------------------------------------------------------
                                  0.000000    0.000000   clock core_clock (rise edge)
                                  0.000000    0.000000   clock source latency
     1    0.014766    0.000000    0.000000    0.000000 ^ clk (in)
                                                         clk (net)
                      0.000828    0.000414    0.000414 ^ clkbuf_0_clk/A (sky130_fd_sc_hd__clkbuf_16)
     8    0.082920    0.100025    0.156201    0.156615 ^ clkbuf_0_clk/X (sky130_fd_sc_hd__clkbuf_16)
                                                         clknet_0_clk (net)
                      0.100503    0.005534    0.162148 ^ clkbuf_3_1__f_clk/A (sky130_fd_sc_hd__clkbuf_16)
     7    0.024844    0.046180    0.150280    0.312429 ^ clkbuf_3_1__f_clk/X (sky130_fd_sc_hd__clkbuf_16)
                                                         clknet_3_1__leaf_clk (net)
                      0.046181    0.000297    0.312726 ^ dsa[18]._8_/CLK (sky130_fd_sc_hd__dfrtp_1)
     2    0.005335    0.050647    0.367917    0.680643 v dsa[18]._8_/Q (sky130_fd_sc_hd__dfrtp_1)
                                                         dsa[18].last_carry (net)
                      0.050647    0.000108    0.680751 v dsa[18]._4_/B1 (sky130_fd_sc_hd__a21o_1)
     2    0.005924    0.046256    0.165128    0.845879 v dsa[18]._4_/X (sky130_fd_sc_hd__a21o_1)
                                                         dsa[18]._1_ (net)
                      0.046256    0.000153    0.846032 v dsa[18]._5_/B (sky130_fd_sc_hd__nand2_1)
     1    0.005828    0.068115    0.080469    0.926501 ^ dsa[18]._5_/Y (sky130_fd_sc_hd__nand2_1)
                                                         dsa[18]._2_ (net)
                      0.068115    0.000190    0.926691 ^ dsa[18]._6_/B (sky130_fd_sc_hd__xnor2_1)
     1    0.003342    0.125976    0.115253    1.041944 ^ dsa[18]._6_/Y (sky130_fd_sc_hd__xnor2_1)
                                                         dsa[18].y_out_next (net)
                      0.125976    0.000095    1.042040 ^ dsa[18]._9_/D (sky130_fd_sc_hd__dfrtp_1)
                                              1.042040   data arrival time

                                 10.000000   10.000000   clock core_clock (rise edge)
                                  0.000000   10.000000   clock source latency
     1    0.014766    0.000000    0.000000   10.000000 ^ clk (in)
                                                         clk (net)
                      0.000828    0.000414   10.000414 ^ clkbuf_0_clk/A (sky130_fd_sc_hd__clkbuf_16)
     8    0.082920    0.100025    0.156200   10.156614 ^ clkbuf_0_clk/X (sky130_fd_sc_hd__clkbuf_16)
                                                         clknet_0_clk (net)
                      0.100380    0.004787   10.161402 ^ clkbuf_3_4__f_clk/A (sky130_fd_sc_hd__clkbuf_16)
     9    0.023158    0.044657    0.148637   10.310039 ^ clkbuf_3_4__f_clk/X (sky130_fd_sc_hd__clkbuf_16)
                                                         clknet_3_4__leaf_clk (net)
                      0.044662    0.000476   10.310514 ^ dsa[18]._9_/CLK (sky130_fd_sc_hd__dfrtp_1)
                                  0.000000   10.310514   clock reconvergence pessimism
                                 -0.078582   10.231933   library setup time
                                             10.231933   data required time
---------------------------------------------------------------------------------------------
                                             10.231933   data required time
                                             -1.042040   data arrival time
---------------------------------------------------------------------------------------------
                                              9.189894   slack (MET)


Startpoint: dsa[26]._8_ (rising edge-triggered flip-flop clocked by core_clock)
Endpoint: dsa[26]._9_ (rising edge-triggered flip-flop clocked by core_clock)
Path Group: core_clock
Path Type: max

Fanout         Cap        Slew       Delay        Time   Description
---------------------------------------------------------------------------------------------
                                  0.000000    0.000000   clock core_clock (rise edge)
                                  0.000000    0.000000   clock source latency
     1    0.014766    0.000000    0.000000    0.000000 ^ clk (in)
                                                         clk (net)
                      0.000828    0.000414    0.000414 ^ clkbuf_0_clk/A (sky130_fd_sc_hd__clkbuf_16)
     8    0.082920    0.100025    0.156201    0.156615 ^ clkbuf_0_clk/X (sky130_fd_sc_hd__clkbuf_16)
                                                         clknet_0_clk (net)
                      0.100120    0.002531    0.159146 ^ clkbuf_3_2__f_clk/A (sky130_fd_sc_hd__clkbuf_16)
    10    0.031709    0.052521    0.155780    0.314926 ^ clkbuf_3_2__f_clk/X (sky130_fd_sc_hd__clkbuf_16)
                                                         clknet_3_2__leaf_clk (net)
                      0.052526    0.000942    0.315868 ^ dsa[26]._8_/CLK (sky130_fd_sc_hd__dfrtp_1)
     2    0.005896    0.053181    0.373280    0.689148 v dsa[26]._8_/Q (sky130_fd_sc_hd__dfrtp_1)
                                                         dsa[26].last_carry (net)
                      0.053181    0.000128    0.689277 v dsa[26]._4_/B1 (sky130_fd_sc_hd__a21o_1)
     2    0.006374    0.048242    0.168043    0.857320 v dsa[26]._4_/X (sky130_fd_sc_hd__a21o_1)
                                                         dsa[26]._1_ (net)
                      0.048242    0.000177    0.857497 v dsa[26]._5_/B (sky130_fd_sc_hd__nand2_1)
     1    0.006231    0.071530    0.083851    0.941348 ^ dsa[26]._5_/Y (sky130_fd_sc_hd__nand2_1)
                                                         dsa[26]._2_ (net)
                      0.071530    0.000222    0.941570 ^ dsa[26]._6_/B (sky130_fd_sc_hd__xnor2_1)
     1    0.002437    0.108839    0.109129    1.050699 ^ dsa[26]._6_/Y (sky130_fd_sc_hd__xnor2_1)
                                                         dsa[26].y_out_next (net)
                      0.108839    0.000069    1.050768 ^ dsa[26]._9_/D (sky130_fd_sc_hd__dfrtp_1)
                                              1.050768   data arrival time

                                 10.000000   10.000000   clock core_clock (rise edge)
                                  0.000000   10.000000   clock source latency
     1    0.014766    0.000000    0.000000   10.000000 ^ clk (in)
                                                         clk (net)
                      0.000828    0.000414   10.000414 ^ clkbuf_0_clk/A (sky130_fd_sc_hd__clkbuf_16)
     8    0.082920    0.100025    0.156200   10.156614 ^ clkbuf_0_clk/X (sky130_fd_sc_hd__clkbuf_16)
                                                         clknet_0_clk (net)
                      0.100120    0.002531   10.159145 ^ clkbuf_3_2__f_clk/A (sky130_fd_sc_hd__clkbuf_16)
    10    0.031709    0.052521    0.155780   10.314926 ^ clkbuf_3_2__f_clk/X (sky130_fd_sc_hd__clkbuf_16)
                                                         clknet_3_2__leaf_clk (net)
                      0.052525    0.000814   10.315741 ^ dsa[26]._9_/CLK (sky130_fd_sc_hd__dfrtp_1)
                                  0.000000   10.315741   clock reconvergence pessimism
                                 -0.073415   10.242326   library setup time
                                             10.242326   data required time
---------------------------------------------------------------------------------------------
                                             10.242326   data required time
                                             -1.050768   data arrival time
---------------------------------------------------------------------------------------------
                                              9.191557   slack (MET)


Startpoint: dsa[3]._8_ (rising edge-triggered flip-flop clocked by core_clock)
Endpoint: dsa[3]._9_ (rising edge-triggered flip-flop clocked by core_clock)
Path Group: core_clock
Path Type: max

Fanout         Cap        Slew       Delay        Time   Description
---------------------------------------------------------------------------------------------
                                  0.000000    0.000000   clock core_clock (rise edge)
                                  0.000000    0.000000   clock source latency
     1    0.014766    0.000000    0.000000    0.000000 ^ clk (in)
                                                         clk (net)
                      0.000828    0.000414    0.000414 ^ clkbuf_0_clk/A (sky130_fd_sc_hd__clkbuf_16)
     8    0.082920    0.100025    0.156201    0.156615 ^ clkbuf_0_clk/X (sky130_fd_sc_hd__clkbuf_16)
                                                         clknet_0_clk (net)
                      0.100205    0.003442    0.160057 ^ clkbuf_3_7__f_clk/A (sky130_fd_sc_hd__clkbuf_16)
    10    0.029812    0.050901    0.154433    0.314490 ^ clkbuf_3_7__f_clk/X (sky130_fd_sc_hd__clkbuf_16)
                                                         clknet_3_7__leaf_clk (net)
                      0.050903    0.000544    0.315034 ^ dsa[3]._8_/CLK (sky130_fd_sc_hd__dfrtp_1)
     2    0.006268    0.054924    0.374688    0.689722 v dsa[3]._8_/Q (sky130_fd_sc_hd__dfrtp_1)
                                                         dsa[3].last_carry (net)
                      0.054924    0.000116    0.689838 v dsa[3]._4_/B1 (sky130_fd_sc_hd__a21o_1)
     2    0.005896    0.046101    0.166534    0.856372 v dsa[3]._4_/X (sky130_fd_sc_hd__a21o_1)
                                                         dsa[3]._1_ (net)
                      0.046101    0.000113    0.856485 v dsa[3]._5_/B (sky130_fd_sc_hd__nand2_1)
     1    0.005049    0.061571    0.075600    0.932085 ^ dsa[3]._5_/Y (sky130_fd_sc_hd__nand2_1)
                                                         dsa[3]._2_ (net)
                      0.061571    0.000104    0.932189 ^ dsa[3]._6_/B (sky130_fd_sc_hd__xnor2_1)
     1    0.003456    0.128113    0.114162    1.046351 ^ dsa[3]._6_/Y (sky130_fd_sc_hd__xnor2_1)
                                                         dsa[3].y_out_next (net)
                      0.128113    0.000111    1.046462 ^ dsa[3]._9_/D (sky130_fd_sc_hd__dfrtp_1)
                                              1.046462   data arrival time

                                 10.000000   10.000000   clock core_clock (rise edge)
                                  0.000000   10.000000   clock source latency
     1    0.014766    0.000000    0.000000   10.000000 ^ clk (in)
                                                         clk (net)
                      0.000828    0.000414   10.000414 ^ clkbuf_0_clk/A (sky130_fd_sc_hd__clkbuf_16)
     8    0.082920    0.100025    0.156200   10.156614 ^ clkbuf_0_clk/X (sky130_fd_sc_hd__clkbuf_16)
                                                         clknet_0_clk (net)
                      0.100393    0.004872   10.161487 ^ clkbuf_3_5__f_clk/A (sky130_fd_sc_hd__clkbuf_16)
     8    0.029652    0.050767    0.154397   10.315883 ^ clkbuf_3_5__f_clk/X (sky130_fd_sc_hd__clkbuf_16)
                                                         clknet_3_5__leaf_clk (net)
                      0.050768    0.000380   10.316263 ^ dsa[3]._9_/CLK (sky130_fd_sc_hd__dfrtp_1)
                                  0.000000   10.316263   clock reconvergence pessimism
                                 -0.078130   10.238132   library setup time
                                             10.238132   data required time
---------------------------------------------------------------------------------------------
                                             10.238132   data required time
                                             -1.046462   data arrival time
---------------------------------------------------------------------------------------------
                                              9.191669   slack (MET)


Startpoint: dsa[15]._8_ (rising edge-triggered flip-flop clocked by core_clock)
Endpoint: dsa[15]._9_ (rising edge-triggered flip-flop clocked by core_clock)
Path Group: core_clock
Path Type: max

Fanout         Cap        Slew       Delay        Time   Description
---------------------------------------------------------------------------------------------
                                  0.000000    0.000000   clock core_clock (rise edge)
                                  0.000000    0.000000   clock source latency
     1    0.014766    0.000000    0.000000    0.000000 ^ clk (in)
                                                         clk (net)
                      0.000828    0.000414    0.000414 ^ clkbuf_0_clk/A (sky130_fd_sc_hd__clkbuf_16)
     8    0.082920    0.100025    0.156201    0.156615 ^ clkbuf_0_clk/X (sky130_fd_sc_hd__clkbuf_16)
                                                         clknet_0_clk (net)
                      0.100108    0.002364    0.158979 ^ clkbuf_3_3__f_clk/A (sky130_fd_sc_hd__clkbuf_16)
     9    0.027412    0.048669    0.152535    0.311514 ^ clkbuf_3_3__f_clk/X (sky130_fd_sc_hd__clkbuf_16)
                                                         clknet_3_3__leaf_clk (net)
                      0.048670    0.000481    0.311995 ^ dsa[15]._8_/CLK (sky130_fd_sc_hd__dfrtp_1)
     2    0.006078    0.054062    0.372815    0.684810 v dsa[15]._8_/Q (sky130_fd_sc_hd__dfrtp_1)
                                                         dsa[15].last_carry (net)
                      0.054062    0.000138    0.684948 v dsa[15]._4_/B1 (sky130_fd_sc_hd__a21o_1)
     2    0.005317    0.043601    0.163496    0.848444 v dsa[15]._4_/X (sky130_fd_sc_hd__a21o_1)
                                                         dsa[15]._1_ (net)
                      0.043601    0.000115    0.848559 v dsa[15]._5_/B (sky130_fd_sc_hd__nand2_1)
     1    0.005318    0.063828    0.076135    0.924693 ^ dsa[15]._5_/Y (sky130_fd_sc_hd__nand2_1)
                                                         dsa[15]._2_ (net)
                      0.063828    0.000164    0.924857 ^ dsa[15]._6_/B (sky130_fd_sc_hd__xnor2_1)
     1    0.003440    0.127828    0.114724    1.039581 ^ dsa[15]._6_/Y (sky130_fd_sc_hd__xnor2_1)
                                                         dsa[15].y_out_next (net)
                      0.127828    0.000104    1.039685 ^ dsa[15]._9_/D (sky130_fd_sc_hd__dfrtp_1)
                                              1.039685   data arrival time

                                 10.000000   10.000000   clock core_clock (rise edge)
                                  0.000000   10.000000   clock source latency
     1    0.014766    0.000000    0.000000   10.000000 ^ clk (in)
                                                         clk (net)
                      0.000828    0.000414   10.000414 ^ clkbuf_0_clk/A (sky130_fd_sc_hd__clkbuf_16)
     8    0.082920    0.100025    0.156200   10.156614 ^ clkbuf_0_clk/X (sky130_fd_sc_hd__clkbuf_16)
                                                         clknet_0_clk (net)
                      0.100380    0.004787   10.161402 ^ clkbuf_3_4__f_clk/A (sky130_fd_sc_hd__clkbuf_16)
     9    0.023158    0.044657    0.148637   10.310039 ^ clkbuf_3_4__f_clk/X (sky130_fd_sc_hd__clkbuf_16)
                                                         clknet_3_4__leaf_clk (net)
                      0.044665    0.000554   10.310593 ^ dsa[15]._9_/CLK (sky130_fd_sc_hd__dfrtp_1)
                                  0.000000   10.310593   clock reconvergence pessimism
                                 -0.079009   10.231584   library setup time
                                             10.231584   data required time
---------------------------------------------------------------------------------------------
                                             10.231584   data required time
                                             -1.039685   data arrival time
---------------------------------------------------------------------------------------------
                                              9.191899   slack (MET)


Startpoint: dsa[29]._8_ (rising edge-triggered flip-flop clocked by core_clock)
Endpoint: dsa[29]._9_ (rising edge-triggered flip-flop clocked by core_clock)
Path Group: core_clock
Path Type: max

Fanout         Cap        Slew       Delay        Time   Description
---------------------------------------------------------------------------------------------
                                  0.000000    0.000000   clock core_clock (rise edge)
                                  0.000000    0.000000   clock source latency
     1    0.014766    0.000000    0.000000    0.000000 ^ clk (in)
                                                         clk (net)
                      0.000828    0.000414    0.000414 ^ clkbuf_0_clk/A (sky130_fd_sc_hd__clkbuf_16)
     8    0.082920    0.100025    0.156201    0.156615 ^ clkbuf_0_clk/X (sky130_fd_sc_hd__clkbuf_16)
                                                         clknet_0_clk (net)
                      0.100513    0.005588    0.162202 ^ clkbuf_3_0__f_clk/A (sky130_fd_sc_hd__clkbuf_16)
    10    0.032660    0.053347    0.156652    0.318855 ^ clkbuf_3_0__f_clk/X (sky130_fd_sc_hd__clkbuf_16)
                                                         clknet_3_0__leaf_clk (net)
                      0.053349    0.000613    0.319468 ^ dsa[29]._8_/CLK (sky130_fd_sc_hd__dfrtp_1)
     2    0.005243    0.050204    0.370077    0.689545 v dsa[29]._8_/Q (sky130_fd_sc_hd__dfrtp_1)
                                                         dsa[29].last_carry (net)
                      0.050204    0.000115    0.689660 v dsa[29]._4_/B1 (sky130_fd_sc_hd__a21o_1)
     2    0.006551    0.049025    0.167925    0.857585 v dsa[29]._4_/X (sky130_fd_sc_hd__a21o_1)
                                                         dsa[29]._1_ (net)
                      0.049025    0.000130    0.857714 v dsa[29]._5_/B (sky130_fd_sc_hd__nand2_1)
     1    0.004914    0.060438    0.076046    0.933760 ^ dsa[29]._5_/Y (sky130_fd_sc_hd__nand2_1)
                                                         dsa[29]._2_ (net)
                      0.060438    0.000142    0.933902 ^ dsa[29]._6_/B (sky130_fd_sc_hd__xnor2_1)
     1    0.002965    0.118834    0.110017    1.043919 ^ dsa[29]._6_/Y (sky130_fd_sc_hd__xnor2_1)
                                                         dsa[29].y_out_next (net)
                      0.118834    0.000065    1.043985 ^ dsa[29]._9_/D (sky130_fd_sc_hd__dfrtp_1)
                                              1.043985   data arrival time

                                 10.000000   10.000000   clock core_clock (rise edge)
                                  0.000000   10.000000   clock source latency
     1    0.014766    0.000000    0.000000   10.000000 ^ clk (in)
                                                         clk (net)
                      0.000828    0.000414   10.000414 ^ clkbuf_0_clk/A (sky130_fd_sc_hd__clkbuf_16)
     8    0.082920    0.100025    0.156200   10.156614 ^ clkbuf_0_clk/X (sky130_fd_sc_hd__clkbuf_16)
                                                         clknet_0_clk (net)
                      0.100503    0.005534   10.162148 ^ clkbuf_3_1__f_clk/A (sky130_fd_sc_hd__clkbuf_16)
     7    0.024844    0.046180    0.150281   10.312429 ^ clkbuf_3_1__f_clk/X (sky130_fd_sc_hd__clkbuf_16)
                                                         clknet_3_1__leaf_clk (net)
                      0.046186    0.000527   10.312956 ^ dsa[29]._9_/CLK (sky130_fd_sc_hd__dfrtp_1)
                                  0.000000   10.312956   clock reconvergence pessimism
                                 -0.076697   10.236259   library setup time
                                             10.236259   data required time
---------------------------------------------------------------------------------------------
                                             10.236259   data required time
                                             -1.043985   data arrival time
---------------------------------------------------------------------------------------------
                                              9.192275   slack (MET)


Startpoint: dsa[24]._8_ (rising edge-triggered flip-flop clocked by core_clock)
Endpoint: dsa[24]._9_ (rising edge-triggered flip-flop clocked by core_clock)
Path Group: core_clock
Path Type: max

Fanout         Cap        Slew       Delay        Time   Description
---------------------------------------------------------------------------------------------
                                  0.000000    0.000000   clock core_clock (rise edge)
                                  0.000000    0.000000   clock source latency
     1    0.014766    0.000000    0.000000    0.000000 ^ clk (in)
                                                         clk (net)
                      0.000828    0.000414    0.000414 ^ clkbuf_0_clk/A (sky130_fd_sc_hd__clkbuf_16)
     8    0.082920    0.100025    0.156201    0.156615 ^ clkbuf_0_clk/X (sky130_fd_sc_hd__clkbuf_16)
                                                         clknet_0_clk (net)
                      0.100120    0.002531    0.159146 ^ clkbuf_3_2__f_clk/A (sky130_fd_sc_hd__clkbuf_16)
    10    0.031709    0.052521    0.155780    0.314926 ^ clkbuf_3_2__f_clk/X (sky130_fd_sc_hd__clkbuf_16)
                                                         clknet_3_2__leaf_clk (net)
                      0.052525    0.000836    0.315762 ^ dsa[24]._8_/CLK (sky130_fd_sc_hd__dfrtp_1)
     2    0.005127    0.049699    0.369141    0.684903 v dsa[24]._8_/Q (sky130_fd_sc_hd__dfrtp_1)
                                                         dsa[24].last_carry (net)
                      0.049699    0.000129    0.685032 v dsa[24]._4_/B1 (sky130_fd_sc_hd__a21o_1)
     2    0.005661    0.045112    0.163593    0.848625 v dsa[24]._4_/X (sky130_fd_sc_hd__a21o_1)
                                                         dsa[24]._1_ (net)
                      0.045112    0.000145    0.848771 v dsa[24]._5_/B (sky130_fd_sc_hd__nand2_1)
     1    0.005354    0.064124    0.077028    0.925799 ^ dsa[24]._5_/Y (sky130_fd_sc_hd__nand2_1)
                                                         dsa[24]._2_ (net)
                      0.064124    0.000162    0.925961 ^ dsa[24]._6_/B (sky130_fd_sc_hd__xnor2_1)
     1    0.003413    0.127309    0.114610    1.040571 ^ dsa[24]._6_/Y (sky130_fd_sc_hd__xnor2_1)
                                                         dsa[24].y_out_next (net)
                      0.127309    0.000073    1.040644 ^ dsa[24]._9_/D (sky130_fd_sc_hd__dfrtp_1)
                                              1.040644   data arrival time

                                 10.000000   10.000000   clock core_clock (rise edge)
                                  0.000000   10.000000   clock source latency
     1    0.014766    0.000000    0.000000   10.000000 ^ clk (in)
                                                         clk (net)
                      0.000828    0.000414   10.000414 ^ clkbuf_0_clk/A (sky130_fd_sc_hd__clkbuf_16)
     8    0.082920    0.100025    0.156200   10.156614 ^ clkbuf_0_clk/X (sky130_fd_sc_hd__clkbuf_16)
                                                         clknet_0_clk (net)
                      0.100108    0.002364   10.158978 ^ clkbuf_3_3__f_clk/A (sky130_fd_sc_hd__clkbuf_16)
     9    0.027412    0.048669    0.152535   10.311514 ^ clkbuf_3_3__f_clk/X (sky130_fd_sc_hd__clkbuf_16)
                                                         clknet_3_3__leaf_clk (net)
                      0.048671    0.000675   10.312189 ^ dsa[24]._9_/CLK (sky130_fd_sc_hd__dfrtp_1)
                                  0.000000   10.312189   clock reconvergence pessimism
                                 -0.078269   10.233920   library setup time
                                             10.233920   data required time
---------------------------------------------------------------------------------------------
                                             10.233920   data required time
                                             -1.040644   data arrival time
---------------------------------------------------------------------------------------------
                                              9.193275   slack (MET)


Startpoint: dsa[2]._8_ (rising edge-triggered flip-flop clocked by core_clock)
Endpoint: dsa[2]._9_ (rising edge-triggered flip-flop clocked by core_clock)
Path Group: core_clock
Path Type: max

Fanout         Cap        Slew       Delay        Time   Description
---------------------------------------------------------------------------------------------
                                  0.000000    0.000000   clock core_clock (rise edge)
                                  0.000000    0.000000   clock source latency
     1    0.014766    0.000000    0.000000    0.000000 ^ clk (in)
                                                         clk (net)
                      0.000828    0.000414    0.000414 ^ clkbuf_0_clk/A (sky130_fd_sc_hd__clkbuf_16)
     8    0.082920    0.100025    0.156201    0.156615 ^ clkbuf_0_clk/X (sky130_fd_sc_hd__clkbuf_16)
                                                         clknet_0_clk (net)
                      0.100194    0.003339    0.159953 ^ clkbuf_3_6__f_clk/A (sky130_fd_sc_hd__clkbuf_16)
     8    0.027342    0.048568    0.152529    0.312482 ^ clkbuf_3_6__f_clk/X (sky130_fd_sc_hd__clkbuf_16)
                                                         clknet_3_6__leaf_clk (net)
                      0.048571    0.000621    0.313103 ^ dsa[2]._8_/CLK (sky130_fd_sc_hd__dfrtp_1)
     2    0.006252    0.054892    0.373700    0.686803 v dsa[2]._8_/Q (sky130_fd_sc_hd__dfrtp_1)
                                                         dsa[2].last_carry (net)
                      0.054892    0.000172    0.686975 v dsa[2]._4_/B1 (sky130_fd_sc_hd__a21o_1)
     2    0.005880    0.046051    0.166415    0.853391 v dsa[2]._4_/X (sky130_fd_sc_hd__a21o_1)
                                                         dsa[2]._1_ (net)
                      0.046051    0.000179    0.853569 v dsa[2]._5_/B (sky130_fd_sc_hd__nand2_1)
     1    0.005626    0.066414    0.079135    0.932704 ^ dsa[2]._5_/Y (sky130_fd_sc_hd__nand2_1)
                                                         dsa[2]._2_ (net)
                      0.066414    0.000171    0.932875 ^ dsa[2]._6_/B (sky130_fd_sc_hd__xnor2_1)
     1    0.003046    0.120373    0.112431    1.045306 ^ dsa[2]._6_/Y (sky130_fd_sc_hd__xnor2_1)
                                                         dsa[2].y_out_next (net)
                      0.120373    0.000097    1.045403 ^ dsa[2]._9_/D (sky130_fd_sc_hd__dfrtp_1)
                                              1.045403   data arrival time

                                 10.000000   10.000000   clock core_clock (rise edge)
                                  0.000000   10.000000   clock source latency
     1    0.014766    0.000000    0.000000   10.000000 ^ clk (in)
                                                         clk (net)
                      0.000828    0.000414   10.000414 ^ clkbuf_0_clk/A (sky130_fd_sc_hd__clkbuf_16)
     8    0.082920    0.100025    0.156200   10.156614 ^ clkbuf_0_clk/X (sky130_fd_sc_hd__clkbuf_16)
                                                         clknet_0_clk (net)
                      0.100205    0.003443   10.160057 ^ clkbuf_3_7__f_clk/A (sky130_fd_sc_hd__clkbuf_16)
    10    0.029812    0.050901    0.154434   10.314491 ^ clkbuf_3_7__f_clk/X (sky130_fd_sc_hd__clkbuf_16)
                                                         clknet_3_7__leaf_clk (net)
                      0.050903    0.000552   10.315042 ^ dsa[2]._9_/CLK (sky130_fd_sc_hd__dfrtp_1)
                                  0.000000   10.315042   clock reconvergence pessimism
                                 -0.076324   10.238719   library setup time
                                             10.238719   data required time
---------------------------------------------------------------------------------------------
                                             10.238719   data required time
                                             -1.045403   data arrival time
---------------------------------------------------------------------------------------------
                                              9.193316   slack (MET)


Startpoint: dsa[11]._8_ (rising edge-triggered flip-flop clocked by core_clock)
Endpoint: dsa[11]._9_ (rising edge-triggered flip-flop clocked by core_clock)
Path Group: core_clock
Path Type: max

Fanout         Cap        Slew       Delay        Time   Description
---------------------------------------------------------------------------------------------
                                  0.000000    0.000000   clock core_clock (rise edge)
                                  0.000000    0.000000   clock source latency
     1    0.014766    0.000000    0.000000    0.000000 ^ clk (in)
                                                         clk (net)
                      0.000828    0.000414    0.000414 ^ clkbuf_0_clk/A (sky130_fd_sc_hd__clkbuf_16)
     8    0.082920    0.100025    0.156201    0.156615 ^ clkbuf_0_clk/X (sky130_fd_sc_hd__clkbuf_16)
                                                         clknet_0_clk (net)
                      0.100194    0.003339    0.159953 ^ clkbuf_3_6__f_clk/A (sky130_fd_sc_hd__clkbuf_16)
     8    0.027342    0.048568    0.152529    0.312482 ^ clkbuf_3_6__f_clk/X (sky130_fd_sc_hd__clkbuf_16)
                                                         clknet_3_6__leaf_clk (net)
                      0.048570    0.000502    0.312984 ^ dsa[11]._8_/CLK (sky130_fd_sc_hd__dfrtp_1)
     2    0.005484    0.051322    0.369587    0.682571 v dsa[11]._8_/Q (sky130_fd_sc_hd__dfrtp_1)
                                                         dsa[11].last_carry (net)
                      0.051322    0.000143    0.682714 v dsa[11]._4_/B1 (sky130_fd_sc_hd__a21o_1)
     2    0.006629    0.049393    0.168635    0.851349 v dsa[11]._4_/X (sky130_fd_sc_hd__a21o_1)
                                                         dsa[11]._1_ (net)
                      0.049393    0.000161    0.851510 v dsa[11]._5_/B (sky130_fd_sc_hd__nand2_1)
     1    0.004991    0.061083    0.076687    0.928198 ^ dsa[11]._5_/Y (sky130_fd_sc_hd__nand2_1)
                                                         dsa[11]._2_ (net)
                      0.061083    0.000146    0.928343 ^ dsa[11]._6_/B (sky130_fd_sc_hd__xnor2_1)
     1    0.003543    0.129769    0.114704    1.043048 ^ dsa[11]._6_/Y (sky130_fd_sc_hd__xnor2_1)
                                                         dsa[11].y_out_next (net)
                      0.129769    0.000082    1.043130 ^ dsa[11]._9_/D (sky130_fd_sc_hd__dfrtp_1)
                                              1.043130   data arrival time

                                 10.000000   10.000000   clock core_clock (rise edge)
                                  0.000000   10.000000   clock source latency
     1    0.014766    0.000000    0.000000   10.000000 ^ clk (in)
                                                         clk (net)
                      0.000828    0.000414   10.000414 ^ clkbuf_0_clk/A (sky130_fd_sc_hd__clkbuf_16)
     8    0.082920    0.100025    0.156200   10.156614 ^ clkbuf_0_clk/X (sky130_fd_sc_hd__clkbuf_16)
                                                         clknet_0_clk (net)
                      0.100205    0.003443   10.160057 ^ clkbuf_3_7__f_clk/A (sky130_fd_sc_hd__clkbuf_16)
    10    0.029812    0.050901    0.154434   10.314491 ^ clkbuf_3_7__f_clk/X (sky130_fd_sc_hd__clkbuf_16)
                                                         clknet_3_7__leaf_clk (net)
                      0.050904    0.000663   10.315153 ^ dsa[11]._9_/CLK (sky130_fd_sc_hd__dfrtp_1)
                                  0.000000   10.315153   clock reconvergence pessimism
                                 -0.078491   10.236663   library setup time
                                             10.236663   data required time
---------------------------------------------------------------------------------------------
                                             10.236663   data required time
                                             -1.043130   data arrival time
---------------------------------------------------------------------------------------------
                                              9.193532   slack (MET)


Startpoint: dsa[16]._8_ (rising edge-triggered flip-flop clocked by core_clock)
Endpoint: dsa[16]._9_ (rising edge-triggered flip-flop clocked by core_clock)
Path Group: core_clock
Path Type: max

Fanout         Cap        Slew       Delay        Time   Description
---------------------------------------------------------------------------------------------
                                  0.000000    0.000000   clock core_clock (rise edge)
                                  0.000000    0.000000   clock source latency
     1    0.014766    0.000000    0.000000    0.000000 ^ clk (in)
                                                         clk (net)
                      0.000828    0.000414    0.000414 ^ clkbuf_0_clk/A (sky130_fd_sc_hd__clkbuf_16)
     8    0.082920    0.100025    0.156201    0.156615 ^ clkbuf_0_clk/X (sky130_fd_sc_hd__clkbuf_16)
                                                         clknet_0_clk (net)
                      0.100503    0.005534    0.162148 ^ clkbuf_3_1__f_clk/A (sky130_fd_sc_hd__clkbuf_16)
     7    0.024844    0.046180    0.150280    0.312429 ^ clkbuf_3_1__f_clk/X (sky130_fd_sc_hd__clkbuf_16)
                                                         clknet_3_1__leaf_clk (net)
                      0.046186    0.000527    0.312956 ^ dsa[16]._8_/CLK (sky130_fd_sc_hd__dfrtp_1)
     2    0.005893    0.053211    0.370912    0.683868 v dsa[16]._8_/Q (sky130_fd_sc_hd__dfrtp_1)
                                                         dsa[16].last_carry (net)
                      0.053211    0.000116    0.683984 v dsa[16]._4_/B1 (sky130_fd_sc_hd__a21o_1)
     2    0.005714    0.045322    0.164995    0.848979 v dsa[16]._4_/X (sky130_fd_sc_hd__a21o_1)
                                                         dsa[16]._1_ (net)
                      0.045322    0.000140    0.849119 v dsa[16]._5_/B (sky130_fd_sc_hd__nand2_1)
     1    0.005158    0.062480    0.075909    0.925028 ^ dsa[16]._5_/Y (sky130_fd_sc_hd__nand2_1)
                                                         dsa[16]._2_ (net)
                      0.062480    0.000152    0.925180 ^ dsa[16]._6_/B (sky130_fd_sc_hd__xnor2_1)
     1    0.003226    0.123778    0.112655    1.037835 ^ dsa[16]._6_/Y (sky130_fd_sc_hd__xnor2_1)
                                                         dsa[16].y_out_next (net)
                      0.123778    0.000099    1.037934 ^ dsa[16]._9_/D (sky130_fd_sc_hd__dfrtp_1)
                                              1.037934   data arrival time

                                 10.000000   10.000000   clock core_clock (rise edge)
                                  0.000000   10.000000   clock source latency
     1    0.014766    0.000000    0.000000   10.000000 ^ clk (in)
                                                         clk (net)
                      0.000828    0.000414   10.000414 ^ clkbuf_0_clk/A (sky130_fd_sc_hd__clkbuf_16)
     8    0.082920    0.100025    0.156200   10.156614 ^ clkbuf_0_clk/X (sky130_fd_sc_hd__clkbuf_16)
                                                         clknet_0_clk (net)
                      0.100380    0.004787   10.161402 ^ clkbuf_3_4__f_clk/A (sky130_fd_sc_hd__clkbuf_16)
     9    0.023158    0.044657    0.148637   10.310039 ^ clkbuf_3_4__f_clk/X (sky130_fd_sc_hd__clkbuf_16)
                                                         clknet_3_4__leaf_clk (net)
                      0.044661    0.000438   10.310476 ^ dsa[16]._9_/CLK (sky130_fd_sc_hd__dfrtp_1)
                                  0.000000   10.310476   clock reconvergence pessimism
                                 -0.078074   10.232402   library setup time
                                             10.232402   data required time
---------------------------------------------------------------------------------------------
                                             10.232402   data required time
                                             -1.037934   data arrival time
---------------------------------------------------------------------------------------------
                                              9.194468   slack (MET)


Startpoint: dsa[27]._8_ (rising edge-triggered flip-flop clocked by core_clock)
Endpoint: dsa[27]._9_ (rising edge-triggered flip-flop clocked by core_clock)
Path Group: core_clock
Path Type: max

Fanout         Cap        Slew       Delay        Time   Description
---------------------------------------------------------------------------------------------
                                  0.000000    0.000000   clock core_clock (rise edge)
                                  0.000000    0.000000   clock source latency
     1    0.014766    0.000000    0.000000    0.000000 ^ clk (in)
                                                         clk (net)
                      0.000828    0.000414    0.000414 ^ clkbuf_0_clk/A (sky130_fd_sc_hd__clkbuf_16)
     8    0.082920    0.100025    0.156201    0.156615 ^ clkbuf_0_clk/X (sky130_fd_sc_hd__clkbuf_16)
                                                         clknet_0_clk (net)
                      0.100120    0.002531    0.159146 ^ clkbuf_3_2__f_clk/A (sky130_fd_sc_hd__clkbuf_16)
    10    0.031709    0.052521    0.155780    0.314926 ^ clkbuf_3_2__f_clk/X (sky130_fd_sc_hd__clkbuf_16)
                                                         clknet_3_2__leaf_clk (net)
                      0.052525    0.000833    0.315759 ^ dsa[27]._8_/CLK (sky130_fd_sc_hd__dfrtp_1)
     2    0.005877    0.053093    0.373178    0.688937 v dsa[27]._8_/Q (sky130_fd_sc_hd__dfrtp_1)
                                                         dsa[27].last_carry (net)
                      0.053093    0.000140    0.689077 v dsa[27]._4_/B1 (sky130_fd_sc_hd__a21o_1)
     2    0.005771    0.045557    0.165238    0.854316 v dsa[27]._4_/X (sky130_fd_sc_hd__a21o_1)
                                                         dsa[27]._1_ (net)
                      0.045557    0.000099    0.854414 v dsa[27]._5_/B (sky130_fd_sc_hd__nand2_1)
     1    0.004952    0.060760    0.074738    0.929153 ^ dsa[27]._5_/Y (sky130_fd_sc_hd__nand2_1)
                                                         dsa[27]._2_ (net)
                      0.060760    0.000143    0.929296 ^ dsa[27]._6_/B (sky130_fd_sc_hd__xnor2_1)
     1    0.003430    0.127635    0.113720    1.043016 ^ dsa[27]._6_/Y (sky130_fd_sc_hd__xnor2_1)
                                                         dsa[27].y_out_next (net)
                      0.127635    0.000110    1.043126 ^ dsa[27]._9_/D (sky130_fd_sc_hd__dfrtp_1)
                                              1.043126   data arrival time

                                 10.000000   10.000000   clock core_clock (rise edge)
                                  0.000000   10.000000   clock source latency
     1    0.014766    0.000000    0.000000   10.000000 ^ clk (in)
                                                         clk (net)
                      0.000828    0.000414   10.000414 ^ clkbuf_0_clk/A (sky130_fd_sc_hd__clkbuf_16)
     8    0.082920    0.100025    0.156200   10.156614 ^ clkbuf_0_clk/X (sky130_fd_sc_hd__clkbuf_16)
                                                         clknet_0_clk (net)
                      0.100120    0.002531   10.159145 ^ clkbuf_3_2__f_clk/A (sky130_fd_sc_hd__clkbuf_16)
    10    0.031709    0.052521    0.155780   10.314926 ^ clkbuf_3_2__f_clk/X (sky130_fd_sc_hd__clkbuf_16)
                                                         clknet_3_2__leaf_clk (net)
                      0.052523    0.000522   10.315449 ^ dsa[27]._9_/CLK (sky130_fd_sc_hd__dfrtp_1)
                                  0.000000   10.315449   clock reconvergence pessimism
                                 -0.077748   10.237700   library setup time
                                             10.237700   data required time
---------------------------------------------------------------------------------------------
                                             10.237700   data required time
                                             -1.043126   data arrival time
---------------------------------------------------------------------------------------------
                                              9.194574   slack (MET)


Startpoint: dsa[23]._8_ (rising edge-triggered flip-flop clocked by core_clock)
Endpoint: dsa[23]._9_ (rising edge-triggered flip-flop clocked by core_clock)
Path Group: core_clock
Path Type: max

Fanout         Cap        Slew       Delay        Time   Description
---------------------------------------------------------------------------------------------
                                  0.000000    0.000000   clock core_clock (rise edge)
                                  0.000000    0.000000   clock source latency
     1    0.014766    0.000000    0.000000    0.000000 ^ clk (in)
                                                         clk (net)
                      0.000828    0.000414    0.000414 ^ clkbuf_0_clk/A (sky130_fd_sc_hd__clkbuf_16)
     8    0.082920    0.100025    0.156201    0.156615 ^ clkbuf_0_clk/X (sky130_fd_sc_hd__clkbuf_16)
                                                         clknet_0_clk (net)
                      0.100120    0.002531    0.159146 ^ clkbuf_3_2__f_clk/A (sky130_fd_sc_hd__clkbuf_16)
    10    0.031709    0.052521    0.155780    0.314926 ^ clkbuf_3_2__f_clk/X (sky130_fd_sc_hd__clkbuf_16)
                                                         clknet_3_2__leaf_clk (net)
                      0.052524    0.000680    0.315606 ^ dsa[23]._8_/CLK (sky130_fd_sc_hd__dfrtp_1)
     2    0.006225    0.054718    0.375044    0.690650 v dsa[23]._8_/Q (sky130_fd_sc_hd__dfrtp_1)
                                                         dsa[23].last_carry (net)
                      0.054718    0.000142    0.690793 v dsa[23]._4_/B1 (sky130_fd_sc_hd__a21o_1)
     2    0.005762    0.045532    0.165801    0.856594 v dsa[23]._4_/X (sky130_fd_sc_hd__a21o_1)
                                                         dsa[23]._1_ (net)
                      0.045532    0.000159    0.856753 v dsa[23]._5_/B (sky130_fd_sc_hd__nand2_1)
     1    0.004995    0.061125    0.075017    0.931769 ^ dsa[23]._5_/Y (sky130_fd_sc_hd__nand2_1)
                                                         dsa[23]._2_ (net)
                      0.061125    0.000100    0.931870 ^ dsa[23]._6_/B (sky130_fd_sc_hd__xnor2_1)
     1    0.002872    0.117077    0.109492    1.041362 ^ dsa[23]._6_/Y (sky130_fd_sc_hd__xnor2_1)
                                                         dsa[23].y_out_next (net)
                      0.117077    0.000083    1.041445 ^ dsa[23]._9_/D (sky130_fd_sc_hd__dfrtp_1)
                                              1.041445   data arrival time

                                 10.000000   10.000000   clock core_clock (rise edge)
                                  0.000000   10.000000   clock source latency
     1    0.014766    0.000000    0.000000   10.000000 ^ clk (in)
                                                         clk (net)
                      0.000828    0.000414   10.000414 ^ clkbuf_0_clk/A (sky130_fd_sc_hd__clkbuf_16)
     8    0.082920    0.100025    0.156200   10.156614 ^ clkbuf_0_clk/X (sky130_fd_sc_hd__clkbuf_16)
                                                         clknet_0_clk (net)
                      0.100108    0.002364   10.158978 ^ clkbuf_3_3__f_clk/A (sky130_fd_sc_hd__clkbuf_16)
     9    0.027412    0.048669    0.152535   10.311514 ^ clkbuf_3_3__f_clk/X (sky130_fd_sc_hd__clkbuf_16)
                                                         clknet_3_3__leaf_clk (net)
                      0.048671    0.000610   10.312124 ^ dsa[23]._9_/CLK (sky130_fd_sc_hd__dfrtp_1)
                                  0.000000   10.312124   clock reconvergence pessimism
                                 -0.075908   10.236216   library setup time
                                             10.236216   data required time
---------------------------------------------------------------------------------------------
                                             10.236216   data required time
                                             -1.041445   data arrival time
---------------------------------------------------------------------------------------------
                                              9.194771   slack (MET)


Startpoint: dsa[28]._8_ (rising edge-triggered flip-flop clocked by core_clock)
Endpoint: dsa[28]._9_ (rising edge-triggered flip-flop clocked by core_clock)
Path Group: core_clock
Path Type: max

Fanout         Cap        Slew       Delay        Time   Description
---------------------------------------------------------------------------------------------
                                  0.000000    0.000000   clock core_clock (rise edge)
                                  0.000000    0.000000   clock source latency
     1    0.014766    0.000000    0.000000    0.000000 ^ clk (in)
                                                         clk (net)
                      0.000828    0.000414    0.000414 ^ clkbuf_0_clk/A (sky130_fd_sc_hd__clkbuf_16)
     8    0.082920    0.100025    0.156201    0.156615 ^ clkbuf_0_clk/X (sky130_fd_sc_hd__clkbuf_16)
                                                         clknet_0_clk (net)
                      0.100120    0.002531    0.159146 ^ clkbuf_3_2__f_clk/A (sky130_fd_sc_hd__clkbuf_16)
    10    0.031709    0.052521    0.155780    0.314926 ^ clkbuf_3_2__f_clk/X (sky130_fd_sc_hd__clkbuf_16)
                                                         clknet_3_2__leaf_clk (net)
                      0.052526    0.000869    0.315795 ^ dsa[28]._8_/CLK (sky130_fd_sc_hd__dfrtp_1)
     2    0.005902    0.053207    0.373309    0.689104 v dsa[28]._8_/Q (sky130_fd_sc_hd__dfrtp_1)
                                                         dsa[28].last_carry (net)
                      0.053207    0.000130    0.689235 v dsa[28]._4_/B1 (sky130_fd_sc_hd__a21o_1)
     2    0.005945    0.046332    0.166066    0.855301 v dsa[28]._4_/X (sky130_fd_sc_hd__a21o_1)
                                                         dsa[28]._1_ (net)
                      0.046332    0.000128    0.855430 v dsa[28]._5_/B (sky130_fd_sc_hd__nand2_1)
     1    0.004966    0.060876    0.075189    0.930619 ^ dsa[28]._5_/Y (sky130_fd_sc_hd__nand2_1)
                                                         dsa[28]._2_ (net)
                      0.060876    0.000098    0.930717 ^ dsa[28]._6_/B (sky130_fd_sc_hd__xnor2_1)
     1    0.003445    0.127916    0.113874    1.044590 ^ dsa[28]._6_/Y (sky130_fd_sc_hd__xnor2_1)
                                                         dsa[28].y_out_next (net)
                      0.127916    0.000106    1.044697 ^ dsa[28]._9_/D (sky130_fd_sc_hd__dfrtp_1)
                                              1.044697   data arrival time

                                 10.000000   10.000000   clock core_clock (rise edge)
                                  0.000000   10.000000   clock source latency
     1    0.014766    0.000000    0.000000   10.000000 ^ clk (in)
                                                         clk (net)
                      0.000828    0.000414   10.000414 ^ clkbuf_0_clk/A (sky130_fd_sc_hd__clkbuf_16)
     8    0.082920    0.100025    0.156200   10.156614 ^ clkbuf_0_clk/X (sky130_fd_sc_hd__clkbuf_16)
                                                         clknet_0_clk (net)
                      0.100513    0.005588   10.162202 ^ clkbuf_3_0__f_clk/A (sky130_fd_sc_hd__clkbuf_16)
    10    0.032660    0.053347    0.156652   10.318854 ^ clkbuf_3_0__f_clk/X (sky130_fd_sc_hd__clkbuf_16)
                                                         clknet_3_0__leaf_clk (net)
                      0.053348    0.000553   10.319407 ^ dsa[28]._9_/CLK (sky130_fd_sc_hd__dfrtp_1)
                                  0.000000   10.319407   clock reconvergence pessimism
                                 -0.077685   10.241722   library setup time
                                             10.241722   data required time
---------------------------------------------------------------------------------------------
                                             10.241722   data required time
                                             -1.044697   data arrival time
---------------------------------------------------------------------------------------------
                                              9.197025   slack (MET)


Startpoint: dsa[8]._8_ (rising edge-triggered flip-flop clocked by core_clock)
Endpoint: dsa[8]._9_ (rising edge-triggered flip-flop clocked by core_clock)
Path Group: core_clock
Path Type: max

Fanout         Cap        Slew       Delay        Time   Description
---------------------------------------------------------------------------------------------
                                  0.000000    0.000000   clock core_clock (rise edge)
                                  0.000000    0.000000   clock source latency
     1    0.014766    0.000000    0.000000    0.000000 ^ clk (in)
                                                         clk (net)
                      0.000828    0.000414    0.000414 ^ clkbuf_0_clk/A (sky130_fd_sc_hd__clkbuf_16)
     8    0.082920    0.100025    0.156201    0.156615 ^ clkbuf_0_clk/X (sky130_fd_sc_hd__clkbuf_16)
                                                         clknet_0_clk (net)
                      0.100380    0.004787    0.161402 ^ clkbuf_3_4__f_clk/A (sky130_fd_sc_hd__clkbuf_16)
     9    0.023158    0.044657    0.148636    0.310038 ^ clkbuf_3_4__f_clk/X (sky130_fd_sc_hd__clkbuf_16)
                                                         clknet_3_4__leaf_clk (net)
                      0.044661    0.000437    0.310475 ^ dsa[8]._8_/CLK (sky130_fd_sc_hd__dfrtp_1)
     2    0.005834    0.052944    0.370030    0.680505 v dsa[8]._8_/Q (sky130_fd_sc_hd__dfrtp_1)
                                                         dsa[8].last_carry (net)
                      0.052944    0.000082    0.680588 v dsa[8]._4_/B1 (sky130_fd_sc_hd__a21o_1)
     2    0.007159    0.051817    0.171618    0.852206 v dsa[8]._4_/X (sky130_fd_sc_hd__a21o_1)
                                                         dsa[8]._1_ (net)
                      0.051817    0.000150    0.852356 v dsa[8]._5_/B (sky130_fd_sc_hd__nand2_1)
     1    0.005332    0.063936    0.079876    0.932233 ^ dsa[8]._5_/Y (sky130_fd_sc_hd__nand2_1)
                                                         dsa[8]._2_ (net)
                      0.063936    0.000163    0.932396 ^ dsa[8]._6_/B (sky130_fd_sc_hd__xnor2_1)
     1    0.002276    0.105781    0.105511    1.037907 ^ dsa[8]._6_/Y (sky130_fd_sc_hd__xnor2_1)
                                                         dsa[8].y_out_next (net)
                      0.105781    0.000064    1.037971 ^ dsa[8]._9_/D (sky130_fd_sc_hd__dfrtp_1)
                                              1.037971   data arrival time

                                 10.000000   10.000000   clock core_clock (rise edge)
                                  0.000000   10.000000   clock source latency
     1    0.014766    0.000000    0.000000   10.000000 ^ clk (in)
                                                         clk (net)
                      0.000828    0.000414   10.000414 ^ clkbuf_0_clk/A (sky130_fd_sc_hd__clkbuf_16)
     8    0.082920    0.100025    0.156200   10.156614 ^ clkbuf_0_clk/X (sky130_fd_sc_hd__clkbuf_16)
                                                         clknet_0_clk (net)
                      0.100380    0.004787   10.161402 ^ clkbuf_3_4__f_clk/A (sky130_fd_sc_hd__clkbuf_16)
     9    0.023158    0.044657    0.148637   10.310039 ^ clkbuf_3_4__f_clk/X (sky130_fd_sc_hd__clkbuf_16)
                                                         clknet_3_4__leaf_clk (net)
                      0.044665    0.000565   10.310603 ^ dsa[8]._9_/CLK (sky130_fd_sc_hd__dfrtp_1)
                                  0.000000   10.310603   clock reconvergence pessimism
                                 -0.073917   10.236687   library setup time
                                             10.236687   data required time
---------------------------------------------------------------------------------------------
                                             10.236687   data required time
                                             -1.037971   data arrival time
---------------------------------------------------------------------------------------------
                                              9.198715   slack (MET)


Startpoint: dsa[5]._8_ (rising edge-triggered flip-flop clocked by core_clock)
Endpoint: dsa[5]._9_ (rising edge-triggered flip-flop clocked by core_clock)
Path Group: core_clock
Path Type: max

Fanout         Cap        Slew       Delay        Time   Description
---------------------------------------------------------------------------------------------
                                  0.000000    0.000000   clock core_clock (rise edge)
                                  0.000000    0.000000   clock source latency
     1    0.014766    0.000000    0.000000    0.000000 ^ clk (in)
                                                         clk (net)
                      0.000828    0.000414    0.000414 ^ clkbuf_0_clk/A (sky130_fd_sc_hd__clkbuf_16)
     8    0.082920    0.100025    0.156201    0.156615 ^ clkbuf_0_clk/X (sky130_fd_sc_hd__clkbuf_16)
                                                         clknet_0_clk (net)
                      0.100393    0.004871    0.161486 ^ clkbuf_3_5__f_clk/A (sky130_fd_sc_hd__clkbuf_16)
     8    0.029652    0.050767    0.154396    0.315882 ^ clkbuf_3_5__f_clk/X (sky130_fd_sc_hd__clkbuf_16)
                                                         clknet_3_5__leaf_clk (net)
                      0.050770    0.000680    0.316563 ^ dsa[5]._8_/CLK (sky130_fd_sc_hd__dfrtp_1)
     2    0.005933    0.053365    0.372822    0.689385 v dsa[5]._8_/Q (sky130_fd_sc_hd__dfrtp_1)
                                                         dsa[5].last_carry (net)
                      0.053365    0.000127    0.689512 v dsa[5]._4_/B1 (sky130_fd_sc_hd__a21o_1)
     2    0.005841    0.045885    0.165630    0.855142 v dsa[5]._4_/X (sky130_fd_sc_hd__a21o_1)
                                                         dsa[5]._1_ (net)
                      0.045885    0.000184    0.855326 v dsa[5]._5_/B (sky130_fd_sc_hd__nand2_1)
     1    0.005309    0.063747    0.077092    0.932418 ^ dsa[5]._5_/Y (sky130_fd_sc_hd__nand2_1)
                                                         dsa[5]._2_ (net)
                      0.063747    0.000163    0.932582 ^ dsa[5]._6_/B (sky130_fd_sc_hd__xnor2_1)
     1    0.002725    0.114295    0.109134    1.041716 ^ dsa[5]._6_/Y (sky130_fd_sc_hd__xnor2_1)
                                                         dsa[5].y_out_next (net)
                      0.114295    0.000078    1.041794 ^ dsa[5]._9_/D (sky130_fd_sc_hd__dfrtp_1)
                                              1.041794   data arrival time

                                 10.000000   10.000000   clock core_clock (rise edge)
                                  0.000000   10.000000   clock source latency
     1    0.014766    0.000000    0.000000   10.000000 ^ clk (in)
                                                         clk (net)
                      0.000828    0.000414   10.000414 ^ clkbuf_0_clk/A (sky130_fd_sc_hd__clkbuf_16)
     8    0.082920    0.100025    0.156200   10.156614 ^ clkbuf_0_clk/X (sky130_fd_sc_hd__clkbuf_16)
                                                         clknet_0_clk (net)
                      0.100393    0.004872   10.161487 ^ clkbuf_3_5__f_clk/A (sky130_fd_sc_hd__clkbuf_16)
     8    0.029652    0.050767    0.154397   10.315883 ^ clkbuf_3_5__f_clk/X (sky130_fd_sc_hd__clkbuf_16)
                                                         clknet_3_5__leaf_clk (net)
                      0.050770    0.000666   10.316548 ^ dsa[5]._9_/CLK (sky130_fd_sc_hd__dfrtp_1)
                                  0.000000   10.316548   clock reconvergence pessimism
                                 -0.074943   10.241606   library setup time
                                             10.241606   data required time
---------------------------------------------------------------------------------------------
                                             10.241606   data required time
                                             -1.041794   data arrival time
---------------------------------------------------------------------------------------------
                                              9.199812   slack (MET)


Startpoint: dsa[14]._8_ (rising edge-triggered flip-flop clocked by core_clock)
Endpoint: dsa[14]._9_ (rising edge-triggered flip-flop clocked by core_clock)
Path Group: core_clock
Path Type: max

Fanout         Cap        Slew       Delay        Time   Description
---------------------------------------------------------------------------------------------
                                  0.000000    0.000000   clock core_clock (rise edge)
                                  0.000000    0.000000   clock source latency
     1    0.014766    0.000000    0.000000    0.000000 ^ clk (in)
                                                         clk (net)
                      0.000828    0.000414    0.000414 ^ clkbuf_0_clk/A (sky130_fd_sc_hd__clkbuf_16)
     8    0.082920    0.100025    0.156201    0.156615 ^ clkbuf_0_clk/X (sky130_fd_sc_hd__clkbuf_16)
                                                         clknet_0_clk (net)
                      0.100108    0.002364    0.158979 ^ clkbuf_3_3__f_clk/A (sky130_fd_sc_hd__clkbuf_16)
     9    0.027412    0.048669    0.152535    0.311514 ^ clkbuf_3_3__f_clk/X (sky130_fd_sc_hd__clkbuf_16)
                                                         clknet_3_3__leaf_clk (net)
                      0.048671    0.000604    0.312118 ^ dsa[14]._8_/CLK (sky130_fd_sc_hd__dfrtp_1)
     2    0.005656    0.052113    0.370539    0.682657 v dsa[14]._8_/Q (sky130_fd_sc_hd__dfrtp_1)
                                                         dsa[14].last_carry (net)
                      0.052113    0.000138    0.682795 v dsa[14]._4_/B1 (sky130_fd_sc_hd__a21o_1)
     2    0.005303    0.043553    0.162719    0.845513 v dsa[14]._4_/X (sky130_fd_sc_hd__a21o_1)
                                                         dsa[14]._1_ (net)
                      0.043553    0.000125    0.845639 v dsa[14]._5_/B (sky130_fd_sc_hd__nand2_1)
     1    0.005548    0.065755    0.077536    0.923175 ^ dsa[14]._5_/Y (sky130_fd_sc_hd__nand2_1)
                                                         dsa[14]._2_ (net)
                      0.065755    0.000170    0.923345 ^ dsa[14]._6_/B (sky130_fd_sc_hd__xnor2_1)
     1    0.003079    0.120992    0.112488    1.035832 ^ dsa[14]._6_/Y (sky130_fd_sc_hd__xnor2_1)
                                                         dsa[14].y_out_next (net)
                      0.120992    0.000096    1.035928 ^ dsa[14]._9_/D (sky130_fd_sc_hd__dfrtp_1)
                                              1.035928   data arrival time

                                 10.000000   10.000000   clock core_clock (rise edge)
                                  0.000000   10.000000   clock source latency
     1    0.014766    0.000000    0.000000   10.000000 ^ clk (in)
                                                         clk (net)
                      0.000828    0.000414   10.000414 ^ clkbuf_0_clk/A (sky130_fd_sc_hd__clkbuf_16)
     8    0.082920    0.100025    0.156200   10.156614 ^ clkbuf_0_clk/X (sky130_fd_sc_hd__clkbuf_16)
                                                         clknet_0_clk (net)
                      0.100194    0.003339   10.159953 ^ clkbuf_3_6__f_clk/A (sky130_fd_sc_hd__clkbuf_16)
     8    0.027342    0.048568    0.152530   10.312483 ^ clkbuf_3_6__f_clk/X (sky130_fd_sc_hd__clkbuf_16)
                                                         clknet_3_6__leaf_clk (net)
                      0.048570    0.000547   10.313030 ^ dsa[14]._9_/CLK (sky130_fd_sc_hd__dfrtp_1)
                                  0.000000   10.313030   clock reconvergence pessimism
                                 -0.076827   10.236202   library setup time
                                             10.236202   data required time
---------------------------------------------------------------------------------------------
                                             10.236202   data required time
                                             -1.035928   data arrival time
---------------------------------------------------------------------------------------------
                                              9.200274   slack (MET)


Startpoint: dsa[25]._8_ (rising edge-triggered flip-flop clocked by core_clock)
Endpoint: dsa[25]._9_ (rising edge-triggered flip-flop clocked by core_clock)
Path Group: core_clock
Path Type: max

Fanout         Cap        Slew       Delay        Time   Description
---------------------------------------------------------------------------------------------
                                  0.000000    0.000000   clock core_clock (rise edge)
                                  0.000000    0.000000   clock source latency
     1    0.014766    0.000000    0.000000    0.000000 ^ clk (in)
                                                         clk (net)
                      0.000828    0.000414    0.000414 ^ clkbuf_0_clk/A (sky130_fd_sc_hd__clkbuf_16)
     8    0.082920    0.100025    0.156201    0.156615 ^ clkbuf_0_clk/X (sky130_fd_sc_hd__clkbuf_16)
                                                         clknet_0_clk (net)
                      0.100120    0.002531    0.159146 ^ clkbuf_3_2__f_clk/A (sky130_fd_sc_hd__clkbuf_16)
    10    0.031709    0.052521    0.155780    0.314926 ^ clkbuf_3_2__f_clk/X (sky130_fd_sc_hd__clkbuf_16)
                                                         clknet_3_2__leaf_clk (net)
                      0.052526    0.000907    0.315833 ^ dsa[25]._8_/CLK (sky130_fd_sc_hd__dfrtp_1)
     2    0.005856    0.053006    0.373042    0.688874 v dsa[25]._8_/Q (sky130_fd_sc_hd__dfrtp_1)
                                                         dsa[25].last_carry (net)
                      0.053006    0.000138    0.689012 v dsa[25]._4_/B1 (sky130_fd_sc_hd__a21o_1)
     2    0.006406    0.048367    0.168161    0.857173 v dsa[25]._4_/X (sky130_fd_sc_hd__a21o_1)
                                                         dsa[25]._1_ (net)
                      0.048367    0.000148    0.857321 v dsa[25]._5_/B (sky130_fd_sc_hd__nand2_1)
     1    0.005111    0.062087    0.076974    0.934296 ^ dsa[25]._5_/Y (sky130_fd_sc_hd__nand2_1)
                                                         dsa[25]._2_ (net)
                      0.062087    0.000150    0.934446 ^ dsa[25]._6_/B (sky130_fd_sc_hd__xnor2_1)
     1    0.002451    0.109114    0.106426    1.040872 ^ dsa[25]._6_/Y (sky130_fd_sc_hd__xnor2_1)
                                                         dsa[25].y_out_next (net)
                      0.109114    0.000070    1.040942 ^ dsa[25]._9_/D (sky130_fd_sc_hd__dfrtp_1)
                                              1.040942   data arrival time

                                 10.000000   10.000000   clock core_clock (rise edge)
                                  0.000000   10.000000   clock source latency
     1    0.014766    0.000000    0.000000   10.000000 ^ clk (in)
                                                         clk (net)
                      0.000828    0.000414   10.000414 ^ clkbuf_0_clk/A (sky130_fd_sc_hd__clkbuf_16)
     8    0.082920    0.100025    0.156200   10.156614 ^ clkbuf_0_clk/X (sky130_fd_sc_hd__clkbuf_16)
                                                         clknet_0_clk (net)
                      0.100120    0.002531   10.159145 ^ clkbuf_3_2__f_clk/A (sky130_fd_sc_hd__clkbuf_16)
    10    0.031709    0.052521    0.155780   10.314926 ^ clkbuf_3_2__f_clk/X (sky130_fd_sc_hd__clkbuf_16)
                                                         clknet_3_2__leaf_clk (net)
                      0.052524    0.000679   10.315604 ^ dsa[25]._9_/CLK (sky130_fd_sc_hd__dfrtp_1)
                                  0.000000   10.315604   clock reconvergence pessimism
                                 -0.073478   10.242126   library setup time
                                             10.242126   data required time
---------------------------------------------------------------------------------------------
                                             10.242126   data required time
                                             -1.040942   data arrival time
---------------------------------------------------------------------------------------------
                                              9.201185   slack (MET)


Startpoint: dsa[17]._8_ (rising edge-triggered flip-flop clocked by core_clock)
Endpoint: dsa[17]._9_ (rising edge-triggered flip-flop clocked by core_clock)
Path Group: core_clock
Path Type: max

Fanout         Cap        Slew       Delay        Time   Description
---------------------------------------------------------------------------------------------
                                  0.000000    0.000000   clock core_clock (rise edge)
                                  0.000000    0.000000   clock source latency
     1    0.014766    0.000000    0.000000    0.000000 ^ clk (in)
                                                         clk (net)
                      0.000828    0.000414    0.000414 ^ clkbuf_0_clk/A (sky130_fd_sc_hd__clkbuf_16)
     8    0.082920    0.100025    0.156201    0.156615 ^ clkbuf_0_clk/X (sky130_fd_sc_hd__clkbuf_16)
                                                         clknet_0_clk (net)
                      0.100503    0.005534    0.162148 ^ clkbuf_3_1__f_clk/A (sky130_fd_sc_hd__clkbuf_16)
     7    0.024844    0.046180    0.150280    0.312429 ^ clkbuf_3_1__f_clk/X (sky130_fd_sc_hd__clkbuf_16)
                                                         clknet_3_1__leaf_clk (net)
                      0.046186    0.000525    0.312954 ^ dsa[17]._8_/CLK (sky130_fd_sc_hd__dfrtp_1)
     2    0.006326    0.055257    0.373228    0.686182 v dsa[17]._8_/Q (sky130_fd_sc_hd__dfrtp_1)
                                                         dsa[17].last_carry (net)
                      0.055257    0.000139    0.686321 v dsa[17]._4_/B1 (sky130_fd_sc_hd__a21o_1)
     2    0.005511    0.044427    0.164881    0.851202 v dsa[17]._4_/X (sky130_fd_sc_hd__a21o_1)
                                                         dsa[17]._1_ (net)
                      0.044427    0.000075    0.851277 v dsa[17]._5_/B (sky130_fd_sc_hd__nand2_1)
     1    0.005098    0.061985    0.075142    0.926419 ^ dsa[17]._5_/Y (sky130_fd_sc_hd__nand2_1)
                                                         dsa[17]._2_ (net)
                      0.061985    0.000149    0.926568 ^ dsa[17]._6_/B (sky130_fd_sc_hd__xnor2_1)
     1    0.002515    0.110333    0.106932    1.033500 ^ dsa[17]._6_/Y (sky130_fd_sc_hd__xnor2_1)
                                                         dsa[17].y_out_next (net)
                      0.110333    0.000073    1.033573 ^ dsa[17]._9_/D (sky130_fd_sc_hd__dfrtp_1)
                                              1.033573   data arrival time

                                 10.000000   10.000000   clock core_clock (rise edge)
                                  0.000000   10.000000   clock source latency
     1    0.014766    0.000000    0.000000   10.000000 ^ clk (in)
                                                         clk (net)
                      0.000828    0.000414   10.000414 ^ clkbuf_0_clk/A (sky130_fd_sc_hd__clkbuf_16)
     8    0.082920    0.100025    0.156200   10.156614 ^ clkbuf_0_clk/X (sky130_fd_sc_hd__clkbuf_16)
                                                         clknet_0_clk (net)
                      0.100380    0.004787   10.161402 ^ clkbuf_3_4__f_clk/A (sky130_fd_sc_hd__clkbuf_16)
     9    0.023158    0.044657    0.148637   10.310039 ^ clkbuf_3_4__f_clk/X (sky130_fd_sc_hd__clkbuf_16)
                                                         clknet_3_4__leaf_clk (net)
                      0.044662    0.000455   10.310493 ^ dsa[17]._9_/CLK (sky130_fd_sc_hd__dfrtp_1)
                                  0.000000   10.310493   clock reconvergence pessimism
                                 -0.074969   10.235525   library setup time
                                             10.235525   data required time
---------------------------------------------------------------------------------------------
                                             10.235525   data required time
                                             -1.033573   data arrival time
---------------------------------------------------------------------------------------------
                                              9.201951   slack (MET)


Startpoint: dsa[12]._8_ (rising edge-triggered flip-flop clocked by core_clock)
Endpoint: dsa[12]._9_ (rising edge-triggered flip-flop clocked by core_clock)
Path Group: core_clock
Path Type: max

Fanout         Cap        Slew       Delay        Time   Description
---------------------------------------------------------------------------------------------
                                  0.000000    0.000000   clock core_clock (rise edge)
                                  0.000000    0.000000   clock source latency
     1    0.014766    0.000000    0.000000    0.000000 ^ clk (in)
                                                         clk (net)
                      0.000828    0.000414    0.000414 ^ clkbuf_0_clk/A (sky130_fd_sc_hd__clkbuf_16)
     8    0.082920    0.100025    0.156201    0.156615 ^ clkbuf_0_clk/X (sky130_fd_sc_hd__clkbuf_16)
                                                         clknet_0_clk (net)
                      0.100194    0.003339    0.159953 ^ clkbuf_3_6__f_clk/A (sky130_fd_sc_hd__clkbuf_16)
     8    0.027342    0.048568    0.152529    0.312482 ^ clkbuf_3_6__f_clk/X (sky130_fd_sc_hd__clkbuf_16)
                                                         clknet_3_6__leaf_clk (net)
                      0.048570    0.000537    0.313019 ^ dsa[12]._8_/CLK (sky130_fd_sc_hd__dfrtp_1)
     2    0.005429    0.051071    0.369288    0.682306 v dsa[12]._8_/Q (sky130_fd_sc_hd__dfrtp_1)
                                                         dsa[12].last_carry (net)
                      0.051071    0.000131    0.682438 v dsa[12]._4_/B1 (sky130_fd_sc_hd__a21o_1)
     2    0.006068    0.046873    0.165957    0.848395 v dsa[12]._4_/X (sky130_fd_sc_hd__a21o_1)
                                                         dsa[12]._1_ (net)
                      0.046873    0.000142    0.848537 v dsa[12]._5_/B (sky130_fd_sc_hd__nand2_1)
     1    0.005211    0.062927    0.076929    0.925465 ^ dsa[12]._5_/Y (sky130_fd_sc_hd__nand2_1)
                                                         dsa[12]._2_ (net)
                      0.062927    0.000155    0.925620 ^ dsa[12]._6_/B (sky130_fd_sc_hd__xnor2_1)
     1    0.003028    0.120038    0.111257    1.036878 ^ dsa[12]._6_/Y (sky130_fd_sc_hd__xnor2_1)
                                                         dsa[12].y_out_next (net)
                      0.120038    0.000068    1.036946 ^ dsa[12]._9_/D (sky130_fd_sc_hd__dfrtp_1)
                                              1.036946   data arrival time

                                 10.000000   10.000000   clock core_clock (rise edge)
                                  0.000000   10.000000   clock source latency
     1    0.014766    0.000000    0.000000   10.000000 ^ clk (in)
                                                         clk (net)
                      0.000828    0.000414   10.000414 ^ clkbuf_0_clk/A (sky130_fd_sc_hd__clkbuf_16)
     8    0.082920    0.100025    0.156200   10.156614 ^ clkbuf_0_clk/X (sky130_fd_sc_hd__clkbuf_16)
                                                         clknet_0_clk (net)
                      0.100205    0.003443   10.160057 ^ clkbuf_3_7__f_clk/A (sky130_fd_sc_hd__clkbuf_16)
    10    0.029812    0.050901    0.154434   10.314491 ^ clkbuf_3_7__f_clk/X (sky130_fd_sc_hd__clkbuf_16)
                                                         clknet_3_7__leaf_clk (net)
                      0.050905    0.000838   10.315329 ^ dsa[12]._9_/CLK (sky130_fd_sc_hd__dfrtp_1)
                                  0.000000   10.315329   clock reconvergence pessimism
                                 -0.076247   10.239082   library setup time
                                             10.239082   data required time
---------------------------------------------------------------------------------------------
                                             10.239082   data required time
                                             -1.036946   data arrival time
---------------------------------------------------------------------------------------------
                                              9.202136   slack (MET)


Startpoint: dsa[9]._8_ (rising edge-triggered flip-flop clocked by core_clock)
Endpoint: dsa[9]._9_ (rising edge-triggered flip-flop clocked by core_clock)
Path Group: core_clock
Path Type: max

Fanout         Cap        Slew       Delay        Time   Description
---------------------------------------------------------------------------------------------
                                  0.000000    0.000000   clock core_clock (rise edge)
                                  0.000000    0.000000   clock source latency
     1    0.014766    0.000000    0.000000    0.000000 ^ clk (in)
                                                         clk (net)
                      0.000828    0.000414    0.000414 ^ clkbuf_0_clk/A (sky130_fd_sc_hd__clkbuf_16)
     8    0.082920    0.100025    0.156201    0.156615 ^ clkbuf_0_clk/X (sky130_fd_sc_hd__clkbuf_16)
                                                         clknet_0_clk (net)
                      0.100194    0.003339    0.159953 ^ clkbuf_3_6__f_clk/A (sky130_fd_sc_hd__clkbuf_16)
     8    0.027342    0.048568    0.152529    0.312482 ^ clkbuf_3_6__f_clk/X (sky130_fd_sc_hd__clkbuf_16)
                                                         clknet_3_6__leaf_clk (net)
                      0.048571    0.000633    0.313115 ^ dsa[9]._8_/CLK (sky130_fd_sc_hd__dfrtp_1)
     2    0.005378    0.050834    0.369022    0.682137 v dsa[9]._8_/Q (sky130_fd_sc_hd__dfrtp_1)
                                                         dsa[9].last_carry (net)
                      0.050834    0.000122    0.682259 v dsa[9]._4_/B1 (sky130_fd_sc_hd__a21o_1)
     2    0.005568    0.044700    0.163530    0.845789 v dsa[9]._4_/X (sky130_fd_sc_hd__a21o_1)
                                                         dsa[9]._1_ (net)
                      0.044700    0.000142    0.845931 v dsa[9]._5_/B (sky130_fd_sc_hd__nand2_1)
     1    0.005006    0.061217    0.074714    0.920645 ^ dsa[9]._5_/Y (sky130_fd_sc_hd__nand2_1)
                                                         dsa[9]._2_ (net)
                      0.061217    0.000101    0.920746 ^ dsa[9]._6_/B (sky130_fd_sc_hd__xnor2_1)
     1    0.003435    0.127722    0.113896    1.034642 ^ dsa[9]._6_/Y (sky130_fd_sc_hd__xnor2_1)
                                                         dsa[9].y_out_next (net)
                      0.127722    0.000103    1.034745 ^ dsa[9]._9_/D (sky130_fd_sc_hd__dfrtp_1)
                                              1.034745   data arrival time

                                 10.000000   10.000000   clock core_clock (rise edge)
                                  0.000000   10.000000   clock source latency
     1    0.014766    0.000000    0.000000   10.000000 ^ clk (in)
                                                         clk (net)
                      0.000828    0.000414   10.000414 ^ clkbuf_0_clk/A (sky130_fd_sc_hd__clkbuf_16)
     8    0.082920    0.100025    0.156200   10.156614 ^ clkbuf_0_clk/X (sky130_fd_sc_hd__clkbuf_16)
                                                         clknet_0_clk (net)
                      0.100205    0.003443   10.160057 ^ clkbuf_3_7__f_clk/A (sky130_fd_sc_hd__clkbuf_16)
    10    0.029812    0.050901    0.154434   10.314491 ^ clkbuf_3_7__f_clk/X (sky130_fd_sc_hd__clkbuf_16)
                                                         clknet_3_7__leaf_clk (net)
                      0.050903    0.000548   10.315039 ^ dsa[9]._9_/CLK (sky130_fd_sc_hd__dfrtp_1)
                                  0.000000   10.315039   clock reconvergence pessimism
                                 -0.078019   10.237020   library setup time
                                             10.237020   data required time
---------------------------------------------------------------------------------------------
                                             10.237020   data required time
                                             -1.034745   data arrival time
---------------------------------------------------------------------------------------------
                                              9.202274   slack (MET)


Startpoint: dsa[4]._8_ (rising edge-triggered flip-flop clocked by core_clock)
Endpoint: dsa[4]._9_ (rising edge-triggered flip-flop clocked by core_clock)
Path Group: core_clock
Path Type: max

Fanout         Cap        Slew       Delay        Time   Description
---------------------------------------------------------------------------------------------
                                  0.000000    0.000000   clock core_clock (rise edge)
                                  0.000000    0.000000   clock source latency
     1    0.014766    0.000000    0.000000    0.000000 ^ clk (in)
                                                         clk (net)
                      0.000828    0.000414    0.000414 ^ clkbuf_0_clk/A (sky130_fd_sc_hd__clkbuf_16)
     8    0.082920    0.100025    0.156201    0.156615 ^ clkbuf_0_clk/X (sky130_fd_sc_hd__clkbuf_16)
                                                         clknet_0_clk (net)
                      0.100393    0.004871    0.161486 ^ clkbuf_3_5__f_clk/A (sky130_fd_sc_hd__clkbuf_16)
     8    0.029652    0.050767    0.154396    0.315882 ^ clkbuf_3_5__f_clk/X (sky130_fd_sc_hd__clkbuf_16)
                                                         clknet_3_5__leaf_clk (net)
                      0.050771    0.000775    0.316657 ^ dsa[4]._8_/CLK (sky130_fd_sc_hd__dfrtp_1)
     2    0.005375    0.050799    0.369838    0.686495 v dsa[4]._8_/Q (sky130_fd_sc_hd__dfrtp_1)
                                                         dsa[4].last_carry (net)
                      0.050799    0.000079    0.686574 v dsa[4]._4_/B1 (sky130_fd_sc_hd__a21o_1)
     2    0.005656    0.045082    0.163928    0.850501 v dsa[4]._4_/X (sky130_fd_sc_hd__a21o_1)
                                                         dsa[4]._1_ (net)
                      0.045082    0.000137    0.850638 v dsa[4]._5_/B (sky130_fd_sc_hd__nand2_1)
     1    0.005869    0.068467    0.080205    0.930843 ^ dsa[4]._5_/Y (sky130_fd_sc_hd__nand2_1)
                                                         dsa[4]._2_ (net)
                      0.068467    0.000191    0.931035 ^ dsa[4]._6_/B (sky130_fd_sc_hd__xnor2_1)
     1    0.002493    0.109910    0.108684    1.039719 ^ dsa[4]._6_/Y (sky130_fd_sc_hd__xnor2_1)
                                                         dsa[4].y_out_next (net)
                      0.109910    0.000072    1.039791 ^ dsa[4]._9_/D (sky130_fd_sc_hd__dfrtp_1)
                                              1.039791   data arrival time

                                 10.000000   10.000000   clock core_clock (rise edge)
                                  0.000000   10.000000   clock source latency
     1    0.014766    0.000000    0.000000   10.000000 ^ clk (in)
                                                         clk (net)
                      0.000828    0.000414   10.000414 ^ clkbuf_0_clk/A (sky130_fd_sc_hd__clkbuf_16)
     8    0.082920    0.100025    0.156200   10.156614 ^ clkbuf_0_clk/X (sky130_fd_sc_hd__clkbuf_16)
                                                         clknet_0_clk (net)
                      0.100393    0.004872   10.161487 ^ clkbuf_3_5__f_clk/A (sky130_fd_sc_hd__clkbuf_16)
     8    0.029652    0.050767    0.154397   10.315883 ^ clkbuf_3_5__f_clk/X (sky130_fd_sc_hd__clkbuf_16)
                                                         clknet_3_5__leaf_clk (net)
                      0.050768    0.000383   10.316265 ^ dsa[4]._9_/CLK (sky130_fd_sc_hd__dfrtp_1)
                                  0.000000   10.316265   clock reconvergence pessimism
                                 -0.073932   10.242333   library setup time
                                             10.242333   data required time
---------------------------------------------------------------------------------------------
                                             10.242333   data required time
                                             -1.039791   data arrival time
---------------------------------------------------------------------------------------------
                                              9.202542   slack (MET)


Startpoint: dsa[6]._8_ (rising edge-triggered flip-flop clocked by core_clock)
Endpoint: dsa[6]._9_ (rising edge-triggered flip-flop clocked by core_clock)
Path Group: core_clock
Path Type: max

Fanout         Cap        Slew       Delay        Time   Description
---------------------------------------------------------------------------------------------
                                  0.000000    0.000000   clock core_clock (rise edge)
                                  0.000000    0.000000   clock source latency
     1    0.014766    0.000000    0.000000    0.000000 ^ clk (in)
                                                         clk (net)
                      0.000828    0.000414    0.000414 ^ clkbuf_0_clk/A (sky130_fd_sc_hd__clkbuf_16)
     8    0.082920    0.100025    0.156201    0.156615 ^ clkbuf_0_clk/X (sky130_fd_sc_hd__clkbuf_16)
                                                         clknet_0_clk (net)
                      0.100393    0.004871    0.161486 ^ clkbuf_3_5__f_clk/A (sky130_fd_sc_hd__clkbuf_16)
     8    0.029652    0.050767    0.154396    0.315882 ^ clkbuf_3_5__f_clk/X (sky130_fd_sc_hd__clkbuf_16)
                                                         clknet_3_5__leaf_clk (net)
                      0.050770    0.000712    0.316595 ^ dsa[6]._8_/CLK (sky130_fd_sc_hd__dfrtp_1)
     2    0.005875    0.053094    0.372510    0.689105 v dsa[6]._8_/Q (sky130_fd_sc_hd__dfrtp_1)
                                                         dsa[6].last_carry (net)
                      0.053094    0.000126    0.689231 v dsa[6]._4_/B1 (sky130_fd_sc_hd__a21o_1)
     2    0.006134    0.047156    0.166918    0.856149 v dsa[6]._4_/X (sky130_fd_sc_hd__a21o_1)
                                                         dsa[6]._1_ (net)
                      0.047156    0.000082    0.856232 v dsa[6]._5_/B (sky130_fd_sc_hd__nand2_1)
     1    0.005035    0.061448    0.075961    0.932192 ^ dsa[6]._5_/Y (sky130_fd_sc_hd__nand2_1)
                                                         dsa[6]._2_ (net)
                      0.061448    0.000147    0.932340 ^ dsa[6]._6_/B (sky130_fd_sc_hd__xnor2_1)
     1    0.002386    0.107865    0.105686    1.038026 ^ dsa[6]._6_/Y (sky130_fd_sc_hd__xnor2_1)
                                                         dsa[6].y_out_next (net)
                      0.107865    0.000066    1.038092 ^ dsa[6]._9_/D (sky130_fd_sc_hd__dfrtp_1)
                                              1.038092   data arrival time

                                 10.000000   10.000000   clock core_clock (rise edge)
                                  0.000000   10.000000   clock source latency
     1    0.014766    0.000000    0.000000   10.000000 ^ clk (in)
                                                         clk (net)
                      0.000828    0.000414   10.000414 ^ clkbuf_0_clk/A (sky130_fd_sc_hd__clkbuf_16)
     8    0.082920    0.100025    0.156200   10.156614 ^ clkbuf_0_clk/X (sky130_fd_sc_hd__clkbuf_16)
                                                         clknet_0_clk (net)
                      0.100393    0.004872   10.161487 ^ clkbuf_3_5__f_clk/A (sky130_fd_sc_hd__clkbuf_16)
     8    0.029652    0.050767    0.154397   10.315883 ^ clkbuf_3_5__f_clk/X (sky130_fd_sc_hd__clkbuf_16)
                                                         clknet_3_5__leaf_clk (net)
                      0.050770    0.000698   10.316581 ^ dsa[6]._9_/CLK (sky130_fd_sc_hd__dfrtp_1)
                                  0.000000   10.316581   clock reconvergence pessimism
                                 -0.073460   10.243120   library setup time
                                             10.243120   data required time
---------------------------------------------------------------------------------------------
                                             10.243120   data required time
                                             -1.038092   data arrival time
---------------------------------------------------------------------------------------------
                                              9.205029   slack (MET)


Startpoint: dsa[1]._8_ (rising edge-triggered flip-flop clocked by core_clock)
Endpoint: dsa[1]._9_ (rising edge-triggered flip-flop clocked by core_clock)
Path Group: core_clock
Path Type: max

Fanout         Cap        Slew       Delay        Time   Description
---------------------------------------------------------------------------------------------
                                  0.000000    0.000000   clock core_clock (rise edge)
                                  0.000000    0.000000   clock source latency
     1    0.014766    0.000000    0.000000    0.000000 ^ clk (in)
                                                         clk (net)
                      0.000828    0.000414    0.000414 ^ clkbuf_0_clk/A (sky130_fd_sc_hd__clkbuf_16)
     8    0.082920    0.100025    0.156201    0.156615 ^ clkbuf_0_clk/X (sky130_fd_sc_hd__clkbuf_16)
                                                         clknet_0_clk (net)
                      0.100205    0.003442    0.160057 ^ clkbuf_3_7__f_clk/A (sky130_fd_sc_hd__clkbuf_16)
    10    0.029812    0.050901    0.154433    0.314490 ^ clkbuf_3_7__f_clk/X (sky130_fd_sc_hd__clkbuf_16)
                                                         clknet_3_7__leaf_clk (net)
                      0.050906    0.000905    0.315396 ^ dsa[1]._8_/CLK (sky130_fd_sc_hd__dfrtp_1)
     2    0.006042    0.053864    0.373467    0.688863 v dsa[1]._8_/Q (sky130_fd_sc_hd__dfrtp_1)
                                                         dsa[1].last_carry (net)
                      0.053864    0.000118    0.688980 v dsa[1]._4_/B1 (sky130_fd_sc_hd__a21o_1)
     2    0.005452    0.044186    0.164029    0.853009 v dsa[1]._4_/X (sky130_fd_sc_hd__a21o_1)
                                                         dsa[1]._1_ (net)
                      0.044186    0.000136    0.853145 v dsa[1]._5_/B (sky130_fd_sc_hd__nand2_1)
     1    0.004950    0.060743    0.074114    0.927260 ^ dsa[1]._5_/Y (sky130_fd_sc_hd__nand2_1)
                                                         dsa[1]._2_ (net)
                      0.060743    0.000144    0.927404 ^ dsa[1]._6_/B (sky130_fd_sc_hd__xnor2_1)
     1    0.002494    0.109916    0.106376    1.033780 ^ dsa[1]._6_/Y (sky130_fd_sc_hd__xnor2_1)
                                                         dsa[1].y_out_next (net)
                      0.109916    0.000072    1.033852 ^ dsa[1]._9_/D (sky130_fd_sc_hd__dfrtp_1)
                                              1.033852   data arrival time

                                 10.000000   10.000000   clock core_clock (rise edge)
                                  0.000000   10.000000   clock source latency
     1    0.014766    0.000000    0.000000   10.000000 ^ clk (in)
                                                         clk (net)
                      0.000828    0.000414   10.000414 ^ clkbuf_0_clk/A (sky130_fd_sc_hd__clkbuf_16)
     8    0.082920    0.100025    0.156200   10.156614 ^ clkbuf_0_clk/X (sky130_fd_sc_hd__clkbuf_16)
                                                         clknet_0_clk (net)
                      0.100205    0.003443   10.160057 ^ clkbuf_3_7__f_clk/A (sky130_fd_sc_hd__clkbuf_16)
    10    0.029812    0.050901    0.154434   10.314491 ^ clkbuf_3_7__f_clk/X (sky130_fd_sc_hd__clkbuf_16)
                                                         clknet_3_7__leaf_clk (net)
                      0.050904    0.000667   10.315158 ^ dsa[1]._9_/CLK (sky130_fd_sc_hd__dfrtp_1)
                                  0.000000   10.315158   clock reconvergence pessimism
                                 -0.073913   10.241245   library setup time
                                             10.241245   data required time
---------------------------------------------------------------------------------------------
                                             10.241245   data required time
                                             -1.033852   data arrival time
---------------------------------------------------------------------------------------------
                                              9.207394   slack (MET)


Startpoint: dsa[10]._8_ (rising edge-triggered flip-flop clocked by core_clock)
Endpoint: dsa[10]._9_ (rising edge-triggered flip-flop clocked by core_clock)
Path Group: core_clock
Path Type: max

Fanout         Cap        Slew       Delay        Time   Description
---------------------------------------------------------------------------------------------
                                  0.000000    0.000000   clock core_clock (rise edge)
                                  0.000000    0.000000   clock source latency
     1    0.014766    0.000000    0.000000    0.000000 ^ clk (in)
                                                         clk (net)
                      0.000828    0.000414    0.000414 ^ clkbuf_0_clk/A (sky130_fd_sc_hd__clkbuf_16)
     8    0.082920    0.100025    0.156201    0.156615 ^ clkbuf_0_clk/X (sky130_fd_sc_hd__clkbuf_16)
                                                         clknet_0_clk (net)
                      0.100194    0.003339    0.159953 ^ clkbuf_3_6__f_clk/A (sky130_fd_sc_hd__clkbuf_16)
     8    0.027342    0.048568    0.152529    0.312482 ^ clkbuf_3_6__f_clk/X (sky130_fd_sc_hd__clkbuf_16)
                                                         clknet_3_6__leaf_clk (net)
                      0.048571    0.000615    0.313097 ^ dsa[10]._8_/CLK (sky130_fd_sc_hd__dfrtp_1)
     2    0.005633    0.051998    0.370388    0.683486 v dsa[10]._8_/Q (sky130_fd_sc_hd__dfrtp_1)
                                                         dsa[10].last_carry (net)
                      0.051998    0.000144    0.683629 v dsa[10]._4_/B1 (sky130_fd_sc_hd__a21o_1)
     2    0.005288    0.043492    0.162603    0.846232 v dsa[10]._4_/X (sky130_fd_sc_hd__a21o_1)
                                                         dsa[10]._1_ (net)
                      0.043492    0.000124    0.846356 v dsa[10]._5_/B (sky130_fd_sc_hd__nand2_1)
     1    0.004963    0.060852    0.073886    0.920242 ^ dsa[10]._5_/Y (sky130_fd_sc_hd__nand2_1)
                                                         dsa[10]._2_ (net)
                      0.060852    0.000145    0.920387 ^ dsa[10]._6_/B (sky130_fd_sc_hd__xnor2_1)
     1    0.002654    0.112959    0.107716    1.028103 ^ dsa[10]._6_/Y (sky130_fd_sc_hd__xnor2_1)
                                                         dsa[10].y_out_next (net)
                      0.112959    0.000075    1.028178 ^ dsa[10]._9_/D (sky130_fd_sc_hd__dfrtp_1)
                                              1.028178   data arrival time

                                 10.000000   10.000000   clock core_clock (rise edge)
                                  0.000000   10.000000   clock source latency
     1    0.014766    0.000000    0.000000   10.000000 ^ clk (in)
                                                         clk (net)
                      0.000828    0.000414   10.000414 ^ clkbuf_0_clk/A (sky130_fd_sc_hd__clkbuf_16)
     8    0.082920    0.100025    0.156200   10.156614 ^ clkbuf_0_clk/X (sky130_fd_sc_hd__clkbuf_16)
                                                         clknet_0_clk (net)
                      0.100194    0.003339   10.159953 ^ clkbuf_3_6__f_clk/A (sky130_fd_sc_hd__clkbuf_16)
     8    0.027342    0.048568    0.152530   10.312483 ^ clkbuf_3_6__f_clk/X (sky130_fd_sc_hd__clkbuf_16)
                                                         clknet_3_6__leaf_clk (net)
                      0.048571    0.000578   10.313061 ^ dsa[10]._9_/CLK (sky130_fd_sc_hd__dfrtp_1)
                                  0.000000   10.313061   clock reconvergence pessimism
                                 -0.074973   10.238088   library setup time
                                             10.238088   data required time
---------------------------------------------------------------------------------------------
                                             10.238088   data required time
                                             -1.028178   data arrival time
---------------------------------------------------------------------------------------------
                                              9.209909   slack (MET)


Startpoint: dsa[13]._8_ (rising edge-triggered flip-flop clocked by core_clock)
Endpoint: dsa[13]._9_ (rising edge-triggered flip-flop clocked by core_clock)
Path Group: core_clock
Path Type: max

Fanout         Cap        Slew       Delay        Time   Description
---------------------------------------------------------------------------------------------
                                  0.000000    0.000000   clock core_clock (rise edge)
                                  0.000000    0.000000   clock source latency
     1    0.014766    0.000000    0.000000    0.000000 ^ clk (in)
                                                         clk (net)
                      0.000828    0.000414    0.000414 ^ clkbuf_0_clk/A (sky130_fd_sc_hd__clkbuf_16)
     8    0.082920    0.100025    0.156201    0.156615 ^ clkbuf_0_clk/X (sky130_fd_sc_hd__clkbuf_16)
                                                         clknet_0_clk (net)
                      0.100108    0.002364    0.158979 ^ clkbuf_3_3__f_clk/A (sky130_fd_sc_hd__clkbuf_16)
     9    0.027412    0.048669    0.152535    0.311514 ^ clkbuf_3_3__f_clk/X (sky130_fd_sc_hd__clkbuf_16)
                                                         clknet_3_3__leaf_clk (net)
                      0.048671    0.000674    0.312187 ^ dsa[13]._8_/CLK (sky130_fd_sc_hd__dfrtp_1)
     2    0.005474    0.051264    0.369592    0.681779 v dsa[13]._8_/Q (sky130_fd_sc_hd__dfrtp_1)
                                                         dsa[13].last_carry (net)
                      0.051264    0.000080    0.681859 v dsa[13]._4_/B1 (sky130_fd_sc_hd__a21o_1)
     2    0.005420    0.044061    0.162980    0.844839 v dsa[13]._4_/X (sky130_fd_sc_hd__a21o_1)
                                                         dsa[13]._1_ (net)
                      0.044061    0.000129    0.844968 v dsa[13]._5_/B (sky130_fd_sc_hd__nand2_1)
     1    0.005239    0.063163    0.075849    0.920817 ^ dsa[13]._5_/Y (sky130_fd_sc_hd__nand2_1)
                                                         dsa[13]._2_ (net)
                      0.063163    0.000160    0.920977 ^ dsa[13]._6_/B (sky130_fd_sc_hd__xnor2_1)
     1    0.002399    0.108109    0.106305    1.027283 ^ dsa[13]._6_/Y (sky130_fd_sc_hd__xnor2_1)
                                                         dsa[13].y_out_next (net)
                      0.108109    0.000068    1.027351 ^ dsa[13]._9_/D (sky130_fd_sc_hd__dfrtp_1)
                                              1.027351   data arrival time

                                 10.000000   10.000000   clock core_clock (rise edge)
                                  0.000000   10.000000   clock source latency
     1    0.014766    0.000000    0.000000   10.000000 ^ clk (in)
                                                         clk (net)
                      0.000828    0.000414   10.000414 ^ clkbuf_0_clk/A (sky130_fd_sc_hd__clkbuf_16)
     8    0.082920    0.100025    0.156200   10.156614 ^ clkbuf_0_clk/X (sky130_fd_sc_hd__clkbuf_16)
                                                         clknet_0_clk (net)
                      0.100108    0.002364   10.158978 ^ clkbuf_3_3__f_clk/A (sky130_fd_sc_hd__clkbuf_16)
     9    0.027412    0.048669    0.152535   10.311514 ^ clkbuf_3_3__f_clk/X (sky130_fd_sc_hd__clkbuf_16)
                                                         clknet_3_3__leaf_clk (net)
                      0.048671    0.000683   10.312197 ^ dsa[13]._9_/CLK (sky130_fd_sc_hd__dfrtp_1)
                                  0.000000   10.312197   clock reconvergence pessimism
                                 -0.073839   10.238358   library setup time
                                             10.238358   data required time
---------------------------------------------------------------------------------------------
                                             10.238358   data required time
                                             -1.027351   data arrival time
---------------------------------------------------------------------------------------------
                                              9.211007   slack (MET)


Startpoint: dsa[7]._8_ (rising edge-triggered flip-flop clocked by core_clock)
Endpoint: dsa[7]._9_ (rising edge-triggered flip-flop clocked by core_clock)
Path Group: core_clock
Path Type: max

Fanout         Cap        Slew       Delay        Time   Description
---------------------------------------------------------------------------------------------
                                  0.000000    0.000000   clock core_clock (rise edge)
                                  0.000000    0.000000   clock source latency
     1    0.014766    0.000000    0.000000    0.000000 ^ clk (in)
                                                         clk (net)
                      0.000828    0.000414    0.000414 ^ clkbuf_0_clk/A (sky130_fd_sc_hd__clkbuf_16)
     8    0.082920    0.100025    0.156201    0.156615 ^ clkbuf_0_clk/X (sky130_fd_sc_hd__clkbuf_16)
                                                         clknet_0_clk (net)
                      0.100380    0.004787    0.161402 ^ clkbuf_3_4__f_clk/A (sky130_fd_sc_hd__clkbuf_16)
     9    0.023158    0.044657    0.148636    0.310038 ^ clkbuf_3_4__f_clk/X (sky130_fd_sc_hd__clkbuf_16)
                                                         clknet_3_4__leaf_clk (net)
                      0.044662    0.000482    0.310520 ^ dsa[7]._8_/CLK (sky130_fd_sc_hd__dfrtp_1)
     2    0.005160    0.049882    0.366389    0.676909 v dsa[7]._8_/Q (sky130_fd_sc_hd__dfrtp_1)
                                                         dsa[7].last_carry (net)
                      0.049882    0.000123    0.677032 v dsa[7]._4_/B1 (sky130_fd_sc_hd__a21o_1)
     2    0.005293    0.043510    0.161962    0.838993 v dsa[7]._4_/X (sky130_fd_sc_hd__a21o_1)
                                                         dsa[7]._1_ (net)
                      0.043510    0.000100    0.839093 v dsa[7]._5_/B (sky130_fd_sc_hd__nand2_1)
     1    0.004834    0.059782    0.073119    0.912212 ^ dsa[7]._5_/Y (sky130_fd_sc_hd__nand2_1)
                                                         dsa[7]._2_ (net)
                      0.059782    0.000095    0.912306 ^ dsa[7]._6_/B (sky130_fd_sc_hd__xnor2_1)
     1    0.002947    0.118498    0.109672    1.021979 ^ dsa[7]._6_/Y (sky130_fd_sc_hd__xnor2_1)
                                                         dsa[7].y_out_next (net)
                      0.118498    0.000089    1.022068 ^ dsa[7]._9_/D (sky130_fd_sc_hd__dfrtp_1)
                                              1.022068   data arrival time

                                 10.000000   10.000000   clock core_clock (rise edge)
                                  0.000000   10.000000   clock source latency
     1    0.014766    0.000000    0.000000   10.000000 ^ clk (in)
                                                         clk (net)
                      0.000828    0.000414   10.000414 ^ clkbuf_0_clk/A (sky130_fd_sc_hd__clkbuf_16)
     8    0.082920    0.100025    0.156200   10.156614 ^ clkbuf_0_clk/X (sky130_fd_sc_hd__clkbuf_16)
                                                         clknet_0_clk (net)
                      0.100380    0.004787   10.161402 ^ clkbuf_3_4__f_clk/A (sky130_fd_sc_hd__clkbuf_16)
     9    0.023158    0.044657    0.148637   10.310039 ^ clkbuf_3_4__f_clk/X (sky130_fd_sc_hd__clkbuf_16)
                                                         clknet_3_4__leaf_clk (net)
                      0.044661    0.000431   10.310470 ^ dsa[7]._9_/CLK (sky130_fd_sc_hd__dfrtp_1)
                                  0.000000   10.310470   clock reconvergence pessimism
                                 -0.076855   10.233614   library setup time
                                             10.233614   data required time
---------------------------------------------------------------------------------------------
                                             10.233614   data required time
                                             -1.022068   data arrival time
---------------------------------------------------------------------------------------------
                                              9.211547   slack (MET)


Startpoint: dsa[20]._8_ (rising edge-triggered flip-flop clocked by core_clock)
Endpoint: dsa[20]._9_ (rising edge-triggered flip-flop clocked by core_clock)
Path Group: core_clock
Path Type: max

Fanout         Cap        Slew       Delay        Time   Description
---------------------------------------------------------------------------------------------
                                  0.000000    0.000000   clock core_clock (rise edge)
                                  0.000000    0.000000   clock source latency
     1    0.014766    0.000000    0.000000    0.000000 ^ clk (in)
                                                         clk (net)
                      0.000828    0.000414    0.000414 ^ clkbuf_0_clk/A (sky130_fd_sc_hd__clkbuf_16)
     8    0.082920    0.100025    0.156201    0.156615 ^ clkbuf_0_clk/X (sky130_fd_sc_hd__clkbuf_16)
                                                         clknet_0_clk (net)
                      0.100503    0.005534    0.162148 ^ clkbuf_3_1__f_clk/A (sky130_fd_sc_hd__clkbuf_16)
     7    0.024844    0.046180    0.150280    0.312429 ^ clkbuf_3_1__f_clk/X (sky130_fd_sc_hd__clkbuf_16)
                                                         clknet_3_1__leaf_clk (net)
                      0.046184    0.000460    0.312889 ^ dsa[20]._8_/CLK (sky130_fd_sc_hd__dfrtp_1)
     2    0.005759    0.052605    0.370171    0.683060 v dsa[20]._8_/Q (sky130_fd_sc_hd__dfrtp_1)
                                                         dsa[20].last_carry (net)
                      0.052605    0.000154    0.683214 v dsa[20]._4_/B1 (sky130_fd_sc_hd__a21o_1)
     2    0.005410    0.043998    0.163392    0.846606 v dsa[20]._4_/X (sky130_fd_sc_hd__a21o_1)
                                                         dsa[20]._1_ (net)
                      0.043998    0.000096    0.846702 v dsa[20]._5_/B (sky130_fd_sc_hd__nand2_1)
     1    0.004952    0.060761    0.074045    0.920747 ^ dsa[20]._5_/Y (sky130_fd_sc_hd__nand2_1)
                                                         dsa[20]._2_ (net)
                      0.060761    0.000143    0.920891 ^ dsa[20]._6_/B (sky130_fd_sc_hd__xnor2_1)
     1    0.002496    0.109963    0.106403    1.027294 ^ dsa[20]._6_/Y (sky130_fd_sc_hd__xnor2_1)
                                                         dsa[20].y_out_next (net)
                      0.109963    0.000070    1.027364 ^ dsa[20]._9_/D (sky130_fd_sc_hd__dfrtp_1)
                                              1.027364   data arrival time

                                 10.000000   10.000000   clock core_clock (rise edge)
                                  0.000000   10.000000   clock source latency
     1    0.014766    0.000000    0.000000   10.000000 ^ clk (in)
                                                         clk (net)
                      0.000828    0.000414   10.000414 ^ clkbuf_0_clk/A (sky130_fd_sc_hd__clkbuf_16)
     8    0.082920    0.100025    0.156200   10.156614 ^ clkbuf_0_clk/X (sky130_fd_sc_hd__clkbuf_16)
                                                         clknet_0_clk (net)
                      0.100513    0.005588   10.162202 ^ clkbuf_3_0__f_clk/A (sky130_fd_sc_hd__clkbuf_16)
    10    0.032660    0.053347    0.156652   10.318854 ^ clkbuf_3_0__f_clk/X (sky130_fd_sc_hd__clkbuf_16)
                                                         clknet_3_0__leaf_clk (net)
                      0.053348    0.000528   10.319383 ^ dsa[20]._9_/CLK (sky130_fd_sc_hd__dfrtp_1)
                                  0.000000   10.319383   clock reconvergence pessimism
                                 -0.073547   10.245835   library setup time
                                             10.245835   data required time
---------------------------------------------------------------------------------------------
                                             10.245835   data required time
                                             -1.027364   data arrival time
---------------------------------------------------------------------------------------------
                                              9.218472   slack (MET)


Startpoint: dsa[0]._8_ (rising edge-triggered flip-flop clocked by core_clock)
Endpoint: dsa[0]._9_ (rising edge-triggered flip-flop clocked by core_clock)
Path Group: core_clock
Path Type: max

Fanout         Cap        Slew       Delay        Time   Description
---------------------------------------------------------------------------------------------
                                  0.000000    0.000000   clock core_clock (rise edge)
                                  0.000000    0.000000   clock source latency
     1    0.014766    0.000000    0.000000    0.000000 ^ clk (in)
                                                         clk (net)
                      0.000828    0.000414    0.000414 ^ clkbuf_0_clk/A (sky130_fd_sc_hd__clkbuf_16)
     8    0.082920    0.100025    0.156201    0.156615 ^ clkbuf_0_clk/X (sky130_fd_sc_hd__clkbuf_16)
                                                         clknet_0_clk (net)
                      0.100205    0.003442    0.160057 ^ clkbuf_3_7__f_clk/A (sky130_fd_sc_hd__clkbuf_16)
    10    0.029812    0.050901    0.154433    0.314490 ^ clkbuf_3_7__f_clk/X (sky130_fd_sc_hd__clkbuf_16)
                                                         clknet_3_7__leaf_clk (net)
                      0.050906    0.000883    0.315374 ^ dsa[0]._8_/CLK (sky130_fd_sc_hd__dfrtp_1)
     2    0.005055    0.049372    0.368173    0.683546 v dsa[0]._8_/Q (sky130_fd_sc_hd__dfrtp_1)
                                                         dsa[0].last_carry (net)
                      0.049372    0.000075    0.683622 v dsa[0]._4_/B1 (sky130_fd_sc_hd__a21o_1)
     2    0.005577    0.044746    0.163095    0.846717 v dsa[0]._4_/X (sky130_fd_sc_hd__a21o_1)
                                                         dsa[0]._1_ (net)
                      0.044746    0.000136    0.846853 v dsa[0]._5_/B (sky130_fd_sc_hd__nand2_1)
     1    0.005374    0.064297    0.076990    0.923843 ^ dsa[0]._5_/Y (sky130_fd_sc_hd__nand2_1)
                                                         dsa[0]._2_ (net)
                      0.064297    0.000169    0.924012 ^ dsa[0]._6_/B (sky130_fd_sc_hd__xnor2_1)
     1    0.002283    0.041934    0.057561    0.981574 v dsa[0]._6_/Y (sky130_fd_sc_hd__xnor2_1)
                                                         dsa[0].y_out_next (net)
                      0.041934    0.000063    0.981637 v dsa[0]._9_/D (sky130_fd_sc_hd__dfrtp_1)
                                              0.981637   data arrival time

                                 10.000000   10.000000   clock core_clock (rise edge)
                                  0.000000   10.000000   clock source latency
     1    0.014766    0.000000    0.000000   10.000000 ^ clk (in)
                                                         clk (net)
                      0.000828    0.000414   10.000414 ^ clkbuf_0_clk/A (sky130_fd_sc_hd__clkbuf_16)
     8    0.082920    0.100025    0.156200   10.156614 ^ clkbuf_0_clk/X (sky130_fd_sc_hd__clkbuf_16)
                                                         clknet_0_clk (net)
                      0.100205    0.003443   10.160057 ^ clkbuf_3_7__f_clk/A (sky130_fd_sc_hd__clkbuf_16)
    10    0.029812    0.050901    0.154434   10.314491 ^ clkbuf_3_7__f_clk/X (sky130_fd_sc_hd__clkbuf_16)
                                                         clknet_3_7__leaf_clk (net)
                      0.050904    0.000703   10.315193 ^ dsa[0]._9_/CLK (sky130_fd_sc_hd__dfrtp_1)
                                  0.000000   10.315193   clock reconvergence pessimism
                                 -0.111585   10.203608   library setup time
                                             10.203608   data required time
---------------------------------------------------------------------------------------------
                                             10.203608   data required time
                                             -0.981637   data arrival time
---------------------------------------------------------------------------------------------
                                              9.221971   slack (MET)


Startpoint: dsa[0]._8_ (rising edge-triggered flip-flop clocked by core_clock)
Endpoint: dsa[0]._8_ (rising edge-triggered flip-flop clocked by core_clock)
Path Group: core_clock
Path Type: max

Fanout         Cap        Slew       Delay        Time   Description
---------------------------------------------------------------------------------------------
                                  0.000000    0.000000   clock core_clock (rise edge)
                                  0.000000    0.000000   clock source latency
     1    0.014766    0.000000    0.000000    0.000000 ^ clk (in)
                                                         clk (net)
                      0.000828    0.000414    0.000414 ^ clkbuf_0_clk/A (sky130_fd_sc_hd__clkbuf_16)
     8    0.082920    0.100025    0.156201    0.156615 ^ clkbuf_0_clk/X (sky130_fd_sc_hd__clkbuf_16)
                                                         clknet_0_clk (net)
                      0.100205    0.003442    0.160057 ^ clkbuf_3_7__f_clk/A (sky130_fd_sc_hd__clkbuf_16)
    10    0.029812    0.050901    0.154433    0.314490 ^ clkbuf_3_7__f_clk/X (sky130_fd_sc_hd__clkbuf_16)
                                                         clknet_3_7__leaf_clk (net)
                      0.050906    0.000883    0.315374 ^ dsa[0]._8_/CLK (sky130_fd_sc_hd__dfrtp_1)
     2    0.005055    0.049372    0.368173    0.683546 v dsa[0]._8_/Q (sky130_fd_sc_hd__dfrtp_1)
                                                         dsa[0].last_carry (net)
                      0.049372    0.000082    0.683628 v dsa[0]._3_/A (sky130_fd_sc_hd__nand3_1)
     2    0.005333    0.083436    0.081138    0.764767 ^ dsa[0]._3_/Y (sky130_fd_sc_hd__nand3_1)
                                                         dsa[0]._0_ (net)
                      0.083436    0.000145    0.764912 ^ dsa[0]._7_/B1_N (sky130_fd_sc_hd__a21bo_1)
     1    0.002500    0.032814    0.198562    0.963474 v dsa[0]._7_/X (sky130_fd_sc_hd__a21bo_1)
                                                         dsa[0].last_carry_next (net)
                      0.032814    0.000073    0.963547 v dsa[0]._8_/D (sky130_fd_sc_hd__dfrtp_1)
                                              0.963547   data arrival time

                                 10.000000   10.000000   clock core_clock (rise edge)
                                  0.000000   10.000000   clock source latency
     1    0.014766    0.000000    0.000000   10.000000 ^ clk (in)
                                                         clk (net)
                      0.000828    0.000414   10.000414 ^ clkbuf_0_clk/A (sky130_fd_sc_hd__clkbuf_16)
     8    0.082920    0.100025    0.156200   10.156614 ^ clkbuf_0_clk/X (sky130_fd_sc_hd__clkbuf_16)
                                                         clknet_0_clk (net)
                      0.100205    0.003443   10.160057 ^ clkbuf_3_7__f_clk/A (sky130_fd_sc_hd__clkbuf_16)
    10    0.029812    0.050901    0.154434   10.314491 ^ clkbuf_3_7__f_clk/X (sky130_fd_sc_hd__clkbuf_16)
                                                         clknet_3_7__leaf_clk (net)
                      0.050906    0.000883   10.315373 ^ dsa[0]._8_/CLK (sky130_fd_sc_hd__dfrtp_1)
                                  0.000000   10.315373   clock reconvergence pessimism
                                 -0.107607   10.207767   library setup time
                                             10.207767   data required time
---------------------------------------------------------------------------------------------
                                             10.207767   data required time
                                             -0.963547   data arrival time
---------------------------------------------------------------------------------------------
                                              9.244219   slack (MET)



