
===========================================================================
report_checks -path_delay min (Hold)
============================================================================
======================= nom_tt_025C_1v80 Corner ===================================

Startpoint: dsa[25]._9_ (rising edge-triggered flip-flop clocked by core_clock)
Endpoint: dsa[26]._9_ (rising edge-triggered flip-flop clocked by core_clock)
Path Group: core_clock
Path Type: min

Fanout         Cap        Slew       Delay        Time   Description
---------------------------------------------------------------------------------------------
                                  0.000000    0.000000   clock core_clock (rise edge)
                                  0.000000    0.000000   clock source latency
     1    0.014766    0.000000    0.000000    0.000000 ^ clk (in)
                                                         clk (net)
                      0.000828    0.000414    0.000414 ^ clkbuf_0_clk/A (sky130_fd_sc_hd__clkbuf_16)
     8    0.082920    0.100025    0.156201    0.156615 ^ clkbuf_0_clk/X (sky130_fd_sc_hd__clkbuf_16)
                                                         clknet_0_clk (net)
                      0.100120    0.002531    0.159146 ^ clkbuf_3_2__f_clk/A (sky130_fd_sc_hd__clkbuf_16)
    10    0.031709    0.052521    0.155780    0.314926 ^ clkbuf_3_2__f_clk/X (sky130_fd_sc_hd__clkbuf_16)
                                                         clknet_3_2__leaf_clk (net)
                      0.052524    0.000679    0.315604 ^ dsa[25]._9_/CLK (sky130_fd_sc_hd__dfrtp_1)
     2    0.008380    0.088394    0.355446    0.671051 ^ dsa[25]._9_/Q (sky130_fd_sc_hd__dfrtp_1)
                                                         dsa[25].y_out (net)
                      0.088394    0.000142    0.671192 ^ dsa[26]._6_/A (sky130_fd_sc_hd__xnor2_1)
     1    0.002380    0.031780    0.072662    0.743854 v dsa[26]._6_/Y (sky130_fd_sc_hd__xnor2_1)
                                                         dsa[26].y_out_next (net)
                      0.031780    0.000067    0.743921 v dsa[26]._9_/D (sky130_fd_sc_hd__dfrtp_1)
                                              0.743921   data arrival time

                                  0.000000    0.000000   clock core_clock (rise edge)
                                  0.000000    0.000000   clock source latency
     1    0.014766    0.000000    0.000000    0.000000 ^ clk (in)
                                                         clk (net)
                      0.000828    0.000414    0.000414 ^ clkbuf_0_clk/A (sky130_fd_sc_hd__clkbuf_16)
     8    0.082920    0.100025    0.156201    0.156615 ^ clkbuf_0_clk/X (sky130_fd_sc_hd__clkbuf_16)
                                                         clknet_0_clk (net)
                      0.100120    0.002531    0.159146 ^ clkbuf_3_2__f_clk/A (sky130_fd_sc_hd__clkbuf_16)
    10    0.031709    0.052521    0.155780    0.314926 ^ clkbuf_3_2__f_clk/X (sky130_fd_sc_hd__clkbuf_16)
                                                         clknet_3_2__leaf_clk (net)
                      0.052525    0.000815    0.315741 ^ dsa[26]._9_/CLK (sky130_fd_sc_hd__dfrtp_1)
                                  0.000000    0.315741   clock reconvergence pessimism
                                 -0.038677    0.277063   library hold time
                                              0.277063   data required time
---------------------------------------------------------------------------------------------
                                              0.277063   data required time
                                             -0.743921   data arrival time
---------------------------------------------------------------------------------------------
                                              0.466858   slack (MET)


Startpoint: dsa[0]._9_ (rising edge-triggered flip-flop clocked by core_clock)
Endpoint: dsa[1]._9_ (rising edge-triggered flip-flop clocked by core_clock)
Path Group: core_clock
Path Type: min

Fanout         Cap        Slew       Delay        Time   Description
---------------------------------------------------------------------------------------------
                                  0.000000    0.000000   clock core_clock (rise edge)
                                  0.000000    0.000000   clock source latency
     1    0.014766    0.000000    0.000000    0.000000 ^ clk (in)
                                                         clk (net)
                      0.000828    0.000414    0.000414 ^ clkbuf_0_clk/A (sky130_fd_sc_hd__clkbuf_16)
     8    0.082920    0.100025    0.156201    0.156615 ^ clkbuf_0_clk/X (sky130_fd_sc_hd__clkbuf_16)
                                                         clknet_0_clk (net)
                      0.100205    0.003442    0.160057 ^ clkbuf_3_7__f_clk/A (sky130_fd_sc_hd__clkbuf_16)
    10    0.029812    0.050901    0.154433    0.314490 ^ clkbuf_3_7__f_clk/X (sky130_fd_sc_hd__clkbuf_16)
                                                         clknet_3_7__leaf_clk (net)
                      0.050904    0.000703    0.315194 ^ dsa[0]._9_/CLK (sky130_fd_sc_hd__dfrtp_1)
     2    0.008386    0.088428    0.354877    0.670071 ^ dsa[0]._9_/Q (sky130_fd_sc_hd__dfrtp_1)
                                                         dsa[0].y_out (net)
                      0.088428    0.000144    0.670215 ^ dsa[1]._6_/A (sky130_fd_sc_hd__xnor2_1)
     1    0.002437    0.031038    0.073043    0.743258 v dsa[1]._6_/Y (sky130_fd_sc_hd__xnor2_1)
                                                         dsa[1].y_out_next (net)
                      0.031038    0.000070    0.743329 v dsa[1]._9_/D (sky130_fd_sc_hd__dfrtp_1)
                                              0.743329   data arrival time

                                  0.000000    0.000000   clock core_clock (rise edge)
                                  0.000000    0.000000   clock source latency
     1    0.014766    0.000000    0.000000    0.000000 ^ clk (in)
                                                         clk (net)
                      0.000828    0.000414    0.000414 ^ clkbuf_0_clk/A (sky130_fd_sc_hd__clkbuf_16)
     8    0.082920    0.100025    0.156201    0.156615 ^ clkbuf_0_clk/X (sky130_fd_sc_hd__clkbuf_16)
                                                         clknet_0_clk (net)
                      0.100205    0.003442    0.160057 ^ clkbuf_3_7__f_clk/A (sky130_fd_sc_hd__clkbuf_16)
    10    0.029812    0.050901    0.154433    0.314490 ^ clkbuf_3_7__f_clk/X (sky130_fd_sc_hd__clkbuf_16)
                                                         clknet_3_7__leaf_clk (net)
                      0.050904    0.000667    0.315158 ^ dsa[1]._9_/CLK (sky130_fd_sc_hd__dfrtp_1)
                                  0.000000    0.315158   clock reconvergence pessimism
                                 -0.038745    0.276412   library hold time
                                              0.276412   data required time
---------------------------------------------------------------------------------------------
                                              0.276412   data required time
                                             -0.743329   data arrival time
---------------------------------------------------------------------------------------------
                                              0.466917   slack (MET)


Startpoint: dsa[4]._9_ (rising edge-triggered flip-flop clocked by core_clock)
Endpoint: dsa[5]._9_ (rising edge-triggered flip-flop clocked by core_clock)
Path Group: core_clock
Path Type: min

Fanout         Cap        Slew       Delay        Time   Description
---------------------------------------------------------------------------------------------
                                  0.000000    0.000000   clock core_clock (rise edge)
                                  0.000000    0.000000   clock source latency
     1    0.014766    0.000000    0.000000    0.000000 ^ clk (in)
                                                         clk (net)
                      0.000828    0.000414    0.000414 ^ clkbuf_0_clk/A (sky130_fd_sc_hd__clkbuf_16)
     8    0.082920    0.100025    0.156201    0.156615 ^ clkbuf_0_clk/X (sky130_fd_sc_hd__clkbuf_16)
                                                         clknet_0_clk (net)
                      0.100393    0.004871    0.161486 ^ clkbuf_3_5__f_clk/A (sky130_fd_sc_hd__clkbuf_16)
     8    0.029652    0.050767    0.154396    0.315882 ^ clkbuf_3_5__f_clk/X (sky130_fd_sc_hd__clkbuf_16)
                                                         clknet_3_5__leaf_clk (net)
                      0.050768    0.000383    0.316265 ^ dsa[4]._9_/CLK (sky130_fd_sc_hd__dfrtp_1)
     2    0.008443    0.088834    0.355183    0.671449 ^ dsa[4]._9_/Q (sky130_fd_sc_hd__dfrtp_1)
                                                         dsa[4].y_out (net)
                      0.088834    0.000224    0.671673 ^ dsa[5]._6_/A (sky130_fd_sc_hd__xnor2_1)
     1    0.002668    0.032825    0.074630    0.746303 v dsa[5]._6_/Y (sky130_fd_sc_hd__xnor2_1)
                                                         dsa[5].y_out_next (net)
                      0.032825    0.000076    0.746380 v dsa[5]._9_/D (sky130_fd_sc_hd__dfrtp_1)
                                              0.746380   data arrival time

                                  0.000000    0.000000   clock core_clock (rise edge)
                                  0.000000    0.000000   clock source latency
     1    0.014766    0.000000    0.000000    0.000000 ^ clk (in)
                                                         clk (net)
                      0.000828    0.000414    0.000414 ^ clkbuf_0_clk/A (sky130_fd_sc_hd__clkbuf_16)
     8    0.082920    0.100025    0.156201    0.156615 ^ clkbuf_0_clk/X (sky130_fd_sc_hd__clkbuf_16)
                                                         clknet_0_clk (net)
                      0.100393    0.004871    0.161486 ^ clkbuf_3_5__f_clk/A (sky130_fd_sc_hd__clkbuf_16)
     8    0.029652    0.050767    0.154396    0.315882 ^ clkbuf_3_5__f_clk/X (sky130_fd_sc_hd__clkbuf_16)
                                                         clknet_3_5__leaf_clk (net)
                      0.050770    0.000666    0.316549 ^ dsa[5]._9_/CLK (sky130_fd_sc_hd__dfrtp_1)
                                  0.000000    0.316549   clock reconvergence pessimism
                                 -0.039503    0.277046   library hold time
                                              0.277046   data required time
---------------------------------------------------------------------------------------------
                                              0.277046   data required time
                                             -0.746380   data arrival time
---------------------------------------------------------------------------------------------
                                              0.469334   slack (MET)


Startpoint: dsa[15]._9_ (rising edge-triggered flip-flop clocked by core_clock)
Endpoint: dsa[16]._9_ (rising edge-triggered flip-flop clocked by core_clock)
Path Group: core_clock
Path Type: min

Fanout         Cap        Slew       Delay        Time   Description
---------------------------------------------------------------------------------------------
                                  0.000000    0.000000   clock core_clock (rise edge)
                                  0.000000    0.000000   clock source latency
     1    0.014766    0.000000    0.000000    0.000000 ^ clk (in)
                                                         clk (net)
                      0.000828    0.000414    0.000414 ^ clkbuf_0_clk/A (sky130_fd_sc_hd__clkbuf_16)
     8    0.082920    0.100025    0.156201    0.156615 ^ clkbuf_0_clk/X (sky130_fd_sc_hd__clkbuf_16)
                                                         clknet_0_clk (net)
                      0.100380    0.004787    0.161402 ^ clkbuf_3_4__f_clk/A (sky130_fd_sc_hd__clkbuf_16)
     9    0.023158    0.044657    0.148636    0.310038 ^ clkbuf_3_4__f_clk/X (sky130_fd_sc_hd__clkbuf_16)
                                                         clknet_3_4__leaf_clk (net)
                      0.044665    0.000554    0.310592 ^ dsa[15]._9_/CLK (sky130_fd_sc_hd__dfrtp_1)
     2    0.008250    0.087378    0.351588    0.662180 ^ dsa[15]._9_/Q (sky130_fd_sc_hd__dfrtp_1)
                                                         dsa[15].y_out (net)
                      0.087378    0.000222    0.662402 ^ dsa[16]._6_/A (sky130_fd_sc_hd__xnor2_1)
     1    0.003169    0.035916    0.077228    0.739629 v dsa[16]._6_/Y (sky130_fd_sc_hd__xnor2_1)
                                                         dsa[16].y_out_next (net)
                      0.035916    0.000097    0.739726 v dsa[16]._9_/D (sky130_fd_sc_hd__dfrtp_1)
                                              0.739726   data arrival time

                                  0.000000    0.000000   clock core_clock (rise edge)
                                  0.000000    0.000000   clock source latency
     1    0.014766    0.000000    0.000000    0.000000 ^ clk (in)
                                                         clk (net)
                      0.000828    0.000414    0.000414 ^ clkbuf_0_clk/A (sky130_fd_sc_hd__clkbuf_16)
     8    0.082920    0.100025    0.156201    0.156615 ^ clkbuf_0_clk/X (sky130_fd_sc_hd__clkbuf_16)
                                                         clknet_0_clk (net)
                      0.100380    0.004787    0.161402 ^ clkbuf_3_4__f_clk/A (sky130_fd_sc_hd__clkbuf_16)
     9    0.023158    0.044657    0.148636    0.310038 ^ clkbuf_3_4__f_clk/X (sky130_fd_sc_hd__clkbuf_16)
                                                         clknet_3_4__leaf_clk (net)
                      0.044661    0.000439    0.310476 ^ dsa[16]._9_/CLK (sky130_fd_sc_hd__dfrtp_1)
                                  0.000000    0.310476   clock reconvergence pessimism
                                 -0.042155    0.268322   library hold time
                                              0.268322   data required time
---------------------------------------------------------------------------------------------
                                              0.268322   data required time
                                             -0.739726   data arrival time
---------------------------------------------------------------------------------------------
                                              0.471404   slack (MET)


Startpoint: dsa[16]._9_ (rising edge-triggered flip-flop clocked by core_clock)
Endpoint: dsa[17]._9_ (rising edge-triggered flip-flop clocked by core_clock)
Path Group: core_clock
Path Type: min

Fanout         Cap        Slew       Delay        Time   Description
---------------------------------------------------------------------------------------------
                                  0.000000    0.000000   clock core_clock (rise edge)
                                  0.000000    0.000000   clock source latency
     1    0.014766    0.000000    0.000000    0.000000 ^ clk (in)
                                                         clk (net)
                      0.000828    0.000414    0.000414 ^ clkbuf_0_clk/A (sky130_fd_sc_hd__clkbuf_16)
     8    0.082920    0.100025    0.156201    0.156615 ^ clkbuf_0_clk/X (sky130_fd_sc_hd__clkbuf_16)
                                                         clknet_0_clk (net)
                      0.100380    0.004787    0.161402 ^ clkbuf_3_4__f_clk/A (sky130_fd_sc_hd__clkbuf_16)
     9    0.023158    0.044657    0.148636    0.310038 ^ clkbuf_3_4__f_clk/X (sky130_fd_sc_hd__clkbuf_16)
                                                         clknet_3_4__leaf_clk (net)
                      0.044661    0.000439    0.310476 ^ dsa[16]._9_/CLK (sky130_fd_sc_hd__dfrtp_1)
     2    0.009005    0.092640    0.356676    0.667152 ^ dsa[16]._9_/Q (sky130_fd_sc_hd__dfrtp_1)
                                                         dsa[16].y_out (net)
                      0.092640    0.000257    0.667409 ^ dsa[17]._6_/A (sky130_fd_sc_hd__xnor2_1)
     1    0.002458    0.031397    0.074318    0.741726 v dsa[17]._6_/Y (sky130_fd_sc_hd__xnor2_1)
                                                         dsa[17].y_out_next (net)
                      0.031397    0.000072    0.741798 v dsa[17]._9_/D (sky130_fd_sc_hd__dfrtp_1)
                                              0.741798   data arrival time

                                  0.000000    0.000000   clock core_clock (rise edge)
                                  0.000000    0.000000   clock source latency
     1    0.014766    0.000000    0.000000    0.000000 ^ clk (in)
                                                         clk (net)
                      0.000828    0.000414    0.000414 ^ clkbuf_0_clk/A (sky130_fd_sc_hd__clkbuf_16)
     8    0.082920    0.100025    0.156201    0.156615 ^ clkbuf_0_clk/X (sky130_fd_sc_hd__clkbuf_16)
                                                         clknet_0_clk (net)
                      0.100380    0.004787    0.161402 ^ clkbuf_3_4__f_clk/A (sky130_fd_sc_hd__clkbuf_16)
     9    0.023158    0.044657    0.148636    0.310038 ^ clkbuf_3_4__f_clk/X (sky130_fd_sc_hd__clkbuf_16)
                                                         clknet_3_4__leaf_clk (net)
                      0.044662    0.000455    0.310493 ^ dsa[17]._9_/CLK (sky130_fd_sc_hd__dfrtp_1)
                                  0.000000    0.310493   clock reconvergence pessimism
                                 -0.040315    0.270178   library hold time
                                              0.270178   data required time
---------------------------------------------------------------------------------------------
                                              0.270178   data required time
                                             -0.741798   data arrival time
---------------------------------------------------------------------------------------------
                                              0.471620   slack (MET)


Startpoint: dsa[19]._9_ (rising edge-triggered flip-flop clocked by core_clock)
Endpoint: dsa[20]._9_ (rising edge-triggered flip-flop clocked by core_clock)
Path Group: core_clock
Path Type: min

Fanout         Cap        Slew       Delay        Time   Description
---------------------------------------------------------------------------------------------
                                  0.000000    0.000000   clock core_clock (rise edge)
                                  0.000000    0.000000   clock source latency
     1    0.014766    0.000000    0.000000    0.000000 ^ clk (in)
                                                         clk (net)
                      0.000828    0.000414    0.000414 ^ clkbuf_0_clk/A (sky130_fd_sc_hd__clkbuf_16)
     8    0.082920    0.100025    0.156201    0.156615 ^ clkbuf_0_clk/X (sky130_fd_sc_hd__clkbuf_16)
                                                         clknet_0_clk (net)
                      0.100513    0.005588    0.162202 ^ clkbuf_3_0__f_clk/A (sky130_fd_sc_hd__clkbuf_16)
    10    0.032660    0.053347    0.156652    0.318855 ^ clkbuf_3_0__f_clk/X (sky130_fd_sc_hd__clkbuf_16)
                                                         clknet_3_0__leaf_clk (net)
                      0.053350    0.000825    0.319680 ^ dsa[19]._9_/CLK (sky130_fd_sc_hd__dfrtp_1)
     2    0.008917    0.092071    0.359318    0.678998 ^ dsa[19]._9_/Q (sky130_fd_sc_hd__dfrtp_1)
                                                         dsa[19].y_out (net)
                      0.092071    0.000287    0.679285 ^ dsa[20]._6_/A (sky130_fd_sc_hd__xnor2_1)
     1    0.002439    0.031097    0.074037    0.753322 v dsa[20]._6_/Y (sky130_fd_sc_hd__xnor2_1)
                                                         dsa[20].y_out_next (net)
                      0.031097    0.000068    0.753390 v dsa[20]._9_/D (sky130_fd_sc_hd__dfrtp_1)
                                              0.753390   data arrival time

                                  0.000000    0.000000   clock core_clock (rise edge)
                                  0.000000    0.000000   clock source latency
     1    0.014766    0.000000    0.000000    0.000000 ^ clk (in)
                                                         clk (net)
                      0.000828    0.000414    0.000414 ^ clkbuf_0_clk/A (sky130_fd_sc_hd__clkbuf_16)
     8    0.082920    0.100025    0.156201    0.156615 ^ clkbuf_0_clk/X (sky130_fd_sc_hd__clkbuf_16)
                                                         clknet_0_clk (net)
                      0.100513    0.005588    0.162202 ^ clkbuf_3_0__f_clk/A (sky130_fd_sc_hd__clkbuf_16)
    10    0.032660    0.053347    0.156652    0.318855 ^ clkbuf_3_0__f_clk/X (sky130_fd_sc_hd__clkbuf_16)
                                                         clknet_3_0__leaf_clk (net)
                      0.053348    0.000528    0.319383 ^ dsa[20]._9_/CLK (sky130_fd_sc_hd__dfrtp_1)
                                  0.000000    0.319383   clock reconvergence pessimism
                                 -0.038212    0.281171   library hold time
                                              0.281171   data required time
---------------------------------------------------------------------------------------------
                                              0.281171   data required time
                                             -0.753390   data arrival time
---------------------------------------------------------------------------------------------
                                              0.472219   slack (MET)


Startpoint: dsa[3]._9_ (rising edge-triggered flip-flop clocked by core_clock)
Endpoint: dsa[4]._9_ (rising edge-triggered flip-flop clocked by core_clock)
Path Group: core_clock
Path Type: min

Fanout         Cap        Slew       Delay        Time   Description
---------------------------------------------------------------------------------------------
                                  0.000000    0.000000   clock core_clock (rise edge)
                                  0.000000    0.000000   clock source latency
     1    0.014766    0.000000    0.000000    0.000000 ^ clk (in)
                                                         clk (net)
                      0.000828    0.000414    0.000414 ^ clkbuf_0_clk/A (sky130_fd_sc_hd__clkbuf_16)
     8    0.082920    0.100025    0.156201    0.156615 ^ clkbuf_0_clk/X (sky130_fd_sc_hd__clkbuf_16)
                                                         clknet_0_clk (net)
                      0.100393    0.004871    0.161486 ^ clkbuf_3_5__f_clk/A (sky130_fd_sc_hd__clkbuf_16)
     8    0.029652    0.050767    0.154396    0.315882 ^ clkbuf_3_5__f_clk/X (sky130_fd_sc_hd__clkbuf_16)
                                                         clknet_3_5__leaf_clk (net)
                      0.050768    0.000380    0.316262 ^ dsa[3]._9_/CLK (sky130_fd_sc_hd__dfrtp_1)
     2    0.009092    0.093243    0.359581    0.675843 ^ dsa[3]._9_/Q (sky130_fd_sc_hd__dfrtp_1)
                                                         dsa[3].y_out (net)
                      0.093243    0.000212    0.676055 ^ dsa[4]._6_/A (sky130_fd_sc_hd__xnor2_1)
     1    0.002436    0.031841    0.074331    0.750387 v dsa[4]._6_/Y (sky130_fd_sc_hd__xnor2_1)
                                                         dsa[4].y_out_next (net)
                      0.031842    0.000071    0.750457 v dsa[4]._9_/D (sky130_fd_sc_hd__dfrtp_1)
                                              0.750457   data arrival time

                                  0.000000    0.000000   clock core_clock (rise edge)
                                  0.000000    0.000000   clock source latency
     1    0.014766    0.000000    0.000000    0.000000 ^ clk (in)
                                                         clk (net)
                      0.000828    0.000414    0.000414 ^ clkbuf_0_clk/A (sky130_fd_sc_hd__clkbuf_16)
     8    0.082920    0.100025    0.156201    0.156615 ^ clkbuf_0_clk/X (sky130_fd_sc_hd__clkbuf_16)
                                                         clknet_0_clk (net)
                      0.100393    0.004871    0.161486 ^ clkbuf_3_5__f_clk/A (sky130_fd_sc_hd__clkbuf_16)
     8    0.029652    0.050767    0.154396    0.315882 ^ clkbuf_3_5__f_clk/X (sky130_fd_sc_hd__clkbuf_16)
                                                         clknet_3_5__leaf_clk (net)
                      0.050768    0.000383    0.316265 ^ dsa[4]._9_/CLK (sky130_fd_sc_hd__dfrtp_1)
                                  0.000000    0.316265   clock reconvergence pessimism
                                 -0.039103    0.277162   library hold time
                                              0.277162   data required time
---------------------------------------------------------------------------------------------
                                              0.277162   data required time
                                             -0.750457   data arrival time
---------------------------------------------------------------------------------------------
                                              0.473295   slack (MET)


Startpoint: dsa[22]._9_ (rising edge-triggered flip-flop clocked by core_clock)
Endpoint: dsa[23]._9_ (rising edge-triggered flip-flop clocked by core_clock)
Path Group: core_clock
Path Type: min

Fanout         Cap        Slew       Delay        Time   Description
---------------------------------------------------------------------------------------------
                                  0.000000    0.000000   clock core_clock (rise edge)
                                  0.000000    0.000000   clock source latency
     1    0.014766    0.000000    0.000000    0.000000 ^ clk (in)
                                                         clk (net)
                      0.000828    0.000414    0.000414 ^ clkbuf_0_clk/A (sky130_fd_sc_hd__clkbuf_16)
     8    0.082920    0.100025    0.156201    0.156615 ^ clkbuf_0_clk/X (sky130_fd_sc_hd__clkbuf_16)
                                                         clknet_0_clk (net)
                      0.100108    0.002364    0.158979 ^ clkbuf_3_3__f_clk/A (sky130_fd_sc_hd__clkbuf_16)
     9    0.027412    0.048669    0.152535    0.311514 ^ clkbuf_3_3__f_clk/X (sky130_fd_sc_hd__clkbuf_16)
                                                         clknet_3_3__leaf_clk (net)
                      0.048670    0.000550    0.312064 ^ dsa[22]._9_/CLK (sky130_fd_sc_hd__dfrtp_1)
     2    0.008786    0.091159    0.356712    0.668776 ^ dsa[22]._9_/Q (sky130_fd_sc_hd__dfrtp_1)
                                                         dsa[22].y_out (net)
                      0.091159    0.000217    0.668993 ^ dsa[23]._6_/A (sky130_fd_sc_hd__xnor2_1)
     1    0.002815    0.033494    0.076141    0.745134 v dsa[23]._6_/Y (sky130_fd_sc_hd__xnor2_1)
                                                         dsa[23].y_out_next (net)
                      0.033494    0.000081    0.745215 v dsa[23]._9_/D (sky130_fd_sc_hd__dfrtp_1)
                                              0.745215   data arrival time

                                  0.000000    0.000000   clock core_clock (rise edge)
                                  0.000000    0.000000   clock source latency
     1    0.014766    0.000000    0.000000    0.000000 ^ clk (in)
                                                         clk (net)
                      0.000828    0.000414    0.000414 ^ clkbuf_0_clk/A (sky130_fd_sc_hd__clkbuf_16)
     8    0.082920    0.100025    0.156201    0.156615 ^ clkbuf_0_clk/X (sky130_fd_sc_hd__clkbuf_16)
                                                         clknet_0_clk (net)
                      0.100108    0.002364    0.158979 ^ clkbuf_3_3__f_clk/A (sky130_fd_sc_hd__clkbuf_16)
     9    0.027412    0.048669    0.152535    0.311514 ^ clkbuf_3_3__f_clk/X (sky130_fd_sc_hd__clkbuf_16)
                                                         clknet_3_3__leaf_clk (net)
                      0.048671    0.000610    0.312124 ^ dsa[23]._9_/CLK (sky130_fd_sc_hd__dfrtp_1)
                                  0.000000    0.312124   clock reconvergence pessimism
                                 -0.040254    0.271870   library hold time
                                              0.271870   data required time
---------------------------------------------------------------------------------------------
                                              0.271870   data required time
                                             -0.745215   data arrival time
---------------------------------------------------------------------------------------------
                                              0.473345   slack (MET)


Startpoint: dsa[21]._9_ (rising edge-triggered flip-flop clocked by core_clock)
Endpoint: dsa[22]._9_ (rising edge-triggered flip-flop clocked by core_clock)
Path Group: core_clock
Path Type: min

Fanout         Cap        Slew       Delay        Time   Description
---------------------------------------------------------------------------------------------
                                  0.000000    0.000000   clock core_clock (rise edge)
                                  0.000000    0.000000   clock source latency
     1    0.014766    0.000000    0.000000    0.000000 ^ clk (in)
                                                         clk (net)
                      0.000828    0.000414    0.000414 ^ clkbuf_0_clk/A (sky130_fd_sc_hd__clkbuf_16)
     8    0.082920    0.100025    0.156201    0.156615 ^ clkbuf_0_clk/X (sky130_fd_sc_hd__clkbuf_16)
                                                         clknet_0_clk (net)
                      0.100108    0.002364    0.158979 ^ clkbuf_3_3__f_clk/A (sky130_fd_sc_hd__clkbuf_16)
     9    0.027412    0.048669    0.152535    0.311514 ^ clkbuf_3_3__f_clk/X (sky130_fd_sc_hd__clkbuf_16)
                                                         clknet_3_3__leaf_clk (net)
                      0.048670    0.000476    0.311990 ^ dsa[21]._9_/CLK (sky130_fd_sc_hd__dfrtp_1)
     2    0.008127    0.086392    0.352281    0.664271 ^ dsa[21]._9_/Q (sky130_fd_sc_hd__dfrtp_1)
                                                         dsa[21].y_out (net)
                      0.086392    0.000202    0.664473 ^ dsa[22]._6_/A (sky130_fd_sc_hd__xnor2_1)
     1    0.003608    0.038656    0.079568    0.744041 v dsa[22]._6_/Y (sky130_fd_sc_hd__xnor2_1)
                                                         dsa[22].y_out_next (net)
                      0.038656    0.000117    0.744158 v dsa[22]._9_/D (sky130_fd_sc_hd__dfrtp_1)
                                              0.744158   data arrival time

                                  0.000000    0.000000   clock core_clock (rise edge)
                                  0.000000    0.000000   clock source latency
     1    0.014766    0.000000    0.000000    0.000000 ^ clk (in)
                                                         clk (net)
                      0.000828    0.000414    0.000414 ^ clkbuf_0_clk/A (sky130_fd_sc_hd__clkbuf_16)
     8    0.082920    0.100025    0.156201    0.156615 ^ clkbuf_0_clk/X (sky130_fd_sc_hd__clkbuf_16)
                                                         clknet_0_clk (net)
                      0.100108    0.002364    0.158979 ^ clkbuf_3_3__f_clk/A (sky130_fd_sc_hd__clkbuf_16)
     9    0.027412    0.048669    0.152535    0.311514 ^ clkbuf_3_3__f_clk/X (sky130_fd_sc_hd__clkbuf_16)
                                                         clknet_3_3__leaf_clk (net)
                      0.048670    0.000550    0.312064 ^ dsa[22]._9_/CLK (sky130_fd_sc_hd__dfrtp_1)
                                  0.000000    0.312064   clock reconvergence pessimism
                                 -0.042356    0.269708   library hold time
                                              0.269708   data required time
---------------------------------------------------------------------------------------------
                                              0.269708   data required time
                                             -0.744158   data arrival time
---------------------------------------------------------------------------------------------
                                              0.474450   slack (MET)


Startpoint: dsa[17]._9_ (rising edge-triggered flip-flop clocked by core_clock)
Endpoint: dsa[18]._9_ (rising edge-triggered flip-flop clocked by core_clock)
Path Group: core_clock
Path Type: min

Fanout         Cap        Slew       Delay        Time   Description
---------------------------------------------------------------------------------------------
                                  0.000000    0.000000   clock core_clock (rise edge)
                                  0.000000    0.000000   clock source latency
     1    0.014766    0.000000    0.000000    0.000000 ^ clk (in)
                                                         clk (net)
                      0.000828    0.000414    0.000414 ^ clkbuf_0_clk/A (sky130_fd_sc_hd__clkbuf_16)
     8    0.082920    0.100025    0.156201    0.156615 ^ clkbuf_0_clk/X (sky130_fd_sc_hd__clkbuf_16)
                                                         clknet_0_clk (net)
                      0.100380    0.004787    0.161402 ^ clkbuf_3_4__f_clk/A (sky130_fd_sc_hd__clkbuf_16)
     9    0.023158    0.044657    0.148636    0.310038 ^ clkbuf_3_4__f_clk/X (sky130_fd_sc_hd__clkbuf_16)
                                                         clknet_3_4__leaf_clk (net)
                      0.044662    0.000455    0.310493 ^ dsa[17]._9_/CLK (sky130_fd_sc_hd__dfrtp_1)
     2    0.008496    0.089179    0.353234    0.663726 ^ dsa[17]._9_/Q (sky130_fd_sc_hd__dfrtp_1)
                                                         dsa[17].y_out (net)
                      0.089179    0.000226    0.663952 ^ dsa[18]._6_/A (sky130_fd_sc_hd__xnor2_1)
     1    0.003285    0.037218    0.078417    0.742370 v dsa[18]._6_/Y (sky130_fd_sc_hd__xnor2_1)
                                                         dsa[18].y_out_next (net)
                      0.037218    0.000093    0.742463 v dsa[18]._9_/D (sky130_fd_sc_hd__dfrtp_1)
                                              0.742463   data arrival time

                                  0.000000    0.000000   clock core_clock (rise edge)
                                  0.000000    0.000000   clock source latency
     1    0.014766    0.000000    0.000000    0.000000 ^ clk (in)
                                                         clk (net)
                      0.000828    0.000414    0.000414 ^ clkbuf_0_clk/A (sky130_fd_sc_hd__clkbuf_16)
     8    0.082920    0.100025    0.156201    0.156615 ^ clkbuf_0_clk/X (sky130_fd_sc_hd__clkbuf_16)
                                                         clknet_0_clk (net)
                      0.100380    0.004787    0.161402 ^ clkbuf_3_4__f_clk/A (sky130_fd_sc_hd__clkbuf_16)
     9    0.023158    0.044657    0.148636    0.310038 ^ clkbuf_3_4__f_clk/X (sky130_fd_sc_hd__clkbuf_16)
                                                         clknet_3_4__leaf_clk (net)
                      0.044662    0.000476    0.310514 ^ dsa[18]._9_/CLK (sky130_fd_sc_hd__dfrtp_1)
                                  0.000000    0.310514   clock reconvergence pessimism
                                 -0.042684    0.267830   library hold time
                                              0.267830   data required time
---------------------------------------------------------------------------------------------
                                              0.267830   data required time
                                             -0.742463   data arrival time
---------------------------------------------------------------------------------------------
                                              0.474633   slack (MET)


Startpoint: dsa[13]._9_ (rising edge-triggered flip-flop clocked by core_clock)
Endpoint: dsa[14]._9_ (rising edge-triggered flip-flop clocked by core_clock)
Path Group: core_clock
Path Type: min

Fanout         Cap        Slew       Delay        Time   Description
---------------------------------------------------------------------------------------------
                                  0.000000    0.000000   clock core_clock (rise edge)
                                  0.000000    0.000000   clock source latency
     1    0.014766    0.000000    0.000000    0.000000 ^ clk (in)
                                                         clk (net)
                      0.000828    0.000414    0.000414 ^ clkbuf_0_clk/A (sky130_fd_sc_hd__clkbuf_16)
     8    0.082920    0.100025    0.156201    0.156615 ^ clkbuf_0_clk/X (sky130_fd_sc_hd__clkbuf_16)
                                                         clknet_0_clk (net)
                      0.100108    0.002364    0.158979 ^ clkbuf_3_3__f_clk/A (sky130_fd_sc_hd__clkbuf_16)
     9    0.027412    0.048669    0.152535    0.311514 ^ clkbuf_3_3__f_clk/X (sky130_fd_sc_hd__clkbuf_16)
                                                         clknet_3_3__leaf_clk (net)
                      0.048671    0.000683    0.312197 ^ dsa[13]._9_/CLK (sky130_fd_sc_hd__dfrtp_1)
     2    0.008843    0.091552    0.357064    0.669261 ^ dsa[13]._9_/Q (sky130_fd_sc_hd__dfrtp_1)
                                                         dsa[13].y_out (net)
                      0.091552    0.000260    0.669521 ^ dsa[14]._6_/A (sky130_fd_sc_hd__xnor2_1)
     1    0.003022    0.035283    0.077485    0.747006 v dsa[14]._6_/Y (sky130_fd_sc_hd__xnor2_1)
                                                         dsa[14].y_out_next (net)
                      0.035283    0.000094    0.747099 v dsa[14]._9_/D (sky130_fd_sc_hd__dfrtp_1)
                                              0.747099   data arrival time

                                  0.000000    0.000000   clock core_clock (rise edge)
                                  0.000000    0.000000   clock source latency
     1    0.014766    0.000000    0.000000    0.000000 ^ clk (in)
                                                         clk (net)
                      0.000828    0.000414    0.000414 ^ clkbuf_0_clk/A (sky130_fd_sc_hd__clkbuf_16)
     8    0.082920    0.100025    0.156201    0.156615 ^ clkbuf_0_clk/X (sky130_fd_sc_hd__clkbuf_16)
                                                         clknet_0_clk (net)
                      0.100194    0.003339    0.159953 ^ clkbuf_3_6__f_clk/A (sky130_fd_sc_hd__clkbuf_16)
     8    0.027342    0.048568    0.152529    0.312482 ^ clkbuf_3_6__f_clk/X (sky130_fd_sc_hd__clkbuf_16)
                                                         clknet_3_6__leaf_clk (net)
                      0.048570    0.000547    0.313030 ^ dsa[14]._9_/CLK (sky130_fd_sc_hd__dfrtp_1)
                                  0.000000    0.313030   clock reconvergence pessimism
                                 -0.041005    0.272025   library hold time
                                              0.272025   data required time
---------------------------------------------------------------------------------------------
                                              0.272025   data required time
                                             -0.747099   data arrival time
---------------------------------------------------------------------------------------------
                                              0.475075   slack (MET)


Startpoint: dsa[24]._9_ (rising edge-triggered flip-flop clocked by core_clock)
Endpoint: dsa[25]._9_ (rising edge-triggered flip-flop clocked by core_clock)
Path Group: core_clock
Path Type: min

Fanout         Cap        Slew       Delay        Time   Description
---------------------------------------------------------------------------------------------
                                  0.000000    0.000000   clock core_clock (rise edge)
                                  0.000000    0.000000   clock source latency
     1    0.014766    0.000000    0.000000    0.000000 ^ clk (in)
                                                         clk (net)
                      0.000828    0.000414    0.000414 ^ clkbuf_0_clk/A (sky130_fd_sc_hd__clkbuf_16)
     8    0.082920    0.100025    0.156201    0.156615 ^ clkbuf_0_clk/X (sky130_fd_sc_hd__clkbuf_16)
                                                         clknet_0_clk (net)
                      0.100108    0.002364    0.158979 ^ clkbuf_3_3__f_clk/A (sky130_fd_sc_hd__clkbuf_16)
     9    0.027412    0.048669    0.152535    0.311514 ^ clkbuf_3_3__f_clk/X (sky130_fd_sc_hd__clkbuf_16)
                                                         clknet_3_3__leaf_clk (net)
                      0.048671    0.000675    0.312189 ^ dsa[24]._9_/CLK (sky130_fd_sc_hd__dfrtp_1)
     2    0.010076    0.100920    0.364923    0.677111 ^ dsa[24]._9_/Q (sky130_fd_sc_hd__dfrtp_1)
                                                         dsa[24].y_out (net)
                      0.100920    0.000232    0.677344 ^ dsa[25]._6_/A (sky130_fd_sc_hd__xnor2_1)
     1    0.002394    0.030890    0.076106    0.753449 v dsa[25]._6_/Y (sky130_fd_sc_hd__xnor2_1)
                                                         dsa[25].y_out_next (net)
                      0.030890    0.000068    0.753518 v dsa[25]._9_/D (sky130_fd_sc_hd__dfrtp_1)
                                              0.753518   data arrival time

                                  0.000000    0.000000   clock core_clock (rise edge)
                                  0.000000    0.000000   clock source latency
     1    0.014766    0.000000    0.000000    0.000000 ^ clk (in)
                                                         clk (net)
                      0.000828    0.000414    0.000414 ^ clkbuf_0_clk/A (sky130_fd_sc_hd__clkbuf_16)
     8    0.082920    0.100025    0.156201    0.156615 ^ clkbuf_0_clk/X (sky130_fd_sc_hd__clkbuf_16)
                                                         clknet_0_clk (net)
                      0.100120    0.002531    0.159146 ^ clkbuf_3_2__f_clk/A (sky130_fd_sc_hd__clkbuf_16)
    10    0.031709    0.052521    0.155780    0.314926 ^ clkbuf_3_2__f_clk/X (sky130_fd_sc_hd__clkbuf_16)
                                                         clknet_3_2__leaf_clk (net)
                      0.052524    0.000679    0.315604 ^ dsa[25]._9_/CLK (sky130_fd_sc_hd__dfrtp_1)
                                  0.000000    0.315604   clock reconvergence pessimism
                                 -0.038315    0.277289   library hold time
                                              0.277289   data required time
---------------------------------------------------------------------------------------------
                                              0.277289   data required time
                                             -0.753518   data arrival time
---------------------------------------------------------------------------------------------
                                              0.476229   slack (MET)


Startpoint: dsa[2]._9_ (rising edge-triggered flip-flop clocked by core_clock)
Endpoint: dsa[3]._9_ (rising edge-triggered flip-flop clocked by core_clock)
Path Group: core_clock
Path Type: min

Fanout         Cap        Slew       Delay        Time   Description
---------------------------------------------------------------------------------------------
                                  0.000000    0.000000   clock core_clock (rise edge)
                                  0.000000    0.000000   clock source latency
     1    0.014766    0.000000    0.000000    0.000000 ^ clk (in)
                                                         clk (net)
                      0.000828    0.000414    0.000414 ^ clkbuf_0_clk/A (sky130_fd_sc_hd__clkbuf_16)
     8    0.082920    0.100025    0.156201    0.156615 ^ clkbuf_0_clk/X (sky130_fd_sc_hd__clkbuf_16)
                                                         clknet_0_clk (net)
                      0.100205    0.003442    0.160057 ^ clkbuf_3_7__f_clk/A (sky130_fd_sc_hd__clkbuf_16)
    10    0.029812    0.050901    0.154433    0.314490 ^ clkbuf_3_7__f_clk/X (sky130_fd_sc_hd__clkbuf_16)
                                                         clknet_3_7__leaf_clk (net)
                      0.050903    0.000552    0.315042 ^ dsa[2]._9_/CLK (sky130_fd_sc_hd__dfrtp_1)
     2    0.008717    0.090694    0.357072    0.672114 ^ dsa[2]._9_/Q (sky130_fd_sc_hd__dfrtp_1)
                                                         dsa[2].y_out (net)
                      0.090694    0.000245    0.672359 ^ dsa[3]._6_/A (sky130_fd_sc_hd__xnor2_1)
     1    0.003399    0.037365    0.079505    0.751865 v dsa[3]._6_/Y (sky130_fd_sc_hd__xnor2_1)
                                                         dsa[3].y_out_next (net)
                      0.037365    0.000109    0.751974 v dsa[3]._9_/D (sky130_fd_sc_hd__dfrtp_1)
                                              0.751974   data arrival time

                                  0.000000    0.000000   clock core_clock (rise edge)
                                  0.000000    0.000000   clock source latency
     1    0.014766    0.000000    0.000000    0.000000 ^ clk (in)
                                                         clk (net)
                      0.000828    0.000414    0.000414 ^ clkbuf_0_clk/A (sky130_fd_sc_hd__clkbuf_16)
     8    0.082920    0.100025    0.156201    0.156615 ^ clkbuf_0_clk/X (sky130_fd_sc_hd__clkbuf_16)
                                                         clknet_0_clk (net)
                      0.100393    0.004871    0.161486 ^ clkbuf_3_5__f_clk/A (sky130_fd_sc_hd__clkbuf_16)
     8    0.029652    0.050767    0.154396    0.315882 ^ clkbuf_3_5__f_clk/X (sky130_fd_sc_hd__clkbuf_16)
                                                         clknet_3_5__leaf_clk (net)
                      0.050768    0.000380    0.316262 ^ dsa[3]._9_/CLK (sky130_fd_sc_hd__dfrtp_1)
                                  0.000000    0.316262   clock reconvergence pessimism
                                 -0.041352    0.274911   library hold time
                                              0.274911   data required time
---------------------------------------------------------------------------------------------
                                              0.274911   data required time
                                             -0.751974   data arrival time
---------------------------------------------------------------------------------------------
                                              0.477063   slack (MET)


Startpoint: dsa[8]._9_ (rising edge-triggered flip-flop clocked by core_clock)
Endpoint: dsa[9]._9_ (rising edge-triggered flip-flop clocked by core_clock)
Path Group: core_clock
Path Type: min

Fanout         Cap        Slew       Delay        Time   Description
---------------------------------------------------------------------------------------------
                                  0.000000    0.000000   clock core_clock (rise edge)
                                  0.000000    0.000000   clock source latency
     1    0.014766    0.000000    0.000000    0.000000 ^ clk (in)
                                                         clk (net)
                      0.000828    0.000414    0.000414 ^ clkbuf_0_clk/A (sky130_fd_sc_hd__clkbuf_16)
     8    0.082920    0.100025    0.156201    0.156615 ^ clkbuf_0_clk/X (sky130_fd_sc_hd__clkbuf_16)
                                                         clknet_0_clk (net)
                      0.100380    0.004787    0.161402 ^ clkbuf_3_4__f_clk/A (sky130_fd_sc_hd__clkbuf_16)
     9    0.023158    0.044657    0.148636    0.310038 ^ clkbuf_3_4__f_clk/X (sky130_fd_sc_hd__clkbuf_16)
                                                         clknet_3_4__leaf_clk (net)
                      0.044665    0.000565    0.310603 ^ dsa[8]._9_/CLK (sky130_fd_sc_hd__dfrtp_1)
     2    0.009538    0.096531    0.360149    0.670752 ^ dsa[8]._9_/Q (sky130_fd_sc_hd__dfrtp_1)
                                                         dsa[8].y_out (net)
                      0.096531    0.000269    0.671021 ^ dsa[9]._6_/A (sky130_fd_sc_hd__xnor2_1)
     1    0.003378    0.037187    0.080989    0.752010 v dsa[9]._6_/Y (sky130_fd_sc_hd__xnor2_1)
                                                         dsa[9].y_out_next (net)
                      0.037187    0.000101    0.752111 v dsa[9]._9_/D (sky130_fd_sc_hd__dfrtp_1)
                                              0.752111   data arrival time

                                  0.000000    0.000000   clock core_clock (rise edge)
                                  0.000000    0.000000   clock source latency
     1    0.014766    0.000000    0.000000    0.000000 ^ clk (in)
                                                         clk (net)
                      0.000828    0.000414    0.000414 ^ clkbuf_0_clk/A (sky130_fd_sc_hd__clkbuf_16)
     8    0.082920    0.100025    0.156201    0.156615 ^ clkbuf_0_clk/X (sky130_fd_sc_hd__clkbuf_16)
                                                         clknet_0_clk (net)
                      0.100205    0.003442    0.160057 ^ clkbuf_3_7__f_clk/A (sky130_fd_sc_hd__clkbuf_16)
    10    0.029812    0.050901    0.154433    0.314490 ^ clkbuf_3_7__f_clk/X (sky130_fd_sc_hd__clkbuf_16)
                                                         clknet_3_7__leaf_clk (net)
                      0.050903    0.000548    0.315039 ^ dsa[9]._9_/CLK (sky130_fd_sc_hd__dfrtp_1)
                                  0.000000    0.315039   clock reconvergence pessimism
                                 -0.041248    0.273790   library hold time
                                              0.273790   data required time
---------------------------------------------------------------------------------------------
                                              0.273790   data required time
                                             -0.752111   data arrival time
---------------------------------------------------------------------------------------------
                                              0.478321   slack (MET)


Startpoint: dsa[23]._9_ (rising edge-triggered flip-flop clocked by core_clock)
Endpoint: dsa[24]._9_ (rising edge-triggered flip-flop clocked by core_clock)
Path Group: core_clock
Path Type: min

Fanout         Cap        Slew       Delay        Time   Description
---------------------------------------------------------------------------------------------
                                  0.000000    0.000000   clock core_clock (rise edge)
                                  0.000000    0.000000   clock source latency
     1    0.014766    0.000000    0.000000    0.000000 ^ clk (in)
                                                         clk (net)
                      0.000828    0.000414    0.000414 ^ clkbuf_0_clk/A (sky130_fd_sc_hd__clkbuf_16)
     8    0.082920    0.100025    0.156201    0.156615 ^ clkbuf_0_clk/X (sky130_fd_sc_hd__clkbuf_16)
                                                         clknet_0_clk (net)
                      0.100108    0.002364    0.158979 ^ clkbuf_3_3__f_clk/A (sky130_fd_sc_hd__clkbuf_16)
     9    0.027412    0.048669    0.152535    0.311514 ^ clkbuf_3_3__f_clk/X (sky130_fd_sc_hd__clkbuf_16)
                                                         clknet_3_3__leaf_clk (net)
                      0.048671    0.000610    0.312124 ^ dsa[23]._9_/CLK (sky130_fd_sc_hd__dfrtp_1)
     2    0.008920    0.092072    0.357607    0.669731 ^ dsa[23]._9_/Q (sky130_fd_sc_hd__dfrtp_1)
                                                         dsa[23].y_out (net)
                      0.092072    0.000233    0.669965 ^ dsa[24]._6_/A (sky130_fd_sc_hd__xnor2_1)
     1    0.003356    0.037325    0.079640    0.749604 v dsa[24]._6_/Y (sky130_fd_sc_hd__xnor2_1)
                                                         dsa[24].y_out_next (net)
                      0.037325    0.000071    0.749676 v dsa[24]._9_/D (sky130_fd_sc_hd__dfrtp_1)
                                              0.749676   data arrival time

                                  0.000000    0.000000   clock core_clock (rise edge)
                                  0.000000    0.000000   clock source latency
     1    0.014766    0.000000    0.000000    0.000000 ^ clk (in)
                                                         clk (net)
                      0.000828    0.000414    0.000414 ^ clkbuf_0_clk/A (sky130_fd_sc_hd__clkbuf_16)
     8    0.082920    0.100025    0.156201    0.156615 ^ clkbuf_0_clk/X (sky130_fd_sc_hd__clkbuf_16)
                                                         clknet_0_clk (net)
                      0.100108    0.002364    0.158979 ^ clkbuf_3_3__f_clk/A (sky130_fd_sc_hd__clkbuf_16)
     9    0.027412    0.048669    0.152535    0.311514 ^ clkbuf_3_3__f_clk/X (sky130_fd_sc_hd__clkbuf_16)
                                                         clknet_3_3__leaf_clk (net)
                      0.048671    0.000675    0.312189 ^ dsa[24]._9_/CLK (sky130_fd_sc_hd__dfrtp_1)
                                  0.000000    0.312189   clock reconvergence pessimism
                                 -0.041814    0.270375   library hold time
                                              0.270375   data required time
---------------------------------------------------------------------------------------------
                                              0.270375   data required time
                                             -0.749676   data arrival time
---------------------------------------------------------------------------------------------
                                              0.479301   slack (MET)


Startpoint: dsa[27]._9_ (rising edge-triggered flip-flop clocked by core_clock)
Endpoint: dsa[28]._9_ (rising edge-triggered flip-flop clocked by core_clock)
Path Group: core_clock
Path Type: min

Fanout         Cap        Slew       Delay        Time   Description
---------------------------------------------------------------------------------------------
                                  0.000000    0.000000   clock core_clock (rise edge)
                                  0.000000    0.000000   clock source latency
     1    0.014766    0.000000    0.000000    0.000000 ^ clk (in)
                                                         clk (net)
                      0.000828    0.000414    0.000414 ^ clkbuf_0_clk/A (sky130_fd_sc_hd__clkbuf_16)
     8    0.082920    0.100025    0.156201    0.156615 ^ clkbuf_0_clk/X (sky130_fd_sc_hd__clkbuf_16)
                                                         clknet_0_clk (net)
                      0.100120    0.002531    0.159146 ^ clkbuf_3_2__f_clk/A (sky130_fd_sc_hd__clkbuf_16)
    10    0.031709    0.052521    0.155780    0.314926 ^ clkbuf_3_2__f_clk/X (sky130_fd_sc_hd__clkbuf_16)
                                                         clknet_3_2__leaf_clk (net)
                      0.052523    0.000522    0.315448 ^ dsa[27]._9_/CLK (sky130_fd_sc_hd__dfrtp_1)
     2    0.009316    0.094799    0.361692    0.677140 ^ dsa[27]._9_/Q (sky130_fd_sc_hd__dfrtp_1)
                                                         dsa[27].y_out (net)
                      0.094799    0.000266    0.677405 ^ dsa[28]._6_/A (sky130_fd_sc_hd__xnor2_1)
     1    0.003388    0.037222    0.080574    0.757979 v dsa[28]._6_/Y (sky130_fd_sc_hd__xnor2_1)
                                                         dsa[28].y_out_next (net)
                      0.037222    0.000104    0.758084 v dsa[28]._9_/D (sky130_fd_sc_hd__dfrtp_1)
                                              0.758084   data arrival time

                                  0.000000    0.000000   clock core_clock (rise edge)
                                  0.000000    0.000000   clock source latency
     1    0.014766    0.000000    0.000000    0.000000 ^ clk (in)
                                                         clk (net)
                      0.000828    0.000414    0.000414 ^ clkbuf_0_clk/A (sky130_fd_sc_hd__clkbuf_16)
     8    0.082920    0.100025    0.156201    0.156615 ^ clkbuf_0_clk/X (sky130_fd_sc_hd__clkbuf_16)
                                                         clknet_0_clk (net)
                      0.100513    0.005588    0.162202 ^ clkbuf_3_0__f_clk/A (sky130_fd_sc_hd__clkbuf_16)
    10    0.032660    0.053347    0.156652    0.318855 ^ clkbuf_3_0__f_clk/X (sky130_fd_sc_hd__clkbuf_16)
                                                         clknet_3_0__leaf_clk (net)
                      0.053348    0.000553    0.319407 ^ dsa[28]._9_/CLK (sky130_fd_sc_hd__dfrtp_1)
                                  0.000000    0.319407   clock reconvergence pessimism
                                 -0.040705    0.278702   library hold time
                                              0.278702   data required time
---------------------------------------------------------------------------------------------
                                              0.278702   data required time
                                             -0.758084   data arrival time
---------------------------------------------------------------------------------------------
                                              0.479381   slack (MET)


Startpoint: dsa[9]._9_ (rising edge-triggered flip-flop clocked by core_clock)
Endpoint: dsa[10]._9_ (rising edge-triggered flip-flop clocked by core_clock)
Path Group: core_clock
Path Type: min

Fanout         Cap        Slew       Delay        Time   Description
---------------------------------------------------------------------------------------------
                                  0.000000    0.000000   clock core_clock (rise edge)
                                  0.000000    0.000000   clock source latency
     1    0.014766    0.000000    0.000000    0.000000 ^ clk (in)
                                                         clk (net)
                      0.000828    0.000414    0.000414 ^ clkbuf_0_clk/A (sky130_fd_sc_hd__clkbuf_16)
     8    0.082920    0.100025    0.156201    0.156615 ^ clkbuf_0_clk/X (sky130_fd_sc_hd__clkbuf_16)
                                                         clknet_0_clk (net)
                      0.100205    0.003442    0.160057 ^ clkbuf_3_7__f_clk/A (sky130_fd_sc_hd__clkbuf_16)
    10    0.029812    0.050901    0.154433    0.314490 ^ clkbuf_3_7__f_clk/X (sky130_fd_sc_hd__clkbuf_16)
                                                         clknet_3_7__leaf_clk (net)
                      0.050903    0.000548    0.315039 ^ dsa[9]._9_/CLK (sky130_fd_sc_hd__dfrtp_1)
     2    0.009405    0.095465    0.361688    0.676727 ^ dsa[9]._9_/Q (sky130_fd_sc_hd__dfrtp_1)
                                                         dsa[10].y_in (net)
                      0.095465    0.000268    0.676995 ^ dsa[10]._6_/A (sky130_fd_sc_hd__xnor2_1)
     1    0.002597    0.032056    0.076000    0.752995 v dsa[10]._6_/Y (sky130_fd_sc_hd__xnor2_1)
                                                         dsa[10].y_out_next (net)
                      0.032056    0.000073    0.753068 v dsa[10]._9_/D (sky130_fd_sc_hd__dfrtp_1)
                                              0.753068   data arrival time

                                  0.000000    0.000000   clock core_clock (rise edge)
                                  0.000000    0.000000   clock source latency
     1    0.014766    0.000000    0.000000    0.000000 ^ clk (in)
                                                         clk (net)
                      0.000828    0.000414    0.000414 ^ clkbuf_0_clk/A (sky130_fd_sc_hd__clkbuf_16)
     8    0.082920    0.100025    0.156201    0.156615 ^ clkbuf_0_clk/X (sky130_fd_sc_hd__clkbuf_16)
                                                         clknet_0_clk (net)
                      0.100194    0.003339    0.159953 ^ clkbuf_3_6__f_clk/A (sky130_fd_sc_hd__clkbuf_16)
     8    0.027342    0.048568    0.152529    0.312482 ^ clkbuf_3_6__f_clk/X (sky130_fd_sc_hd__clkbuf_16)
                                                         clknet_3_6__leaf_clk (net)
                      0.048571    0.000579    0.313061 ^ dsa[10]._9_/CLK (sky130_fd_sc_hd__dfrtp_1)
                                  0.000000    0.313061   clock reconvergence pessimism
                                 -0.039692    0.273369   library hold time
                                              0.273369   data required time
---------------------------------------------------------------------------------------------
                                              0.273369   data required time
                                             -0.753068   data arrival time
---------------------------------------------------------------------------------------------
                                              0.479699   slack (MET)


Startpoint: dsa[12]._9_ (rising edge-triggered flip-flop clocked by core_clock)
Endpoint: dsa[13]._9_ (rising edge-triggered flip-flop clocked by core_clock)
Path Group: core_clock
Path Type: min

Fanout         Cap        Slew       Delay        Time   Description
---------------------------------------------------------------------------------------------
                                  0.000000    0.000000   clock core_clock (rise edge)
                                  0.000000    0.000000   clock source latency
     1    0.014766    0.000000    0.000000    0.000000 ^ clk (in)
                                                         clk (net)
                      0.000828    0.000414    0.000414 ^ clkbuf_0_clk/A (sky130_fd_sc_hd__clkbuf_16)
     8    0.082920    0.100025    0.156201    0.156615 ^ clkbuf_0_clk/X (sky130_fd_sc_hd__clkbuf_16)
                                                         clknet_0_clk (net)
                      0.100205    0.003442    0.160057 ^ clkbuf_3_7__f_clk/A (sky130_fd_sc_hd__clkbuf_16)
    10    0.029812    0.050901    0.154433    0.314490 ^ clkbuf_3_7__f_clk/X (sky130_fd_sc_hd__clkbuf_16)
                                                         clknet_3_7__leaf_clk (net)
                      0.050905    0.000837    0.315328 ^ dsa[12]._9_/CLK (sky130_fd_sc_hd__dfrtp_1)
     2    0.009592    0.096983    0.362828    0.678156 ^ dsa[12]._9_/Q (sky130_fd_sc_hd__dfrtp_1)
                                                         dsa[12].y_out (net)
                      0.096983    0.000248    0.678404 ^ dsa[13]._6_/A (sky130_fd_sc_hd__xnor2_1)
     1    0.002342    0.030680    0.074698    0.753102 v dsa[13]._6_/Y (sky130_fd_sc_hd__xnor2_1)
                                                         dsa[13].y_out_next (net)
                      0.030680    0.000066    0.753169 v dsa[13]._9_/D (sky130_fd_sc_hd__dfrtp_1)
                                              0.753169   data arrival time

                                  0.000000    0.000000   clock core_clock (rise edge)
                                  0.000000    0.000000   clock source latency
     1    0.014766    0.000000    0.000000    0.000000 ^ clk (in)
                                                         clk (net)
                      0.000828    0.000414    0.000414 ^ clkbuf_0_clk/A (sky130_fd_sc_hd__clkbuf_16)
     8    0.082920    0.100025    0.156201    0.156615 ^ clkbuf_0_clk/X (sky130_fd_sc_hd__clkbuf_16)
                                                         clknet_0_clk (net)
                      0.100108    0.002364    0.158979 ^ clkbuf_3_3__f_clk/A (sky130_fd_sc_hd__clkbuf_16)
     9    0.027412    0.048669    0.152535    0.311514 ^ clkbuf_3_3__f_clk/X (sky130_fd_sc_hd__clkbuf_16)
                                                         clknet_3_3__leaf_clk (net)
                      0.048671    0.000683    0.312197 ^ dsa[13]._9_/CLK (sky130_fd_sc_hd__dfrtp_1)
                                  0.000000    0.312197   clock reconvergence pessimism
                                 -0.039108    0.273088   library hold time
                                              0.273088   data required time
---------------------------------------------------------------------------------------------
                                              0.273088   data required time
                                             -0.753169   data arrival time
---------------------------------------------------------------------------------------------
                                              0.480080   slack (MET)


Startpoint: dsa[28]._9_ (rising edge-triggered flip-flop clocked by core_clock)
Endpoint: dsa[29]._9_ (rising edge-triggered flip-flop clocked by core_clock)
Path Group: core_clock
Path Type: min

Fanout         Cap        Slew       Delay        Time   Description
---------------------------------------------------------------------------------------------
                                  0.000000    0.000000   clock core_clock (rise edge)
                                  0.000000    0.000000   clock source latency
     1    0.014766    0.000000    0.000000    0.000000 ^ clk (in)
                                                         clk (net)
                      0.000828    0.000414    0.000414 ^ clkbuf_0_clk/A (sky130_fd_sc_hd__clkbuf_16)
     8    0.082920    0.100025    0.156201    0.156615 ^ clkbuf_0_clk/X (sky130_fd_sc_hd__clkbuf_16)
                                                         clknet_0_clk (net)
                      0.100513    0.005588    0.162202 ^ clkbuf_3_0__f_clk/A (sky130_fd_sc_hd__clkbuf_16)
    10    0.032660    0.053347    0.156652    0.318855 ^ clkbuf_3_0__f_clk/X (sky130_fd_sc_hd__clkbuf_16)
                                                         clknet_3_0__leaf_clk (net)
                      0.053348    0.000553    0.319407 ^ dsa[28]._9_/CLK (sky130_fd_sc_hd__dfrtp_1)
     2    0.008487    0.089147    0.356429    0.675836 ^ dsa[28]._9_/Q (sky130_fd_sc_hd__dfrtp_1)
                                                         dsa[28].y_out (net)
                      0.089147    0.000238    0.676074 ^ dsa[29]._6_/A (sky130_fd_sc_hd__xnor2_1)
     1    0.002908    0.033980    0.076156    0.752230 v dsa[29]._6_/Y (sky130_fd_sc_hd__xnor2_1)
                                                         dsa[29].y_out_next (net)
                      0.033980    0.000064    0.752294 v dsa[29]._9_/D (sky130_fd_sc_hd__dfrtp_1)
                                              0.752294   data arrival time

                                  0.000000    0.000000   clock core_clock (rise edge)
                                  0.000000    0.000000   clock source latency
     1    0.014766    0.000000    0.000000    0.000000 ^ clk (in)
                                                         clk (net)
                      0.000828    0.000414    0.000414 ^ clkbuf_0_clk/A (sky130_fd_sc_hd__clkbuf_16)
     8    0.082920    0.100025    0.156201    0.156615 ^ clkbuf_0_clk/X (sky130_fd_sc_hd__clkbuf_16)
                                                         clknet_0_clk (net)
                      0.100503    0.005534    0.162148 ^ clkbuf_3_1__f_clk/A (sky130_fd_sc_hd__clkbuf_16)
     7    0.024844    0.046180    0.150280    0.312429 ^ clkbuf_3_1__f_clk/X (sky130_fd_sc_hd__clkbuf_16)
                                                         clknet_3_1__leaf_clk (net)
                      0.046186    0.000527    0.312956 ^ dsa[29]._9_/CLK (sky130_fd_sc_hd__dfrtp_1)
                                  0.000000    0.312956   clock reconvergence pessimism
                                 -0.041019    0.271937   library hold time
                                              0.271937   data required time
---------------------------------------------------------------------------------------------
                                              0.271937   data required time
                                             -0.752294   data arrival time
---------------------------------------------------------------------------------------------
                                              0.480357   slack (MET)


Startpoint: dsa[7]._9_ (rising edge-triggered flip-flop clocked by core_clock)
Endpoint: dsa[8]._9_ (rising edge-triggered flip-flop clocked by core_clock)
Path Group: core_clock
Path Type: min

Fanout         Cap        Slew       Delay        Time   Description
---------------------------------------------------------------------------------------------
                                  0.000000    0.000000   clock core_clock (rise edge)
                                  0.000000    0.000000   clock source latency
     1    0.014766    0.000000    0.000000    0.000000 ^ clk (in)
                                                         clk (net)
                      0.000828    0.000414    0.000414 ^ clkbuf_0_clk/A (sky130_fd_sc_hd__clkbuf_16)
     8    0.082920    0.100025    0.156201    0.156615 ^ clkbuf_0_clk/X (sky130_fd_sc_hd__clkbuf_16)
                                                         clknet_0_clk (net)
                      0.100380    0.004787    0.161402 ^ clkbuf_3_4__f_clk/A (sky130_fd_sc_hd__clkbuf_16)
     9    0.023158    0.044657    0.148636    0.310038 ^ clkbuf_3_4__f_clk/X (sky130_fd_sc_hd__clkbuf_16)
                                                         clknet_3_4__leaf_clk (net)
                      0.044661    0.000431    0.310469 ^ dsa[7]._9_/CLK (sky130_fd_sc_hd__dfrtp_1)
     2    0.010354    0.103180    0.365090    0.675559 ^ dsa[7]._9_/Q (sky130_fd_sc_hd__dfrtp_1)
                                                         dsa[7].y_out (net)
                      0.103180    0.000308    0.675867 ^ dsa[8]._6_/A (sky130_fd_sc_hd__xnor2_1)
     1    0.002219    0.030121    0.075516    0.751383 v dsa[8]._6_/Y (sky130_fd_sc_hd__xnor2_1)
                                                         dsa[8].y_out_next (net)
                      0.030121    0.000062    0.751445 v dsa[8]._9_/D (sky130_fd_sc_hd__dfrtp_1)
                                              0.751445   data arrival time

                                  0.000000    0.000000   clock core_clock (rise edge)
                                  0.000000    0.000000   clock source latency
     1    0.014766    0.000000    0.000000    0.000000 ^ clk (in)
                                                         clk (net)
                      0.000828    0.000414    0.000414 ^ clkbuf_0_clk/A (sky130_fd_sc_hd__clkbuf_16)
     8    0.082920    0.100025    0.156201    0.156615 ^ clkbuf_0_clk/X (sky130_fd_sc_hd__clkbuf_16)
                                                         clknet_0_clk (net)
                      0.100380    0.004787    0.161402 ^ clkbuf_3_4__f_clk/A (sky130_fd_sc_hd__clkbuf_16)
     9    0.023158    0.044657    0.148636    0.310038 ^ clkbuf_3_4__f_clk/X (sky130_fd_sc_hd__clkbuf_16)
                                                         clknet_3_4__leaf_clk (net)
                      0.044665    0.000565    0.310603 ^ dsa[8]._9_/CLK (sky130_fd_sc_hd__dfrtp_1)
                                  0.000000    0.310603   clock reconvergence pessimism
                                 -0.039794    0.270809   library hold time
                                              0.270809   data required time
---------------------------------------------------------------------------------------------
                                              0.270809   data required time
                                             -0.751445   data arrival time
---------------------------------------------------------------------------------------------
                                              0.480636   slack (MET)


Startpoint: dsa[18]._9_ (rising edge-triggered flip-flop clocked by core_clock)
Endpoint: dsa[19]._9_ (rising edge-triggered flip-flop clocked by core_clock)
Path Group: core_clock
Path Type: min

Fanout         Cap        Slew       Delay        Time   Description
---------------------------------------------------------------------------------------------
                                  0.000000    0.000000   clock core_clock (rise edge)
                                  0.000000    0.000000   clock source latency
     1    0.014766    0.000000    0.000000    0.000000 ^ clk (in)
                                                         clk (net)
                      0.000828    0.000414    0.000414 ^ clkbuf_0_clk/A (sky130_fd_sc_hd__clkbuf_16)
     8    0.082920    0.100025    0.156201    0.156615 ^ clkbuf_0_clk/X (sky130_fd_sc_hd__clkbuf_16)
                                                         clknet_0_clk (net)
                      0.100380    0.004787    0.161402 ^ clkbuf_3_4__f_clk/A (sky130_fd_sc_hd__clkbuf_16)
     9    0.023158    0.044657    0.148636    0.310038 ^ clkbuf_3_4__f_clk/X (sky130_fd_sc_hd__clkbuf_16)
                                                         clknet_3_4__leaf_clk (net)
                      0.044662    0.000476    0.310514 ^ dsa[18]._9_/CLK (sky130_fd_sc_hd__dfrtp_1)
     2    0.010542    0.104720    0.366223    0.676737 ^ dsa[18]._9_/Q (sky130_fd_sc_hd__dfrtp_1)
                                                         dsa[18].y_out (net)
                      0.104720    0.000344    0.677081 ^ dsa[19]._6_/A (sky130_fd_sc_hd__xnor2_1)
     1    0.003443    0.038304    0.083645    0.760726 v dsa[19]._6_/Y (sky130_fd_sc_hd__xnor2_1)
                                                         dsa[19].y_out_next (net)
                      0.038304    0.000074    0.760800 v dsa[19]._9_/D (sky130_fd_sc_hd__dfrtp_1)
                                              0.760800   data arrival time

                                  0.000000    0.000000   clock core_clock (rise edge)
                                  0.000000    0.000000   clock source latency
     1    0.014766    0.000000    0.000000    0.000000 ^ clk (in)
                                                         clk (net)
                      0.000828    0.000414    0.000414 ^ clkbuf_0_clk/A (sky130_fd_sc_hd__clkbuf_16)
     8    0.082920    0.100025    0.156201    0.156615 ^ clkbuf_0_clk/X (sky130_fd_sc_hd__clkbuf_16)
                                                         clknet_0_clk (net)
                      0.100513    0.005588    0.162202 ^ clkbuf_3_0__f_clk/A (sky130_fd_sc_hd__clkbuf_16)
    10    0.032660    0.053347    0.156652    0.318855 ^ clkbuf_3_0__f_clk/X (sky130_fd_sc_hd__clkbuf_16)
                                                         clknet_3_0__leaf_clk (net)
                      0.053350    0.000825    0.319680 ^ dsa[19]._9_/CLK (sky130_fd_sc_hd__dfrtp_1)
                                  0.000000    0.319680   clock reconvergence pessimism
                                 -0.041145    0.278535   library hold time
                                              0.278535   data required time
---------------------------------------------------------------------------------------------
                                              0.278535   data required time
                                             -0.760800   data arrival time
---------------------------------------------------------------------------------------------
                                              0.482265   slack (MET)


Startpoint: dsa[1]._9_ (rising edge-triggered flip-flop clocked by core_clock)
Endpoint: dsa[2]._9_ (rising edge-triggered flip-flop clocked by core_clock)
Path Group: core_clock
Path Type: min

Fanout         Cap        Slew       Delay        Time   Description
---------------------------------------------------------------------------------------------
                                  0.000000    0.000000   clock core_clock (rise edge)
                                  0.000000    0.000000   clock source latency
     1    0.014766    0.000000    0.000000    0.000000 ^ clk (in)
                                                         clk (net)
                      0.000828    0.000414    0.000414 ^ clkbuf_0_clk/A (sky130_fd_sc_hd__clkbuf_16)
     8    0.082920    0.100025    0.156201    0.156615 ^ clkbuf_0_clk/X (sky130_fd_sc_hd__clkbuf_16)
                                                         clknet_0_clk (net)
                      0.100205    0.003442    0.160057 ^ clkbuf_3_7__f_clk/A (sky130_fd_sc_hd__clkbuf_16)
    10    0.029812    0.050901    0.154433    0.314490 ^ clkbuf_3_7__f_clk/X (sky130_fd_sc_hd__clkbuf_16)
                                                         clknet_3_7__leaf_clk (net)
                      0.050904    0.000667    0.315158 ^ dsa[1]._9_/CLK (sky130_fd_sc_hd__dfrtp_1)
     2    0.009644    0.097411    0.363110    0.678267 ^ dsa[1]._9_/Q (sky130_fd_sc_hd__dfrtp_1)
                                                         dsa[1].y_out (net)
                      0.097411    0.000300    0.678567 ^ dsa[2]._6_/A (sky130_fd_sc_hd__xnor2_1)
     1    0.002989    0.035205    0.078888    0.757455 v dsa[2]._6_/Y (sky130_fd_sc_hd__xnor2_1)
                                                         dsa[2].y_out_next (net)
                      0.035205    0.000095    0.757549 v dsa[2]._9_/D (sky130_fd_sc_hd__dfrtp_1)
                                              0.757549   data arrival time

                                  0.000000    0.000000   clock core_clock (rise edge)
                                  0.000000    0.000000   clock source latency
     1    0.014766    0.000000    0.000000    0.000000 ^ clk (in)
                                                         clk (net)
                      0.000828    0.000414    0.000414 ^ clkbuf_0_clk/A (sky130_fd_sc_hd__clkbuf_16)
     8    0.082920    0.100025    0.156201    0.156615 ^ clkbuf_0_clk/X (sky130_fd_sc_hd__clkbuf_16)
                                                         clknet_0_clk (net)
                      0.100205    0.003442    0.160057 ^ clkbuf_3_7__f_clk/A (sky130_fd_sc_hd__clkbuf_16)
    10    0.029812    0.050901    0.154433    0.314490 ^ clkbuf_3_7__f_clk/X (sky130_fd_sc_hd__clkbuf_16)
                                                         clknet_3_7__leaf_clk (net)
                      0.050903    0.000552    0.315042 ^ dsa[2]._9_/CLK (sky130_fd_sc_hd__dfrtp_1)
                                  0.000000    0.315042   clock reconvergence pessimism
                                 -0.040442    0.274601   library hold time
                                              0.274601   data required time
---------------------------------------------------------------------------------------------
                                              0.274601   data required time
                                             -0.757549   data arrival time
---------------------------------------------------------------------------------------------
                                              0.482949   slack (MET)


Startpoint: dsa[30]._9_ (rising edge-triggered flip-flop clocked by core_clock)
Endpoint: dsa[31]._9_ (rising edge-triggered flip-flop clocked by core_clock)
Path Group: core_clock
Path Type: min

Fanout         Cap        Slew       Delay        Time   Description
---------------------------------------------------------------------------------------------
                                  0.000000    0.000000   clock core_clock (rise edge)
                                  0.000000    0.000000   clock source latency
     1    0.014766    0.000000    0.000000    0.000000 ^ clk (in)
                                                         clk (net)
                      0.000828    0.000414    0.000414 ^ clkbuf_0_clk/A (sky130_fd_sc_hd__clkbuf_16)
     8    0.082920    0.100025    0.156201    0.156615 ^ clkbuf_0_clk/X (sky130_fd_sc_hd__clkbuf_16)
                                                         clknet_0_clk (net)
                      0.100503    0.005534    0.162148 ^ clkbuf_3_1__f_clk/A (sky130_fd_sc_hd__clkbuf_16)
     7    0.024844    0.046180    0.150280    0.312429 ^ clkbuf_3_1__f_clk/X (sky130_fd_sc_hd__clkbuf_16)
                                                         clknet_3_1__leaf_clk (net)
                      0.046185    0.000471    0.312900 ^ dsa[30]._9_/CLK (sky130_fd_sc_hd__dfrtp_1)
     2    0.009190    0.093912    0.358487    0.671387 ^ dsa[30]._9_/Q (sky130_fd_sc_hd__dfrtp_1)
                                                         dsa[30].y_out (net)
                      0.093912    0.000266    0.671653 ^ dsa[31]._6_/A (sky130_fd_sc_hd__xnor2_1)
     1    0.004505    0.044866    0.087025    0.758679 v dsa[31]._6_/Y (sky130_fd_sc_hd__xnor2_1)
                                                         dsa[31].y_out_next (net)
                      0.044866    0.000150    0.758829 v dsa[31]._9_/D (sky130_fd_sc_hd__dfrtp_1)
                                              0.758829   data arrival time

                                  0.000000    0.000000   clock core_clock (rise edge)
                                  0.000000    0.000000   clock source latency
     1    0.014766    0.000000    0.000000    0.000000 ^ clk (in)
                                                         clk (net)
                      0.000828    0.000414    0.000414 ^ clkbuf_0_clk/A (sky130_fd_sc_hd__clkbuf_16)
     8    0.082920    0.100025    0.156201    0.156615 ^ clkbuf_0_clk/X (sky130_fd_sc_hd__clkbuf_16)
                                                         clknet_0_clk (net)
                      0.100513    0.005588    0.162202 ^ clkbuf_3_0__f_clk/A (sky130_fd_sc_hd__clkbuf_16)
    10    0.032660    0.053347    0.156652    0.318855 ^ clkbuf_3_0__f_clk/X (sky130_fd_sc_hd__clkbuf_16)
                                                         clknet_3_0__leaf_clk (net)
                      0.053350    0.000782    0.319636 ^ dsa[31]._9_/CLK (sky130_fd_sc_hd__dfrtp_1)
                                  0.000000    0.319636   clock reconvergence pessimism
                                 -0.043816    0.275820   library hold time
                                              0.275820   data required time
---------------------------------------------------------------------------------------------
                                              0.275820   data required time
                                             -0.758829   data arrival time
---------------------------------------------------------------------------------------------
                                              0.483009   slack (MET)


Startpoint: dsa[5]._9_ (rising edge-triggered flip-flop clocked by core_clock)
Endpoint: dsa[6]._9_ (rising edge-triggered flip-flop clocked by core_clock)
Path Group: core_clock
Path Type: min

Fanout         Cap        Slew       Delay        Time   Description
---------------------------------------------------------------------------------------------
                                  0.000000    0.000000   clock core_clock (rise edge)
                                  0.000000    0.000000   clock source latency
     1    0.014766    0.000000    0.000000    0.000000 ^ clk (in)
                                                         clk (net)
                      0.000828    0.000414    0.000414 ^ clkbuf_0_clk/A (sky130_fd_sc_hd__clkbuf_16)
     8    0.082920    0.100025    0.156201    0.156615 ^ clkbuf_0_clk/X (sky130_fd_sc_hd__clkbuf_16)
                                                         clknet_0_clk (net)
                      0.100393    0.004871    0.161486 ^ clkbuf_3_5__f_clk/A (sky130_fd_sc_hd__clkbuf_16)
     8    0.029652    0.050767    0.154396    0.315882 ^ clkbuf_3_5__f_clk/X (sky130_fd_sc_hd__clkbuf_16)
                                                         clknet_3_5__leaf_clk (net)
                      0.050770    0.000666    0.316549 ^ dsa[5]._9_/CLK (sky130_fd_sc_hd__dfrtp_1)
     2    0.010683    0.105889    0.369330    0.685879 ^ dsa[5]._9_/Q (sky130_fd_sc_hd__dfrtp_1)
                                                         dsa[5].y_out (net)
                      0.105889    0.000330    0.686209 ^ dsa[6]._6_/A (sky130_fd_sc_hd__xnor2_1)
     1    0.002329    0.030485    0.076985    0.763193 v dsa[6]._6_/Y (sky130_fd_sc_hd__xnor2_1)
                                                         dsa[6].y_out_next (net)
                      0.030485    0.000065    0.763258 v dsa[6]._9_/D (sky130_fd_sc_hd__dfrtp_1)
                                              0.763258   data arrival time

                                  0.000000    0.000000   clock core_clock (rise edge)
                                  0.000000    0.000000   clock source latency
     1    0.014766    0.000000    0.000000    0.000000 ^ clk (in)
                                                         clk (net)
                      0.000828    0.000414    0.000414 ^ clkbuf_0_clk/A (sky130_fd_sc_hd__clkbuf_16)
     8    0.082920    0.100025    0.156201    0.156615 ^ clkbuf_0_clk/X (sky130_fd_sc_hd__clkbuf_16)
                                                         clknet_0_clk (net)
                      0.100393    0.004871    0.161486 ^ clkbuf_3_5__f_clk/A (sky130_fd_sc_hd__clkbuf_16)
     8    0.029652    0.050767    0.154396    0.315882 ^ clkbuf_3_5__f_clk/X (sky130_fd_sc_hd__clkbuf_16)
                                                         clknet_3_5__leaf_clk (net)
                      0.050770    0.000698    0.316581 ^ dsa[6]._9_/CLK (sky130_fd_sc_hd__dfrtp_1)
                                  0.000000    0.316581   clock reconvergence pessimism
                                 -0.038551    0.278030   library hold time
                                              0.278030   data required time
---------------------------------------------------------------------------------------------
                                              0.278030   data required time
                                             -0.763258   data arrival time
---------------------------------------------------------------------------------------------
                                              0.485228   slack (MET)


Startpoint: dsa[29]._9_ (rising edge-triggered flip-flop clocked by core_clock)
Endpoint: dsa[30]._9_ (rising edge-triggered flip-flop clocked by core_clock)
Path Group: core_clock
Path Type: min

Fanout         Cap        Slew       Delay        Time   Description
---------------------------------------------------------------------------------------------
                                  0.000000    0.000000   clock core_clock (rise edge)
                                  0.000000    0.000000   clock source latency
     1    0.014766    0.000000    0.000000    0.000000 ^ clk (in)
                                                         clk (net)
                      0.000828    0.000414    0.000414 ^ clkbuf_0_clk/A (sky130_fd_sc_hd__clkbuf_16)
     8    0.082920    0.100025    0.156201    0.156615 ^ clkbuf_0_clk/X (sky130_fd_sc_hd__clkbuf_16)
                                                         clknet_0_clk (net)
                      0.100503    0.005534    0.162148 ^ clkbuf_3_1__f_clk/A (sky130_fd_sc_hd__clkbuf_16)
     7    0.024844    0.046180    0.150280    0.312429 ^ clkbuf_3_1__f_clk/X (sky130_fd_sc_hd__clkbuf_16)
                                                         clknet_3_1__leaf_clk (net)
                      0.046186    0.000527    0.312956 ^ dsa[29]._9_/CLK (sky130_fd_sc_hd__dfrtp_1)
     2    0.009446    0.095782    0.360168    0.673124 ^ dsa[29]._9_/Q (sky130_fd_sc_hd__dfrtp_1)
                                                         dsa[29].y_out (net)
                      0.095782    0.000256    0.673380 ^ dsa[30]._6_/A (sky130_fd_sc_hd__xnor2_1)
     1    0.003587    0.038624    0.082041    0.755422 v dsa[30]._6_/Y (sky130_fd_sc_hd__xnor2_1)
                                                         dsa[30].y_out_next (net)
                      0.038624    0.000109    0.755531 v dsa[30]._9_/D (sky130_fd_sc_hd__dfrtp_1)
                                              0.755531   data arrival time

                                  0.000000    0.000000   clock core_clock (rise edge)
                                  0.000000    0.000000   clock source latency
     1    0.014766    0.000000    0.000000    0.000000 ^ clk (in)
                                                         clk (net)
                      0.000828    0.000414    0.000414 ^ clkbuf_0_clk/A (sky130_fd_sc_hd__clkbuf_16)
     8    0.082920    0.100025    0.156201    0.156615 ^ clkbuf_0_clk/X (sky130_fd_sc_hd__clkbuf_16)
                                                         clknet_0_clk (net)
                      0.100503    0.005534    0.162148 ^ clkbuf_3_1__f_clk/A (sky130_fd_sc_hd__clkbuf_16)
     7    0.024844    0.046180    0.150280    0.312429 ^ clkbuf_3_1__f_clk/X (sky130_fd_sc_hd__clkbuf_16)
                                                         clknet_3_1__leaf_clk (net)
                      0.046185    0.000471    0.312900 ^ dsa[30]._9_/CLK (sky130_fd_sc_hd__dfrtp_1)
                                  0.000000    0.312900   clock reconvergence pessimism
                                 -0.042910    0.269991   library hold time
                                              0.269991   data required time
---------------------------------------------------------------------------------------------
                                              0.269991   data required time
                                             -0.755531   data arrival time
---------------------------------------------------------------------------------------------
                                              0.485540   slack (MET)


Startpoint: dsa[26]._9_ (rising edge-triggered flip-flop clocked by core_clock)
Endpoint: dsa[27]._9_ (rising edge-triggered flip-flop clocked by core_clock)
Path Group: core_clock
Path Type: min

Fanout         Cap        Slew       Delay        Time   Description
---------------------------------------------------------------------------------------------
                                  0.000000    0.000000   clock core_clock (rise edge)
                                  0.000000    0.000000   clock source latency
     1    0.014766    0.000000    0.000000    0.000000 ^ clk (in)
                                                         clk (net)
                      0.000828    0.000414    0.000414 ^ clkbuf_0_clk/A (sky130_fd_sc_hd__clkbuf_16)
     8    0.082920    0.100025    0.156201    0.156615 ^ clkbuf_0_clk/X (sky130_fd_sc_hd__clkbuf_16)
                                                         clknet_0_clk (net)
                      0.100120    0.002531    0.159146 ^ clkbuf_3_2__f_clk/A (sky130_fd_sc_hd__clkbuf_16)
    10    0.031709    0.052521    0.155780    0.314926 ^ clkbuf_3_2__f_clk/X (sky130_fd_sc_hd__clkbuf_16)
                                                         clknet_3_2__leaf_clk (net)
                      0.052525    0.000815    0.315741 ^ dsa[26]._9_/CLK (sky130_fd_sc_hd__dfrtp_1)
     2    0.009748    0.098266    0.364339    0.680080 ^ dsa[26]._9_/Q (sky130_fd_sc_hd__dfrtp_1)
                                                         dsa[26].y_out (net)
                      0.098266    0.000291    0.680371 ^ dsa[27]._6_/A (sky130_fd_sc_hd__xnor2_1)
     1    0.003373    0.037247    0.081435    0.761806 v dsa[27]._6_/Y (sky130_fd_sc_hd__xnor2_1)
                                                         dsa[27].y_out_next (net)
                      0.037247    0.000108    0.761914 v dsa[27]._9_/D (sky130_fd_sc_hd__dfrtp_1)
                                              0.761914   data arrival time

                                  0.000000    0.000000   clock core_clock (rise edge)
                                  0.000000    0.000000   clock source latency
     1    0.014766    0.000000    0.000000    0.000000 ^ clk (in)
                                                         clk (net)
                      0.000828    0.000414    0.000414 ^ clkbuf_0_clk/A (sky130_fd_sc_hd__clkbuf_16)
     8    0.082920    0.100025    0.156201    0.156615 ^ clkbuf_0_clk/X (sky130_fd_sc_hd__clkbuf_16)
                                                         clknet_0_clk (net)
                      0.100120    0.002531    0.159146 ^ clkbuf_3_2__f_clk/A (sky130_fd_sc_hd__clkbuf_16)
    10    0.031709    0.052521    0.155780    0.314926 ^ clkbuf_3_2__f_clk/X (sky130_fd_sc_hd__clkbuf_16)
                                                         clknet_3_2__leaf_clk (net)
                      0.052523    0.000522    0.315448 ^ dsa[27]._9_/CLK (sky130_fd_sc_hd__dfrtp_1)
                                  0.000000    0.315448   clock reconvergence pessimism
                                 -0.040904    0.274544   library hold time
                                              0.274544   data required time
---------------------------------------------------------------------------------------------
                                              0.274544   data required time
                                             -0.761914   data arrival time
---------------------------------------------------------------------------------------------
                                              0.487370   slack (MET)


Startpoint: dsa[10]._9_ (rising edge-triggered flip-flop clocked by core_clock)
Endpoint: dsa[11]._9_ (rising edge-triggered flip-flop clocked by core_clock)
Path Group: core_clock
Path Type: min

Fanout         Cap        Slew       Delay        Time   Description
---------------------------------------------------------------------------------------------
                                  0.000000    0.000000   clock core_clock (rise edge)
                                  0.000000    0.000000   clock source latency
     1    0.014766    0.000000    0.000000    0.000000 ^ clk (in)
                                                         clk (net)
                      0.000828    0.000414    0.000414 ^ clkbuf_0_clk/A (sky130_fd_sc_hd__clkbuf_16)
     8    0.082920    0.100025    0.156201    0.156615 ^ clkbuf_0_clk/X (sky130_fd_sc_hd__clkbuf_16)
                                                         clknet_0_clk (net)
                      0.100194    0.003339    0.159953 ^ clkbuf_3_6__f_clk/A (sky130_fd_sc_hd__clkbuf_16)
     8    0.027342    0.048568    0.152529    0.312482 ^ clkbuf_3_6__f_clk/X (sky130_fd_sc_hd__clkbuf_16)
                                                         clknet_3_6__leaf_clk (net)
                      0.048571    0.000579    0.313061 ^ dsa[10]._9_/CLK (sky130_fd_sc_hd__dfrtp_1)
     2    0.010407    0.103620    0.366873    0.679933 ^ dsa[10]._9_/Q (sky130_fd_sc_hd__dfrtp_1)
                                                         dsa[10].y_out (net)
                      0.103620    0.000311    0.680244 ^ dsa[11]._6_/A (sky130_fd_sc_hd__xnor2_1)
     1    0.003486    0.037976    0.083601    0.763845 v dsa[11]._6_/Y (sky130_fd_sc_hd__xnor2_1)
                                                         dsa[11].y_out_next (net)
                      0.037976    0.000080    0.763925 v dsa[11]._9_/D (sky130_fd_sc_hd__dfrtp_1)
                                              0.763925   data arrival time

                                  0.000000    0.000000   clock core_clock (rise edge)
                                  0.000000    0.000000   clock source latency
     1    0.014766    0.000000    0.000000    0.000000 ^ clk (in)
                                                         clk (net)
                      0.000828    0.000414    0.000414 ^ clkbuf_0_clk/A (sky130_fd_sc_hd__clkbuf_16)
     8    0.082920    0.100025    0.156201    0.156615 ^ clkbuf_0_clk/X (sky130_fd_sc_hd__clkbuf_16)
                                                         clknet_0_clk (net)
                      0.100205    0.003442    0.160057 ^ clkbuf_3_7__f_clk/A (sky130_fd_sc_hd__clkbuf_16)
    10    0.029812    0.050901    0.154433    0.314490 ^ clkbuf_3_7__f_clk/X (sky130_fd_sc_hd__clkbuf_16)
                                                         clknet_3_7__leaf_clk (net)
                      0.050904    0.000663    0.315154 ^ dsa[11]._9_/CLK (sky130_fd_sc_hd__dfrtp_1)
                                  0.000000    0.315154   clock reconvergence pessimism
                                 -0.041569    0.273584   library hold time
                                              0.273584   data required time
---------------------------------------------------------------------------------------------
                                              0.273584   data required time
                                             -0.763925   data arrival time
---------------------------------------------------------------------------------------------
                                              0.490341   slack (MET)


Startpoint: dsa[11]._9_ (rising edge-triggered flip-flop clocked by core_clock)
Endpoint: dsa[12]._9_ (rising edge-triggered flip-flop clocked by core_clock)
Path Group: core_clock
Path Type: min

Fanout         Cap        Slew       Delay        Time   Description
---------------------------------------------------------------------------------------------
                                  0.000000    0.000000   clock core_clock (rise edge)
                                  0.000000    0.000000   clock source latency
     1    0.014766    0.000000    0.000000    0.000000 ^ clk (in)
                                                         clk (net)
                      0.000828    0.000414    0.000414 ^ clkbuf_0_clk/A (sky130_fd_sc_hd__clkbuf_16)
     8    0.082920    0.100025    0.156201    0.156615 ^ clkbuf_0_clk/X (sky130_fd_sc_hd__clkbuf_16)
                                                         clknet_0_clk (net)
                      0.100205    0.003442    0.160057 ^ clkbuf_3_7__f_clk/A (sky130_fd_sc_hd__clkbuf_16)
    10    0.029812    0.050901    0.154433    0.314490 ^ clkbuf_3_7__f_clk/X (sky130_fd_sc_hd__clkbuf_16)
                                                         clknet_3_7__leaf_clk (net)
                      0.050904    0.000663    0.315154 ^ dsa[11]._9_/CLK (sky130_fd_sc_hd__dfrtp_1)
     2    0.010869    0.107411    0.370510    0.685664 ^ dsa[11]._9_/Q (sky130_fd_sc_hd__dfrtp_1)
                                                         dsa[11].y_out (net)
                      0.107411    0.000370    0.686034 ^ dsa[12]._6_/A (sky130_fd_sc_hd__xnor2_1)
     1    0.002971    0.034755    0.081515    0.767549 v dsa[12]._6_/Y (sky130_fd_sc_hd__xnor2_1)
                                                         dsa[12].y_out_next (net)
                      0.034755    0.000067    0.767616 v dsa[12]._9_/D (sky130_fd_sc_hd__dfrtp_1)
                                              0.767616   data arrival time

                                  0.000000    0.000000   clock core_clock (rise edge)
                                  0.000000    0.000000   clock source latency
     1    0.014766    0.000000    0.000000    0.000000 ^ clk (in)
                                                         clk (net)
                      0.000828    0.000414    0.000414 ^ clkbuf_0_clk/A (sky130_fd_sc_hd__clkbuf_16)
     8    0.082920    0.100025    0.156201    0.156615 ^ clkbuf_0_clk/X (sky130_fd_sc_hd__clkbuf_16)
                                                         clknet_0_clk (net)
                      0.100205    0.003442    0.160057 ^ clkbuf_3_7__f_clk/A (sky130_fd_sc_hd__clkbuf_16)
    10    0.029812    0.050901    0.154433    0.314490 ^ clkbuf_3_7__f_clk/X (sky130_fd_sc_hd__clkbuf_16)
                                                         clknet_3_7__leaf_clk (net)
                      0.050905    0.000837    0.315328 ^ dsa[12]._9_/CLK (sky130_fd_sc_hd__dfrtp_1)
                                  0.000000    0.315328   clock reconvergence pessimism
                                 -0.040258    0.275070   library hold time
                                              0.275070   data required time
---------------------------------------------------------------------------------------------
                                              0.275070   data required time
                                             -0.767616   data arrival time
---------------------------------------------------------------------------------------------
                                              0.492545   slack (MET)


Startpoint: dsa[30]._9_ (rising edge-triggered flip-flop clocked by core_clock)
Endpoint: dsa[31]._8_ (rising edge-triggered flip-flop clocked by core_clock)
Path Group: core_clock
Path Type: min

Fanout         Cap        Slew       Delay        Time   Description
---------------------------------------------------------------------------------------------
                                  0.000000    0.000000   clock core_clock (rise edge)
                                  0.000000    0.000000   clock source latency
     1    0.014766    0.000000    0.000000    0.000000 ^ clk (in)
                                                         clk (net)
                      0.000828    0.000414    0.000414 ^ clkbuf_0_clk/A (sky130_fd_sc_hd__clkbuf_16)
     8    0.082920    0.100025    0.156201    0.156615 ^ clkbuf_0_clk/X (sky130_fd_sc_hd__clkbuf_16)
                                                         clknet_0_clk (net)
                      0.100503    0.005534    0.162148 ^ clkbuf_3_1__f_clk/A (sky130_fd_sc_hd__clkbuf_16)
     7    0.024844    0.046180    0.150280    0.312429 ^ clkbuf_3_1__f_clk/X (sky130_fd_sc_hd__clkbuf_16)
                                                         clknet_3_1__leaf_clk (net)
                      0.046185    0.000471    0.312900 ^ dsa[30]._9_/CLK (sky130_fd_sc_hd__dfrtp_1)
     2    0.009190    0.093912    0.358487    0.671387 ^ dsa[30]._9_/Q (sky130_fd_sc_hd__dfrtp_1)
                                                         dsa[30].y_out (net)
                      0.093912    0.000230    0.671617 ^ dsa[31]._7_/A1 (sky130_fd_sc_hd__a21bo_1)
     1    0.002467    0.032790    0.109614    0.781232 ^ dsa[31]._7_/X (sky130_fd_sc_hd__a21bo_1)
                                                         dsa[31].last_carry_next (net)
                      0.032790    0.000070    0.781302 ^ dsa[31]._8_/D (sky130_fd_sc_hd__dfrtp_1)
                                              0.781302   data arrival time

                                  0.000000    0.000000   clock core_clock (rise edge)
                                  0.000000    0.000000   clock source latency
     1    0.014766    0.000000    0.000000    0.000000 ^ clk (in)
                                                         clk (net)
                      0.000828    0.000414    0.000414 ^ clkbuf_0_clk/A (sky130_fd_sc_hd__clkbuf_16)
     8    0.082920    0.100025    0.156201    0.156615 ^ clkbuf_0_clk/X (sky130_fd_sc_hd__clkbuf_16)
                                                         clknet_0_clk (net)
                      0.100513    0.005588    0.162202 ^ clkbuf_3_0__f_clk/A (sky130_fd_sc_hd__clkbuf_16)
    10    0.032660    0.053347    0.156652    0.318855 ^ clkbuf_3_0__f_clk/X (sky130_fd_sc_hd__clkbuf_16)
                                                         clknet_3_0__leaf_clk (net)
                      0.053352    0.000941    0.319795 ^ dsa[31]._8_/CLK (sky130_fd_sc_hd__dfrtp_1)
                                  0.000000    0.319795   clock reconvergence pessimism
                                 -0.031067    0.288729   library hold time
                                              0.288729   data required time
---------------------------------------------------------------------------------------------
                                              0.288729   data required time
                                             -0.781302   data arrival time
---------------------------------------------------------------------------------------------
                                              0.492573   slack (MET)


Startpoint: dsa[15]._9_ (rising edge-triggered flip-flop clocked by core_clock)
Endpoint: dsa[16]._8_ (rising edge-triggered flip-flop clocked by core_clock)
Path Group: core_clock
Path Type: min

Fanout         Cap        Slew       Delay        Time   Description
---------------------------------------------------------------------------------------------
                                  0.000000    0.000000   clock core_clock (rise edge)
                                  0.000000    0.000000   clock source latency
     1    0.014766    0.000000    0.000000    0.000000 ^ clk (in)
                                                         clk (net)
                      0.000828    0.000414    0.000414 ^ clkbuf_0_clk/A (sky130_fd_sc_hd__clkbuf_16)
     8    0.082920    0.100025    0.156201    0.156615 ^ clkbuf_0_clk/X (sky130_fd_sc_hd__clkbuf_16)
                                                         clknet_0_clk (net)
                      0.100380    0.004787    0.161402 ^ clkbuf_3_4__f_clk/A (sky130_fd_sc_hd__clkbuf_16)
     9    0.023158    0.044657    0.148636    0.310038 ^ clkbuf_3_4__f_clk/X (sky130_fd_sc_hd__clkbuf_16)
                                                         clknet_3_4__leaf_clk (net)
                      0.044665    0.000554    0.310592 ^ dsa[15]._9_/CLK (sky130_fd_sc_hd__dfrtp_1)
     2    0.008250    0.087378    0.351588    0.662180 ^ dsa[15]._9_/Q (sky130_fd_sc_hd__dfrtp_1)
                                                         dsa[15].y_out (net)
                      0.087378    0.000212    0.662392 ^ dsa[16]._7_/A1 (sky130_fd_sc_hd__a21bo_1)
     1    0.002980    0.036393    0.110877    0.773269 ^ dsa[16]._7_/X (sky130_fd_sc_hd__a21bo_1)
                                                         dsa[16].last_carry_next (net)
                      0.036393    0.000065    0.773334 ^ dsa[16]._8_/D (sky130_fd_sc_hd__dfrtp_1)
                                              0.773334   data arrival time

                                  0.000000    0.000000   clock core_clock (rise edge)
                                  0.000000    0.000000   clock source latency
     1    0.014766    0.000000    0.000000    0.000000 ^ clk (in)
                                                         clk (net)
                      0.000828    0.000414    0.000414 ^ clkbuf_0_clk/A (sky130_fd_sc_hd__clkbuf_16)
     8    0.082920    0.100025    0.156201    0.156615 ^ clkbuf_0_clk/X (sky130_fd_sc_hd__clkbuf_16)
                                                         clknet_0_clk (net)
                      0.100503    0.005534    0.162148 ^ clkbuf_3_1__f_clk/A (sky130_fd_sc_hd__clkbuf_16)
     7    0.024844    0.046180    0.150280    0.312429 ^ clkbuf_3_1__f_clk/X (sky130_fd_sc_hd__clkbuf_16)
                                                         clknet_3_1__leaf_clk (net)
                      0.046186    0.000527    0.312956 ^ dsa[16]._8_/CLK (sky130_fd_sc_hd__dfrtp_1)
                                  0.000000    0.312956   clock reconvergence pessimism
                                 -0.032798    0.280157   library hold time
                                              0.280157   data required time
---------------------------------------------------------------------------------------------
                                              0.280157   data required time
                                             -0.773334   data arrival time
---------------------------------------------------------------------------------------------
                                              0.493177   slack (MET)


Startpoint: dsa[25]._9_ (rising edge-triggered flip-flop clocked by core_clock)
Endpoint: dsa[26]._8_ (rising edge-triggered flip-flop clocked by core_clock)
Path Group: core_clock
Path Type: min

Fanout         Cap        Slew       Delay        Time   Description
---------------------------------------------------------------------------------------------
                                  0.000000    0.000000   clock core_clock (rise edge)
                                  0.000000    0.000000   clock source latency
     1    0.014766    0.000000    0.000000    0.000000 ^ clk (in)
                                                         clk (net)
                      0.000828    0.000414    0.000414 ^ clkbuf_0_clk/A (sky130_fd_sc_hd__clkbuf_16)
     8    0.082920    0.100025    0.156201    0.156615 ^ clkbuf_0_clk/X (sky130_fd_sc_hd__clkbuf_16)
                                                         clknet_0_clk (net)
                      0.100120    0.002531    0.159146 ^ clkbuf_3_2__f_clk/A (sky130_fd_sc_hd__clkbuf_16)
    10    0.031709    0.052521    0.155780    0.314926 ^ clkbuf_3_2__f_clk/X (sky130_fd_sc_hd__clkbuf_16)
                                                         clknet_3_2__leaf_clk (net)
                      0.052524    0.000679    0.315604 ^ dsa[25]._9_/CLK (sky130_fd_sc_hd__dfrtp_1)
     2    0.008380    0.088394    0.355446    0.671051 ^ dsa[25]._9_/Q (sky130_fd_sc_hd__dfrtp_1)
                                                         dsa[25].y_out (net)
                      0.088394    0.000175    0.671226 ^ dsa[26]._7_/A1 (sky130_fd_sc_hd__a21bo_1)
     1    0.002441    0.032609    0.107669    0.778894 ^ dsa[26]._7_/X (sky130_fd_sc_hd__a21bo_1)
                                                         dsa[26].last_carry_next (net)
                      0.032609    0.000069    0.778963 ^ dsa[26]._8_/D (sky130_fd_sc_hd__dfrtp_1)
                                              0.778963   data arrival time

                                  0.000000    0.000000   clock core_clock (rise edge)
                                  0.000000    0.000000   clock source latency
     1    0.014766    0.000000    0.000000    0.000000 ^ clk (in)
                                                         clk (net)
                      0.000828    0.000414    0.000414 ^ clkbuf_0_clk/A (sky130_fd_sc_hd__clkbuf_16)
     8    0.082920    0.100025    0.156201    0.156615 ^ clkbuf_0_clk/X (sky130_fd_sc_hd__clkbuf_16)
                                                         clknet_0_clk (net)
                      0.100120    0.002531    0.159146 ^ clkbuf_3_2__f_clk/A (sky130_fd_sc_hd__clkbuf_16)
    10    0.031709    0.052521    0.155780    0.314926 ^ clkbuf_3_2__f_clk/X (sky130_fd_sc_hd__clkbuf_16)
                                                         clknet_3_2__leaf_clk (net)
                      0.052526    0.000942    0.315868 ^ dsa[26]._8_/CLK (sky130_fd_sc_hd__dfrtp_1)
                                  0.000000    0.315868   clock reconvergence pessimism
                                 -0.031141    0.284727   library hold time
                                              0.284727   data required time
---------------------------------------------------------------------------------------------
                                              0.284727   data required time
                                             -0.778963   data arrival time
---------------------------------------------------------------------------------------------
                                              0.494237   slack (MET)


Startpoint: dsa[16]._9_ (rising edge-triggered flip-flop clocked by core_clock)
Endpoint: dsa[17]._8_ (rising edge-triggered flip-flop clocked by core_clock)
Path Group: core_clock
Path Type: min

Fanout         Cap        Slew       Delay        Time   Description
---------------------------------------------------------------------------------------------
                                  0.000000    0.000000   clock core_clock (rise edge)
                                  0.000000    0.000000   clock source latency
     1    0.014766    0.000000    0.000000    0.000000 ^ clk (in)
                                                         clk (net)
                      0.000828    0.000414    0.000414 ^ clkbuf_0_clk/A (sky130_fd_sc_hd__clkbuf_16)
     8    0.082920    0.100025    0.156201    0.156615 ^ clkbuf_0_clk/X (sky130_fd_sc_hd__clkbuf_16)
                                                         clknet_0_clk (net)
                      0.100380    0.004787    0.161402 ^ clkbuf_3_4__f_clk/A (sky130_fd_sc_hd__clkbuf_16)
     9    0.023158    0.044657    0.148636    0.310038 ^ clkbuf_3_4__f_clk/X (sky130_fd_sc_hd__clkbuf_16)
                                                         clknet_3_4__leaf_clk (net)
                      0.044661    0.000439    0.310476 ^ dsa[16]._9_/CLK (sky130_fd_sc_hd__dfrtp_1)
     2    0.009005    0.092640    0.356676    0.667152 ^ dsa[16]._9_/Q (sky130_fd_sc_hd__dfrtp_1)
                                                         dsa[16].y_out (net)
                      0.092640    0.000192    0.667344 ^ dsa[17]._7_/A1 (sky130_fd_sc_hd__a21bo_1)
     1    0.002292    0.031588    0.108060    0.775404 ^ dsa[17]._7_/X (sky130_fd_sc_hd__a21bo_1)
                                                         dsa[17].last_carry_next (net)
                      0.031588    0.000064    0.775468 ^ dsa[17]._8_/D (sky130_fd_sc_hd__dfrtp_1)
                                              0.775468   data arrival time

                                  0.000000    0.000000   clock core_clock (rise edge)
                                  0.000000    0.000000   clock source latency
     1    0.014766    0.000000    0.000000    0.000000 ^ clk (in)
                                                         clk (net)
                      0.000828    0.000414    0.000414 ^ clkbuf_0_clk/A (sky130_fd_sc_hd__clkbuf_16)
     8    0.082920    0.100025    0.156201    0.156615 ^ clkbuf_0_clk/X (sky130_fd_sc_hd__clkbuf_16)
                                                         clknet_0_clk (net)
                      0.100503    0.005534    0.162148 ^ clkbuf_3_1__f_clk/A (sky130_fd_sc_hd__clkbuf_16)
     7    0.024844    0.046180    0.150280    0.312429 ^ clkbuf_3_1__f_clk/X (sky130_fd_sc_hd__clkbuf_16)
                                                         clknet_3_1__leaf_clk (net)
                      0.046186    0.000525    0.312954 ^ dsa[17]._8_/CLK (sky130_fd_sc_hd__dfrtp_1)
                                  0.000000    0.312954   clock reconvergence pessimism
                                 -0.031792    0.281162   library hold time
                                              0.281162   data required time
---------------------------------------------------------------------------------------------
                                              0.281162   data required time
                                             -0.775468   data arrival time
---------------------------------------------------------------------------------------------
                                              0.494305   slack (MET)


Startpoint: dsa[21]._9_ (rising edge-triggered flip-flop clocked by core_clock)
Endpoint: dsa[22]._8_ (rising edge-triggered flip-flop clocked by core_clock)
Path Group: core_clock
Path Type: min

Fanout         Cap        Slew       Delay        Time   Description
---------------------------------------------------------------------------------------------
                                  0.000000    0.000000   clock core_clock (rise edge)
                                  0.000000    0.000000   clock source latency
     1    0.014766    0.000000    0.000000    0.000000 ^ clk (in)
                                                         clk (net)
                      0.000828    0.000414    0.000414 ^ clkbuf_0_clk/A (sky130_fd_sc_hd__clkbuf_16)
     8    0.082920    0.100025    0.156201    0.156615 ^ clkbuf_0_clk/X (sky130_fd_sc_hd__clkbuf_16)
                                                         clknet_0_clk (net)
                      0.100108    0.002364    0.158979 ^ clkbuf_3_3__f_clk/A (sky130_fd_sc_hd__clkbuf_16)
     9    0.027412    0.048669    0.152535    0.311514 ^ clkbuf_3_3__f_clk/X (sky130_fd_sc_hd__clkbuf_16)
                                                         clknet_3_3__leaf_clk (net)
                      0.048670    0.000476    0.311990 ^ dsa[21]._9_/CLK (sky130_fd_sc_hd__dfrtp_1)
     2    0.008127    0.086392    0.352281    0.664271 ^ dsa[21]._9_/Q (sky130_fd_sc_hd__dfrtp_1)
                                                         dsa[21].y_out (net)
                      0.086392    0.000128    0.664399 ^ dsa[22]._7_/A1 (sky130_fd_sc_hd__a21bo_1)
     1    0.003337    0.038950    0.112890    0.777290 ^ dsa[22]._7_/X (sky130_fd_sc_hd__a21bo_1)
                                                         dsa[22].last_carry_next (net)
                      0.038950    0.000097    0.777386 ^ dsa[22]._8_/D (sky130_fd_sc_hd__dfrtp_1)
                                              0.777386   data arrival time

                                  0.000000    0.000000   clock core_clock (rise edge)
                                  0.000000    0.000000   clock source latency
     1    0.014766    0.000000    0.000000    0.000000 ^ clk (in)
                                                         clk (net)
                      0.000828    0.000414    0.000414 ^ clkbuf_0_clk/A (sky130_fd_sc_hd__clkbuf_16)
     8    0.082920    0.100025    0.156201    0.156615 ^ clkbuf_0_clk/X (sky130_fd_sc_hd__clkbuf_16)
                                                         clknet_0_clk (net)
                      0.100120    0.002531    0.159146 ^ clkbuf_3_2__f_clk/A (sky130_fd_sc_hd__clkbuf_16)
    10    0.031709    0.052521    0.155780    0.314926 ^ clkbuf_3_2__f_clk/X (sky130_fd_sc_hd__clkbuf_16)
                                                         clknet_3_2__leaf_clk (net)
                      0.052523    0.000507    0.315433 ^ dsa[22]._8_/CLK (sky130_fd_sc_hd__dfrtp_1)
                                  0.000000    0.315433   clock reconvergence pessimism
                                 -0.032470    0.282963   library hold time
                                              0.282963   data required time
---------------------------------------------------------------------------------------------
                                              0.282963   data required time
                                             -0.777386   data arrival time
---------------------------------------------------------------------------------------------
                                              0.494423   slack (MET)


Startpoint: dsa[0]._9_ (rising edge-triggered flip-flop clocked by core_clock)
Endpoint: dsa[1]._8_ (rising edge-triggered flip-flop clocked by core_clock)
Path Group: core_clock
Path Type: min

Fanout         Cap        Slew       Delay        Time   Description
---------------------------------------------------------------------------------------------
                                  0.000000    0.000000   clock core_clock (rise edge)
                                  0.000000    0.000000   clock source latency
     1    0.014766    0.000000    0.000000    0.000000 ^ clk (in)
                                                         clk (net)
                      0.000828    0.000414    0.000414 ^ clkbuf_0_clk/A (sky130_fd_sc_hd__clkbuf_16)
     8    0.082920    0.100025    0.156201    0.156615 ^ clkbuf_0_clk/X (sky130_fd_sc_hd__clkbuf_16)
                                                         clknet_0_clk (net)
                      0.100205    0.003442    0.160057 ^ clkbuf_3_7__f_clk/A (sky130_fd_sc_hd__clkbuf_16)
    10    0.029812    0.050901    0.154433    0.314490 ^ clkbuf_3_7__f_clk/X (sky130_fd_sc_hd__clkbuf_16)
                                                         clknet_3_7__leaf_clk (net)
                      0.050904    0.000703    0.315194 ^ dsa[0]._9_/CLK (sky130_fd_sc_hd__dfrtp_1)
     2    0.008386    0.088428    0.354877    0.670071 ^ dsa[0]._9_/Q (sky130_fd_sc_hd__dfrtp_1)
                                                         dsa[0].y_out (net)
                      0.088428    0.000175    0.670246 ^ dsa[1]._7_/A1 (sky130_fd_sc_hd__a21bo_1)
     1    0.002734    0.034656    0.109601    0.779847 ^ dsa[1]._7_/X (sky130_fd_sc_hd__a21bo_1)
                                                         dsa[1].last_carry_next (net)
                      0.034656    0.000077    0.779924 ^ dsa[1]._8_/D (sky130_fd_sc_hd__dfrtp_1)
                                              0.779924   data arrival time

                                  0.000000    0.000000   clock core_clock (rise edge)
                                  0.000000    0.000000   clock source latency
     1    0.014766    0.000000    0.000000    0.000000 ^ clk (in)
                                                         clk (net)
                      0.000828    0.000414    0.000414 ^ clkbuf_0_clk/A (sky130_fd_sc_hd__clkbuf_16)
     8    0.082920    0.100025    0.156201    0.156615 ^ clkbuf_0_clk/X (sky130_fd_sc_hd__clkbuf_16)
                                                         clknet_0_clk (net)
                      0.100205    0.003442    0.160057 ^ clkbuf_3_7__f_clk/A (sky130_fd_sc_hd__clkbuf_16)
    10    0.029812    0.050901    0.154433    0.314490 ^ clkbuf_3_7__f_clk/X (sky130_fd_sc_hd__clkbuf_16)
                                                         clknet_3_7__leaf_clk (net)
                      0.050906    0.000905    0.315396 ^ dsa[1]._8_/CLK (sky130_fd_sc_hd__dfrtp_1)
                                  0.000000    0.315396   clock reconvergence pessimism
                                 -0.031791    0.283605   library hold time
                                              0.283605   data required time
---------------------------------------------------------------------------------------------
                                              0.283605   data required time
                                             -0.779924   data arrival time
---------------------------------------------------------------------------------------------
                                              0.496320   slack (MET)


Startpoint: dsa[23]._9_ (rising edge-triggered flip-flop clocked by core_clock)
Endpoint: dsa[24]._8_ (rising edge-triggered flip-flop clocked by core_clock)
Path Group: core_clock
Path Type: min

Fanout         Cap        Slew       Delay        Time   Description
---------------------------------------------------------------------------------------------
                                  0.000000    0.000000   clock core_clock (rise edge)
                                  0.000000    0.000000   clock source latency
     1    0.014766    0.000000    0.000000    0.000000 ^ clk (in)
                                                         clk (net)
                      0.000828    0.000414    0.000414 ^ clkbuf_0_clk/A (sky130_fd_sc_hd__clkbuf_16)
     8    0.082920    0.100025    0.156201    0.156615 ^ clkbuf_0_clk/X (sky130_fd_sc_hd__clkbuf_16)
                                                         clknet_0_clk (net)
                      0.100108    0.002364    0.158979 ^ clkbuf_3_3__f_clk/A (sky130_fd_sc_hd__clkbuf_16)
     9    0.027412    0.048669    0.152535    0.311514 ^ clkbuf_3_3__f_clk/X (sky130_fd_sc_hd__clkbuf_16)
                                                         clknet_3_3__leaf_clk (net)
                      0.048671    0.000610    0.312124 ^ dsa[23]._9_/CLK (sky130_fd_sc_hd__dfrtp_1)
     2    0.008920    0.092072    0.357607    0.669731 ^ dsa[23]._9_/Q (sky130_fd_sc_hd__dfrtp_1)
                                                         dsa[23].y_out (net)
                      0.092072    0.000213    0.669944 ^ dsa[24]._7_/A1 (sky130_fd_sc_hd__a21bo_1)
     1    0.002718    0.034541    0.110667    0.780611 ^ dsa[24]._7_/X (sky130_fd_sc_hd__a21bo_1)
                                                         dsa[24].last_carry_next (net)
                      0.034541    0.000077    0.780687 ^ dsa[24]._8_/D (sky130_fd_sc_hd__dfrtp_1)
                                              0.780687   data arrival time

                                  0.000000    0.000000   clock core_clock (rise edge)
                                  0.000000    0.000000   clock source latency
     1    0.014766    0.000000    0.000000    0.000000 ^ clk (in)
                                                         clk (net)
                      0.000828    0.000414    0.000414 ^ clkbuf_0_clk/A (sky130_fd_sc_hd__clkbuf_16)
     8    0.082920    0.100025    0.156201    0.156615 ^ clkbuf_0_clk/X (sky130_fd_sc_hd__clkbuf_16)
                                                         clknet_0_clk (net)
                      0.100120    0.002531    0.159146 ^ clkbuf_3_2__f_clk/A (sky130_fd_sc_hd__clkbuf_16)
    10    0.031709    0.052521    0.155780    0.314926 ^ clkbuf_3_2__f_clk/X (sky130_fd_sc_hd__clkbuf_16)
                                                         clknet_3_2__leaf_clk (net)
                      0.052525    0.000836    0.315762 ^ dsa[24]._8_/CLK (sky130_fd_sc_hd__dfrtp_1)
                                  0.000000    0.315762   clock reconvergence pessimism
                                 -0.031546    0.284216   library hold time
                                              0.284216   data required time
---------------------------------------------------------------------------------------------
                                              0.284216   data required time
                                             -0.780687   data arrival time
---------------------------------------------------------------------------------------------
                                              0.496471   slack (MET)


Startpoint: dsa[22]._9_ (rising edge-triggered flip-flop clocked by core_clock)
Endpoint: dsa[23]._8_ (rising edge-triggered flip-flop clocked by core_clock)
Path Group: core_clock
Path Type: min

Fanout         Cap        Slew       Delay        Time   Description
---------------------------------------------------------------------------------------------
                                  0.000000    0.000000   clock core_clock (rise edge)
                                  0.000000    0.000000   clock source latency
     1    0.014766    0.000000    0.000000    0.000000 ^ clk (in)
                                                         clk (net)
                      0.000828    0.000414    0.000414 ^ clkbuf_0_clk/A (sky130_fd_sc_hd__clkbuf_16)
     8    0.082920    0.100025    0.156201    0.156615 ^ clkbuf_0_clk/X (sky130_fd_sc_hd__clkbuf_16)
                                                         clknet_0_clk (net)
                      0.100108    0.002364    0.158979 ^ clkbuf_3_3__f_clk/A (sky130_fd_sc_hd__clkbuf_16)
     9    0.027412    0.048669    0.152535    0.311514 ^ clkbuf_3_3__f_clk/X (sky130_fd_sc_hd__clkbuf_16)
                                                         clknet_3_3__leaf_clk (net)
                      0.048670    0.000550    0.312064 ^ dsa[22]._9_/CLK (sky130_fd_sc_hd__dfrtp_1)
     2    0.008786    0.091159    0.356712    0.668776 ^ dsa[22]._9_/Q (sky130_fd_sc_hd__dfrtp_1)
                                                         dsa[22].y_out (net)
                      0.091159    0.000207    0.668983 ^ dsa[23]._7_/A1 (sky130_fd_sc_hd__a21bo_1)
     1    0.002965    0.036290    0.111995    0.780978 ^ dsa[23]._7_/X (sky130_fd_sc_hd__a21bo_1)
                                                         dsa[23].last_carry_next (net)
                      0.036290    0.000067    0.781045 ^ dsa[23]._8_/D (sky130_fd_sc_hd__dfrtp_1)
                                              0.781045   data arrival time

                                  0.000000    0.000000   clock core_clock (rise edge)
                                  0.000000    0.000000   clock source latency
     1    0.014766    0.000000    0.000000    0.000000 ^ clk (in)
                                                         clk (net)
                      0.000828    0.000414    0.000414 ^ clkbuf_0_clk/A (sky130_fd_sc_hd__clkbuf_16)
     8    0.082920    0.100025    0.156201    0.156615 ^ clkbuf_0_clk/X (sky130_fd_sc_hd__clkbuf_16)
                                                         clknet_0_clk (net)
                      0.100120    0.002531    0.159146 ^ clkbuf_3_2__f_clk/A (sky130_fd_sc_hd__clkbuf_16)
    10    0.031709    0.052521    0.155780    0.314926 ^ clkbuf_3_2__f_clk/X (sky130_fd_sc_hd__clkbuf_16)
                                                         clknet_3_2__leaf_clk (net)
                      0.052524    0.000680    0.315606 ^ dsa[23]._8_/CLK (sky130_fd_sc_hd__dfrtp_1)
                                  0.000000    0.315606   clock reconvergence pessimism
                                 -0.031912    0.283694   library hold time
                                              0.283694   data required time
---------------------------------------------------------------------------------------------
                                              0.283694   data required time
                                             -0.781045   data arrival time
---------------------------------------------------------------------------------------------
                                              0.497352   slack (MET)


Startpoint: dsa[29]._9_ (rising edge-triggered flip-flop clocked by core_clock)
Endpoint: dsa[30]._8_ (rising edge-triggered flip-flop clocked by core_clock)
Path Group: core_clock
Path Type: min

Fanout         Cap        Slew       Delay        Time   Description
---------------------------------------------------------------------------------------------
                                  0.000000    0.000000   clock core_clock (rise edge)
                                  0.000000    0.000000   clock source latency
     1    0.014766    0.000000    0.000000    0.000000 ^ clk (in)
                                                         clk (net)
                      0.000828    0.000414    0.000414 ^ clkbuf_0_clk/A (sky130_fd_sc_hd__clkbuf_16)
     8    0.082920    0.100025    0.156201    0.156615 ^ clkbuf_0_clk/X (sky130_fd_sc_hd__clkbuf_16)
                                                         clknet_0_clk (net)
                      0.100503    0.005534    0.162148 ^ clkbuf_3_1__f_clk/A (sky130_fd_sc_hd__clkbuf_16)
     7    0.024844    0.046180    0.150280    0.312429 ^ clkbuf_3_1__f_clk/X (sky130_fd_sc_hd__clkbuf_16)
                                                         clknet_3_1__leaf_clk (net)
                      0.046186    0.000527    0.312956 ^ dsa[29]._9_/CLK (sky130_fd_sc_hd__dfrtp_1)
     2    0.009446    0.095782    0.360168    0.673124 ^ dsa[29]._9_/Q (sky130_fd_sc_hd__dfrtp_1)
                                                         dsa[29].y_out (net)
                      0.095782    0.000239    0.673363 ^ dsa[30]._7_/A1 (sky130_fd_sc_hd__a21bo_1)
     1    0.002802    0.035132    0.112405    0.785769 ^ dsa[30]._7_/X (sky130_fd_sc_hd__a21bo_1)
                                                         dsa[30].last_carry_next (net)
                      0.035132    0.000083    0.785852 ^ dsa[30]._8_/D (sky130_fd_sc_hd__dfrtp_1)
                                              0.785852   data arrival time

                                  0.000000    0.000000   clock core_clock (rise edge)
                                  0.000000    0.000000   clock source latency
     1    0.014766    0.000000    0.000000    0.000000 ^ clk (in)
                                                         clk (net)
                      0.000828    0.000414    0.000414 ^ clkbuf_0_clk/A (sky130_fd_sc_hd__clkbuf_16)
     8    0.082920    0.100025    0.156201    0.156615 ^ clkbuf_0_clk/X (sky130_fd_sc_hd__clkbuf_16)
                                                         clknet_0_clk (net)
                      0.100513    0.005588    0.162202 ^ clkbuf_3_0__f_clk/A (sky130_fd_sc_hd__clkbuf_16)
    10    0.032660    0.053347    0.156652    0.318855 ^ clkbuf_3_0__f_clk/X (sky130_fd_sc_hd__clkbuf_16)
                                                         clknet_3_0__leaf_clk (net)
                      0.053352    0.000965    0.319820 ^ dsa[30]._8_/CLK (sky130_fd_sc_hd__dfrtp_1)
                                  0.000000    0.319820   clock reconvergence pessimism
                                 -0.031557    0.288263   library hold time
                                              0.288263   data required time
---------------------------------------------------------------------------------------------
                                              0.288263   data required time
                                             -0.785852   data arrival time
---------------------------------------------------------------------------------------------
                                              0.497589   slack (MET)


Startpoint: dsa[14]._9_ (rising edge-triggered flip-flop clocked by core_clock)
Endpoint: dsa[15]._9_ (rising edge-triggered flip-flop clocked by core_clock)
Path Group: core_clock
Path Type: min

Fanout         Cap        Slew       Delay        Time   Description
---------------------------------------------------------------------------------------------
                                  0.000000    0.000000   clock core_clock (rise edge)
                                  0.000000    0.000000   clock source latency
     1    0.014766    0.000000    0.000000    0.000000 ^ clk (in)
                                                         clk (net)
                      0.000828    0.000414    0.000414 ^ clkbuf_0_clk/A (sky130_fd_sc_hd__clkbuf_16)
     8    0.082920    0.100025    0.156201    0.156615 ^ clkbuf_0_clk/X (sky130_fd_sc_hd__clkbuf_16)
                                                         clknet_0_clk (net)
                      0.100194    0.003339    0.159953 ^ clkbuf_3_6__f_clk/A (sky130_fd_sc_hd__clkbuf_16)
     8    0.027342    0.048568    0.152529    0.312482 ^ clkbuf_3_6__f_clk/X (sky130_fd_sc_hd__clkbuf_16)
                                                         clknet_3_6__leaf_clk (net)
                      0.048570    0.000547    0.313030 ^ dsa[14]._9_/CLK (sky130_fd_sc_hd__dfrtp_1)
     2    0.010700    0.106027    0.368605    0.681634 ^ dsa[14]._9_/Q (sky130_fd_sc_hd__dfrtp_1)
                                                         dsa[14].y_out (net)
                      0.106027    0.000402    0.682037 ^ dsa[15]._6_/A (sky130_fd_sc_hd__xnor2_1)
     1    0.003383    0.037434    0.083635    0.765672 v dsa[15]._6_/Y (sky130_fd_sc_hd__xnor2_1)
                                                         dsa[15].y_out_next (net)
                      0.037434    0.000102    0.765774 v dsa[15]._9_/D (sky130_fd_sc_hd__dfrtp_1)
                                              0.765774   data arrival time

                                  0.000000    0.000000   clock core_clock (rise edge)
                                  0.000000    0.000000   clock source latency
     1    0.014766    0.000000    0.000000    0.000000 ^ clk (in)
                                                         clk (net)
                      0.000828    0.000414    0.000414 ^ clkbuf_0_clk/A (sky130_fd_sc_hd__clkbuf_16)
     8    0.082920    0.100025    0.156201    0.156615 ^ clkbuf_0_clk/X (sky130_fd_sc_hd__clkbuf_16)
                                                         clknet_0_clk (net)
                      0.100380    0.004787    0.161402 ^ clkbuf_3_4__f_clk/A (sky130_fd_sc_hd__clkbuf_16)
     9    0.023158    0.044657    0.148636    0.310038 ^ clkbuf_3_4__f_clk/X (sky130_fd_sc_hd__clkbuf_16)
                                                         clknet_3_4__leaf_clk (net)
                      0.044665    0.000554    0.310592 ^ dsa[15]._9_/CLK (sky130_fd_sc_hd__dfrtp_1)
                                  0.000000    0.310592   clock reconvergence pessimism
                                 -0.042772    0.267821   library hold time
                                              0.267821   data required time
---------------------------------------------------------------------------------------------
                                              0.267821   data required time
                                             -0.765774   data arrival time
---------------------------------------------------------------------------------------------
                                              0.497953   slack (MET)


Startpoint: dsa[4]._9_ (rising edge-triggered flip-flop clocked by core_clock)
Endpoint: dsa[5]._8_ (rising edge-triggered flip-flop clocked by core_clock)
Path Group: core_clock
Path Type: min

Fanout         Cap        Slew       Delay        Time   Description
---------------------------------------------------------------------------------------------
                                  0.000000    0.000000   clock core_clock (rise edge)
                                  0.000000    0.000000   clock source latency
     1    0.014766    0.000000    0.000000    0.000000 ^ clk (in)
                                                         clk (net)
                      0.000828    0.000414    0.000414 ^ clkbuf_0_clk/A (sky130_fd_sc_hd__clkbuf_16)
     8    0.082920    0.100025    0.156201    0.156615 ^ clkbuf_0_clk/X (sky130_fd_sc_hd__clkbuf_16)
                                                         clknet_0_clk (net)
                      0.100393    0.004871    0.161486 ^ clkbuf_3_5__f_clk/A (sky130_fd_sc_hd__clkbuf_16)
     8    0.029652    0.050767    0.154396    0.315882 ^ clkbuf_3_5__f_clk/X (sky130_fd_sc_hd__clkbuf_16)
                                                         clknet_3_5__leaf_clk (net)
                      0.050768    0.000383    0.316265 ^ dsa[4]._9_/CLK (sky130_fd_sc_hd__dfrtp_1)
     2    0.008443    0.088834    0.355183    0.671449 ^ dsa[4]._9_/Q (sky130_fd_sc_hd__dfrtp_1)
                                                         dsa[4].y_out (net)
                      0.088834    0.000171    0.671620 ^ dsa[5]._7_/A1 (sky130_fd_sc_hd__a21bo_1)
     1    0.003057    0.036940    0.111848    0.783468 ^ dsa[5]._7_/X (sky130_fd_sc_hd__a21bo_1)
                                                         dsa[5].last_carry_next (net)
                      0.036940    0.000070    0.783538 ^ dsa[5]._8_/D (sky130_fd_sc_hd__dfrtp_1)
                                              0.783538   data arrival time

                                  0.000000    0.000000   clock core_clock (rise edge)
                                  0.000000    0.000000   clock source latency
     1    0.014766    0.000000    0.000000    0.000000 ^ clk (in)
                                                         clk (net)
                      0.000828    0.000414    0.000414 ^ clkbuf_0_clk/A (sky130_fd_sc_hd__clkbuf_16)
     8    0.082920    0.100025    0.156201    0.156615 ^ clkbuf_0_clk/X (sky130_fd_sc_hd__clkbuf_16)
                                                         clknet_0_clk (net)
                      0.100393    0.004871    0.161486 ^ clkbuf_3_5__f_clk/A (sky130_fd_sc_hd__clkbuf_16)
     8    0.029652    0.050767    0.154396    0.315882 ^ clkbuf_3_5__f_clk/X (sky130_fd_sc_hd__clkbuf_16)
                                                         clknet_3_5__leaf_clk (net)
                      0.050770    0.000680    0.316563 ^ dsa[5]._8_/CLK (sky130_fd_sc_hd__dfrtp_1)
                                  0.000000    0.316563   clock reconvergence pessimism
                                 -0.032288    0.284275   library hold time
                                              0.284275   data required time
---------------------------------------------------------------------------------------------
                                              0.284275   data required time
                                             -0.783538   data arrival time
---------------------------------------------------------------------------------------------
                                              0.499263   slack (MET)


Startpoint: dsa[17]._9_ (rising edge-triggered flip-flop clocked by core_clock)
Endpoint: dsa[18]._8_ (rising edge-triggered flip-flop clocked by core_clock)
Path Group: core_clock
Path Type: min

Fanout         Cap        Slew       Delay        Time   Description
---------------------------------------------------------------------------------------------
                                  0.000000    0.000000   clock core_clock (rise edge)
                                  0.000000    0.000000   clock source latency
     1    0.014766    0.000000    0.000000    0.000000 ^ clk (in)
                                                         clk (net)
                      0.000828    0.000414    0.000414 ^ clkbuf_0_clk/A (sky130_fd_sc_hd__clkbuf_16)
     8    0.082920    0.100025    0.156201    0.156615 ^ clkbuf_0_clk/X (sky130_fd_sc_hd__clkbuf_16)
                                                         clknet_0_clk (net)
                      0.100380    0.004787    0.161402 ^ clkbuf_3_4__f_clk/A (sky130_fd_sc_hd__clkbuf_16)
     9    0.023158    0.044657    0.148636    0.310038 ^ clkbuf_3_4__f_clk/X (sky130_fd_sc_hd__clkbuf_16)
                                                         clknet_3_4__leaf_clk (net)
                      0.044662    0.000455    0.310493 ^ dsa[17]._9_/CLK (sky130_fd_sc_hd__dfrtp_1)
     2    0.008496    0.089179    0.353234    0.663726 ^ dsa[17]._9_/Q (sky130_fd_sc_hd__dfrtp_1)
                                                         dsa[17].y_out (net)
                      0.089179    0.000253    0.663979 ^ dsa[18]._7_/A1 (sky130_fd_sc_hd__a21bo_1)
     1    0.003550    0.040467    0.115176    0.779156 ^ dsa[18]._7_/X (sky130_fd_sc_hd__a21bo_1)
                                                         dsa[18].last_carry_next (net)
                      0.040467    0.000106    0.779262 ^ dsa[18]._8_/D (sky130_fd_sc_hd__dfrtp_1)
                                              0.779262   data arrival time

                                  0.000000    0.000000   clock core_clock (rise edge)
                                  0.000000    0.000000   clock source latency
     1    0.014766    0.000000    0.000000    0.000000 ^ clk (in)
                                                         clk (net)
                      0.000828    0.000414    0.000414 ^ clkbuf_0_clk/A (sky130_fd_sc_hd__clkbuf_16)
     8    0.082920    0.100025    0.156201    0.156615 ^ clkbuf_0_clk/X (sky130_fd_sc_hd__clkbuf_16)
                                                         clknet_0_clk (net)
                      0.100503    0.005534    0.162148 ^ clkbuf_3_1__f_clk/A (sky130_fd_sc_hd__clkbuf_16)
     7    0.024844    0.046180    0.150280    0.312429 ^ clkbuf_3_1__f_clk/X (sky130_fd_sc_hd__clkbuf_16)
                                                         clknet_3_1__leaf_clk (net)
                      0.046181    0.000297    0.312726 ^ dsa[18]._8_/CLK (sky130_fd_sc_hd__dfrtp_1)
                                  0.000000    0.312726   clock reconvergence pessimism
                                 -0.033653    0.279073   library hold time
                                              0.279073   data required time
---------------------------------------------------------------------------------------------
                                              0.279073   data required time
                                             -0.779262   data arrival time
---------------------------------------------------------------------------------------------
                                              0.500189   slack (MET)


Startpoint: dsa[3]._9_ (rising edge-triggered flip-flop clocked by core_clock)
Endpoint: dsa[4]._8_ (rising edge-triggered flip-flop clocked by core_clock)
Path Group: core_clock
Path Type: min

Fanout         Cap        Slew       Delay        Time   Description
---------------------------------------------------------------------------------------------
                                  0.000000    0.000000   clock core_clock (rise edge)
                                  0.000000    0.000000   clock source latency
     1    0.014766    0.000000    0.000000    0.000000 ^ clk (in)
                                                         clk (net)
                      0.000828    0.000414    0.000414 ^ clkbuf_0_clk/A (sky130_fd_sc_hd__clkbuf_16)
     8    0.082920    0.100025    0.156201    0.156615 ^ clkbuf_0_clk/X (sky130_fd_sc_hd__clkbuf_16)
                                                         clknet_0_clk (net)
                      0.100393    0.004871    0.161486 ^ clkbuf_3_5__f_clk/A (sky130_fd_sc_hd__clkbuf_16)
     8    0.029652    0.050767    0.154396    0.315882 ^ clkbuf_3_5__f_clk/X (sky130_fd_sc_hd__clkbuf_16)
                                                         clknet_3_5__leaf_clk (net)
                      0.050768    0.000380    0.316262 ^ dsa[3]._9_/CLK (sky130_fd_sc_hd__dfrtp_1)
     2    0.009092    0.093243    0.359581    0.675843 ^ dsa[3]._9_/Q (sky130_fd_sc_hd__dfrtp_1)
                                                         dsa[3].y_out (net)
                      0.093243    0.000131    0.675975 ^ dsa[4]._7_/A1 (sky130_fd_sc_hd__a21bo_1)
     1    0.002533    0.033242    0.109827    0.785802 ^ dsa[4]._7_/X (sky130_fd_sc_hd__a21bo_1)
                                                         dsa[4].last_carry_next (net)
                      0.033242    0.000074    0.785876 ^ dsa[4]._8_/D (sky130_fd_sc_hd__dfrtp_1)
                                              0.785876   data arrival time

                                  0.000000    0.000000   clock core_clock (rise edge)
                                  0.000000    0.000000   clock source latency
     1    0.014766    0.000000    0.000000    0.000000 ^ clk (in)
                                                         clk (net)
                      0.000828    0.000414    0.000414 ^ clkbuf_0_clk/A (sky130_fd_sc_hd__clkbuf_16)
     8    0.082920    0.100025    0.156201    0.156615 ^ clkbuf_0_clk/X (sky130_fd_sc_hd__clkbuf_16)
                                                         clknet_0_clk (net)
                      0.100393    0.004871    0.161486 ^ clkbuf_3_5__f_clk/A (sky130_fd_sc_hd__clkbuf_16)
     8    0.029652    0.050767    0.154396    0.315882 ^ clkbuf_3_5__f_clk/X (sky130_fd_sc_hd__clkbuf_16)
                                                         clknet_3_5__leaf_clk (net)
                      0.050771    0.000775    0.316657 ^ dsa[4]._8_/CLK (sky130_fd_sc_hd__dfrtp_1)
                                  0.000000    0.316657   clock reconvergence pessimism
                                 -0.031513    0.285144   library hold time
                                              0.285144   data required time
---------------------------------------------------------------------------------------------
                                              0.285144   data required time
                                             -0.785876   data arrival time
---------------------------------------------------------------------------------------------
                                              0.500732   slack (MET)


Startpoint: dsa[20]._9_ (rising edge-triggered flip-flop clocked by core_clock)
Endpoint: dsa[21]._9_ (rising edge-triggered flip-flop clocked by core_clock)
Path Group: core_clock
Path Type: min

Fanout         Cap        Slew       Delay        Time   Description
---------------------------------------------------------------------------------------------
                                  0.000000    0.000000   clock core_clock (rise edge)
                                  0.000000    0.000000   clock source latency
     1    0.014766    0.000000    0.000000    0.000000 ^ clk (in)
                                                         clk (net)
                      0.000828    0.000414    0.000414 ^ clkbuf_0_clk/A (sky130_fd_sc_hd__clkbuf_16)
     8    0.082920    0.100025    0.156201    0.156615 ^ clkbuf_0_clk/X (sky130_fd_sc_hd__clkbuf_16)
                                                         clknet_0_clk (net)
                      0.100513    0.005588    0.162202 ^ clkbuf_3_0__f_clk/A (sky130_fd_sc_hd__clkbuf_16)
    10    0.032660    0.053347    0.156652    0.318855 ^ clkbuf_3_0__f_clk/X (sky130_fd_sc_hd__clkbuf_16)
                                                         clknet_3_0__leaf_clk (net)
                      0.053348    0.000528    0.319383 ^ dsa[20]._9_/CLK (sky130_fd_sc_hd__dfrtp_1)
     2    0.009634    0.097341    0.363930    0.683312 ^ dsa[20]._9_/Q (sky130_fd_sc_hd__dfrtp_1)
                                                         dsa[20].y_out (net)
                      0.097341    0.000382    0.683694 ^ dsa[21]._6_/A (sky130_fd_sc_hd__xnor2_1)
     1    0.004041    0.042169    0.085196    0.768890 v dsa[21]._6_/Y (sky130_fd_sc_hd__xnor2_1)
                                                         dsa[21].y_out_next (net)
                      0.042169    0.000138    0.769028 v dsa[21]._9_/D (sky130_fd_sc_hd__dfrtp_1)
                                              0.769028   data arrival time

                                  0.000000    0.000000   clock core_clock (rise edge)
                                  0.000000    0.000000   clock source latency
     1    0.014766    0.000000    0.000000    0.000000 ^ clk (in)
                                                         clk (net)
                      0.000828    0.000414    0.000414 ^ clkbuf_0_clk/A (sky130_fd_sc_hd__clkbuf_16)
     8    0.082920    0.100025    0.156201    0.156615 ^ clkbuf_0_clk/X (sky130_fd_sc_hd__clkbuf_16)
                                                         clknet_0_clk (net)
                      0.100108    0.002364    0.158979 ^ clkbuf_3_3__f_clk/A (sky130_fd_sc_hd__clkbuf_16)
     9    0.027412    0.048669    0.152535    0.311514 ^ clkbuf_3_3__f_clk/X (sky130_fd_sc_hd__clkbuf_16)
                                                         clknet_3_3__leaf_clk (net)
                      0.048670    0.000476    0.311990 ^ dsa[21]._9_/CLK (sky130_fd_sc_hd__dfrtp_1)
                                  0.000000    0.311990   clock reconvergence pessimism
                                 -0.043786    0.268203   library hold time
                                              0.268203   data required time
---------------------------------------------------------------------------------------------
                                              0.268203   data required time
                                             -0.769028   data arrival time
---------------------------------------------------------------------------------------------
                                              0.500825   slack (MET)


Startpoint: dsa[13]._9_ (rising edge-triggered flip-flop clocked by core_clock)
Endpoint: dsa[14]._8_ (rising edge-triggered flip-flop clocked by core_clock)
Path Group: core_clock
Path Type: min

Fanout         Cap        Slew       Delay        Time   Description
---------------------------------------------------------------------------------------------
                                  0.000000    0.000000   clock core_clock (rise edge)
                                  0.000000    0.000000   clock source latency
     1    0.014766    0.000000    0.000000    0.000000 ^ clk (in)
                                                         clk (net)
                      0.000828    0.000414    0.000414 ^ clkbuf_0_clk/A (sky130_fd_sc_hd__clkbuf_16)
     8    0.082920    0.100025    0.156201    0.156615 ^ clkbuf_0_clk/X (sky130_fd_sc_hd__clkbuf_16)
                                                         clknet_0_clk (net)
                      0.100108    0.002364    0.158979 ^ clkbuf_3_3__f_clk/A (sky130_fd_sc_hd__clkbuf_16)
     9    0.027412    0.048669    0.152535    0.311514 ^ clkbuf_3_3__f_clk/X (sky130_fd_sc_hd__clkbuf_16)
                                                         clknet_3_3__leaf_clk (net)
                      0.048671    0.000683    0.312197 ^ dsa[13]._9_/CLK (sky130_fd_sc_hd__dfrtp_1)
     2    0.008843    0.091552    0.357064    0.669261 ^ dsa[13]._9_/Q (sky130_fd_sc_hd__dfrtp_1)
                                                         dsa[13].y_out (net)
                      0.091552    0.000257    0.669518 ^ dsa[14]._7_/A1 (sky130_fd_sc_hd__a21bo_1)
     1    0.003010    0.036609    0.112414    0.781932 ^ dsa[14]._7_/X (sky130_fd_sc_hd__a21bo_1)
                                                         dsa[14].last_carry_next (net)
                      0.036609    0.000069    0.782001 ^ dsa[14]._8_/D (sky130_fd_sc_hd__dfrtp_1)
                                              0.782001   data arrival time

                                  0.000000    0.000000   clock core_clock (rise edge)
                                  0.000000    0.000000   clock source latency
     1    0.014766    0.000000    0.000000    0.000000 ^ clk (in)
                                                         clk (net)
                      0.000828    0.000414    0.000414 ^ clkbuf_0_clk/A (sky130_fd_sc_hd__clkbuf_16)
     8    0.082920    0.100025    0.156201    0.156615 ^ clkbuf_0_clk/X (sky130_fd_sc_hd__clkbuf_16)
                                                         clknet_0_clk (net)
                      0.100108    0.002364    0.158979 ^ clkbuf_3_3__f_clk/A (sky130_fd_sc_hd__clkbuf_16)
     9    0.027412    0.048669    0.152535    0.311514 ^ clkbuf_3_3__f_clk/X (sky130_fd_sc_hd__clkbuf_16)
                                                         clknet_3_3__leaf_clk (net)
                      0.048671    0.000604    0.312118 ^ dsa[14]._8_/CLK (sky130_fd_sc_hd__dfrtp_1)
                                  0.000000    0.312118   clock reconvergence pessimism
                                 -0.032505    0.279613   library hold time
                                              0.279613   data required time
---------------------------------------------------------------------------------------------
                                              0.279613   data required time
                                             -0.782001   data arrival time
---------------------------------------------------------------------------------------------
                                              0.502387   slack (MET)


Startpoint: dsa[2]._9_ (rising edge-triggered flip-flop clocked by core_clock)
Endpoint: dsa[3]._8_ (rising edge-triggered flip-flop clocked by core_clock)
Path Group: core_clock
Path Type: min

Fanout         Cap        Slew       Delay        Time   Description
---------------------------------------------------------------------------------------------
                                  0.000000    0.000000   clock core_clock (rise edge)
                                  0.000000    0.000000   clock source latency
     1    0.014766    0.000000    0.000000    0.000000 ^ clk (in)
                                                         clk (net)
                      0.000828    0.000414    0.000414 ^ clkbuf_0_clk/A (sky130_fd_sc_hd__clkbuf_16)
     8    0.082920    0.100025    0.156201    0.156615 ^ clkbuf_0_clk/X (sky130_fd_sc_hd__clkbuf_16)
                                                         clknet_0_clk (net)
                      0.100205    0.003442    0.160057 ^ clkbuf_3_7__f_clk/A (sky130_fd_sc_hd__clkbuf_16)
    10    0.029812    0.050901    0.154433    0.314490 ^ clkbuf_3_7__f_clk/X (sky130_fd_sc_hd__clkbuf_16)
                                                         clknet_3_7__leaf_clk (net)
                      0.050903    0.000552    0.315042 ^ dsa[2]._9_/CLK (sky130_fd_sc_hd__dfrtp_1)
     2    0.008717    0.090694    0.357072    0.672114 ^ dsa[2]._9_/Q (sky130_fd_sc_hd__dfrtp_1)
                                                         dsa[2].y_out (net)
                      0.090694    0.000197    0.672311 ^ dsa[3]._7_/A1 (sky130_fd_sc_hd__a21bo_1)
     1    0.003189    0.037876    0.113309    0.785620 ^ dsa[3]._7_/X (sky130_fd_sc_hd__a21bo_1)
                                                         dsa[3].last_carry_next (net)
                      0.037876    0.000075    0.785695 ^ dsa[3]._8_/D (sky130_fd_sc_hd__dfrtp_1)
                                              0.785695   data arrival time

                                  0.000000    0.000000   clock core_clock (rise edge)
                                  0.000000    0.000000   clock source latency
     1    0.014766    0.000000    0.000000    0.000000 ^ clk (in)
                                                         clk (net)
                      0.000828    0.000414    0.000414 ^ clkbuf_0_clk/A (sky130_fd_sc_hd__clkbuf_16)
     8    0.082920    0.100025    0.156201    0.156615 ^ clkbuf_0_clk/X (sky130_fd_sc_hd__clkbuf_16)
                                                         clknet_0_clk (net)
                      0.100205    0.003442    0.160057 ^ clkbuf_3_7__f_clk/A (sky130_fd_sc_hd__clkbuf_16)
    10    0.029812    0.050901    0.154433    0.314490 ^ clkbuf_3_7__f_clk/X (sky130_fd_sc_hd__clkbuf_16)
                                                         clknet_3_7__leaf_clk (net)
                      0.050903    0.000544    0.315034 ^ dsa[3]._8_/CLK (sky130_fd_sc_hd__dfrtp_1)
                                  0.000000    0.315034   clock reconvergence pessimism
                                 -0.032466    0.282568   library hold time
                                              0.282568   data required time
---------------------------------------------------------------------------------------------
                                              0.282568   data required time
                                             -0.785695   data arrival time
---------------------------------------------------------------------------------------------
                                              0.503127   slack (MET)


Startpoint: dsa[8]._9_ (rising edge-triggered flip-flop clocked by core_clock)
Endpoint: dsa[9]._8_ (rising edge-triggered flip-flop clocked by core_clock)
Path Group: core_clock
Path Type: min

Fanout         Cap        Slew       Delay        Time   Description
---------------------------------------------------------------------------------------------
                                  0.000000    0.000000   clock core_clock (rise edge)
                                  0.000000    0.000000   clock source latency
     1    0.014766    0.000000    0.000000    0.000000 ^ clk (in)
                                                         clk (net)
                      0.000828    0.000414    0.000414 ^ clkbuf_0_clk/A (sky130_fd_sc_hd__clkbuf_16)
     8    0.082920    0.100025    0.156201    0.156615 ^ clkbuf_0_clk/X (sky130_fd_sc_hd__clkbuf_16)
                                                         clknet_0_clk (net)
                      0.100380    0.004787    0.161402 ^ clkbuf_3_4__f_clk/A (sky130_fd_sc_hd__clkbuf_16)
     9    0.023158    0.044657    0.148636    0.310038 ^ clkbuf_3_4__f_clk/X (sky130_fd_sc_hd__clkbuf_16)
                                                         clknet_3_4__leaf_clk (net)
                      0.044665    0.000565    0.310603 ^ dsa[8]._9_/CLK (sky130_fd_sc_hd__dfrtp_1)
     2    0.009538    0.096531    0.360149    0.670752 ^ dsa[8]._9_/Q (sky130_fd_sc_hd__dfrtp_1)
                                                         dsa[8].y_out (net)
                      0.096531    0.000264    0.671016 ^ dsa[9]._7_/A1 (sky130_fd_sc_hd__a21bo_1)
     1    0.002927    0.036018    0.113470    0.784486 ^ dsa[9]._7_/X (sky130_fd_sc_hd__a21bo_1)
                                                         dsa[9].last_carry_next (net)
                      0.036018    0.000065    0.784551 ^ dsa[9]._8_/D (sky130_fd_sc_hd__dfrtp_1)
                                              0.784551   data arrival time

                                  0.000000    0.000000   clock core_clock (rise edge)
                                  0.000000    0.000000   clock source latency
     1    0.014766    0.000000    0.000000    0.000000 ^ clk (in)
                                                         clk (net)
                      0.000828    0.000414    0.000414 ^ clkbuf_0_clk/A (sky130_fd_sc_hd__clkbuf_16)
     8    0.082920    0.100025    0.156201    0.156615 ^ clkbuf_0_clk/X (sky130_fd_sc_hd__clkbuf_16)
                                                         clknet_0_clk (net)
                      0.100194    0.003339    0.159953 ^ clkbuf_3_6__f_clk/A (sky130_fd_sc_hd__clkbuf_16)
     8    0.027342    0.048568    0.152529    0.312482 ^ clkbuf_3_6__f_clk/X (sky130_fd_sc_hd__clkbuf_16)
                                                         clknet_3_6__leaf_clk (net)
                      0.048571    0.000633    0.313115 ^ dsa[9]._8_/CLK (sky130_fd_sc_hd__dfrtp_1)
                                  0.000000    0.313115   clock reconvergence pessimism
                                 -0.032394    0.280721   library hold time
                                              0.280721   data required time
---------------------------------------------------------------------------------------------
                                              0.280721   data required time
                                             -0.784551   data arrival time
---------------------------------------------------------------------------------------------
                                              0.503831   slack (MET)


Startpoint: dsa[28]._9_ (rising edge-triggered flip-flop clocked by core_clock)
Endpoint: dsa[29]._8_ (rising edge-triggered flip-flop clocked by core_clock)
Path Group: core_clock
Path Type: min

Fanout         Cap        Slew       Delay        Time   Description
---------------------------------------------------------------------------------------------
                                  0.000000    0.000000   clock core_clock (rise edge)
                                  0.000000    0.000000   clock source latency
     1    0.014766    0.000000    0.000000    0.000000 ^ clk (in)
                                                         clk (net)
                      0.000828    0.000414    0.000414 ^ clkbuf_0_clk/A (sky130_fd_sc_hd__clkbuf_16)
     8    0.082920    0.100025    0.156201    0.156615 ^ clkbuf_0_clk/X (sky130_fd_sc_hd__clkbuf_16)
                                                         clknet_0_clk (net)
                      0.100513    0.005588    0.162202 ^ clkbuf_3_0__f_clk/A (sky130_fd_sc_hd__clkbuf_16)
    10    0.032660    0.053347    0.156652    0.318855 ^ clkbuf_3_0__f_clk/X (sky130_fd_sc_hd__clkbuf_16)
                                                         clknet_3_0__leaf_clk (net)
                      0.053348    0.000553    0.319407 ^ dsa[28]._9_/CLK (sky130_fd_sc_hd__dfrtp_1)
     2    0.008487    0.089147    0.356429    0.675836 ^ dsa[28]._9_/Q (sky130_fd_sc_hd__dfrtp_1)
                                                         dsa[28].y_out (net)
                      0.089147    0.000231    0.676067 ^ dsa[29]._7_/A1 (sky130_fd_sc_hd__a21bo_1)
     1    0.003466    0.039875    0.114617    0.790684 ^ dsa[29]._7_/X (sky130_fd_sc_hd__a21bo_1)
                                                         dsa[29].last_carry_next (net)
                      0.039875    0.000105    0.790788 ^ dsa[29]._8_/D (sky130_fd_sc_hd__dfrtp_1)
                                              0.790788   data arrival time

                                  0.000000    0.000000   clock core_clock (rise edge)
                                  0.000000    0.000000   clock source latency
     1    0.014766    0.000000    0.000000    0.000000 ^ clk (in)
                                                         clk (net)
                      0.000828    0.000414    0.000414 ^ clkbuf_0_clk/A (sky130_fd_sc_hd__clkbuf_16)
     8    0.082920    0.100025    0.156201    0.156615 ^ clkbuf_0_clk/X (sky130_fd_sc_hd__clkbuf_16)
                                                         clknet_0_clk (net)
                      0.100513    0.005588    0.162202 ^ clkbuf_3_0__f_clk/A (sky130_fd_sc_hd__clkbuf_16)
    10    0.032660    0.053347    0.156652    0.318855 ^ clkbuf_3_0__f_clk/X (sky130_fd_sc_hd__clkbuf_16)
                                                         clknet_3_0__leaf_clk (net)
                      0.053349    0.000613    0.319468 ^ dsa[29]._8_/CLK (sky130_fd_sc_hd__dfrtp_1)
                                  0.000000    0.319468   clock reconvergence pessimism
                                 -0.032550    0.286917   library hold time
                                              0.286917   data required time
---------------------------------------------------------------------------------------------
                                              0.286917   data required time
                                             -0.790788   data arrival time
---------------------------------------------------------------------------------------------
                                              0.503871   slack (MET)


Startpoint: dsa[27]._9_ (rising edge-triggered flip-flop clocked by core_clock)
Endpoint: dsa[28]._8_ (rising edge-triggered flip-flop clocked by core_clock)
Path Group: core_clock
Path Type: min

Fanout         Cap        Slew       Delay        Time   Description
---------------------------------------------------------------------------------------------
                                  0.000000    0.000000   clock core_clock (rise edge)
                                  0.000000    0.000000   clock source latency
     1    0.014766    0.000000    0.000000    0.000000 ^ clk (in)
                                                         clk (net)
                      0.000828    0.000414    0.000414 ^ clkbuf_0_clk/A (sky130_fd_sc_hd__clkbuf_16)
     8    0.082920    0.100025    0.156201    0.156615 ^ clkbuf_0_clk/X (sky130_fd_sc_hd__clkbuf_16)
                                                         clknet_0_clk (net)
                      0.100120    0.002531    0.159146 ^ clkbuf_3_2__f_clk/A (sky130_fd_sc_hd__clkbuf_16)
    10    0.031709    0.052521    0.155780    0.314926 ^ clkbuf_3_2__f_clk/X (sky130_fd_sc_hd__clkbuf_16)
                                                         clknet_3_2__leaf_clk (net)
                      0.052523    0.000522    0.315448 ^ dsa[27]._9_/CLK (sky130_fd_sc_hd__dfrtp_1)
     2    0.009316    0.094799    0.361692    0.677140 ^ dsa[27]._9_/Q (sky130_fd_sc_hd__dfrtp_1)
                                                         dsa[27].y_out (net)
                      0.094799    0.000296    0.677436 ^ dsa[28]._7_/A1 (sky130_fd_sc_hd__a21bo_1)
     1    0.002632    0.033931    0.110973    0.788409 ^ dsa[28]._7_/X (sky130_fd_sc_hd__a21bo_1)
                                                         dsa[28].last_carry_next (net)
                      0.033931    0.000077    0.788486 ^ dsa[28]._8_/D (sky130_fd_sc_hd__dfrtp_1)
                                              0.788486   data arrival time

                                  0.000000    0.000000   clock core_clock (rise edge)
                                  0.000000    0.000000   clock source latency
     1    0.014766    0.000000    0.000000    0.000000 ^ clk (in)
                                                         clk (net)
                      0.000828    0.000414    0.000414 ^ clkbuf_0_clk/A (sky130_fd_sc_hd__clkbuf_16)
     8    0.082920    0.100025    0.156201    0.156615 ^ clkbuf_0_clk/X (sky130_fd_sc_hd__clkbuf_16)
                                                         clknet_0_clk (net)
                      0.100120    0.002531    0.159146 ^ clkbuf_3_2__f_clk/A (sky130_fd_sc_hd__clkbuf_16)
    10    0.031709    0.052521    0.155780    0.314926 ^ clkbuf_3_2__f_clk/X (sky130_fd_sc_hd__clkbuf_16)
                                                         clknet_3_2__leaf_clk (net)
                      0.052526    0.000869    0.315795 ^ dsa[28]._8_/CLK (sky130_fd_sc_hd__dfrtp_1)
                                  0.000000    0.315795   clock reconvergence pessimism
                                 -0.031418    0.284377   library hold time
                                              0.284377   data required time
---------------------------------------------------------------------------------------------
                                              0.284377   data required time
                                             -0.788486   data arrival time
---------------------------------------------------------------------------------------------
                                              0.504109   slack (MET)


Startpoint: dsa[18]._9_ (rising edge-triggered flip-flop clocked by core_clock)
Endpoint: dsa[19]._8_ (rising edge-triggered flip-flop clocked by core_clock)
Path Group: core_clock
Path Type: min

Fanout         Cap        Slew       Delay        Time   Description
---------------------------------------------------------------------------------------------
                                  0.000000    0.000000   clock core_clock (rise edge)
                                  0.000000    0.000000   clock source latency
     1    0.014766    0.000000    0.000000    0.000000 ^ clk (in)
                                                         clk (net)
                      0.000828    0.000414    0.000414 ^ clkbuf_0_clk/A (sky130_fd_sc_hd__clkbuf_16)
     8    0.082920    0.100025    0.156201    0.156615 ^ clkbuf_0_clk/X (sky130_fd_sc_hd__clkbuf_16)
                                                         clknet_0_clk (net)
                      0.100380    0.004787    0.161402 ^ clkbuf_3_4__f_clk/A (sky130_fd_sc_hd__clkbuf_16)
     9    0.023158    0.044657    0.148636    0.310038 ^ clkbuf_3_4__f_clk/X (sky130_fd_sc_hd__clkbuf_16)
                                                         clknet_3_4__leaf_clk (net)
                      0.044662    0.000476    0.310514 ^ dsa[18]._9_/CLK (sky130_fd_sc_hd__dfrtp_1)
     2    0.010542    0.104720    0.366223    0.676737 ^ dsa[18]._9_/Q (sky130_fd_sc_hd__dfrtp_1)
                                                         dsa[18].y_out (net)
                      0.104720    0.000253    0.676990 ^ dsa[19]._7_/A1 (sky130_fd_sc_hd__a21bo_1)
     1    0.003103    0.037266    0.117250    0.794239 ^ dsa[19]._7_/X (sky130_fd_sc_hd__a21bo_1)
                                                         dsa[19].last_carry_next (net)
                      0.037266    0.000073    0.794312 ^ dsa[19]._8_/D (sky130_fd_sc_hd__dfrtp_1)
                                              0.794312   data arrival time

                                  0.000000    0.000000   clock core_clock (rise edge)
                                  0.000000    0.000000   clock source latency
     1    0.014766    0.000000    0.000000    0.000000 ^ clk (in)
                                                         clk (net)
                      0.000828    0.000414    0.000414 ^ clkbuf_0_clk/A (sky130_fd_sc_hd__clkbuf_16)
     8    0.082920    0.100025    0.156201    0.156615 ^ clkbuf_0_clk/X (sky130_fd_sc_hd__clkbuf_16)
                                                         clknet_0_clk (net)
                      0.100513    0.005588    0.162202 ^ clkbuf_3_0__f_clk/A (sky130_fd_sc_hd__clkbuf_16)
    10    0.032660    0.053347    0.156652    0.318855 ^ clkbuf_3_0__f_clk/X (sky130_fd_sc_hd__clkbuf_16)
                                                         clknet_3_0__leaf_clk (net)
                      0.053350    0.000838    0.319693 ^ dsa[19]._8_/CLK (sky130_fd_sc_hd__dfrtp_1)
                                  0.000000    0.319693   clock reconvergence pessimism
                                 -0.032004    0.287689   library hold time
                                              0.287689   data required time
---------------------------------------------------------------------------------------------
                                              0.287689   data required time
                                             -0.794312   data arrival time
---------------------------------------------------------------------------------------------
                                              0.506623   slack (MET)


Startpoint: dsa[24]._9_ (rising edge-triggered flip-flop clocked by core_clock)
Endpoint: dsa[25]._8_ (rising edge-triggered flip-flop clocked by core_clock)
Path Group: core_clock
Path Type: min

Fanout         Cap        Slew       Delay        Time   Description
---------------------------------------------------------------------------------------------
                                  0.000000    0.000000   clock core_clock (rise edge)
                                  0.000000    0.000000   clock source latency
     1    0.014766    0.000000    0.000000    0.000000 ^ clk (in)
                                                         clk (net)
                      0.000828    0.000414    0.000414 ^ clkbuf_0_clk/A (sky130_fd_sc_hd__clkbuf_16)
     8    0.082920    0.100025    0.156201    0.156615 ^ clkbuf_0_clk/X (sky130_fd_sc_hd__clkbuf_16)
                                                         clknet_0_clk (net)
                      0.100108    0.002364    0.158979 ^ clkbuf_3_3__f_clk/A (sky130_fd_sc_hd__clkbuf_16)
     9    0.027412    0.048669    0.152535    0.311514 ^ clkbuf_3_3__f_clk/X (sky130_fd_sc_hd__clkbuf_16)
                                                         clknet_3_3__leaf_clk (net)
                      0.048671    0.000675    0.312189 ^ dsa[24]._9_/CLK (sky130_fd_sc_hd__dfrtp_1)
     2    0.010076    0.100920    0.364923    0.677111 ^ dsa[24]._9_/Q (sky130_fd_sc_hd__dfrtp_1)
                                                         dsa[24].y_out (net)
                      0.100920    0.000278    0.677390 ^ dsa[25]._7_/A1 (sky130_fd_sc_hd__a21bo_1)
     1    0.002752    0.034784    0.113730    0.791120 ^ dsa[25]._7_/X (sky130_fd_sc_hd__a21bo_1)
                                                         dsa[25].last_carry_next (net)
                      0.034784    0.000079    0.791198 ^ dsa[25]._8_/D (sky130_fd_sc_hd__dfrtp_1)
                                              0.791198   data arrival time

                                  0.000000    0.000000   clock core_clock (rise edge)
                                  0.000000    0.000000   clock source latency
     1    0.014766    0.000000    0.000000    0.000000 ^ clk (in)
                                                         clk (net)
                      0.000828    0.000414    0.000414 ^ clkbuf_0_clk/A (sky130_fd_sc_hd__clkbuf_16)
     8    0.082920    0.100025    0.156201    0.156615 ^ clkbuf_0_clk/X (sky130_fd_sc_hd__clkbuf_16)
                                                         clknet_0_clk (net)
                      0.100120    0.002531    0.159146 ^ clkbuf_3_2__f_clk/A (sky130_fd_sc_hd__clkbuf_16)
    10    0.031709    0.052521    0.155780    0.314926 ^ clkbuf_3_2__f_clk/X (sky130_fd_sc_hd__clkbuf_16)
                                                         clknet_3_2__leaf_clk (net)
                      0.052526    0.000907    0.315833 ^ dsa[25]._8_/CLK (sky130_fd_sc_hd__dfrtp_1)
                                  0.000000    0.315833   clock reconvergence pessimism
                                 -0.031597    0.284236   library hold time
                                              0.284236   data required time
---------------------------------------------------------------------------------------------
                                              0.284236   data required time
                                             -0.791198   data arrival time
---------------------------------------------------------------------------------------------
                                              0.506962   slack (MET)


Startpoint: dsa[26]._9_ (rising edge-triggered flip-flop clocked by core_clock)
Endpoint: dsa[27]._8_ (rising edge-triggered flip-flop clocked by core_clock)
Path Group: core_clock
Path Type: min

Fanout         Cap        Slew       Delay        Time   Description
---------------------------------------------------------------------------------------------
                                  0.000000    0.000000   clock core_clock (rise edge)
                                  0.000000    0.000000   clock source latency
     1    0.014766    0.000000    0.000000    0.000000 ^ clk (in)
                                                         clk (net)
                      0.000828    0.000414    0.000414 ^ clkbuf_0_clk/A (sky130_fd_sc_hd__clkbuf_16)
     8    0.082920    0.100025    0.156201    0.156615 ^ clkbuf_0_clk/X (sky130_fd_sc_hd__clkbuf_16)
                                                         clknet_0_clk (net)
                      0.100120    0.002531    0.159146 ^ clkbuf_3_2__f_clk/A (sky130_fd_sc_hd__clkbuf_16)
    10    0.031709    0.052521    0.155780    0.314926 ^ clkbuf_3_2__f_clk/X (sky130_fd_sc_hd__clkbuf_16)
                                                         clknet_3_2__leaf_clk (net)
                      0.052525    0.000815    0.315741 ^ dsa[26]._9_/CLK (sky130_fd_sc_hd__dfrtp_1)
     2    0.009748    0.098266    0.364339    0.680080 ^ dsa[26]._9_/Q (sky130_fd_sc_hd__dfrtp_1)
                                                         dsa[26].y_out (net)
                      0.098266    0.000325    0.680405 ^ dsa[27]._7_/A1 (sky130_fd_sc_hd__a21bo_1)
     1    0.002501    0.033008    0.111231    0.791636 ^ dsa[27]._7_/X (sky130_fd_sc_hd__a21bo_1)
                                                         dsa[27].last_carry_next (net)
                      0.033008    0.000071    0.791707 ^ dsa[27]._8_/D (sky130_fd_sc_hd__dfrtp_1)
                                              0.791707   data arrival time

                                  0.000000    0.000000   clock core_clock (rise edge)
                                  0.000000    0.000000   clock source latency
     1    0.014766    0.000000    0.000000    0.000000 ^ clk (in)
                                                         clk (net)
                      0.000828    0.000414    0.000414 ^ clkbuf_0_clk/A (sky130_fd_sc_hd__clkbuf_16)
     8    0.082920    0.100025    0.156201    0.156615 ^ clkbuf_0_clk/X (sky130_fd_sc_hd__clkbuf_16)
                                                         clknet_0_clk (net)
                      0.100120    0.002531    0.159146 ^ clkbuf_3_2__f_clk/A (sky130_fd_sc_hd__clkbuf_16)
    10    0.031709    0.052521    0.155780    0.314926 ^ clkbuf_3_2__f_clk/X (sky130_fd_sc_hd__clkbuf_16)
                                                         clknet_3_2__leaf_clk (net)
                      0.052525    0.000833    0.315759 ^ dsa[27]._8_/CLK (sky130_fd_sc_hd__dfrtp_1)
                                  0.000000    0.315759   clock reconvergence pessimism
                                 -0.031225    0.284534   library hold time
                                              0.284534   data required time
---------------------------------------------------------------------------------------------
                                              0.284534   data required time
                                             -0.791707   data arrival time
---------------------------------------------------------------------------------------------
                                              0.507173   slack (MET)


Startpoint: dsa[20]._9_ (rising edge-triggered flip-flop clocked by core_clock)
Endpoint: dsa[21]._8_ (rising edge-triggered flip-flop clocked by core_clock)
Path Group: core_clock
Path Type: min

Fanout         Cap        Slew       Delay        Time   Description
---------------------------------------------------------------------------------------------
                                  0.000000    0.000000   clock core_clock (rise edge)
                                  0.000000    0.000000   clock source latency
     1    0.014766    0.000000    0.000000    0.000000 ^ clk (in)
                                                         clk (net)
                      0.000828    0.000414    0.000414 ^ clkbuf_0_clk/A (sky130_fd_sc_hd__clkbuf_16)
     8    0.082920    0.100025    0.156201    0.156615 ^ clkbuf_0_clk/X (sky130_fd_sc_hd__clkbuf_16)
                                                         clknet_0_clk (net)
                      0.100513    0.005588    0.162202 ^ clkbuf_3_0__f_clk/A (sky130_fd_sc_hd__clkbuf_16)
    10    0.032660    0.053347    0.156652    0.318855 ^ clkbuf_3_0__f_clk/X (sky130_fd_sc_hd__clkbuf_16)
                                                         clknet_3_0__leaf_clk (net)
                      0.053348    0.000528    0.319383 ^ dsa[20]._9_/CLK (sky130_fd_sc_hd__dfrtp_1)
     2    0.009634    0.097341    0.363930    0.683312 ^ dsa[20]._9_/Q (sky130_fd_sc_hd__dfrtp_1)
                                                         dsa[20].y_out (net)
                      0.097341    0.000302    0.683614 ^ dsa[21]._7_/A1 (sky130_fd_sc_hd__a21bo_1)
     1    0.002941    0.036110    0.113822    0.797436 ^ dsa[21]._7_/X (sky130_fd_sc_hd__a21bo_1)
                                                         dsa[21].last_carry_next (net)
                      0.036110    0.000066    0.797502 ^ dsa[21]._8_/D (sky130_fd_sc_hd__dfrtp_1)
                                              0.797502   data arrival time

                                  0.000000    0.000000   clock core_clock (rise edge)
                                  0.000000    0.000000   clock source latency
     1    0.014766    0.000000    0.000000    0.000000 ^ clk (in)
                                                         clk (net)
                      0.000828    0.000414    0.000414 ^ clkbuf_0_clk/A (sky130_fd_sc_hd__clkbuf_16)
     8    0.082920    0.100025    0.156201    0.156615 ^ clkbuf_0_clk/X (sky130_fd_sc_hd__clkbuf_16)
                                                         clknet_0_clk (net)
                      0.100513    0.005588    0.162202 ^ clkbuf_3_0__f_clk/A (sky130_fd_sc_hd__clkbuf_16)
    10    0.032660    0.053347    0.156652    0.318855 ^ clkbuf_3_0__f_clk/X (sky130_fd_sc_hd__clkbuf_16)
                                                         clknet_3_0__leaf_clk (net)
                      0.053348    0.000556    0.319410 ^ dsa[21]._8_/CLK (sky130_fd_sc_hd__dfrtp_1)
                                  0.000000    0.319410   clock reconvergence pessimism
                                 -0.031762    0.287648   library hold time
                                              0.287648   data required time
---------------------------------------------------------------------------------------------
                                              0.287648   data required time
                                             -0.797502   data arrival time
---------------------------------------------------------------------------------------------
                                              0.509854   slack (MET)


Startpoint: dsa[12]._9_ (rising edge-triggered flip-flop clocked by core_clock)
Endpoint: dsa[13]._8_ (rising edge-triggered flip-flop clocked by core_clock)
Path Group: core_clock
Path Type: min

Fanout         Cap        Slew       Delay        Time   Description
---------------------------------------------------------------------------------------------
                                  0.000000    0.000000   clock core_clock (rise edge)
                                  0.000000    0.000000   clock source latency
     1    0.014766    0.000000    0.000000    0.000000 ^ clk (in)
                                                         clk (net)
                      0.000828    0.000414    0.000414 ^ clkbuf_0_clk/A (sky130_fd_sc_hd__clkbuf_16)
     8    0.082920    0.100025    0.156201    0.156615 ^ clkbuf_0_clk/X (sky130_fd_sc_hd__clkbuf_16)
                                                         clknet_0_clk (net)
                      0.100205    0.003442    0.160057 ^ clkbuf_3_7__f_clk/A (sky130_fd_sc_hd__clkbuf_16)
    10    0.029812    0.050901    0.154433    0.314490 ^ clkbuf_3_7__f_clk/X (sky130_fd_sc_hd__clkbuf_16)
                                                         clknet_3_7__leaf_clk (net)
                      0.050905    0.000837    0.315328 ^ dsa[12]._9_/CLK (sky130_fd_sc_hd__dfrtp_1)
     2    0.009592    0.096983    0.362828    0.678156 ^ dsa[12]._9_/Q (sky130_fd_sc_hd__dfrtp_1)
                                                         dsa[12].y_out (net)
                      0.096983    0.000257    0.678412 ^ dsa[13]._7_/A1 (sky130_fd_sc_hd__a21bo_1)
     1    0.002737    0.034676    0.112367    0.790779 ^ dsa[13]._7_/X (sky130_fd_sc_hd__a21bo_1)
                                                         dsa[13].last_carry_next (net)
                      0.034676    0.000078    0.790857 ^ dsa[13]._8_/D (sky130_fd_sc_hd__dfrtp_1)
                                              0.790857   data arrival time

                                  0.000000    0.000000   clock core_clock (rise edge)
                                  0.000000    0.000000   clock source latency
     1    0.014766    0.000000    0.000000    0.000000 ^ clk (in)
                                                         clk (net)
                      0.000828    0.000414    0.000414 ^ clkbuf_0_clk/A (sky130_fd_sc_hd__clkbuf_16)
     8    0.082920    0.100025    0.156201    0.156615 ^ clkbuf_0_clk/X (sky130_fd_sc_hd__clkbuf_16)
                                                         clknet_0_clk (net)
                      0.100108    0.002364    0.158979 ^ clkbuf_3_3__f_clk/A (sky130_fd_sc_hd__clkbuf_16)
     9    0.027412    0.048669    0.152535    0.311514 ^ clkbuf_3_3__f_clk/X (sky130_fd_sc_hd__clkbuf_16)
                                                         clknet_3_3__leaf_clk (net)
                      0.048671    0.000674    0.312187 ^ dsa[13]._8_/CLK (sky130_fd_sc_hd__dfrtp_1)
                                  0.000000    0.312187   clock reconvergence pessimism
                                 -0.032100    0.280088   library hold time
                                              0.280088   data required time
---------------------------------------------------------------------------------------------
                                              0.280088   data required time
                                             -0.790857   data arrival time
---------------------------------------------------------------------------------------------
                                              0.510770   slack (MET)


Startpoint: dsa[1]._9_ (rising edge-triggered flip-flop clocked by core_clock)
Endpoint: dsa[2]._8_ (rising edge-triggered flip-flop clocked by core_clock)
Path Group: core_clock
Path Type: min

Fanout         Cap        Slew       Delay        Time   Description
---------------------------------------------------------------------------------------------
                                  0.000000    0.000000   clock core_clock (rise edge)
                                  0.000000    0.000000   clock source latency
     1    0.014766    0.000000    0.000000    0.000000 ^ clk (in)
                                                         clk (net)
                      0.000828    0.000414    0.000414 ^ clkbuf_0_clk/A (sky130_fd_sc_hd__clkbuf_16)
     8    0.082920    0.100025    0.156201    0.156615 ^ clkbuf_0_clk/X (sky130_fd_sc_hd__clkbuf_16)
                                                         clknet_0_clk (net)
                      0.100205    0.003442    0.160057 ^ clkbuf_3_7__f_clk/A (sky130_fd_sc_hd__clkbuf_16)
    10    0.029812    0.050901    0.154433    0.314490 ^ clkbuf_3_7__f_clk/X (sky130_fd_sc_hd__clkbuf_16)
                                                         clknet_3_7__leaf_clk (net)
                      0.050904    0.000667    0.315158 ^ dsa[1]._9_/CLK (sky130_fd_sc_hd__dfrtp_1)
     2    0.009644    0.097411    0.363110    0.678267 ^ dsa[1]._9_/Q (sky130_fd_sc_hd__dfrtp_1)
                                                         dsa[1].y_out (net)
                      0.097411    0.000302    0.678569 ^ dsa[2]._7_/A1 (sky130_fd_sc_hd__a21bo_1)
     1    0.002911    0.035900    0.113642    0.792212 ^ dsa[2]._7_/X (sky130_fd_sc_hd__a21bo_1)
                                                         dsa[2].last_carry_next (net)
                      0.035900    0.000086    0.792298 ^ dsa[2]._8_/D (sky130_fd_sc_hd__dfrtp_1)
                                              0.792298   data arrival time

                                  0.000000    0.000000   clock core_clock (rise edge)
                                  0.000000    0.000000   clock source latency
     1    0.014766    0.000000    0.000000    0.000000 ^ clk (in)
                                                         clk (net)
                      0.000828    0.000414    0.000414 ^ clkbuf_0_clk/A (sky130_fd_sc_hd__clkbuf_16)
     8    0.082920    0.100025    0.156201    0.156615 ^ clkbuf_0_clk/X (sky130_fd_sc_hd__clkbuf_16)
                                                         clknet_0_clk (net)
                      0.100194    0.003339    0.159953 ^ clkbuf_3_6__f_clk/A (sky130_fd_sc_hd__clkbuf_16)
     8    0.027342    0.048568    0.152529    0.312482 ^ clkbuf_3_6__f_clk/X (sky130_fd_sc_hd__clkbuf_16)
                                                         clknet_3_6__leaf_clk (net)
                      0.048571    0.000621    0.313103 ^ dsa[2]._8_/CLK (sky130_fd_sc_hd__dfrtp_1)
                                  0.000000    0.313103   clock reconvergence pessimism
                                 -0.032370    0.280734   library hold time
                                              0.280734   data required time
---------------------------------------------------------------------------------------------
                                              0.280734   data required time
                                             -0.792298   data arrival time
---------------------------------------------------------------------------------------------
                                              0.511564   slack (MET)


Startpoint: dsa[9]._9_ (rising edge-triggered flip-flop clocked by core_clock)
Endpoint: dsa[10]._8_ (rising edge-triggered flip-flop clocked by core_clock)
Path Group: core_clock
Path Type: min

Fanout         Cap        Slew       Delay        Time   Description
---------------------------------------------------------------------------------------------
                                  0.000000    0.000000   clock core_clock (rise edge)
                                  0.000000    0.000000   clock source latency
     1    0.014766    0.000000    0.000000    0.000000 ^ clk (in)
                                                         clk (net)
                      0.000828    0.000414    0.000414 ^ clkbuf_0_clk/A (sky130_fd_sc_hd__clkbuf_16)
     8    0.082920    0.100025    0.156201    0.156615 ^ clkbuf_0_clk/X (sky130_fd_sc_hd__clkbuf_16)
                                                         clknet_0_clk (net)
                      0.100205    0.003442    0.160057 ^ clkbuf_3_7__f_clk/A (sky130_fd_sc_hd__clkbuf_16)
    10    0.029812    0.050901    0.154433    0.314490 ^ clkbuf_3_7__f_clk/X (sky130_fd_sc_hd__clkbuf_16)
                                                         clknet_3_7__leaf_clk (net)
                      0.050903    0.000548    0.315039 ^ dsa[9]._9_/CLK (sky130_fd_sc_hd__dfrtp_1)
     2    0.009405    0.095465    0.361688    0.676727 ^ dsa[9]._9_/Q (sky130_fd_sc_hd__dfrtp_1)
                                                         dsa[10].y_in (net)
                      0.095465    0.000238    0.676965 ^ dsa[10]._7_/A1 (sky130_fd_sc_hd__a21bo_1)
     1    0.003233    0.038191    0.115124    0.792089 ^ dsa[10]._7_/X (sky130_fd_sc_hd__a21bo_1)
                                                         dsa[10].last_carry_next (net)
                      0.038213    0.000093    0.792182 ^ dsa[10]._8_/D (sky130_fd_sc_hd__dfrtp_1)
                                              0.792182   data arrival time

                                  0.000000    0.000000   clock core_clock (rise edge)
                                  0.000000    0.000000   clock source latency
     1    0.014766    0.000000    0.000000    0.000000 ^ clk (in)
                                                         clk (net)
                      0.000828    0.000414    0.000414 ^ clkbuf_0_clk/A (sky130_fd_sc_hd__clkbuf_16)
     8    0.082920    0.100025    0.156201    0.156615 ^ clkbuf_0_clk/X (sky130_fd_sc_hd__clkbuf_16)
                                                         clknet_0_clk (net)
                      0.100194    0.003339    0.159953 ^ clkbuf_3_6__f_clk/A (sky130_fd_sc_hd__clkbuf_16)
     8    0.027342    0.048568    0.152529    0.312482 ^ clkbuf_3_6__f_clk/X (sky130_fd_sc_hd__clkbuf_16)
                                                         clknet_3_6__leaf_clk (net)
                      0.048571    0.000615    0.313097 ^ dsa[10]._8_/CLK (sky130_fd_sc_hd__dfrtp_1)
                                  0.000000    0.313097   clock reconvergence pessimism
                                 -0.032855    0.280243   library hold time
                                              0.280243   data required time
---------------------------------------------------------------------------------------------
                                              0.280243   data required time
                                             -0.792182   data arrival time
---------------------------------------------------------------------------------------------
                                              0.511939   slack (MET)


Startpoint: dsa[19]._9_ (rising edge-triggered flip-flop clocked by core_clock)
Endpoint: dsa[20]._8_ (rising edge-triggered flip-flop clocked by core_clock)
Path Group: core_clock
Path Type: min

Fanout         Cap        Slew       Delay        Time   Description
---------------------------------------------------------------------------------------------
                                  0.000000    0.000000   clock core_clock (rise edge)
                                  0.000000    0.000000   clock source latency
     1    0.014766    0.000000    0.000000    0.000000 ^ clk (in)
                                                         clk (net)
                      0.000828    0.000414    0.000414 ^ clkbuf_0_clk/A (sky130_fd_sc_hd__clkbuf_16)
     8    0.082920    0.100025    0.156201    0.156615 ^ clkbuf_0_clk/X (sky130_fd_sc_hd__clkbuf_16)
                                                         clknet_0_clk (net)
                      0.100513    0.005588    0.162202 ^ clkbuf_3_0__f_clk/A (sky130_fd_sc_hd__clkbuf_16)
    10    0.032660    0.053347    0.156652    0.318855 ^ clkbuf_3_0__f_clk/X (sky130_fd_sc_hd__clkbuf_16)
                                                         clknet_3_0__leaf_clk (net)
                      0.053350    0.000825    0.319680 ^ dsa[19]._9_/CLK (sky130_fd_sc_hd__dfrtp_1)
     2    0.008917    0.092071    0.359318    0.678998 ^ dsa[19]._9_/Q (sky130_fd_sc_hd__dfrtp_1)
                                                         dsa[19].y_out (net)
                      0.092071    0.000233    0.679231 ^ dsa[20]._7_/A1 (sky130_fd_sc_hd__a21bo_1)
     1    0.003139    0.037512    0.113413    0.792644 ^ dsa[20]._7_/X (sky130_fd_sc_hd__a21bo_1)
                                                         dsa[20].last_carry_next (net)
                      0.037512    0.000094    0.792738 ^ dsa[20]._8_/D (sky130_fd_sc_hd__dfrtp_1)
                                              0.792738   data arrival time

                                  0.000000    0.000000   clock core_clock (rise edge)
                                  0.000000    0.000000   clock source latency
     1    0.014766    0.000000    0.000000    0.000000 ^ clk (in)
                                                         clk (net)
                      0.000828    0.000414    0.000414 ^ clkbuf_0_clk/A (sky130_fd_sc_hd__clkbuf_16)
     8    0.082920    0.100025    0.156201    0.156615 ^ clkbuf_0_clk/X (sky130_fd_sc_hd__clkbuf_16)
                                                         clknet_0_clk (net)
                      0.100503    0.005534    0.162148 ^ clkbuf_3_1__f_clk/A (sky130_fd_sc_hd__clkbuf_16)
     7    0.024844    0.046180    0.150280    0.312429 ^ clkbuf_3_1__f_clk/X (sky130_fd_sc_hd__clkbuf_16)
                                                         clknet_3_1__leaf_clk (net)
                      0.046184    0.000460    0.312889 ^ dsa[20]._8_/CLK (sky130_fd_sc_hd__dfrtp_1)
                                  0.000000    0.312889   clock reconvergence pessimism
                                 -0.033033    0.279856   library hold time
                                              0.279856   data required time
---------------------------------------------------------------------------------------------
                                              0.279856   data required time
                                             -0.792738   data arrival time
---------------------------------------------------------------------------------------------
                                              0.512882   slack (MET)


Startpoint: dsa[6]._9_ (rising edge-triggered flip-flop clocked by core_clock)
Endpoint: dsa[7]._9_ (rising edge-triggered flip-flop clocked by core_clock)
Path Group: core_clock
Path Type: min

Fanout         Cap        Slew       Delay        Time   Description
---------------------------------------------------------------------------------------------
                                  0.000000    0.000000   clock core_clock (rise edge)
                                  0.000000    0.000000   clock source latency
     1    0.014766    0.000000    0.000000    0.000000 ^ clk (in)
                                                         clk (net)
                      0.000828    0.000414    0.000414 ^ clkbuf_0_clk/A (sky130_fd_sc_hd__clkbuf_16)
     8    0.082920    0.100025    0.156201    0.156615 ^ clkbuf_0_clk/X (sky130_fd_sc_hd__clkbuf_16)
                                                         clknet_0_clk (net)
                      0.100393    0.004871    0.161486 ^ clkbuf_3_5__f_clk/A (sky130_fd_sc_hd__clkbuf_16)
     8    0.029652    0.050767    0.154396    0.315882 ^ clkbuf_3_5__f_clk/X (sky130_fd_sc_hd__clkbuf_16)
                                                         clknet_3_5__leaf_clk (net)
                      0.050770    0.000698    0.316581 ^ dsa[6]._9_/CLK (sky130_fd_sc_hd__dfrtp_1)
     2    0.012740    0.122761    0.381692    0.698272 ^ dsa[6]._9_/Q (sky130_fd_sc_hd__dfrtp_1)
                                                         dsa[6].y_out (net)
                      0.122762    0.000634    0.698906 ^ dsa[7]._6_/A (sky130_fd_sc_hd__xnor2_1)
     1    0.002890    0.033835    0.085167    0.784074 v dsa[7]._6_/Y (sky130_fd_sc_hd__xnor2_1)
                                                         dsa[7].y_out_next (net)
                      0.033835    0.000087    0.784161 v dsa[7]._9_/D (sky130_fd_sc_hd__dfrtp_1)
                                              0.784161   data arrival time

                                  0.000000    0.000000   clock core_clock (rise edge)
                                  0.000000    0.000000   clock source latency
     1    0.014766    0.000000    0.000000    0.000000 ^ clk (in)
                                                         clk (net)
                      0.000828    0.000414    0.000414 ^ clkbuf_0_clk/A (sky130_fd_sc_hd__clkbuf_16)
     8    0.082920    0.100025    0.156201    0.156615 ^ clkbuf_0_clk/X (sky130_fd_sc_hd__clkbuf_16)
                                                         clknet_0_clk (net)
                      0.100380    0.004787    0.161402 ^ clkbuf_3_4__f_clk/A (sky130_fd_sc_hd__clkbuf_16)
     9    0.023158    0.044657    0.148636    0.310038 ^ clkbuf_3_4__f_clk/X (sky130_fd_sc_hd__clkbuf_16)
                                                         clknet_3_4__leaf_clk (net)
                      0.044661    0.000431    0.310469 ^ dsa[7]._9_/CLK (sky130_fd_sc_hd__dfrtp_1)
                                  0.000000    0.310469   clock reconvergence pessimism
                                 -0.041307    0.269161   library hold time
                                              0.269161   data required time
---------------------------------------------------------------------------------------------
                                              0.269161   data required time
                                             -0.784161   data arrival time
---------------------------------------------------------------------------------------------
                                              0.514999   slack (MET)


Startpoint: dsa[10]._9_ (rising edge-triggered flip-flop clocked by core_clock)
Endpoint: dsa[11]._8_ (rising edge-triggered flip-flop clocked by core_clock)
Path Group: core_clock
Path Type: min

Fanout         Cap        Slew       Delay        Time   Description
---------------------------------------------------------------------------------------------
                                  0.000000    0.000000   clock core_clock (rise edge)
                                  0.000000    0.000000   clock source latency
     1    0.014766    0.000000    0.000000    0.000000 ^ clk (in)
                                                         clk (net)
                      0.000828    0.000414    0.000414 ^ clkbuf_0_clk/A (sky130_fd_sc_hd__clkbuf_16)
     8    0.082920    0.100025    0.156201    0.156615 ^ clkbuf_0_clk/X (sky130_fd_sc_hd__clkbuf_16)
                                                         clknet_0_clk (net)
                      0.100194    0.003339    0.159953 ^ clkbuf_3_6__f_clk/A (sky130_fd_sc_hd__clkbuf_16)
     8    0.027342    0.048568    0.152529    0.312482 ^ clkbuf_3_6__f_clk/X (sky130_fd_sc_hd__clkbuf_16)
                                                         clknet_3_6__leaf_clk (net)
                      0.048571    0.000579    0.313061 ^ dsa[10]._9_/CLK (sky130_fd_sc_hd__dfrtp_1)
     2    0.010407    0.103620    0.366873    0.679933 ^ dsa[10]._9_/Q (sky130_fd_sc_hd__dfrtp_1)
                                                         dsa[10].y_out (net)
                      0.103620    0.000214    0.680147 ^ dsa[11]._7_/A1 (sky130_fd_sc_hd__a21bo_1)
     1    0.002882    0.035690    0.115441    0.795588 ^ dsa[11]._7_/X (sky130_fd_sc_hd__a21bo_1)
                                                         dsa[11].last_carry_next (net)
                      0.035690    0.000088    0.795676 ^ dsa[11]._8_/D (sky130_fd_sc_hd__dfrtp_1)
                                              0.795676   data arrival time

                                  0.000000    0.000000   clock core_clock (rise edge)
                                  0.000000    0.000000   clock source latency
     1    0.014766    0.000000    0.000000    0.000000 ^ clk (in)
                                                         clk (net)
                      0.000828    0.000414    0.000414 ^ clkbuf_0_clk/A (sky130_fd_sc_hd__clkbuf_16)
     8    0.082920    0.100025    0.156201    0.156615 ^ clkbuf_0_clk/X (sky130_fd_sc_hd__clkbuf_16)
                                                         clknet_0_clk (net)
                      0.100194    0.003339    0.159953 ^ clkbuf_3_6__f_clk/A (sky130_fd_sc_hd__clkbuf_16)
     8    0.027342    0.048568    0.152529    0.312482 ^ clkbuf_3_6__f_clk/X (sky130_fd_sc_hd__clkbuf_16)
                                                         clknet_3_6__leaf_clk (net)
                      0.048570    0.000502    0.312984 ^ dsa[11]._8_/CLK (sky130_fd_sc_hd__dfrtp_1)
                                  0.000000    0.312984   clock reconvergence pessimism
                                 -0.032326    0.280658   library hold time
                                              0.280658   data required time
---------------------------------------------------------------------------------------------
                                              0.280658   data required time
                                             -0.795676   data arrival time
---------------------------------------------------------------------------------------------
                                              0.515018   slack (MET)


Startpoint: dsa[5]._9_ (rising edge-triggered flip-flop clocked by core_clock)
Endpoint: dsa[6]._8_ (rising edge-triggered flip-flop clocked by core_clock)
Path Group: core_clock
Path Type: min

Fanout         Cap        Slew       Delay        Time   Description
---------------------------------------------------------------------------------------------
                                  0.000000    0.000000   clock core_clock (rise edge)
                                  0.000000    0.000000   clock source latency
     1    0.014766    0.000000    0.000000    0.000000 ^ clk (in)
                                                         clk (net)
                      0.000828    0.000414    0.000414 ^ clkbuf_0_clk/A (sky130_fd_sc_hd__clkbuf_16)
     8    0.082920    0.100025    0.156201    0.156615 ^ clkbuf_0_clk/X (sky130_fd_sc_hd__clkbuf_16)
                                                         clknet_0_clk (net)
                      0.100393    0.004871    0.161486 ^ clkbuf_3_5__f_clk/A (sky130_fd_sc_hd__clkbuf_16)
     8    0.029652    0.050767    0.154396    0.315882 ^ clkbuf_3_5__f_clk/X (sky130_fd_sc_hd__clkbuf_16)
                                                         clknet_3_5__leaf_clk (net)
                      0.050770    0.000666    0.316549 ^ dsa[5]._9_/CLK (sky130_fd_sc_hd__dfrtp_1)
     2    0.010683    0.105889    0.369330    0.685879 ^ dsa[5]._9_/Q (sky130_fd_sc_hd__dfrtp_1)
                                                         dsa[5].y_out (net)
                      0.105889    0.000379    0.686258 ^ dsa[6]._7_/A1 (sky130_fd_sc_hd__a21bo_1)
     1    0.002549    0.033349    0.113994    0.800252 ^ dsa[6]._7_/X (sky130_fd_sc_hd__a21bo_1)
                                                         dsa[6].last_carry_next (net)
                      0.033349    0.000075    0.800327 ^ dsa[6]._8_/D (sky130_fd_sc_hd__dfrtp_1)
                                              0.800327   data arrival time

                                  0.000000    0.000000   clock core_clock (rise edge)
                                  0.000000    0.000000   clock source latency
     1    0.014766    0.000000    0.000000    0.000000 ^ clk (in)
                                                         clk (net)
                      0.000828    0.000414    0.000414 ^ clkbuf_0_clk/A (sky130_fd_sc_hd__clkbuf_16)
     8    0.082920    0.100025    0.156201    0.156615 ^ clkbuf_0_clk/X (sky130_fd_sc_hd__clkbuf_16)
                                                         clknet_0_clk (net)
                      0.100393    0.004871    0.161486 ^ clkbuf_3_5__f_clk/A (sky130_fd_sc_hd__clkbuf_16)
     8    0.029652    0.050767    0.154396    0.315882 ^ clkbuf_3_5__f_clk/X (sky130_fd_sc_hd__clkbuf_16)
                                                         clknet_3_5__leaf_clk (net)
                      0.050770    0.000712    0.316595 ^ dsa[6]._8_/CLK (sky130_fd_sc_hd__dfrtp_1)
                                  0.000000    0.316595   clock reconvergence pessimism
                                 -0.031535    0.285059   library hold time
                                              0.285059   data required time
---------------------------------------------------------------------------------------------
                                              0.285059   data required time
                                             -0.800327   data arrival time
---------------------------------------------------------------------------------------------
                                              0.515268   slack (MET)


Startpoint: dsa[7]._9_ (rising edge-triggered flip-flop clocked by core_clock)
Endpoint: dsa[8]._8_ (rising edge-triggered flip-flop clocked by core_clock)
Path Group: core_clock
Path Type: min

Fanout         Cap        Slew       Delay        Time   Description
---------------------------------------------------------------------------------------------
                                  0.000000    0.000000   clock core_clock (rise edge)
                                  0.000000    0.000000   clock source latency
     1    0.014766    0.000000    0.000000    0.000000 ^ clk (in)
                                                         clk (net)
                      0.000828    0.000414    0.000414 ^ clkbuf_0_clk/A (sky130_fd_sc_hd__clkbuf_16)
     8    0.082920    0.100025    0.156201    0.156615 ^ clkbuf_0_clk/X (sky130_fd_sc_hd__clkbuf_16)
                                                         clknet_0_clk (net)
                      0.100380    0.004787    0.161402 ^ clkbuf_3_4__f_clk/A (sky130_fd_sc_hd__clkbuf_16)
     9    0.023158    0.044657    0.148636    0.310038 ^ clkbuf_3_4__f_clk/X (sky130_fd_sc_hd__clkbuf_16)
                                                         clknet_3_4__leaf_clk (net)
                      0.044661    0.000431    0.310469 ^ dsa[7]._9_/CLK (sky130_fd_sc_hd__dfrtp_1)
     2    0.010354    0.103180    0.365090    0.675559 ^ dsa[7]._9_/Q (sky130_fd_sc_hd__dfrtp_1)
                                                         dsa[7].y_out (net)
                      0.103180    0.000184    0.675743 ^ dsa[8]._7_/A1 (sky130_fd_sc_hd__a21bo_1)
     1    0.003267    0.038412    0.117819    0.793562 ^ dsa[8]._7_/X (sky130_fd_sc_hd__a21bo_1)
                                                         dsa[8].last_carry_next (net)
                      0.038412    0.000099    0.793661 ^ dsa[8]._8_/D (sky130_fd_sc_hd__dfrtp_1)
                                              0.793661   data arrival time

                                  0.000000    0.000000   clock core_clock (rise edge)
                                  0.000000    0.000000   clock source latency
     1    0.014766    0.000000    0.000000    0.000000 ^ clk (in)
                                                         clk (net)
                      0.000828    0.000414    0.000414 ^ clkbuf_0_clk/A (sky130_fd_sc_hd__clkbuf_16)
     8    0.082920    0.100025    0.156201    0.156615 ^ clkbuf_0_clk/X (sky130_fd_sc_hd__clkbuf_16)
                                                         clknet_0_clk (net)
                      0.100380    0.004787    0.161402 ^ clkbuf_3_4__f_clk/A (sky130_fd_sc_hd__clkbuf_16)
     9    0.023158    0.044657    0.148636    0.310038 ^ clkbuf_3_4__f_clk/X (sky130_fd_sc_hd__clkbuf_16)
                                                         clknet_3_4__leaf_clk (net)
                      0.044661    0.000437    0.310475 ^ dsa[8]._8_/CLK (sky130_fd_sc_hd__dfrtp_1)
                                  0.000000    0.310475   clock reconvergence pessimism
                                 -0.033430    0.277045   library hold time
                                              0.277045   data required time
---------------------------------------------------------------------------------------------
                                              0.277045   data required time
                                             -0.793661   data arrival time
---------------------------------------------------------------------------------------------
                                              0.516616   slack (MET)


Startpoint: dsa[11]._9_ (rising edge-triggered flip-flop clocked by core_clock)
Endpoint: dsa[12]._8_ (rising edge-triggered flip-flop clocked by core_clock)
Path Group: core_clock
Path Type: min

Fanout         Cap        Slew       Delay        Time   Description
---------------------------------------------------------------------------------------------
                                  0.000000    0.000000   clock core_clock (rise edge)
                                  0.000000    0.000000   clock source latency
     1    0.014766    0.000000    0.000000    0.000000 ^ clk (in)
                                                         clk (net)
                      0.000828    0.000414    0.000414 ^ clkbuf_0_clk/A (sky130_fd_sc_hd__clkbuf_16)
     8    0.082920    0.100025    0.156201    0.156615 ^ clkbuf_0_clk/X (sky130_fd_sc_hd__clkbuf_16)
                                                         clknet_0_clk (net)
                      0.100205    0.003442    0.160057 ^ clkbuf_3_7__f_clk/A (sky130_fd_sc_hd__clkbuf_16)
    10    0.029812    0.050901    0.154433    0.314490 ^ clkbuf_3_7__f_clk/X (sky130_fd_sc_hd__clkbuf_16)
                                                         clknet_3_7__leaf_clk (net)
                      0.050904    0.000663    0.315154 ^ dsa[11]._9_/CLK (sky130_fd_sc_hd__dfrtp_1)
     2    0.010869    0.107411    0.370510    0.685664 ^ dsa[11]._9_/Q (sky130_fd_sc_hd__dfrtp_1)
                                                         dsa[11].y_out (net)
                      0.107411    0.000362    0.686026 ^ dsa[12]._7_/A1 (sky130_fd_sc_hd__a21bo_1)
     1    0.002590    0.033633    0.114752    0.800778 ^ dsa[12]._7_/X (sky130_fd_sc_hd__a21bo_1)
                                                         dsa[12].last_carry_next (net)
                      0.033633    0.000075    0.800853 ^ dsa[12]._8_/D (sky130_fd_sc_hd__dfrtp_1)
                                              0.800853   data arrival time

                                  0.000000    0.000000   clock core_clock (rise edge)
                                  0.000000    0.000000   clock source latency
     1    0.014766    0.000000    0.000000    0.000000 ^ clk (in)
                                                         clk (net)
                      0.000828    0.000414    0.000414 ^ clkbuf_0_clk/A (sky130_fd_sc_hd__clkbuf_16)
     8    0.082920    0.100025    0.156201    0.156615 ^ clkbuf_0_clk/X (sky130_fd_sc_hd__clkbuf_16)
                                                         clknet_0_clk (net)
                      0.100194    0.003339    0.159953 ^ clkbuf_3_6__f_clk/A (sky130_fd_sc_hd__clkbuf_16)
     8    0.027342    0.048568    0.152529    0.312482 ^ clkbuf_3_6__f_clk/X (sky130_fd_sc_hd__clkbuf_16)
                                                         clknet_3_6__leaf_clk (net)
                      0.048570    0.000537    0.313019 ^ dsa[12]._8_/CLK (sky130_fd_sc_hd__dfrtp_1)
                                  0.000000    0.313019   clock reconvergence pessimism
                                 -0.031895    0.281124   library hold time
                                              0.281124   data required time
---------------------------------------------------------------------------------------------
                                              0.281124   data required time
                                             -0.800853   data arrival time
---------------------------------------------------------------------------------------------
                                              0.519729   slack (MET)


Startpoint: dsa[14]._9_ (rising edge-triggered flip-flop clocked by core_clock)
Endpoint: dsa[15]._8_ (rising edge-triggered flip-flop clocked by core_clock)
Path Group: core_clock
Path Type: min

Fanout         Cap        Slew       Delay        Time   Description
---------------------------------------------------------------------------------------------
                                  0.000000    0.000000   clock core_clock (rise edge)
                                  0.000000    0.000000   clock source latency
     1    0.014766    0.000000    0.000000    0.000000 ^ clk (in)
                                                         clk (net)
                      0.000828    0.000414    0.000414 ^ clkbuf_0_clk/A (sky130_fd_sc_hd__clkbuf_16)
     8    0.082920    0.100025    0.156201    0.156615 ^ clkbuf_0_clk/X (sky130_fd_sc_hd__clkbuf_16)
                                                         clknet_0_clk (net)
                      0.100194    0.003339    0.159953 ^ clkbuf_3_6__f_clk/A (sky130_fd_sc_hd__clkbuf_16)
     8    0.027342    0.048568    0.152529    0.312482 ^ clkbuf_3_6__f_clk/X (sky130_fd_sc_hd__clkbuf_16)
                                                         clknet_3_6__leaf_clk (net)
                      0.048570    0.000547    0.313030 ^ dsa[14]._9_/CLK (sky130_fd_sc_hd__dfrtp_1)
     2    0.010700    0.106027    0.368605    0.681634 ^ dsa[14]._9_/Q (sky130_fd_sc_hd__dfrtp_1)
                                                         dsa[14].y_out (net)
                      0.106027    0.000327    0.681962 ^ dsa[15]._7_/A1 (sky130_fd_sc_hd__a21bo_1)
     1    0.003635    0.041096    0.121102    0.803064 ^ dsa[15]._7_/X (sky130_fd_sc_hd__a21bo_1)
                                                         dsa[15].last_carry_next (net)
                      0.041096    0.000120    0.803184 ^ dsa[15]._8_/D (sky130_fd_sc_hd__dfrtp_1)
                                              0.803184   data arrival time

                                  0.000000    0.000000   clock core_clock (rise edge)
                                  0.000000    0.000000   clock source latency
     1    0.014766    0.000000    0.000000    0.000000 ^ clk (in)
                                                         clk (net)
                      0.000828    0.000414    0.000414 ^ clkbuf_0_clk/A (sky130_fd_sc_hd__clkbuf_16)
     8    0.082920    0.100025    0.156201    0.156615 ^ clkbuf_0_clk/X (sky130_fd_sc_hd__clkbuf_16)
                                                         clknet_0_clk (net)
                      0.100108    0.002364    0.158979 ^ clkbuf_3_3__f_clk/A (sky130_fd_sc_hd__clkbuf_16)
     9    0.027412    0.048669    0.152535    0.311514 ^ clkbuf_3_3__f_clk/X (sky130_fd_sc_hd__clkbuf_16)
                                                         clknet_3_3__leaf_clk (net)
                      0.048670    0.000481    0.311995 ^ dsa[15]._8_/CLK (sky130_fd_sc_hd__dfrtp_1)
                                  0.000000    0.311995   clock reconvergence pessimism
                                 -0.033445    0.278550   library hold time
                                              0.278550   data required time
---------------------------------------------------------------------------------------------
                                              0.278550   data required time
                                             -0.803184   data arrival time
---------------------------------------------------------------------------------------------
                                              0.524634   slack (MET)


Startpoint: dsa[6]._9_ (rising edge-triggered flip-flop clocked by core_clock)
Endpoint: dsa[7]._8_ (rising edge-triggered flip-flop clocked by core_clock)
Path Group: core_clock
Path Type: min

Fanout         Cap        Slew       Delay        Time   Description
---------------------------------------------------------------------------------------------
                                  0.000000    0.000000   clock core_clock (rise edge)
                                  0.000000    0.000000   clock source latency
     1    0.014766    0.000000    0.000000    0.000000 ^ clk (in)
                                                         clk (net)
                      0.000828    0.000414    0.000414 ^ clkbuf_0_clk/A (sky130_fd_sc_hd__clkbuf_16)
     8    0.082920    0.100025    0.156201    0.156615 ^ clkbuf_0_clk/X (sky130_fd_sc_hd__clkbuf_16)
                                                         clknet_0_clk (net)
                      0.100393    0.004871    0.161486 ^ clkbuf_3_5__f_clk/A (sky130_fd_sc_hd__clkbuf_16)
     8    0.029652    0.050767    0.154396    0.315882 ^ clkbuf_3_5__f_clk/X (sky130_fd_sc_hd__clkbuf_16)
                                                         clknet_3_5__leaf_clk (net)
                      0.050770    0.000698    0.316581 ^ dsa[6]._9_/CLK (sky130_fd_sc_hd__dfrtp_1)
     2    0.012740    0.122761    0.381692    0.698272 ^ dsa[6]._9_/Q (sky130_fd_sc_hd__dfrtp_1)
                                                         dsa[6].y_out (net)
                      0.122762    0.000583    0.698856 ^ dsa[7]._7_/A1 (sky130_fd_sc_hd__a21bo_1)
     1    0.002584    0.033596    0.119607    0.818462 ^ dsa[7]._7_/X (sky130_fd_sc_hd__a21bo_1)
                                                         dsa[7].last_carry_next (net)
                      0.033596    0.000073    0.818535 ^ dsa[7]._8_/D (sky130_fd_sc_hd__dfrtp_1)
                                              0.818535   data arrival time

                                  0.000000    0.000000   clock core_clock (rise edge)
                                  0.000000    0.000000   clock source latency
     1    0.014766    0.000000    0.000000    0.000000 ^ clk (in)
                                                         clk (net)
                      0.000828    0.000414    0.000414 ^ clkbuf_0_clk/A (sky130_fd_sc_hd__clkbuf_16)
     8    0.082920    0.100025    0.156201    0.156615 ^ clkbuf_0_clk/X (sky130_fd_sc_hd__clkbuf_16)
                                                         clknet_0_clk (net)
                      0.100380    0.004787    0.161402 ^ clkbuf_3_4__f_clk/A (sky130_fd_sc_hd__clkbuf_16)
     9    0.023158    0.044657    0.148636    0.310038 ^ clkbuf_3_4__f_clk/X (sky130_fd_sc_hd__clkbuf_16)
                                                         clknet_3_4__leaf_clk (net)
                      0.044662    0.000482    0.310520 ^ dsa[7]._8_/CLK (sky130_fd_sc_hd__dfrtp_1)
                                  0.000000    0.310520   clock reconvergence pessimism
                                 -0.032420    0.278099   library hold time
                                              0.278099   data required time
---------------------------------------------------------------------------------------------
                                              0.278099   data required time
                                             -0.818535   data arrival time
---------------------------------------------------------------------------------------------
                                              0.540436   slack (MET)


Startpoint: dsa[0]._8_ (rising edge-triggered flip-flop clocked by core_clock)
Endpoint: dsa[0]._9_ (rising edge-triggered flip-flop clocked by core_clock)
Path Group: core_clock
Path Type: min

Fanout         Cap        Slew       Delay        Time   Description
---------------------------------------------------------------------------------------------
                                  0.000000    0.000000   clock core_clock (rise edge)
                                  0.000000    0.000000   clock source latency
     1    0.014766    0.000000    0.000000    0.000000 ^ clk (in)
                                                         clk (net)
                      0.000828    0.000414    0.000414 ^ clkbuf_0_clk/A (sky130_fd_sc_hd__clkbuf_16)
     8    0.082920    0.100025    0.156201    0.156615 ^ clkbuf_0_clk/X (sky130_fd_sc_hd__clkbuf_16)
                                                         clknet_0_clk (net)
                      0.100205    0.003442    0.160057 ^ clkbuf_3_7__f_clk/A (sky130_fd_sc_hd__clkbuf_16)
    10    0.029812    0.050901    0.154433    0.314490 ^ clkbuf_3_7__f_clk/X (sky130_fd_sc_hd__clkbuf_16)
                                                         clknet_3_7__leaf_clk (net)
                      0.050906    0.000883    0.315374 ^ dsa[0]._8_/CLK (sky130_fd_sc_hd__dfrtp_1)
     2    0.005500    0.065633    0.335438    0.650811 ^ dsa[0]._8_/Q (sky130_fd_sc_hd__dfrtp_1)
                                                         dsa[0].last_carry (net)
                      0.065633    0.000088    0.650899 ^ dsa[0]._3_/A (sky130_fd_sc_hd__nand3_1)
     2    0.005062    0.070645    0.081129    0.732028 v dsa[0]._3_/Y (sky130_fd_sc_hd__nand3_1)
                                                         dsa[0]._0_ (net)
                      0.070645    0.000141    0.732169 v dsa[0]._5_/A (sky130_fd_sc_hd__nand2_1)
     1    0.005374    0.060888    0.080898    0.813067 ^ dsa[0]._5_/Y (sky130_fd_sc_hd__nand2_1)
                                                         dsa[0]._2_ (net)
                      0.060888    0.000169    0.813236 ^ dsa[0]._6_/B (sky130_fd_sc_hd__xnor2_1)
     1    0.002283    0.030434    0.056698    0.869935 v dsa[0]._6_/Y (sky130_fd_sc_hd__xnor2_1)
                                                         dsa[0].y_out_next (net)
                      0.030434    0.000063    0.869998 v dsa[0]._9_/D (sky130_fd_sc_hd__dfrtp_1)
                                              0.869998   data arrival time

                                  0.000000    0.000000   clock core_clock (rise edge)
                                  0.000000    0.000000   clock source latency
     1    0.014766    0.000000    0.000000    0.000000 ^ clk (in)
                                                         clk (net)
                      0.000828    0.000414    0.000414 ^ clkbuf_0_clk/A (sky130_fd_sc_hd__clkbuf_16)
     8    0.082920    0.100025    0.156201    0.156615 ^ clkbuf_0_clk/X (sky130_fd_sc_hd__clkbuf_16)
                                                         clknet_0_clk (net)
                      0.100205    0.003442    0.160057 ^ clkbuf_3_7__f_clk/A (sky130_fd_sc_hd__clkbuf_16)
    10    0.029812    0.050901    0.154433    0.314490 ^ clkbuf_3_7__f_clk/X (sky130_fd_sc_hd__clkbuf_16)
                                                         clknet_3_7__leaf_clk (net)
                      0.050904    0.000703    0.315194 ^ dsa[0]._9_/CLK (sky130_fd_sc_hd__dfrtp_1)
                                  0.000000    0.315194   clock reconvergence pessimism
                                 -0.038499    0.276695   library hold time
                                              0.276695   data required time
---------------------------------------------------------------------------------------------
                                              0.276695   data required time
                                             -0.869998   data arrival time
---------------------------------------------------------------------------------------------
                                              0.593304   slack (MET)


Startpoint: dsa[0]._8_ (rising edge-triggered flip-flop clocked by core_clock)
Endpoint: dsa[0]._8_ (rising edge-triggered flip-flop clocked by core_clock)
Path Group: core_clock
Path Type: min

Fanout         Cap        Slew       Delay        Time   Description
---------------------------------------------------------------------------------------------
                                  0.000000    0.000000   clock core_clock (rise edge)
                                  0.000000    0.000000   clock source latency
     1    0.014766    0.000000    0.000000    0.000000 ^ clk (in)
                                                         clk (net)
                      0.000828    0.000414    0.000414 ^ clkbuf_0_clk/A (sky130_fd_sc_hd__clkbuf_16)
     8    0.082920    0.100025    0.156201    0.156615 ^ clkbuf_0_clk/X (sky130_fd_sc_hd__clkbuf_16)
                                                         clknet_0_clk (net)
                      0.100205    0.003442    0.160057 ^ clkbuf_3_7__f_clk/A (sky130_fd_sc_hd__clkbuf_16)
    10    0.029812    0.050901    0.154433    0.314490 ^ clkbuf_3_7__f_clk/X (sky130_fd_sc_hd__clkbuf_16)
                                                         clknet_3_7__leaf_clk (net)
                      0.050906    0.000883    0.315374 ^ dsa[0]._8_/CLK (sky130_fd_sc_hd__dfrtp_1)
     2    0.005500    0.065633    0.335438    0.650811 ^ dsa[0]._8_/Q (sky130_fd_sc_hd__dfrtp_1)
                                                         dsa[0].last_carry (net)
                      0.065633    0.000088    0.650899 ^ dsa[0]._3_/A (sky130_fd_sc_hd__nand3_1)
     2    0.005062    0.070645    0.081129    0.732028 v dsa[0]._3_/Y (sky130_fd_sc_hd__nand3_1)
                                                         dsa[0]._0_ (net)
                      0.070645    0.000137    0.732165 v dsa[0]._7_/B1_N (sky130_fd_sc_hd__a21bo_1)
     1    0.002557    0.033410    0.178527    0.910691 ^ dsa[0]._7_/X (sky130_fd_sc_hd__a21bo_1)
                                                         dsa[0].last_carry_next (net)
                      0.033410    0.000075    0.910767 ^ dsa[0]._8_/D (sky130_fd_sc_hd__dfrtp_1)
                                              0.910767   data arrival time

                                  0.000000    0.000000   clock core_clock (rise edge)
                                  0.000000    0.000000   clock source latency
     1    0.014766    0.000000    0.000000    0.000000 ^ clk (in)
                                                         clk (net)
                      0.000828    0.000414    0.000414 ^ clkbuf_0_clk/A (sky130_fd_sc_hd__clkbuf_16)
     8    0.082920    0.100025    0.156201    0.156615 ^ clkbuf_0_clk/X (sky130_fd_sc_hd__clkbuf_16)
                                                         clknet_0_clk (net)
                      0.100205    0.003442    0.160057 ^ clkbuf_3_7__f_clk/A (sky130_fd_sc_hd__clkbuf_16)
    10    0.029812    0.050901    0.154433    0.314490 ^ clkbuf_3_7__f_clk/X (sky130_fd_sc_hd__clkbuf_16)
                                                         clknet_3_7__leaf_clk (net)
                      0.050906    0.000883    0.315374 ^ dsa[0]._8_/CLK (sky130_fd_sc_hd__dfrtp_1)
                                  0.000000    0.315374   clock reconvergence pessimism
                                 -0.031530    0.283844   library hold time
                                              0.283844   data required time
---------------------------------------------------------------------------------------------
                                              0.283844   data required time
                                             -0.910767   data arrival time
---------------------------------------------------------------------------------------------
                                              0.626923   slack (MET)



