
===========================================================================
report_checks -path_delay max (Setup)
============================================================================
======================= max_ff_n40C_1v95 Corner ===================================

Startpoint: dsa[8]._8_ (rising edge-triggered flip-flop clocked by core_clock)
Endpoint: dsa[8]._8_ (rising edge-triggered flip-flop clocked by core_clock)
Path Group: core_clock
Path Type: max

Fanout         Cap        Slew       Delay        Time   Description
---------------------------------------------------------------------------------------------
                                  0.000000    0.000000   clock core_clock (rise edge)
                                  0.000000    0.000000   clock source latency
     1    0.015155    0.000000    0.000000    0.000000 ^ clk (in)
                                                         clk (net)
                      0.001422    0.000711    0.000711 ^ clkbuf_0_clk/A (sky130_fd_sc_hd__clkbuf_16)
     8    0.085401    0.078773    0.109444    0.110155 ^ clkbuf_0_clk/X (sky130_fd_sc_hd__clkbuf_16)
                                                         clknet_0_clk (net)
                      0.080339    0.008735    0.118890 ^ clkbuf_3_4__f_clk/A (sky130_fd_sc_hd__clkbuf_16)
     9    0.024233    0.034552    0.100597    0.219487 ^ clkbuf_3_4__f_clk/X (sky130_fd_sc_hd__clkbuf_16)
                                                         clknet_3_4__leaf_clk (net)
                      0.034612    0.001119    0.220606 ^ dsa[8]._8_/CLK (sky130_fd_sc_hd__dfrtp_1)
     2    0.006142    0.038582    0.234832    0.455439 v dsa[8]._8_/Q (sky130_fd_sc_hd__dfrtp_1)
                                                         dsa[8].last_carry (net)
                      0.038582    0.000207    0.455646 v dsa[8]._4_/B1 (sky130_fd_sc_hd__a21o_1)
     2    0.007451    0.038014    0.083544    0.539190 v dsa[8]._4_/X (sky130_fd_sc_hd__a21o_1)
                                                         dsa[8]._1_ (net)
                      0.038019    0.000452    0.539642 v dsa[8]._7_/A2 (sky130_fd_sc_hd__a21bo_1)
     1    0.003432    0.027199    0.122702    0.662344 v dsa[8]._7_/X (sky130_fd_sc_hd__a21bo_1)
                                                         dsa[8].last_carry_next (net)
                      0.027214    0.000223    0.662566 v dsa[8]._8_/D (sky130_fd_sc_hd__dfrtp_1)
                                              0.662566   data arrival time

                                 10.000000   10.000000   clock core_clock (rise edge)
                                  0.000000   10.000000   clock source latency
     1    0.015155    0.000000    0.000000   10.000000 ^ clk (in)
                                                         clk (net)
                      0.001422    0.000711   10.000710 ^ clkbuf_0_clk/A (sky130_fd_sc_hd__clkbuf_16)
     8    0.085401    0.078773    0.109445   10.110156 ^ clkbuf_0_clk/X (sky130_fd_sc_hd__clkbuf_16)
                                                         clknet_0_clk (net)
                      0.080339    0.008734   10.118890 ^ clkbuf_3_4__f_clk/A (sky130_fd_sc_hd__clkbuf_16)
     9    0.024233    0.034552    0.100597   10.219487 ^ clkbuf_3_4__f_clk/X (sky130_fd_sc_hd__clkbuf_16)
                                                         clknet_3_4__leaf_clk (net)
                      0.034612    0.001120   10.220607 ^ dsa[8]._8_/CLK (sky130_fd_sc_hd__dfrtp_1)
                                  0.000000   10.220607   clock reconvergence pessimism
                                 -0.070484   10.150123   library setup time
                                             10.150123   data required time
---------------------------------------------------------------------------------------------
                                             10.150123   data required time
                                             -0.662566   data arrival time
---------------------------------------------------------------------------------------------
                                              9.487556   slack (MET)


Startpoint: dsa[3]._8_ (rising edge-triggered flip-flop clocked by core_clock)
Endpoint: dsa[3]._8_ (rising edge-triggered flip-flop clocked by core_clock)
Path Group: core_clock
Path Type: max

Fanout         Cap        Slew       Delay        Time   Description
---------------------------------------------------------------------------------------------
                                  0.000000    0.000000   clock core_clock (rise edge)
                                  0.000000    0.000000   clock source latency
     1    0.015155    0.000000    0.000000    0.000000 ^ clk (in)
                                                         clk (net)
                      0.001422    0.000711    0.000711 ^ clkbuf_0_clk/A (sky130_fd_sc_hd__clkbuf_16)
     8    0.085401    0.078773    0.109444    0.110155 ^ clkbuf_0_clk/X (sky130_fd_sc_hd__clkbuf_16)
                                                         clknet_0_clk (net)
                      0.079673    0.006654    0.116809 ^ clkbuf_3_7__f_clk/A (sky130_fd_sc_hd__clkbuf_16)
    10    0.031531    0.039597    0.105255    0.222063 ^ clkbuf_3_7__f_clk/X (sky130_fd_sc_hd__clkbuf_16)
                                                         clknet_3_7__leaf_clk (net)
                      0.039614    0.001188    0.223252 ^ dsa[3]._8_/CLK (sky130_fd_sc_hd__dfrtp_1)
     2    0.006518    0.039803    0.237662    0.460914 v dsa[3]._8_/Q (sky130_fd_sc_hd__dfrtp_1)
                                                         dsa[3].last_carry (net)
                      0.039844    0.000259    0.461173 v dsa[3]._4_/B1 (sky130_fd_sc_hd__a21o_1)
     2    0.006044    0.033723    0.080228    0.541401 v dsa[3]._4_/X (sky130_fd_sc_hd__a21o_1)
                                                         dsa[3]._1_ (net)
                      0.033724    0.000229    0.541630 v dsa[3]._7_/A2 (sky130_fd_sc_hd__a21bo_1)
     1    0.003340    0.026861    0.120763    0.662393 v dsa[3]._7_/X (sky130_fd_sc_hd__a21bo_1)
                                                         dsa[3].last_carry_next (net)
                      0.026875    0.000142    0.662535 v dsa[3]._8_/D (sky130_fd_sc_hd__dfrtp_1)
                                              0.662535   data arrival time

                                 10.000000   10.000000   clock core_clock (rise edge)
                                  0.000000   10.000000   clock source latency
     1    0.015155    0.000000    0.000000   10.000000 ^ clk (in)
                                                         clk (net)
                      0.001422    0.000711   10.000710 ^ clkbuf_0_clk/A (sky130_fd_sc_hd__clkbuf_16)
     8    0.085401    0.078773    0.109445   10.110156 ^ clkbuf_0_clk/X (sky130_fd_sc_hd__clkbuf_16)
                                                         clknet_0_clk (net)
                      0.079673    0.006653   10.116809 ^ clkbuf_3_7__f_clk/A (sky130_fd_sc_hd__clkbuf_16)
    10    0.031531    0.039597    0.105254   10.222063 ^ clkbuf_3_7__f_clk/X (sky130_fd_sc_hd__clkbuf_16)
                                                         clknet_3_7__leaf_clk (net)
                      0.039614    0.001188   10.223252 ^ dsa[3]._8_/CLK (sky130_fd_sc_hd__dfrtp_1)
                                  0.000000   10.223252   clock reconvergence pessimism
                                 -0.069882   10.153370   library setup time
                                             10.153370   data required time
---------------------------------------------------------------------------------------------
                                             10.153370   data required time
                                             -0.662535   data arrival time
---------------------------------------------------------------------------------------------
                                              9.490835   slack (MET)


Startpoint: dsa[29]._8_ (rising edge-triggered flip-flop clocked by core_clock)
Endpoint: dsa[29]._8_ (rising edge-triggered flip-flop clocked by core_clock)
Path Group: core_clock
Path Type: max

Fanout         Cap        Slew       Delay        Time   Description
---------------------------------------------------------------------------------------------
                                  0.000000    0.000000   clock core_clock (rise edge)
                                  0.000000    0.000000   clock source latency
     1    0.015155    0.000000    0.000000    0.000000 ^ clk (in)
                                                         clk (net)
                      0.001422    0.000711    0.000711 ^ clkbuf_0_clk/A (sky130_fd_sc_hd__clkbuf_16)
     8    0.085401    0.078773    0.109444    0.110155 ^ clkbuf_0_clk/X (sky130_fd_sc_hd__clkbuf_16)
                                                         clknet_0_clk (net)
                      0.080880    0.010138    0.120293 ^ clkbuf_3_0__f_clk/A (sky130_fd_sc_hd__clkbuf_16)
    10    0.034667    0.041696    0.107307    0.227600 ^ clkbuf_3_0__f_clk/X (sky130_fd_sc_hd__clkbuf_16)
                                                         clknet_3_0__leaf_clk (net)
                      0.041769    0.001553    0.229153 ^ dsa[29]._8_/CLK (sky130_fd_sc_hd__dfrtp_1)
     2    0.005429    0.036305    0.234326    0.463479 v dsa[29]._8_/Q (sky130_fd_sc_hd__dfrtp_1)
                                                         dsa[29].last_carry (net)
                      0.036305    0.000318    0.463797 v dsa[29]._4_/B1 (sky130_fd_sc_hd__a21o_1)
     2    0.006786    0.035699    0.080861    0.544658 v dsa[29]._4_/X (sky130_fd_sc_hd__a21o_1)
                                                         dsa[29]._1_ (net)
                      0.035702    0.000327    0.544986 v dsa[29]._7_/A2 (sky130_fd_sc_hd__a21bo_1)
     1    0.003591    0.027722    0.122553    0.667538 v dsa[29]._7_/X (sky130_fd_sc_hd__a21bo_1)
                                                         dsa[29].last_carry_next (net)
                      0.027744    0.000266    0.667805 v dsa[29]._8_/D (sky130_fd_sc_hd__dfrtp_1)
                                              0.667805   data arrival time

                                 10.000000   10.000000   clock core_clock (rise edge)
                                  0.000000   10.000000   clock source latency
     1    0.015155    0.000000    0.000000   10.000000 ^ clk (in)
                                                         clk (net)
                      0.001422    0.000711   10.000710 ^ clkbuf_0_clk/A (sky130_fd_sc_hd__clkbuf_16)
     8    0.085401    0.078773    0.109445   10.110156 ^ clkbuf_0_clk/X (sky130_fd_sc_hd__clkbuf_16)
                                                         clknet_0_clk (net)
                      0.080880    0.010138   10.120294 ^ clkbuf_3_0__f_clk/A (sky130_fd_sc_hd__clkbuf_16)
    10    0.034667    0.041696    0.107307   10.227600 ^ clkbuf_3_0__f_clk/X (sky130_fd_sc_hd__clkbuf_16)
                                                         clknet_3_0__leaf_clk (net)
                      0.041769    0.001553   10.229153 ^ dsa[29]._8_/CLK (sky130_fd_sc_hd__dfrtp_1)
                                  0.000000   10.229153   clock reconvergence pessimism
                                 -0.069985   10.159168   library setup time
                                             10.159168   data required time
---------------------------------------------------------------------------------------------
                                             10.159168   data required time
                                             -0.667805   data arrival time
---------------------------------------------------------------------------------------------
                                              9.491364   slack (MET)


Startpoint: dsa[15]._8_ (rising edge-triggered flip-flop clocked by core_clock)
Endpoint: dsa[15]._8_ (rising edge-triggered flip-flop clocked by core_clock)
Path Group: core_clock
Path Type: max

Fanout         Cap        Slew       Delay        Time   Description
---------------------------------------------------------------------------------------------
                                  0.000000    0.000000   clock core_clock (rise edge)
                                  0.000000    0.000000   clock source latency
     1    0.015155    0.000000    0.000000    0.000000 ^ clk (in)
                                                         clk (net)
                      0.001422    0.000711    0.000711 ^ clkbuf_0_clk/A (sky130_fd_sc_hd__clkbuf_16)
     8    0.085401    0.078773    0.109444    0.110155 ^ clkbuf_0_clk/X (sky130_fd_sc_hd__clkbuf_16)
                                                         clknet_0_clk (net)
                      0.079257    0.004947    0.115103 ^ clkbuf_3_3__f_clk/A (sky130_fd_sc_hd__clkbuf_16)
     9    0.028862    0.037813    0.103400    0.218503 ^ clkbuf_3_3__f_clk/X (sky130_fd_sc_hd__clkbuf_16)
                                                         clknet_3_3__leaf_clk (net)
                      0.037850    0.001058    0.219561 ^ dsa[15]._8_/CLK (sky130_fd_sc_hd__dfrtp_1)
     2    0.006282    0.039065    0.236241    0.455802 v dsa[15]._8_/Q (sky130_fd_sc_hd__dfrtp_1)
                                                         dsa[15].last_carry (net)
                      0.039065    0.000349    0.456150 v dsa[15]._4_/B1 (sky130_fd_sc_hd__a21o_1)
     2    0.005409    0.031798    0.078159    0.534310 v dsa[15]._4_/X (sky130_fd_sc_hd__a21o_1)
                                                         dsa[15]._1_ (net)
                      0.031798    0.000184    0.534494 v dsa[15]._7_/A2 (sky130_fd_sc_hd__a21bo_1)
     1    0.003845    0.028593    0.122284    0.656778 v dsa[15]._7_/X (sky130_fd_sc_hd__a21bo_1)
                                                         dsa[15].last_carry_next (net)
                      0.028593    0.000279    0.657057 v dsa[15]._8_/D (sky130_fd_sc_hd__dfrtp_1)
                                              0.657057   data arrival time

                                 10.000000   10.000000   clock core_clock (rise edge)
                                  0.000000   10.000000   clock source latency
     1    0.015155    0.000000    0.000000   10.000000 ^ clk (in)
                                                         clk (net)
                      0.001422    0.000711   10.000710 ^ clkbuf_0_clk/A (sky130_fd_sc_hd__clkbuf_16)
     8    0.085401    0.078773    0.109445   10.110156 ^ clkbuf_0_clk/X (sky130_fd_sc_hd__clkbuf_16)
                                                         clknet_0_clk (net)
                      0.079257    0.004947   10.115103 ^ clkbuf_3_3__f_clk/A (sky130_fd_sc_hd__clkbuf_16)
     9    0.028862    0.037813    0.103401   10.218504 ^ clkbuf_3_3__f_clk/X (sky130_fd_sc_hd__clkbuf_16)
                                                         clknet_3_3__leaf_clk (net)
                      0.037850    0.001058   10.219562 ^ dsa[15]._8_/CLK (sky130_fd_sc_hd__dfrtp_1)
                                  0.000000   10.219562   clock reconvergence pessimism
                                 -0.070665   10.148896   library setup time
                                             10.148896   data required time
---------------------------------------------------------------------------------------------
                                             10.148896   data required time
                                             -0.657057   data arrival time
---------------------------------------------------------------------------------------------
                                              9.491839   slack (MET)


Startpoint: dsa[23]._8_ (rising edge-triggered flip-flop clocked by core_clock)
Endpoint: dsa[23]._8_ (rising edge-triggered flip-flop clocked by core_clock)
Path Group: core_clock
Path Type: max

Fanout         Cap        Slew       Delay        Time   Description
---------------------------------------------------------------------------------------------
                                  0.000000    0.000000   clock core_clock (rise edge)
                                  0.000000    0.000000   clock source latency
     1    0.015155    0.000000    0.000000    0.000000 ^ clk (in)
                                                         clk (net)
                      0.001422    0.000711    0.000711 ^ clkbuf_0_clk/A (sky130_fd_sc_hd__clkbuf_16)
     8    0.085401    0.078773    0.109444    0.110155 ^ clkbuf_0_clk/X (sky130_fd_sc_hd__clkbuf_16)
                                                         clknet_0_clk (net)
                      0.079334    0.005306    0.115461 ^ clkbuf_3_2__f_clk/A (sky130_fd_sc_hd__clkbuf_16)
    10    0.033819    0.041077    0.106363    0.221824 ^ clkbuf_3_2__f_clk/X (sky130_fd_sc_hd__clkbuf_16)
                                                         clknet_3_2__leaf_clk (net)
                      0.041152    0.001722    0.223546 ^ dsa[23]._8_/CLK (sky130_fd_sc_hd__dfrtp_1)
     2    0.006562    0.039989    0.238213    0.461759 v dsa[23]._8_/Q (sky130_fd_sc_hd__dfrtp_1)
                                                         dsa[23].last_carry (net)
                      0.040032    0.000385    0.462144 v dsa[23]._4_/B1 (sky130_fd_sc_hd__a21o_1)
     2    0.005879    0.032982    0.079788    0.541932 v dsa[23]._4_/X (sky130_fd_sc_hd__a21o_1)
                                                         dsa[23]._1_ (net)
                      0.032986    0.000373    0.542305 v dsa[23]._7_/A2 (sky130_fd_sc_hd__a21bo_1)
     1    0.003090    0.026050    0.119373    0.661678 v dsa[23]._7_/X (sky130_fd_sc_hd__a21bo_1)
                                                         dsa[23].last_carry_next (net)
                      0.026051    0.000131    0.661809 v dsa[23]._8_/D (sky130_fd_sc_hd__dfrtp_1)
                                              0.661809   data arrival time

                                 10.000000   10.000000   clock core_clock (rise edge)
                                  0.000000   10.000000   clock source latency
     1    0.015155    0.000000    0.000000   10.000000 ^ clk (in)
                                                         clk (net)
                      0.001422    0.000711   10.000710 ^ clkbuf_0_clk/A (sky130_fd_sc_hd__clkbuf_16)
     8    0.085401    0.078773    0.109445   10.110156 ^ clkbuf_0_clk/X (sky130_fd_sc_hd__clkbuf_16)
                                                         clknet_0_clk (net)
                      0.079334    0.005306   10.115461 ^ clkbuf_3_2__f_clk/A (sky130_fd_sc_hd__clkbuf_16)
    10    0.033819    0.041077    0.106363   10.221825 ^ clkbuf_3_2__f_clk/X (sky130_fd_sc_hd__clkbuf_16)
                                                         clknet_3_2__leaf_clk (net)
                      0.041152    0.001722   10.223547 ^ dsa[23]._8_/CLK (sky130_fd_sc_hd__dfrtp_1)
                                  0.000000   10.223547   clock reconvergence pessimism
                                 -0.069440   10.154107   library setup time
                                             10.154107   data required time
---------------------------------------------------------------------------------------------
                                             10.154107   data required time
                                             -0.661809   data arrival time
---------------------------------------------------------------------------------------------
                                              9.492298   slack (MET)


Startpoint: dsa[2]._8_ (rising edge-triggered flip-flop clocked by core_clock)
Endpoint: dsa[2]._8_ (rising edge-triggered flip-flop clocked by core_clock)
Path Group: core_clock
Path Type: max

Fanout         Cap        Slew       Delay        Time   Description
---------------------------------------------------------------------------------------------
                                  0.000000    0.000000   clock core_clock (rise edge)
                                  0.000000    0.000000   clock source latency
     1    0.015155    0.000000    0.000000    0.000000 ^ clk (in)
                                                         clk (net)
                      0.001422    0.000711    0.000711 ^ clkbuf_0_clk/A (sky130_fd_sc_hd__clkbuf_16)
     8    0.085401    0.078773    0.109444    0.110155 ^ clkbuf_0_clk/X (sky130_fd_sc_hd__clkbuf_16)
                                                         clknet_0_clk (net)
                      0.079638    0.006529    0.116684 ^ clkbuf_3_6__f_clk/A (sky130_fd_sc_hd__clkbuf_16)
     8    0.028649    0.037661    0.103372    0.220056 ^ clkbuf_3_6__f_clk/X (sky130_fd_sc_hd__clkbuf_16)
                                                         clknet_3_6__leaf_clk (net)
                      0.037740    0.001457    0.221513 ^ dsa[2]._8_/CLK (sky130_fd_sc_hd__dfrtp_1)
     2    0.006535    0.039903    0.237106    0.458619 v dsa[2]._8_/Q (sky130_fd_sc_hd__dfrtp_1)
                                                         dsa[2].last_carry (net)
                      0.039946    0.000415    0.459034 v dsa[2]._4_/B1 (sky130_fd_sc_hd__a21o_1)
     2    0.006061    0.033523    0.080226    0.539260 v dsa[2]._4_/X (sky130_fd_sc_hd__a21o_1)
                                                         dsa[2]._1_ (net)
                      0.033527    0.000394    0.539653 v dsa[2]._7_/A2 (sky130_fd_sc_hd__a21bo_1)
     1    0.003060    0.025957    0.119385    0.659039 v dsa[2]._7_/X (sky130_fd_sc_hd__a21bo_1)
                                                         dsa[2].last_carry_next (net)
                      0.025973    0.000227    0.659266 v dsa[2]._8_/D (sky130_fd_sc_hd__dfrtp_1)
                                              0.659266   data arrival time

                                 10.000000   10.000000   clock core_clock (rise edge)
                                  0.000000   10.000000   clock source latency
     1    0.015155    0.000000    0.000000   10.000000 ^ clk (in)
                                                         clk (net)
                      0.001422    0.000711   10.000710 ^ clkbuf_0_clk/A (sky130_fd_sc_hd__clkbuf_16)
     8    0.085401    0.078773    0.109445   10.110156 ^ clkbuf_0_clk/X (sky130_fd_sc_hd__clkbuf_16)
                                                         clknet_0_clk (net)
                      0.079638    0.006529   10.116685 ^ clkbuf_3_6__f_clk/A (sky130_fd_sc_hd__clkbuf_16)
     8    0.028649    0.037661    0.103372   10.220057 ^ clkbuf_3_6__f_clk/X (sky130_fd_sc_hd__clkbuf_16)
                                                         clknet_3_6__leaf_clk (net)
                      0.037740    0.001457   10.221513 ^ dsa[2]._8_/CLK (sky130_fd_sc_hd__dfrtp_1)
                                  0.000000   10.221513   clock reconvergence pessimism
                                 -0.069740   10.151772   library setup time
                                             10.151772   data required time
---------------------------------------------------------------------------------------------
                                             10.151772   data required time
                                             -0.659266   data arrival time
---------------------------------------------------------------------------------------------
                                              9.492507   slack (MET)


Startpoint: dsa[25]._8_ (rising edge-triggered flip-flop clocked by core_clock)
Endpoint: dsa[25]._8_ (rising edge-triggered flip-flop clocked by core_clock)
Path Group: core_clock
Path Type: max

Fanout         Cap        Slew       Delay        Time   Description
---------------------------------------------------------------------------------------------
                                  0.000000    0.000000   clock core_clock (rise edge)
                                  0.000000    0.000000   clock source latency
     1    0.015155    0.000000    0.000000    0.000000 ^ clk (in)
                                                         clk (net)
                      0.001422    0.000711    0.000711 ^ clkbuf_0_clk/A (sky130_fd_sc_hd__clkbuf_16)
     8    0.085401    0.078773    0.109444    0.110155 ^ clkbuf_0_clk/X (sky130_fd_sc_hd__clkbuf_16)
                                                         clknet_0_clk (net)
                      0.079334    0.005306    0.115461 ^ clkbuf_3_2__f_clk/A (sky130_fd_sc_hd__clkbuf_16)
    10    0.033819    0.041077    0.106363    0.221824 ^ clkbuf_3_2__f_clk/X (sky130_fd_sc_hd__clkbuf_16)
                                                         clknet_3_2__leaf_clk (net)
                      0.041274    0.002200    0.224025 ^ dsa[25]._8_/CLK (sky130_fd_sc_hd__dfrtp_1)
     2    0.006145    0.038644    0.236707    0.460732 v dsa[25]._8_/Q (sky130_fd_sc_hd__dfrtp_1)
                                                         dsa[25].last_carry (net)
                      0.038644    0.000383    0.461115 v dsa[25]._4_/B1 (sky130_fd_sc_hd__a21o_1)
     2    0.006606    0.035150    0.081304    0.542419 v dsa[25]._4_/X (sky130_fd_sc_hd__a21o_1)
                                                         dsa[25]._1_ (net)
                      0.035150    0.000224    0.542642 v dsa[25]._7_/A2 (sky130_fd_sc_hd__a21bo_1)
     1    0.002870    0.025337    0.119137    0.661779 v dsa[25]._7_/X (sky130_fd_sc_hd__a21bo_1)
                                                         dsa[25].last_carry_next (net)
                      0.025352    0.000188    0.661967 v dsa[25]._8_/D (sky130_fd_sc_hd__dfrtp_1)
                                              0.661967   data arrival time

                                 10.000000   10.000000   clock core_clock (rise edge)
                                  0.000000   10.000000   clock source latency
     1    0.015155    0.000000    0.000000   10.000000 ^ clk (in)
                                                         clk (net)
                      0.001422    0.000711   10.000710 ^ clkbuf_0_clk/A (sky130_fd_sc_hd__clkbuf_16)
     8    0.085401    0.078773    0.109445   10.110156 ^ clkbuf_0_clk/X (sky130_fd_sc_hd__clkbuf_16)
                                                         clknet_0_clk (net)
                      0.079334    0.005306   10.115461 ^ clkbuf_3_2__f_clk/A (sky130_fd_sc_hd__clkbuf_16)
    10    0.033819    0.041077    0.106363   10.221825 ^ clkbuf_3_2__f_clk/X (sky130_fd_sc_hd__clkbuf_16)
                                                         clknet_3_2__leaf_clk (net)
                      0.041274    0.002200   10.224025 ^ dsa[25]._8_/CLK (sky130_fd_sc_hd__dfrtp_1)
                                  0.000000   10.224025   clock reconvergence pessimism
                                 -0.069179   10.154845   library setup time
                                             10.154845   data required time
---------------------------------------------------------------------------------------------
                                             10.154845   data required time
                                             -0.661967   data arrival time
---------------------------------------------------------------------------------------------
                                              9.492878   slack (MET)


Startpoint: dsa[5]._8_ (rising edge-triggered flip-flop clocked by core_clock)
Endpoint: dsa[5]._8_ (rising edge-triggered flip-flop clocked by core_clock)
Path Group: core_clock
Path Type: max

Fanout         Cap        Slew       Delay        Time   Description
---------------------------------------------------------------------------------------------
                                  0.000000    0.000000   clock core_clock (rise edge)
                                  0.000000    0.000000   clock source latency
     1    0.015155    0.000000    0.000000    0.000000 ^ clk (in)
                                                         clk (net)
                      0.001422    0.000711    0.000711 ^ clkbuf_0_clk/A (sky130_fd_sc_hd__clkbuf_16)
     8    0.085401    0.078773    0.109444    0.110155 ^ clkbuf_0_clk/X (sky130_fd_sc_hd__clkbuf_16)
                                                         clknet_0_clk (net)
                      0.080452    0.009044    0.119200 ^ clkbuf_3_5__f_clk/A (sky130_fd_sc_hd__clkbuf_16)
     8    0.031303    0.039459    0.105319    0.224519 ^ clkbuf_3_5__f_clk/X (sky130_fd_sc_hd__clkbuf_16)
                                                         clknet_3_5__leaf_clk (net)
                      0.039486    0.001593    0.226112 ^ dsa[5]._8_/CLK (sky130_fd_sc_hd__dfrtp_1)
     2    0.006252    0.038969    0.236607    0.462719 v dsa[5]._8_/Q (sky130_fd_sc_hd__dfrtp_1)
                                                         dsa[5].last_carry (net)
                      0.038969    0.000351    0.463070 v dsa[5]._4_/B1 (sky130_fd_sc_hd__a21o_1)
     2    0.006011    0.033600    0.079707    0.542776 v dsa[5]._4_/X (sky130_fd_sc_hd__a21o_1)
                                                         dsa[5]._1_ (net)
                      0.033604    0.000377    0.543153 v dsa[5]._7_/A2 (sky130_fd_sc_hd__a21bo_1)
     1    0.003220    0.026477    0.120179    0.663332 v dsa[5]._7_/X (sky130_fd_sc_hd__a21bo_1)
                                                         dsa[5].last_carry_next (net)
                      0.026477    0.000136    0.663468 v dsa[5]._8_/D (sky130_fd_sc_hd__dfrtp_1)
                                              0.663468   data arrival time

                                 10.000000   10.000000   clock core_clock (rise edge)
                                  0.000000   10.000000   clock source latency
     1    0.015155    0.000000    0.000000   10.000000 ^ clk (in)
                                                         clk (net)
                      0.001422    0.000711   10.000710 ^ clkbuf_0_clk/A (sky130_fd_sc_hd__clkbuf_16)
     8    0.085401    0.078773    0.109445   10.110156 ^ clkbuf_0_clk/X (sky130_fd_sc_hd__clkbuf_16)
                                                         clknet_0_clk (net)
                      0.080452    0.009044   10.119200 ^ clkbuf_3_5__f_clk/A (sky130_fd_sc_hd__clkbuf_16)
     8    0.031303    0.039459    0.105319   10.224520 ^ clkbuf_3_5__f_clk/X (sky130_fd_sc_hd__clkbuf_16)
                                                         clknet_3_5__leaf_clk (net)
                      0.039486    0.001593   10.226111 ^ dsa[5]._8_/CLK (sky130_fd_sc_hd__dfrtp_1)
                                  0.000000   10.226111   clock reconvergence pessimism
                                 -0.069753   10.156360   library setup time
                                             10.156360   data required time
---------------------------------------------------------------------------------------------
                                             10.156360   data required time
                                             -0.663468   data arrival time
---------------------------------------------------------------------------------------------
                                              9.492892   slack (MET)


Startpoint: dsa[22]._8_ (rising edge-triggered flip-flop clocked by core_clock)
Endpoint: dsa[22]._8_ (rising edge-triggered flip-flop clocked by core_clock)
Path Group: core_clock
Path Type: max

Fanout         Cap        Slew       Delay        Time   Description
---------------------------------------------------------------------------------------------
                                  0.000000    0.000000   clock core_clock (rise edge)
                                  0.000000    0.000000   clock source latency
     1    0.015155    0.000000    0.000000    0.000000 ^ clk (in)
                                                         clk (net)
                      0.001422    0.000711    0.000711 ^ clkbuf_0_clk/A (sky130_fd_sc_hd__clkbuf_16)
     8    0.085401    0.078773    0.109444    0.110155 ^ clkbuf_0_clk/X (sky130_fd_sc_hd__clkbuf_16)
                                                         clknet_0_clk (net)
                      0.079334    0.005306    0.115461 ^ clkbuf_3_2__f_clk/A (sky130_fd_sc_hd__clkbuf_16)
    10    0.033819    0.041077    0.106363    0.221824 ^ clkbuf_3_2__f_clk/X (sky130_fd_sc_hd__clkbuf_16)
                                                         clknet_3_2__leaf_clk (net)
                      0.041113    0.001411    0.223236 ^ dsa[22]._8_/CLK (sky130_fd_sc_hd__dfrtp_1)
     2    0.006129    0.038533    0.236705    0.459941 v dsa[22]._8_/Q (sky130_fd_sc_hd__dfrtp_1)
                                                         dsa[22].last_carry (net)
                      0.038533    0.000293    0.460234 v dsa[22]._4_/B1 (sky130_fd_sc_hd__a21o_1)
     2    0.005723    0.032539    0.078814    0.539048 v dsa[22]._4_/X (sky130_fd_sc_hd__a21o_1)
                                                         dsa[22]._1_ (net)
                      0.032542    0.000295    0.539343 v dsa[22]._7_/A2 (sky130_fd_sc_hd__a21bo_1)
     1    0.003464    0.027273    0.120868    0.660211 v dsa[22]._7_/X (sky130_fd_sc_hd__a21bo_1)
                                                         dsa[22].last_carry_next (net)
                      0.027287    0.000221    0.660432 v dsa[22]._8_/D (sky130_fd_sc_hd__dfrtp_1)
                                              0.660432   data arrival time

                                 10.000000   10.000000   clock core_clock (rise edge)
                                  0.000000   10.000000   clock source latency
     1    0.015155    0.000000    0.000000   10.000000 ^ clk (in)
                                                         clk (net)
                      0.001422    0.000711   10.000710 ^ clkbuf_0_clk/A (sky130_fd_sc_hd__clkbuf_16)
     8    0.085401    0.078773    0.109445   10.110156 ^ clkbuf_0_clk/X (sky130_fd_sc_hd__clkbuf_16)
                                                         clknet_0_clk (net)
                      0.079334    0.005306   10.115461 ^ clkbuf_3_2__f_clk/A (sky130_fd_sc_hd__clkbuf_16)
    10    0.033819    0.041077    0.106363   10.221825 ^ clkbuf_3_2__f_clk/X (sky130_fd_sc_hd__clkbuf_16)
                                                         clknet_3_2__leaf_clk (net)
                      0.041113    0.001411   10.223236 ^ dsa[22]._8_/CLK (sky130_fd_sc_hd__dfrtp_1)
                                  0.000000   10.223236   clock reconvergence pessimism
                                 -0.069885   10.153351   library setup time
                                             10.153351   data required time
---------------------------------------------------------------------------------------------
                                             10.153351   data required time
                                             -0.660432   data arrival time
---------------------------------------------------------------------------------------------
                                              9.492919   slack (MET)


Startpoint: dsa[19]._8_ (rising edge-triggered flip-flop clocked by core_clock)
Endpoint: dsa[19]._8_ (rising edge-triggered flip-flop clocked by core_clock)
Path Group: core_clock
Path Type: max

Fanout         Cap        Slew       Delay        Time   Description
---------------------------------------------------------------------------------------------
                                  0.000000    0.000000   clock core_clock (rise edge)
                                  0.000000    0.000000   clock source latency
     1    0.015155    0.000000    0.000000    0.000000 ^ clk (in)
                                                         clk (net)
                      0.001422    0.000711    0.000711 ^ clkbuf_0_clk/A (sky130_fd_sc_hd__clkbuf_16)
     8    0.085401    0.078773    0.109444    0.110155 ^ clkbuf_0_clk/X (sky130_fd_sc_hd__clkbuf_16)
                                                         clknet_0_clk (net)
                      0.080880    0.010138    0.120293 ^ clkbuf_3_0__f_clk/A (sky130_fd_sc_hd__clkbuf_16)
    10    0.034667    0.041696    0.107307    0.227600 ^ clkbuf_3_0__f_clk/X (sky130_fd_sc_hd__clkbuf_16)
                                                         clknet_3_0__leaf_clk (net)
                      0.041818    0.001967    0.229567 ^ dsa[19]._8_/CLK (sky130_fd_sc_hd__dfrtp_1)
     2    0.006378    0.039377    0.237750    0.467317 v dsa[19]._8_/Q (sky130_fd_sc_hd__dfrtp_1)
                                                         dsa[19].last_carry (net)
                      0.039418    0.000384    0.467702 v dsa[19]._4_/B1 (sky130_fd_sc_hd__a21o_1)
     2    0.005576    0.032240    0.078763    0.546464 v dsa[19]._4_/X (sky130_fd_sc_hd__a21o_1)
                                                         dsa[19]._1_ (net)
                      0.032242    0.000277    0.546742 v dsa[19]._7_/A2 (sky130_fd_sc_hd__a21bo_1)
     1    0.003212    0.026446    0.119650    0.666392 v dsa[19]._7_/X (sky130_fd_sc_hd__a21bo_1)
                                                         dsa[19].last_carry_next (net)
                      0.026446    0.000138    0.666530 v dsa[19]._8_/D (sky130_fd_sc_hd__dfrtp_1)
                                              0.666530   data arrival time

                                 10.000000   10.000000   clock core_clock (rise edge)
                                  0.000000   10.000000   clock source latency
     1    0.015155    0.000000    0.000000   10.000000 ^ clk (in)
                                                         clk (net)
                      0.001422    0.000711   10.000710 ^ clkbuf_0_clk/A (sky130_fd_sc_hd__clkbuf_16)
     8    0.085401    0.078773    0.109445   10.110156 ^ clkbuf_0_clk/X (sky130_fd_sc_hd__clkbuf_16)
                                                         clknet_0_clk (net)
                      0.080880    0.010138   10.120294 ^ clkbuf_3_0__f_clk/A (sky130_fd_sc_hd__clkbuf_16)
    10    0.034667    0.041696    0.107307   10.227600 ^ clkbuf_3_0__f_clk/X (sky130_fd_sc_hd__clkbuf_16)
                                                         clknet_3_0__leaf_clk (net)
                      0.041818    0.001967   10.229568 ^ dsa[19]._8_/CLK (sky130_fd_sc_hd__dfrtp_1)
                                  0.000000   10.229568   clock reconvergence pessimism
                                 -0.069517   10.160050   library setup time
                                             10.160050   data required time
---------------------------------------------------------------------------------------------
                                             10.160050   data required time
                                             -0.666530   data arrival time
---------------------------------------------------------------------------------------------
                                              9.493520   slack (MET)


Startpoint: dsa[11]._8_ (rising edge-triggered flip-flop clocked by core_clock)
Endpoint: dsa[11]._8_ (rising edge-triggered flip-flop clocked by core_clock)
Path Group: core_clock
Path Type: max

Fanout         Cap        Slew       Delay        Time   Description
---------------------------------------------------------------------------------------------
                                  0.000000    0.000000   clock core_clock (rise edge)
                                  0.000000    0.000000   clock source latency
     1    0.015155    0.000000    0.000000    0.000000 ^ clk (in)
                                                         clk (net)
                      0.001422    0.000711    0.000711 ^ clkbuf_0_clk/A (sky130_fd_sc_hd__clkbuf_16)
     8    0.085401    0.078773    0.109444    0.110155 ^ clkbuf_0_clk/X (sky130_fd_sc_hd__clkbuf_16)
                                                         clknet_0_clk (net)
                      0.079638    0.006529    0.116684 ^ clkbuf_3_6__f_clk/A (sky130_fd_sc_hd__clkbuf_16)
     8    0.028649    0.037661    0.103372    0.220056 ^ clkbuf_3_6__f_clk/X (sky130_fd_sc_hd__clkbuf_16)
                                                         clknet_3_6__leaf_clk (net)
                      0.037716    0.001237    0.221293 ^ dsa[11]._8_/CLK (sky130_fd_sc_hd__dfrtp_1)
     2    0.005674    0.037074    0.234007    0.455300 v dsa[11]._8_/Q (sky130_fd_sc_hd__dfrtp_1)
                                                         dsa[11].last_carry (net)
                      0.037074    0.000369    0.455668 v dsa[11]._4_/B1 (sky130_fd_sc_hd__a21o_1)
     2    0.006861    0.036173    0.081322    0.536991 v dsa[11]._4_/X (sky130_fd_sc_hd__a21o_1)
                                                         dsa[11]._1_ (net)
                      0.036177    0.000409    0.537400 v dsa[11]._7_/A2 (sky130_fd_sc_hd__a21bo_1)
     1    0.003039    0.025896    0.120261    0.657661 v dsa[11]._7_/X (sky130_fd_sc_hd__a21bo_1)
                                                         dsa[11].last_carry_next (net)
                      0.025912    0.000211    0.657871 v dsa[11]._8_/D (sky130_fd_sc_hd__dfrtp_1)
                                              0.657871   data arrival time

                                 10.000000   10.000000   clock core_clock (rise edge)
                                  0.000000   10.000000   clock source latency
     1    0.015155    0.000000    0.000000   10.000000 ^ clk (in)
                                                         clk (net)
                      0.001422    0.000711   10.000710 ^ clkbuf_0_clk/A (sky130_fd_sc_hd__clkbuf_16)
     8    0.085401    0.078773    0.109445   10.110156 ^ clkbuf_0_clk/X (sky130_fd_sc_hd__clkbuf_16)
                                                         clknet_0_clk (net)
                      0.079638    0.006529   10.116685 ^ clkbuf_3_6__f_clk/A (sky130_fd_sc_hd__clkbuf_16)
     8    0.028649    0.037661    0.103372   10.220057 ^ clkbuf_3_6__f_clk/X (sky130_fd_sc_hd__clkbuf_16)
                                                         clknet_3_6__leaf_clk (net)
                      0.037716    0.001237   10.221293 ^ dsa[11]._8_/CLK (sky130_fd_sc_hd__dfrtp_1)
                                  0.000000   10.221293   clock reconvergence pessimism
                                 -0.069721   10.151572   library setup time
                                             10.151572   data required time
---------------------------------------------------------------------------------------------
                                             10.151572   data required time
                                             -0.657871   data arrival time
---------------------------------------------------------------------------------------------
                                              9.493701   slack (MET)


Startpoint: dsa[18]._8_ (rising edge-triggered flip-flop clocked by core_clock)
Endpoint: dsa[18]._8_ (rising edge-triggered flip-flop clocked by core_clock)
Path Group: core_clock
Path Type: max

Fanout         Cap        Slew       Delay        Time   Description
---------------------------------------------------------------------------------------------
                                  0.000000    0.000000   clock core_clock (rise edge)
                                  0.000000    0.000000   clock source latency
     1    0.015155    0.000000    0.000000    0.000000 ^ clk (in)
                                                         clk (net)
                      0.001422    0.000711    0.000711 ^ clkbuf_0_clk/A (sky130_fd_sc_hd__clkbuf_16)
     8    0.085401    0.078773    0.109444    0.110155 ^ clkbuf_0_clk/X (sky130_fd_sc_hd__clkbuf_16)
                                                         clknet_0_clk (net)
                      0.080859    0.010088    0.120243 ^ clkbuf_3_1__f_clk/A (sky130_fd_sc_hd__clkbuf_16)
     7    0.026037    0.035824    0.101952    0.222195 ^ clkbuf_3_1__f_clk/X (sky130_fd_sc_hd__clkbuf_16)
                                                         clknet_3_1__leaf_clk (net)
                      0.035841    0.000746    0.222941 ^ dsa[18]._8_/CLK (sky130_fd_sc_hd__dfrtp_1)
     2    0.005520    0.036601    0.232949    0.455891 v dsa[18]._8_/Q (sky130_fd_sc_hd__dfrtp_1)
                                                         dsa[18].last_carry (net)
                      0.036601    0.000277    0.456168 v dsa[18]._4_/B1 (sky130_fd_sc_hd__a21o_1)
     2    0.006098    0.033819    0.079031    0.535199 v dsa[18]._4_/X (sky130_fd_sc_hd__a21o_1)
                                                         dsa[18]._1_ (net)
                      0.033823    0.000398    0.535597 v dsa[18]._7_/A2 (sky130_fd_sc_hd__a21bo_1)
     1    0.003663    0.027961    0.122236    0.657833 v dsa[18]._7_/X (sky130_fd_sc_hd__a21bo_1)
                                                         dsa[18].last_carry_next (net)
                      0.027973    0.000222    0.658055 v dsa[18]._8_/D (sky130_fd_sc_hd__dfrtp_1)
                                              0.658055   data arrival time

                                 10.000000   10.000000   clock core_clock (rise edge)
                                  0.000000   10.000000   clock source latency
     1    0.015155    0.000000    0.000000   10.000000 ^ clk (in)
                                                         clk (net)
                      0.001422    0.000711   10.000710 ^ clkbuf_0_clk/A (sky130_fd_sc_hd__clkbuf_16)
     8    0.085401    0.078773    0.109445   10.110156 ^ clkbuf_0_clk/X (sky130_fd_sc_hd__clkbuf_16)
                                                         clknet_0_clk (net)
                      0.080859    0.010088   10.120244 ^ clkbuf_3_1__f_clk/A (sky130_fd_sc_hd__clkbuf_16)
     7    0.026037    0.035824    0.101952   10.222196 ^ clkbuf_3_1__f_clk/X (sky130_fd_sc_hd__clkbuf_16)
                                                         clknet_3_1__leaf_clk (net)
                      0.035841    0.000746   10.222942 ^ dsa[18]._8_/CLK (sky130_fd_sc_hd__dfrtp_1)
                                  0.000000   10.222942   clock reconvergence pessimism
                                 -0.070637   10.152305   library setup time
                                             10.152305   data required time
---------------------------------------------------------------------------------------------
                                             10.152305   data required time
                                             -0.658055   data arrival time
---------------------------------------------------------------------------------------------
                                              9.494250   slack (MET)


Startpoint: dsa[26]._8_ (rising edge-triggered flip-flop clocked by core_clock)
Endpoint: dsa[26]._8_ (rising edge-triggered flip-flop clocked by core_clock)
Path Group: core_clock
Path Type: max

Fanout         Cap        Slew       Delay        Time   Description
---------------------------------------------------------------------------------------------
                                  0.000000    0.000000   clock core_clock (rise edge)
                                  0.000000    0.000000   clock source latency
     1    0.015155    0.000000    0.000000    0.000000 ^ clk (in)
                                                         clk (net)
                      0.001422    0.000711    0.000711 ^ clkbuf_0_clk/A (sky130_fd_sc_hd__clkbuf_16)
     8    0.085401    0.078773    0.109444    0.110155 ^ clkbuf_0_clk/X (sky130_fd_sc_hd__clkbuf_16)
                                                         clknet_0_clk (net)
                      0.079334    0.005306    0.115461 ^ clkbuf_3_2__f_clk/A (sky130_fd_sc_hd__clkbuf_16)
    10    0.033819    0.041077    0.106363    0.221824 ^ clkbuf_3_2__f_clk/X (sky130_fd_sc_hd__clkbuf_16)
                                                         clknet_3_2__leaf_clk (net)
                      0.041281    0.002254    0.224078 ^ dsa[26]._8_/CLK (sky130_fd_sc_hd__dfrtp_1)
     2    0.006182    0.038742    0.236881    0.460959 v dsa[26]._8_/Q (sky130_fd_sc_hd__dfrtp_1)
                                                         dsa[26].last_carry (net)
                      0.038742    0.000354    0.461313 v dsa[26]._4_/B1 (sky130_fd_sc_hd__a21o_1)
     2    0.006628    0.035261    0.081321    0.542634 v dsa[26]._4_/X (sky130_fd_sc_hd__a21o_1)
                                                         dsa[26]._1_ (net)
                      0.035265    0.000425    0.543059 v dsa[26]._7_/A2 (sky130_fd_sc_hd__a21bo_1)
     1    0.002541    0.024308    0.117696    0.660755 v dsa[26]._7_/X (sky130_fd_sc_hd__a21bo_1)
                                                         dsa[26].last_carry_next (net)
                      0.024309    0.000175    0.660931 v dsa[26]._8_/D (sky130_fd_sc_hd__dfrtp_1)
                                              0.660931   data arrival time

                                 10.000000   10.000000   clock core_clock (rise edge)
                                  0.000000   10.000000   clock source latency
     1    0.015155    0.000000    0.000000   10.000000 ^ clk (in)
                                                         clk (net)
                      0.001422    0.000711   10.000710 ^ clkbuf_0_clk/A (sky130_fd_sc_hd__clkbuf_16)
     8    0.085401    0.078773    0.109445   10.110156 ^ clkbuf_0_clk/X (sky130_fd_sc_hd__clkbuf_16)
                                                         clknet_0_clk (net)
                      0.079334    0.005306   10.115461 ^ clkbuf_3_2__f_clk/A (sky130_fd_sc_hd__clkbuf_16)
    10    0.033819    0.041077    0.106363   10.221825 ^ clkbuf_3_2__f_clk/X (sky130_fd_sc_hd__clkbuf_16)
                                                         clknet_3_2__leaf_clk (net)
                      0.041281    0.002254   10.224079 ^ dsa[26]._8_/CLK (sky130_fd_sc_hd__dfrtp_1)
                                  0.000000   10.224079   clock reconvergence pessimism
                                 -0.068806   10.155273   library setup time
                                             10.155273   data required time
---------------------------------------------------------------------------------------------
                                             10.155273   data required time
                                             -0.660931   data arrival time
---------------------------------------------------------------------------------------------
                                              9.494343   slack (MET)


Startpoint: dsa[30]._8_ (rising edge-triggered flip-flop clocked by core_clock)
Endpoint: dsa[30]._8_ (rising edge-triggered flip-flop clocked by core_clock)
Path Group: core_clock
Path Type: max

Fanout         Cap        Slew       Delay        Time   Description
---------------------------------------------------------------------------------------------
                                  0.000000    0.000000   clock core_clock (rise edge)
                                  0.000000    0.000000   clock source latency
     1    0.015155    0.000000    0.000000    0.000000 ^ clk (in)
                                                         clk (net)
                      0.001422    0.000711    0.000711 ^ clkbuf_0_clk/A (sky130_fd_sc_hd__clkbuf_16)
     8    0.085401    0.078773    0.109444    0.110155 ^ clkbuf_0_clk/X (sky130_fd_sc_hd__clkbuf_16)
                                                         clknet_0_clk (net)
                      0.080880    0.010138    0.120293 ^ clkbuf_3_0__f_clk/A (sky130_fd_sc_hd__clkbuf_16)
    10    0.034667    0.041696    0.107307    0.227600 ^ clkbuf_3_0__f_clk/X (sky130_fd_sc_hd__clkbuf_16)
                                                         clknet_3_0__leaf_clk (net)
                      0.041844    0.002171    0.229771 ^ dsa[30]._8_/CLK (sky130_fd_sc_hd__dfrtp_1)
     2    0.006505    0.039811    0.238190    0.467961 v dsa[30]._8_/Q (sky130_fd_sc_hd__dfrtp_1)
                                                         dsa[30].last_carry (net)
                      0.039853    0.000441    0.468402 v dsa[30]._4_/B1 (sky130_fd_sc_hd__a21o_1)
     2    0.005633    0.032268    0.079096    0.547498 v dsa[30]._4_/X (sky130_fd_sc_hd__a21o_1)
                                                         dsa[30]._1_ (net)
                      0.032269    0.000205    0.547703 v dsa[30]._7_/A2 (sky130_fd_sc_hd__a21bo_1)
     1    0.002919    0.025494    0.118299    0.666002 v dsa[30]._7_/X (sky130_fd_sc_hd__a21bo_1)
                                                         dsa[30].last_carry_next (net)
                      0.025510    0.000215    0.666217 v dsa[30]._8_/D (sky130_fd_sc_hd__dfrtp_1)
                                              0.666217   data arrival time

                                 10.000000   10.000000   clock core_clock (rise edge)
                                  0.000000   10.000000   clock source latency
     1    0.015155    0.000000    0.000000   10.000000 ^ clk (in)
                                                         clk (net)
                      0.001422    0.000711   10.000710 ^ clkbuf_0_clk/A (sky130_fd_sc_hd__clkbuf_16)
     8    0.085401    0.078773    0.109445   10.110156 ^ clkbuf_0_clk/X (sky130_fd_sc_hd__clkbuf_16)
                                                         clknet_0_clk (net)
                      0.080880    0.010138   10.120294 ^ clkbuf_3_0__f_clk/A (sky130_fd_sc_hd__clkbuf_16)
    10    0.034667    0.041696    0.107307   10.227600 ^ clkbuf_3_0__f_clk/X (sky130_fd_sc_hd__clkbuf_16)
                                                         clknet_3_0__leaf_clk (net)
                      0.041844    0.002171   10.229771 ^ dsa[30]._8_/CLK (sky130_fd_sc_hd__dfrtp_1)
                                  0.000000   10.229771   clock reconvergence pessimism
                                 -0.069181   10.160591   library setup time
                                             10.160591   data required time
---------------------------------------------------------------------------------------------
                                             10.160591   data required time
                                             -0.666217   data arrival time
---------------------------------------------------------------------------------------------
                                              9.494374   slack (MET)


Startpoint: dsa[21]._8_ (rising edge-triggered flip-flop clocked by core_clock)
Endpoint: dsa[21]._9_ (rising edge-triggered flip-flop clocked by core_clock)
Path Group: core_clock
Path Type: max

Fanout         Cap        Slew       Delay        Time   Description
---------------------------------------------------------------------------------------------
                                  0.000000    0.000000   clock core_clock (rise edge)
                                  0.000000    0.000000   clock source latency
     1    0.015155    0.000000    0.000000    0.000000 ^ clk (in)
                                                         clk (net)
                      0.001422    0.000711    0.000711 ^ clkbuf_0_clk/A (sky130_fd_sc_hd__clkbuf_16)
     8    0.085401    0.078773    0.109444    0.110155 ^ clkbuf_0_clk/X (sky130_fd_sc_hd__clkbuf_16)
                                                         clknet_0_clk (net)
                      0.080880    0.010138    0.120293 ^ clkbuf_3_0__f_clk/A (sky130_fd_sc_hd__clkbuf_16)
    10    0.034667    0.041696    0.107307    0.227600 ^ clkbuf_3_0__f_clk/X (sky130_fd_sc_hd__clkbuf_16)
                                                         clknet_3_0__leaf_clk (net)
                      0.041763    0.001499    0.229099 ^ dsa[21]._8_/CLK (sky130_fd_sc_hd__dfrtp_1)
     2    0.005447    0.036357    0.234390    0.463489 v dsa[21]._8_/Q (sky130_fd_sc_hd__dfrtp_1)
                                                         dsa[21].last_carry (net)
                      0.036357    0.000324    0.463813 v dsa[21]._3_/A (sky130_fd_sc_hd__nand3_1)
     2    0.006255    0.071016    0.062618    0.526431 ^ dsa[21]._3_/Y (sky130_fd_sc_hd__nand3_1)
                                                         dsa[21]._0_ (net)
                      0.071017    0.000435    0.526866 ^ dsa[21]._5_/A (sky130_fd_sc_hd__nand2_1)
     1    0.005542    0.036780    0.040742    0.567608 v dsa[21]._5_/Y (sky130_fd_sc_hd__nand2_1)
                                                         dsa[21]._2_ (net)
                      0.036787    0.000398    0.568006 v dsa[21]._6_/B (sky130_fd_sc_hd__xnor2_1)
     1    0.004339    0.036728    0.083015    0.651021 v dsa[21]._6_/Y (sky130_fd_sc_hd__xnor2_1)
                                                         dsa[21].y_out_next (net)
                      0.036729    0.000289    0.651310 v dsa[21]._9_/D (sky130_fd_sc_hd__dfrtp_1)
                                              0.651310   data arrival time

                                 10.000000   10.000000   clock core_clock (rise edge)
                                  0.000000   10.000000   clock source latency
     1    0.015155    0.000000    0.000000   10.000000 ^ clk (in)
                                                         clk (net)
                      0.001422    0.000711   10.000710 ^ clkbuf_0_clk/A (sky130_fd_sc_hd__clkbuf_16)
     8    0.085401    0.078773    0.109445   10.110156 ^ clkbuf_0_clk/X (sky130_fd_sc_hd__clkbuf_16)
                                                         clknet_0_clk (net)
                      0.079257    0.004947   10.115103 ^ clkbuf_3_3__f_clk/A (sky130_fd_sc_hd__clkbuf_16)
     9    0.028862    0.037813    0.103401   10.218504 ^ clkbuf_3_3__f_clk/X (sky130_fd_sc_hd__clkbuf_16)
                                                         clknet_3_3__leaf_clk (net)
                      0.037849    0.001050   10.219554 ^ dsa[21]._9_/CLK (sky130_fd_sc_hd__dfrtp_1)
                                  0.000000   10.219554   clock reconvergence pessimism
                                 -0.073570   10.145983   library setup time
                                             10.145983   data required time
---------------------------------------------------------------------------------------------
                                             10.145983   data required time
                                             -0.651310   data arrival time
---------------------------------------------------------------------------------------------
                                              9.494673   slack (MET)


Startpoint: dsa[16]._8_ (rising edge-triggered flip-flop clocked by core_clock)
Endpoint: dsa[16]._8_ (rising edge-triggered flip-flop clocked by core_clock)
Path Group: core_clock
Path Type: max

Fanout         Cap        Slew       Delay        Time   Description
---------------------------------------------------------------------------------------------
                                  0.000000    0.000000   clock core_clock (rise edge)
                                  0.000000    0.000000   clock source latency
     1    0.015155    0.000000    0.000000    0.000000 ^ clk (in)
                                                         clk (net)
                      0.001422    0.000711    0.000711 ^ clkbuf_0_clk/A (sky130_fd_sc_hd__clkbuf_16)
     8    0.085401    0.078773    0.109444    0.110155 ^ clkbuf_0_clk/X (sky130_fd_sc_hd__clkbuf_16)
                                                         clknet_0_clk (net)
                      0.080859    0.010088    0.120243 ^ clkbuf_3_1__f_clk/A (sky130_fd_sc_hd__clkbuf_16)
     7    0.026037    0.035824    0.101952    0.222195 ^ clkbuf_3_1__f_clk/X (sky130_fd_sc_hd__clkbuf_16)
                                                         clknet_3_1__leaf_clk (net)
                      0.035886    0.001255    0.223450 ^ dsa[16]._8_/CLK (sky130_fd_sc_hd__dfrtp_1)
     2    0.006200    0.038775    0.235402    0.458852 v dsa[16]._8_/Q (sky130_fd_sc_hd__dfrtp_1)
                                                         dsa[16].last_carry (net)
                      0.038775    0.000296    0.459148 v dsa[16]._4_/B1 (sky130_fd_sc_hd__a21o_1)
     2    0.005869    0.033116    0.079276    0.538424 v dsa[16]._4_/X (sky130_fd_sc_hd__a21o_1)
                                                         dsa[16]._1_ (net)
                      0.033118    0.000324    0.538748 v dsa[16]._7_/A2 (sky130_fd_sc_hd__a21bo_1)
     1    0.003150    0.026243    0.119691    0.658439 v dsa[16]._7_/X (sky130_fd_sc_hd__a21bo_1)
                                                         dsa[16].last_carry_next (net)
                      0.026244    0.000129    0.658568 v dsa[16]._8_/D (sky130_fd_sc_hd__dfrtp_1)
                                              0.658568   data arrival time

                                 10.000000   10.000000   clock core_clock (rise edge)
                                  0.000000   10.000000   clock source latency
     1    0.015155    0.000000    0.000000   10.000000 ^ clk (in)
                                                         clk (net)
                      0.001422    0.000711   10.000710 ^ clkbuf_0_clk/A (sky130_fd_sc_hd__clkbuf_16)
     8    0.085401    0.078773    0.109445   10.110156 ^ clkbuf_0_clk/X (sky130_fd_sc_hd__clkbuf_16)
                                                         clknet_0_clk (net)
                      0.080859    0.010088   10.120244 ^ clkbuf_3_1__f_clk/A (sky130_fd_sc_hd__clkbuf_16)
     7    0.026037    0.035824    0.101952   10.222196 ^ clkbuf_3_1__f_clk/X (sky130_fd_sc_hd__clkbuf_16)
                                                         clknet_3_1__leaf_clk (net)
                      0.035886    0.001254   10.223450 ^ dsa[16]._8_/CLK (sky130_fd_sc_hd__dfrtp_1)
                                  0.000000   10.223450   clock reconvergence pessimism
                                 -0.070015   10.153435   library setup time
                                             10.153435   data required time
---------------------------------------------------------------------------------------------
                                             10.153435   data required time
                                             -0.658568   data arrival time
---------------------------------------------------------------------------------------------
                                              9.494867   slack (MET)


Startpoint: dsa[6]._8_ (rising edge-triggered flip-flop clocked by core_clock)
Endpoint: dsa[6]._8_ (rising edge-triggered flip-flop clocked by core_clock)
Path Group: core_clock
Path Type: max

Fanout         Cap        Slew       Delay        Time   Description
---------------------------------------------------------------------------------------------
                                  0.000000    0.000000   clock core_clock (rise edge)
                                  0.000000    0.000000   clock source latency
     1    0.015155    0.000000    0.000000    0.000000 ^ clk (in)
                                                         clk (net)
                      0.001422    0.000711    0.000711 ^ clkbuf_0_clk/A (sky130_fd_sc_hd__clkbuf_16)
     8    0.085401    0.078773    0.109444    0.110155 ^ clkbuf_0_clk/X (sky130_fd_sc_hd__clkbuf_16)
                                                         clknet_0_clk (net)
                      0.080452    0.009044    0.119200 ^ clkbuf_3_5__f_clk/A (sky130_fd_sc_hd__clkbuf_16)
     8    0.031303    0.039459    0.105319    0.224519 ^ clkbuf_3_5__f_clk/X (sky130_fd_sc_hd__clkbuf_16)
                                                         clknet_3_5__leaf_clk (net)
                      0.039485    0.001559    0.226078 ^ dsa[6]._8_/CLK (sky130_fd_sc_hd__dfrtp_1)
     2    0.006178    0.038726    0.236342    0.462420 v dsa[6]._8_/Q (sky130_fd_sc_hd__dfrtp_1)
                                                         dsa[6].last_carry (net)
                      0.038726    0.000348    0.462767 v dsa[6]._4_/B1 (sky130_fd_sc_hd__a21o_1)
     2    0.006327    0.034532    0.080562    0.543329 v dsa[6]._4_/X (sky130_fd_sc_hd__a21o_1)
                                                         dsa[6]._1_ (net)
                      0.034534    0.000334    0.543663 v dsa[6]._7_/A2 (sky130_fd_sc_hd__a21bo_1)
     1    0.002654    0.024657    0.117930    0.661593 v dsa[6]._7_/X (sky130_fd_sc_hd__a21bo_1)
                                                         dsa[6].last_carry_next (net)
                      0.024657    0.000196    0.661790 v dsa[6]._8_/D (sky130_fd_sc_hd__dfrtp_1)
                                              0.661790   data arrival time

                                 10.000000   10.000000   clock core_clock (rise edge)
                                  0.000000   10.000000   clock source latency
     1    0.015155    0.000000    0.000000   10.000000 ^ clk (in)
                                                         clk (net)
                      0.001422    0.000711   10.000710 ^ clkbuf_0_clk/A (sky130_fd_sc_hd__clkbuf_16)
     8    0.085401    0.078773    0.109445   10.110156 ^ clkbuf_0_clk/X (sky130_fd_sc_hd__clkbuf_16)
                                                         clknet_0_clk (net)
                      0.080452    0.009044   10.119200 ^ clkbuf_3_5__f_clk/A (sky130_fd_sc_hd__clkbuf_16)
     8    0.031303    0.039459    0.105319   10.224520 ^ clkbuf_3_5__f_clk/X (sky130_fd_sc_hd__clkbuf_16)
                                                         clknet_3_5__leaf_clk (net)
                      0.039485    0.001559   10.226078 ^ dsa[6]._8_/CLK (sky130_fd_sc_hd__dfrtp_1)
                                  0.000000   10.226078   clock reconvergence pessimism
                                 -0.069103   10.156975   library setup time
                                             10.156975   data required time
---------------------------------------------------------------------------------------------
                                             10.156975   data required time
                                             -0.661790   data arrival time
---------------------------------------------------------------------------------------------
                                              9.495185   slack (MET)


Startpoint: dsa[28]._8_ (rising edge-triggered flip-flop clocked by core_clock)
Endpoint: dsa[28]._8_ (rising edge-triggered flip-flop clocked by core_clock)
Path Group: core_clock
Path Type: max

Fanout         Cap        Slew       Delay        Time   Description
---------------------------------------------------------------------------------------------
                                  0.000000    0.000000   clock core_clock (rise edge)
                                  0.000000    0.000000   clock source latency
     1    0.015155    0.000000    0.000000    0.000000 ^ clk (in)
                                                         clk (net)
                      0.001422    0.000711    0.000711 ^ clkbuf_0_clk/A (sky130_fd_sc_hd__clkbuf_16)
     8    0.085401    0.078773    0.109444    0.110155 ^ clkbuf_0_clk/X (sky130_fd_sc_hd__clkbuf_16)
                                                         clknet_0_clk (net)
                      0.079334    0.005306    0.115461 ^ clkbuf_3_2__f_clk/A (sky130_fd_sc_hd__clkbuf_16)
    10    0.033819    0.041077    0.106363    0.221824 ^ clkbuf_3_2__f_clk/X (sky130_fd_sc_hd__clkbuf_16)
                                                         clknet_3_2__leaf_clk (net)
                      0.041257    0.002076    0.223901 ^ dsa[28]._8_/CLK (sky130_fd_sc_hd__dfrtp_1)
     2    0.006175    0.038722    0.236849    0.460750 v dsa[28]._8_/Q (sky130_fd_sc_hd__dfrtp_1)
                                                         dsa[28].last_carry (net)
                      0.038722    0.000360    0.461110 v dsa[28]._4_/B1 (sky130_fd_sc_hd__a21o_1)
     2    0.006116    0.033715    0.079920    0.541030 v dsa[28]._4_/X (sky130_fd_sc_hd__a21o_1)
                                                         dsa[28]._1_ (net)
                      0.033719    0.000374    0.541404 v dsa[28]._7_/A2 (sky130_fd_sc_hd__a21bo_1)
     1    0.002744    0.024935    0.118039    0.659443 v dsa[28]._7_/X (sky130_fd_sc_hd__a21bo_1)
                                                         dsa[28].last_carry_next (net)
                      0.024949    0.000200    0.659643 v dsa[28]._8_/D (sky130_fd_sc_hd__dfrtp_1)
                                              0.659643   data arrival time

                                 10.000000   10.000000   clock core_clock (rise edge)
                                  0.000000   10.000000   clock source latency
     1    0.015155    0.000000    0.000000   10.000000 ^ clk (in)
                                                         clk (net)
                      0.001422    0.000711   10.000710 ^ clkbuf_0_clk/A (sky130_fd_sc_hd__clkbuf_16)
     8    0.085401    0.078773    0.109445   10.110156 ^ clkbuf_0_clk/X (sky130_fd_sc_hd__clkbuf_16)
                                                         clknet_0_clk (net)
                      0.079334    0.005306   10.115461 ^ clkbuf_3_2__f_clk/A (sky130_fd_sc_hd__clkbuf_16)
    10    0.033819    0.041077    0.106363   10.221825 ^ clkbuf_3_2__f_clk/X (sky130_fd_sc_hd__clkbuf_16)
                                                         clknet_3_2__leaf_clk (net)
                      0.041257    0.002077   10.223901 ^ dsa[28]._8_/CLK (sky130_fd_sc_hd__dfrtp_1)
                                  0.000000   10.223901   clock reconvergence pessimism
                                 -0.069037   10.154865   library setup time
                                             10.154865   data required time
---------------------------------------------------------------------------------------------
                                             10.154865   data required time
                                             -0.659643   data arrival time
---------------------------------------------------------------------------------------------
                                              9.495222   slack (MET)


Startpoint: dsa[1]._8_ (rising edge-triggered flip-flop clocked by core_clock)
Endpoint: dsa[1]._8_ (rising edge-triggered flip-flop clocked by core_clock)
Path Group: core_clock
Path Type: max

Fanout         Cap        Slew       Delay        Time   Description
---------------------------------------------------------------------------------------------
                                  0.000000    0.000000   clock core_clock (rise edge)
                                  0.000000    0.000000   clock source latency
     1    0.015155    0.000000    0.000000    0.000000 ^ clk (in)
                                                         clk (net)
                      0.001422    0.000711    0.000711 ^ clkbuf_0_clk/A (sky130_fd_sc_hd__clkbuf_16)
     8    0.085401    0.078773    0.109444    0.110155 ^ clkbuf_0_clk/X (sky130_fd_sc_hd__clkbuf_16)
                                                         clknet_0_clk (net)
                      0.079673    0.006654    0.116809 ^ clkbuf_3_7__f_clk/A (sky130_fd_sc_hd__clkbuf_16)
    10    0.031531    0.039597    0.105255    0.222063 ^ clkbuf_3_7__f_clk/X (sky130_fd_sc_hd__clkbuf_16)
                                                         clknet_3_7__leaf_clk (net)
                      0.039663    0.001997    0.224060 ^ dsa[1]._8_/CLK (sky130_fd_sc_hd__dfrtp_1)
     2    0.006355    0.039278    0.237074    0.461134 v dsa[1]._8_/Q (sky130_fd_sc_hd__dfrtp_1)
                                                         dsa[1].last_carry (net)
                      0.039278    0.000299    0.461434 v dsa[1]._4_/B1 (sky130_fd_sc_hd__a21o_1)
     2    0.005550    0.032025    0.078601    0.540034 v dsa[1]._4_/X (sky130_fd_sc_hd__a21o_1)
                                                         dsa[1]._1_ (net)
                      0.032028    0.000316    0.540350 v dsa[1]._7_/A2 (sky130_fd_sc_hd__a21bo_1)
     1    0.002867    0.025315    0.117995    0.658345 v dsa[1]._7_/X (sky130_fd_sc_hd__a21bo_1)
                                                         dsa[1].last_carry_next (net)
                      0.025331    0.000187    0.658532 v dsa[1]._8_/D (sky130_fd_sc_hd__dfrtp_1)
                                              0.658532   data arrival time

                                 10.000000   10.000000   clock core_clock (rise edge)
                                  0.000000   10.000000   clock source latency
     1    0.015155    0.000000    0.000000   10.000000 ^ clk (in)
                                                         clk (net)
                      0.001422    0.000711   10.000710 ^ clkbuf_0_clk/A (sky130_fd_sc_hd__clkbuf_16)
     8    0.085401    0.078773    0.109445   10.110156 ^ clkbuf_0_clk/X (sky130_fd_sc_hd__clkbuf_16)
                                                         clknet_0_clk (net)
                      0.079673    0.006653   10.116809 ^ clkbuf_3_7__f_clk/A (sky130_fd_sc_hd__clkbuf_16)
    10    0.031531    0.039597    0.105254   10.222063 ^ clkbuf_3_7__f_clk/X (sky130_fd_sc_hd__clkbuf_16)
                                                         clknet_3_7__leaf_clk (net)
                      0.039663    0.001997   10.224060 ^ dsa[1]._8_/CLK (sky130_fd_sc_hd__dfrtp_1)
                                  0.000000   10.224060   clock reconvergence pessimism
                                 -0.069326   10.154735   library setup time
                                             10.154735   data required time
---------------------------------------------------------------------------------------------
                                             10.154735   data required time
                                             -0.658532   data arrival time
---------------------------------------------------------------------------------------------
                                              9.496202   slack (MET)


Startpoint: dsa[20]._8_ (rising edge-triggered flip-flop clocked by core_clock)
Endpoint: dsa[20]._8_ (rising edge-triggered flip-flop clocked by core_clock)
Path Group: core_clock
Path Type: max

Fanout         Cap        Slew       Delay        Time   Description
---------------------------------------------------------------------------------------------
                                  0.000000    0.000000   clock core_clock (rise edge)
                                  0.000000    0.000000   clock source latency
     1    0.015155    0.000000    0.000000    0.000000 ^ clk (in)
                                                         clk (net)
                      0.001422    0.000711    0.000711 ^ clkbuf_0_clk/A (sky130_fd_sc_hd__clkbuf_16)
     8    0.085401    0.078773    0.109444    0.110155 ^ clkbuf_0_clk/X (sky130_fd_sc_hd__clkbuf_16)
                                                         clknet_0_clk (net)
                      0.080859    0.010088    0.120243 ^ clkbuf_3_1__f_clk/A (sky130_fd_sc_hd__clkbuf_16)
     7    0.026037    0.035824    0.101952    0.222195 ^ clkbuf_3_1__f_clk/X (sky130_fd_sc_hd__clkbuf_16)
                                                         clknet_3_1__leaf_clk (net)
                      0.035878    0.001180    0.223375 ^ dsa[20]._8_/CLK (sky130_fd_sc_hd__dfrtp_1)
     2    0.005980    0.038097    0.234549    0.457924 v dsa[20]._8_/Q (sky130_fd_sc_hd__dfrtp_1)
                                                         dsa[20].last_carry (net)
                      0.038097    0.000390    0.458314 v dsa[20]._4_/B1 (sky130_fd_sc_hd__a21o_1)
     2    0.005469    0.031928    0.077960    0.536274 v dsa[20]._4_/X (sky130_fd_sc_hd__a21o_1)
                                                         dsa[20]._1_ (net)
                      0.031928    0.000196    0.536470 v dsa[20]._7_/A2 (sky130_fd_sc_hd__a21bo_1)
     1    0.003281    0.026669    0.119802    0.656272 v dsa[20]._7_/X (sky130_fd_sc_hd__a21bo_1)
                                                         dsa[20].last_carry_next (net)
                      0.026685    0.000237    0.656509 v dsa[20]._8_/D (sky130_fd_sc_hd__dfrtp_1)
                                              0.656509   data arrival time

                                 10.000000   10.000000   clock core_clock (rise edge)
                                  0.000000   10.000000   clock source latency
     1    0.015155    0.000000    0.000000   10.000000 ^ clk (in)
                                                         clk (net)
                      0.001422    0.000711   10.000710 ^ clkbuf_0_clk/A (sky130_fd_sc_hd__clkbuf_16)
     8    0.085401    0.078773    0.109445   10.110156 ^ clkbuf_0_clk/X (sky130_fd_sc_hd__clkbuf_16)
                                                         clknet_0_clk (net)
                      0.080859    0.010088   10.120244 ^ clkbuf_3_1__f_clk/A (sky130_fd_sc_hd__clkbuf_16)
     7    0.026037    0.035824    0.101952   10.222196 ^ clkbuf_3_1__f_clk/X (sky130_fd_sc_hd__clkbuf_16)
                                                         clknet_3_1__leaf_clk (net)
                      0.035878    0.001180   10.223375 ^ dsa[20]._8_/CLK (sky130_fd_sc_hd__dfrtp_1)
                                  0.000000   10.223375   clock reconvergence pessimism
                                 -0.070173   10.153202   library setup time
                                             10.153202   data required time
---------------------------------------------------------------------------------------------
                                             10.153202   data required time
                                             -0.656509   data arrival time
---------------------------------------------------------------------------------------------
                                              9.496694   slack (MET)


Startpoint: dsa[10]._8_ (rising edge-triggered flip-flop clocked by core_clock)
Endpoint: dsa[10]._8_ (rising edge-triggered flip-flop clocked by core_clock)
Path Group: core_clock
Path Type: max

Fanout         Cap        Slew       Delay        Time   Description
---------------------------------------------------------------------------------------------
                                  0.000000    0.000000   clock core_clock (rise edge)
                                  0.000000    0.000000   clock source latency
     1    0.015155    0.000000    0.000000    0.000000 ^ clk (in)
                                                         clk (net)
                      0.001422    0.000711    0.000711 ^ clkbuf_0_clk/A (sky130_fd_sc_hd__clkbuf_16)
     8    0.085401    0.078773    0.109444    0.110155 ^ clkbuf_0_clk/X (sky130_fd_sc_hd__clkbuf_16)
                                                         clknet_0_clk (net)
                      0.079638    0.006529    0.116684 ^ clkbuf_3_6__f_clk/A (sky130_fd_sc_hd__clkbuf_16)
     8    0.028649    0.037661    0.103372    0.220056 ^ clkbuf_3_6__f_clk/X (sky130_fd_sc_hd__clkbuf_16)
                                                         clknet_3_6__leaf_clk (net)
                      0.037745    0.001503    0.221560 ^ dsa[10]._8_/CLK (sky130_fd_sc_hd__dfrtp_1)
     2    0.005864    0.037710    0.234708    0.456267 v dsa[10]._8_/Q (sky130_fd_sc_hd__dfrtp_1)
                                                         dsa[10].last_carry (net)
                      0.037710    0.000353    0.456620 v dsa[10]._4_/B1 (sky130_fd_sc_hd__a21o_1)
     2    0.005341    0.031620    0.077372    0.533992 v dsa[10]._4_/X (sky130_fd_sc_hd__a21o_1)
                                                         dsa[10]._1_ (net)
                      0.031645    0.000357    0.534349 v dsa[10]._7_/A2 (sky130_fd_sc_hd__a21bo_1)
     1    0.003374    0.026975    0.120111    0.654459 v dsa[10]._7_/X (sky130_fd_sc_hd__a21bo_1)
                                                         dsa[10].last_carry_next (net)
                      0.026990    0.000247    0.654707 v dsa[10]._8_/D (sky130_fd_sc_hd__dfrtp_1)
                                              0.654707   data arrival time

                                 10.000000   10.000000   clock core_clock (rise edge)
                                  0.000000   10.000000   clock source latency
     1    0.015155    0.000000    0.000000   10.000000 ^ clk (in)
                                                         clk (net)
                      0.001422    0.000711   10.000710 ^ clkbuf_0_clk/A (sky130_fd_sc_hd__clkbuf_16)
     8    0.085401    0.078773    0.109445   10.110156 ^ clkbuf_0_clk/X (sky130_fd_sc_hd__clkbuf_16)
                                                         clknet_0_clk (net)
                      0.079638    0.006529   10.116685 ^ clkbuf_3_6__f_clk/A (sky130_fd_sc_hd__clkbuf_16)
     8    0.028649    0.037661    0.103372   10.220057 ^ clkbuf_3_6__f_clk/X (sky130_fd_sc_hd__clkbuf_16)
                                                         clknet_3_6__leaf_clk (net)
                      0.037745    0.001504   10.221560 ^ dsa[10]._8_/CLK (sky130_fd_sc_hd__dfrtp_1)
                                  0.000000   10.221560   clock reconvergence pessimism
                                 -0.070103   10.151457   library setup time
                                             10.151457   data required time
---------------------------------------------------------------------------------------------
                                             10.151457   data required time
                                             -0.654707   data arrival time
---------------------------------------------------------------------------------------------
                                              9.496750   slack (MET)


Startpoint: dsa[27]._8_ (rising edge-triggered flip-flop clocked by core_clock)
Endpoint: dsa[27]._8_ (rising edge-triggered flip-flop clocked by core_clock)
Path Group: core_clock
Path Type: max

Fanout         Cap        Slew       Delay        Time   Description
---------------------------------------------------------------------------------------------
                                  0.000000    0.000000   clock core_clock (rise edge)
                                  0.000000    0.000000   clock source latency
     1    0.015155    0.000000    0.000000    0.000000 ^ clk (in)
                                                         clk (net)
                      0.001422    0.000711    0.000711 ^ clkbuf_0_clk/A (sky130_fd_sc_hd__clkbuf_16)
     8    0.085401    0.078773    0.109444    0.110155 ^ clkbuf_0_clk/X (sky130_fd_sc_hd__clkbuf_16)
                                                         clknet_0_clk (net)
                      0.079334    0.005306    0.115461 ^ clkbuf_3_2__f_clk/A (sky130_fd_sc_hd__clkbuf_16)
    10    0.033819    0.041077    0.106363    0.221824 ^ clkbuf_3_2__f_clk/X (sky130_fd_sc_hd__clkbuf_16)
                                                         clknet_3_2__leaf_clk (net)
                      0.041249    0.002014    0.223838 ^ dsa[27]._8_/CLK (sky130_fd_sc_hd__dfrtp_1)
     2    0.006167    0.038693    0.236816    0.460654 v dsa[27]._8_/Q (sky130_fd_sc_hd__dfrtp_1)
                                                         dsa[27].last_carry (net)
                      0.038693    0.000377    0.461032 v dsa[27]._4_/B1 (sky130_fd_sc_hd__a21o_1)
     2    0.005868    0.032949    0.079301    0.540332 v dsa[27]._4_/X (sky130_fd_sc_hd__a21o_1)
                                                         dsa[27]._1_ (net)
                      0.032950    0.000202    0.540534 v dsa[27]._7_/A2 (sky130_fd_sc_hd__a21bo_1)
     1    0.002595    0.024468    0.117103    0.657637 v dsa[27]._7_/X (sky130_fd_sc_hd__a21bo_1)
                                                         dsa[27].last_carry_next (net)
                      0.024468    0.000178    0.657815 v dsa[27]._8_/D (sky130_fd_sc_hd__dfrtp_1)
                                              0.657815   data arrival time

                                 10.000000   10.000000   clock core_clock (rise edge)
                                  0.000000   10.000000   clock source latency
     1    0.015155    0.000000    0.000000   10.000000 ^ clk (in)
                                                         clk (net)
                      0.001422    0.000711   10.000710 ^ clkbuf_0_clk/A (sky130_fd_sc_hd__clkbuf_16)
     8    0.085401    0.078773    0.109445   10.110156 ^ clkbuf_0_clk/X (sky130_fd_sc_hd__clkbuf_16)
                                                         clknet_0_clk (net)
                      0.079334    0.005306   10.115461 ^ clkbuf_3_2__f_clk/A (sky130_fd_sc_hd__clkbuf_16)
    10    0.033819    0.041077    0.106363   10.221825 ^ clkbuf_3_2__f_clk/X (sky130_fd_sc_hd__clkbuf_16)
                                                         clknet_3_2__leaf_clk (net)
                      0.041249    0.002014   10.223838 ^ dsa[27]._8_/CLK (sky130_fd_sc_hd__dfrtp_1)
                                  0.000000   10.223838   clock reconvergence pessimism
                                 -0.068866   10.154972   library setup time
                                             10.154972   data required time
---------------------------------------------------------------------------------------------
                                             10.154972   data required time
                                             -0.657815   data arrival time
---------------------------------------------------------------------------------------------
                                              9.497157   slack (MET)


Startpoint: dsa[21]._8_ (rising edge-triggered flip-flop clocked by core_clock)
Endpoint: dsa[21]._8_ (rising edge-triggered flip-flop clocked by core_clock)
Path Group: core_clock
Path Type: max

Fanout         Cap        Slew       Delay        Time   Description
---------------------------------------------------------------------------------------------
                                  0.000000    0.000000   clock core_clock (rise edge)
                                  0.000000    0.000000   clock source latency
     1    0.015155    0.000000    0.000000    0.000000 ^ clk (in)
                                                         clk (net)
                      0.001422    0.000711    0.000711 ^ clkbuf_0_clk/A (sky130_fd_sc_hd__clkbuf_16)
     8    0.085401    0.078773    0.109444    0.110155 ^ clkbuf_0_clk/X (sky130_fd_sc_hd__clkbuf_16)
                                                         clknet_0_clk (net)
                      0.080880    0.010138    0.120293 ^ clkbuf_3_0__f_clk/A (sky130_fd_sc_hd__clkbuf_16)
    10    0.034667    0.041696    0.107307    0.227600 ^ clkbuf_3_0__f_clk/X (sky130_fd_sc_hd__clkbuf_16)
                                                         clknet_3_0__leaf_clk (net)
                      0.041763    0.001499    0.229099 ^ dsa[21]._8_/CLK (sky130_fd_sc_hd__dfrtp_1)
     2    0.005447    0.036357    0.234390    0.463489 v dsa[21]._8_/Q (sky130_fd_sc_hd__dfrtp_1)
                                                         dsa[21].last_carry (net)
                      0.036357    0.000306    0.463795 v dsa[21]._4_/B1 (sky130_fd_sc_hd__a21o_1)
     2    0.005939    0.033162    0.078479    0.542273 v dsa[21]._4_/X (sky130_fd_sc_hd__a21o_1)
                                                         dsa[21]._1_ (net)
                      0.033166    0.000372    0.542646 v dsa[21]._7_/A2 (sky130_fd_sc_hd__a21bo_1)
     1    0.003055    0.025937    0.119280    0.661926 v dsa[21]._7_/X (sky130_fd_sc_hd__a21bo_1)
                                                         dsa[21].last_carry_next (net)
                      0.025937    0.000130    0.662056 v dsa[21]._8_/D (sky130_fd_sc_hd__dfrtp_1)
                                              0.662056   data arrival time

                                 10.000000   10.000000   clock core_clock (rise edge)
                                  0.000000   10.000000   clock source latency
     1    0.015155    0.000000    0.000000   10.000000 ^ clk (in)
                                                         clk (net)
                      0.001422    0.000711   10.000710 ^ clkbuf_0_clk/A (sky130_fd_sc_hd__clkbuf_16)
     8    0.085401    0.078773    0.109445   10.110156 ^ clkbuf_0_clk/X (sky130_fd_sc_hd__clkbuf_16)
                                                         clknet_0_clk (net)
                      0.080880    0.010138   10.120294 ^ clkbuf_3_0__f_clk/A (sky130_fd_sc_hd__clkbuf_16)
    10    0.034667    0.041696    0.107307   10.227600 ^ clkbuf_3_0__f_clk/X (sky130_fd_sc_hd__clkbuf_16)
                                                         clknet_3_0__leaf_clk (net)
                      0.041763    0.001499   10.229099 ^ dsa[21]._8_/CLK (sky130_fd_sc_hd__dfrtp_1)
                                  0.000000   10.229099   clock reconvergence pessimism
                                 -0.069341   10.159759   library setup time
                                             10.159759   data required time
---------------------------------------------------------------------------------------------
                                             10.159759   data required time
                                             -0.662056   data arrival time
---------------------------------------------------------------------------------------------
                                              9.497704   slack (MET)


Startpoint: dsa[14]._8_ (rising edge-triggered flip-flop clocked by core_clock)
Endpoint: dsa[14]._8_ (rising edge-triggered flip-flop clocked by core_clock)
Path Group: core_clock
Path Type: max

Fanout         Cap        Slew       Delay        Time   Description
---------------------------------------------------------------------------------------------
                                  0.000000    0.000000   clock core_clock (rise edge)
                                  0.000000    0.000000   clock source latency
     1    0.015155    0.000000    0.000000    0.000000 ^ clk (in)
                                                         clk (net)
                      0.001422    0.000711    0.000711 ^ clkbuf_0_clk/A (sky130_fd_sc_hd__clkbuf_16)
     8    0.085401    0.078773    0.109444    0.110155 ^ clkbuf_0_clk/X (sky130_fd_sc_hd__clkbuf_16)
                                                         clknet_0_clk (net)
                      0.079257    0.004947    0.115103 ^ clkbuf_3_3__f_clk/A (sky130_fd_sc_hd__clkbuf_16)
     9    0.028862    0.037813    0.103400    0.218503 ^ clkbuf_3_3__f_clk/X (sky130_fd_sc_hd__clkbuf_16)
                                                         clknet_3_3__leaf_clk (net)
                      0.037881    0.001375    0.219878 ^ dsa[14]._8_/CLK (sky130_fd_sc_hd__dfrtp_1)
     2    0.005880    0.037740    0.234770    0.454648 v dsa[14]._8_/Q (sky130_fd_sc_hd__dfrtp_1)
                                                         dsa[14].last_carry (net)
                      0.037740    0.000376    0.455024 v dsa[14]._4_/B1 (sky130_fd_sc_hd__a21o_1)
     2    0.005395    0.031794    0.077558    0.532582 v dsa[14]._4_/X (sky130_fd_sc_hd__a21o_1)
                                                         dsa[14]._1_ (net)
                      0.031797    0.000302    0.532884 v dsa[14]._7_/A2 (sky130_fd_sc_hd__a21bo_1)
     1    0.003156    0.026260    0.119238    0.652123 v dsa[14]._7_/X (sky130_fd_sc_hd__a21bo_1)
                                                         dsa[14].last_carry_next (net)
                      0.026260    0.000134    0.652257 v dsa[14]._8_/D (sky130_fd_sc_hd__dfrtp_1)
                                              0.652257   data arrival time

                                 10.000000   10.000000   clock core_clock (rise edge)
                                  0.000000   10.000000   clock source latency
     1    0.015155    0.000000    0.000000   10.000000 ^ clk (in)
                                                         clk (net)
                      0.001422    0.000711   10.000710 ^ clkbuf_0_clk/A (sky130_fd_sc_hd__clkbuf_16)
     8    0.085401    0.078773    0.109445   10.110156 ^ clkbuf_0_clk/X (sky130_fd_sc_hd__clkbuf_16)
                                                         clknet_0_clk (net)
                      0.079257    0.004947   10.115103 ^ clkbuf_3_3__f_clk/A (sky130_fd_sc_hd__clkbuf_16)
     9    0.028862    0.037813    0.103401   10.218504 ^ clkbuf_3_3__f_clk/X (sky130_fd_sc_hd__clkbuf_16)
                                                         clknet_3_3__leaf_clk (net)
                      0.037881    0.001375   10.219878 ^ dsa[14]._8_/CLK (sky130_fd_sc_hd__dfrtp_1)
                                  0.000000   10.219878   clock reconvergence pessimism
                                 -0.069829   10.150049   library setup time
                                             10.150049   data required time
---------------------------------------------------------------------------------------------
                                             10.150049   data required time
                                             -0.652257   data arrival time
---------------------------------------------------------------------------------------------
                                              9.497792   slack (MET)


Startpoint: dsa[17]._8_ (rising edge-triggered flip-flop clocked by core_clock)
Endpoint: dsa[17]._8_ (rising edge-triggered flip-flop clocked by core_clock)
Path Group: core_clock
Path Type: max

Fanout         Cap        Slew       Delay        Time   Description
---------------------------------------------------------------------------------------------
                                  0.000000    0.000000   clock core_clock (rise edge)
                                  0.000000    0.000000   clock source latency
     1    0.015155    0.000000    0.000000    0.000000 ^ clk (in)
                                                         clk (net)
                      0.001422    0.000711    0.000711 ^ clkbuf_0_clk/A (sky130_fd_sc_hd__clkbuf_16)
     8    0.085401    0.078773    0.109444    0.110155 ^ clkbuf_0_clk/X (sky130_fd_sc_hd__clkbuf_16)
                                                         clknet_0_clk (net)
                      0.080859    0.010088    0.120243 ^ clkbuf_3_1__f_clk/A (sky130_fd_sc_hd__clkbuf_16)
     7    0.026037    0.035824    0.101952    0.222195 ^ clkbuf_3_1__f_clk/X (sky130_fd_sc_hd__clkbuf_16)
                                                         clknet_3_1__leaf_clk (net)
                      0.035892    0.001307    0.223503 ^ dsa[17]._8_/CLK (sky130_fd_sc_hd__dfrtp_1)
     2    0.006597    0.040105    0.236791    0.460294 v dsa[17]._8_/Q (sky130_fd_sc_hd__dfrtp_1)
                                                         dsa[17].last_carry (net)
                      0.040148    0.000373    0.460667 v dsa[17]._4_/B1 (sky130_fd_sc_hd__a21o_1)
     2    0.005561    0.032239    0.079029    0.539696 v dsa[17]._4_/X (sky130_fd_sc_hd__a21o_1)
                                                         dsa[17]._1_ (net)
                      0.032240    0.000213    0.539909 v dsa[17]._7_/A2 (sky130_fd_sc_hd__a21bo_1)
     1    0.002373    0.023812    0.115843    0.655752 v dsa[17]._7_/X (sky130_fd_sc_hd__a21bo_1)
                                                         dsa[17].last_carry_next (net)
                      0.023812    0.000168    0.655920 v dsa[17]._8_/D (sky130_fd_sc_hd__dfrtp_1)
                                              0.655920   data arrival time

                                 10.000000   10.000000   clock core_clock (rise edge)
                                  0.000000   10.000000   clock source latency
     1    0.015155    0.000000    0.000000   10.000000 ^ clk (in)
                                                         clk (net)
                      0.001422    0.000711   10.000710 ^ clkbuf_0_clk/A (sky130_fd_sc_hd__clkbuf_16)
     8    0.085401    0.078773    0.109445   10.110156 ^ clkbuf_0_clk/X (sky130_fd_sc_hd__clkbuf_16)
                                                         clknet_0_clk (net)
                      0.080859    0.010088   10.120244 ^ clkbuf_3_1__f_clk/A (sky130_fd_sc_hd__clkbuf_16)
     7    0.026037    0.035824    0.101952   10.222196 ^ clkbuf_3_1__f_clk/X (sky130_fd_sc_hd__clkbuf_16)
                                                         clknet_3_1__leaf_clk (net)
                      0.035892    0.001307   10.223503 ^ dsa[17]._8_/CLK (sky130_fd_sc_hd__dfrtp_1)
                                  0.000000   10.223503   clock reconvergence pessimism
                                 -0.069147   10.154357   library setup time
                                             10.154357   data required time
---------------------------------------------------------------------------------------------
                                             10.154357   data required time
                                             -0.655920   data arrival time
---------------------------------------------------------------------------------------------
                                              9.498436   slack (MET)


Startpoint: dsa[12]._8_ (rising edge-triggered flip-flop clocked by core_clock)
Endpoint: dsa[12]._8_ (rising edge-triggered flip-flop clocked by core_clock)
Path Group: core_clock
Path Type: max

Fanout         Cap        Slew       Delay        Time   Description
---------------------------------------------------------------------------------------------
                                  0.000000    0.000000   clock core_clock (rise edge)
                                  0.000000    0.000000   clock source latency
     1    0.015155    0.000000    0.000000    0.000000 ^ clk (in)
                                                         clk (net)
                      0.001422    0.000711    0.000711 ^ clkbuf_0_clk/A (sky130_fd_sc_hd__clkbuf_16)
     8    0.085401    0.078773    0.109444    0.110155 ^ clkbuf_0_clk/X (sky130_fd_sc_hd__clkbuf_16)
                                                         clknet_0_clk (net)
                      0.079638    0.006529    0.116684 ^ clkbuf_3_6__f_clk/A (sky130_fd_sc_hd__clkbuf_16)
     8    0.028649    0.037661    0.103372    0.220056 ^ clkbuf_3_6__f_clk/X (sky130_fd_sc_hd__clkbuf_16)
                                                         clknet_3_6__leaf_clk (net)
                      0.037719    0.001267    0.221323 ^ dsa[12]._8_/CLK (sky130_fd_sc_hd__dfrtp_1)
     2    0.005639    0.036969    0.233877    0.455200 v dsa[12]._8_/Q (sky130_fd_sc_hd__dfrtp_1)
                                                         dsa[12].last_carry (net)
                      0.036969    0.000356    0.455556 v dsa[12]._4_/B1 (sky130_fd_sc_hd__a21o_1)
     2    0.006223    0.034006    0.079576    0.535132 v dsa[12]._4_/X (sky130_fd_sc_hd__a21o_1)
                                                         dsa[12]._1_ (net)
                      0.034006    0.000214    0.535346 v dsa[12]._7_/A2 (sky130_fd_sc_hd__a21bo_1)
     1    0.002697    0.024788    0.117931    0.653277 v dsa[12]._7_/X (sky130_fd_sc_hd__a21bo_1)
                                                         dsa[12].last_carry_next (net)
                      0.024788    0.000198    0.653475 v dsa[12]._8_/D (sky130_fd_sc_hd__dfrtp_1)
                                              0.653475   data arrival time

                                 10.000000   10.000000   clock core_clock (rise edge)
                                  0.000000   10.000000   clock source latency
     1    0.015155    0.000000    0.000000   10.000000 ^ clk (in)
                                                         clk (net)
                      0.001422    0.000711   10.000710 ^ clkbuf_0_clk/A (sky130_fd_sc_hd__clkbuf_16)
     8    0.085401    0.078773    0.109445   10.110156 ^ clkbuf_0_clk/X (sky130_fd_sc_hd__clkbuf_16)
                                                         clknet_0_clk (net)
                      0.079638    0.006529   10.116685 ^ clkbuf_3_6__f_clk/A (sky130_fd_sc_hd__clkbuf_16)
     8    0.028649    0.037661    0.103372   10.220057 ^ clkbuf_3_6__f_clk/X (sky130_fd_sc_hd__clkbuf_16)
                                                         clknet_3_6__leaf_clk (net)
                      0.037719    0.001267   10.221324 ^ dsa[12]._8_/CLK (sky130_fd_sc_hd__dfrtp_1)
                                  0.000000   10.221324   clock reconvergence pessimism
                                 -0.069319   10.152005   library setup time
                                             10.152005   data required time
---------------------------------------------------------------------------------------------
                                             10.152005   data required time
                                             -0.653475   data arrival time
---------------------------------------------------------------------------------------------
                                              9.498530   slack (MET)


Startpoint: dsa[9]._8_ (rising edge-triggered flip-flop clocked by core_clock)
Endpoint: dsa[9]._8_ (rising edge-triggered flip-flop clocked by core_clock)
Path Group: core_clock
Path Type: max

Fanout         Cap        Slew       Delay        Time   Description
---------------------------------------------------------------------------------------------
                                  0.000000    0.000000   clock core_clock (rise edge)
                                  0.000000    0.000000   clock source latency
     1    0.015155    0.000000    0.000000    0.000000 ^ clk (in)
                                                         clk (net)
                      0.001422    0.000711    0.000711 ^ clkbuf_0_clk/A (sky130_fd_sc_hd__clkbuf_16)
     8    0.085401    0.078773    0.109444    0.110155 ^ clkbuf_0_clk/X (sky130_fd_sc_hd__clkbuf_16)
                                                         clknet_0_clk (net)
                      0.079638    0.006529    0.116684 ^ clkbuf_3_6__f_clk/A (sky130_fd_sc_hd__clkbuf_16)
     8    0.028649    0.037661    0.103372    0.220056 ^ clkbuf_3_6__f_clk/X (sky130_fd_sc_hd__clkbuf_16)
                                                         clknet_3_6__leaf_clk (net)
                      0.037749    0.001536    0.221592 ^ dsa[9]._8_/CLK (sky130_fd_sc_hd__dfrtp_1)
     2    0.005589    0.036803    0.233718    0.455311 v dsa[9]._8_/Q (sky130_fd_sc_hd__dfrtp_1)
                                                         dsa[9].last_carry (net)
                      0.036803    0.000330    0.455641 v dsa[9]._4_/B1 (sky130_fd_sc_hd__a21o_1)
     2    0.005680    0.032600    0.077949    0.533590 v dsa[9]._4_/X (sky130_fd_sc_hd__a21o_1)
                                                         dsa[9]._1_ (net)
                      0.032604    0.000365    0.533954 v dsa[9]._7_/A2 (sky130_fd_sc_hd__a21bo_1)
     1    0.003039    0.025882    0.119004    0.652959 v dsa[9]._7_/X (sky130_fd_sc_hd__a21bo_1)
                                                         dsa[9].last_carry_next (net)
                      0.025882    0.000129    0.653088 v dsa[9]._8_/D (sky130_fd_sc_hd__dfrtp_1)
                                              0.653088   data arrival time

                                 10.000000   10.000000   clock core_clock (rise edge)
                                  0.000000   10.000000   clock source latency
     1    0.015155    0.000000    0.000000   10.000000 ^ clk (in)
                                                         clk (net)
                      0.001422    0.000711   10.000710 ^ clkbuf_0_clk/A (sky130_fd_sc_hd__clkbuf_16)
     8    0.085401    0.078773    0.109445   10.110156 ^ clkbuf_0_clk/X (sky130_fd_sc_hd__clkbuf_16)
                                                         clknet_0_clk (net)
                      0.079638    0.006529   10.116685 ^ clkbuf_3_6__f_clk/A (sky130_fd_sc_hd__clkbuf_16)
     8    0.028649    0.037661    0.103372   10.220057 ^ clkbuf_3_6__f_clk/X (sky130_fd_sc_hd__clkbuf_16)
                                                         clknet_3_6__leaf_clk (net)
                      0.037749    0.001536   10.221592 ^ dsa[9]._8_/CLK (sky130_fd_sc_hd__dfrtp_1)
                                  0.000000   10.221592   clock reconvergence pessimism
                                 -0.069707   10.151885   library setup time
                                             10.151885   data required time
---------------------------------------------------------------------------------------------
                                             10.151885   data required time
                                             -0.653088   data arrival time
---------------------------------------------------------------------------------------------
                                              9.498796   slack (MET)


Startpoint: dsa[31]._8_ (rising edge-triggered flip-flop clocked by core_clock)
Endpoint: dsa[31]._8_ (rising edge-triggered flip-flop clocked by core_clock)
Path Group: core_clock
Path Type: max

Fanout         Cap        Slew       Delay        Time   Description
---------------------------------------------------------------------------------------------
                                  0.000000    0.000000   clock core_clock (rise edge)
                                  0.000000    0.000000   clock source latency
     1    0.015155    0.000000    0.000000    0.000000 ^ clk (in)
                                                         clk (net)
                      0.001422    0.000711    0.000711 ^ clkbuf_0_clk/A (sky130_fd_sc_hd__clkbuf_16)
     8    0.085401    0.078773    0.109444    0.110155 ^ clkbuf_0_clk/X (sky130_fd_sc_hd__clkbuf_16)
                                                         clknet_0_clk (net)
                      0.080880    0.010138    0.120293 ^ clkbuf_3_0__f_clk/A (sky130_fd_sc_hd__clkbuf_16)
    10    0.034667    0.041696    0.107307    0.227600 ^ clkbuf_3_0__f_clk/X (sky130_fd_sc_hd__clkbuf_16)
                                                         clknet_3_0__leaf_clk (net)
                      0.041839    0.002129    0.229729 ^ dsa[31]._8_/CLK (sky130_fd_sc_hd__dfrtp_1)
     2    0.005546    0.036668    0.234766    0.464495 v dsa[31]._8_/Q (sky130_fd_sc_hd__dfrtp_1)
                                                         dsa[31].last_carry (net)
                      0.036668    0.000320    0.464815 v dsa[31]._4_/B1 (sky130_fd_sc_hd__a21o_1)
     2    0.005934    0.033168    0.078594    0.543409 v dsa[31]._4_/X (sky130_fd_sc_hd__a21o_1)
                                                         dsa[31]._1_ (net)
                      0.033173    0.000402    0.543811 v dsa[31]._7_/A2 (sky130_fd_sc_hd__a21bo_1)
     1    0.002564    0.024369    0.117033    0.660845 v dsa[31]._7_/X (sky130_fd_sc_hd__a21bo_1)
                                                         dsa[31].last_carry_next (net)
                      0.024374    0.000187    0.661032 v dsa[31]._8_/D (sky130_fd_sc_hd__dfrtp_1)
                                              0.661032   data arrival time

                                 10.000000   10.000000   clock core_clock (rise edge)
                                  0.000000   10.000000   clock source latency
     1    0.015155    0.000000    0.000000   10.000000 ^ clk (in)
                                                         clk (net)
                      0.001422    0.000711   10.000710 ^ clkbuf_0_clk/A (sky130_fd_sc_hd__clkbuf_16)
     8    0.085401    0.078773    0.109445   10.110156 ^ clkbuf_0_clk/X (sky130_fd_sc_hd__clkbuf_16)
                                                         clknet_0_clk (net)
                      0.080880    0.010138   10.120294 ^ clkbuf_3_0__f_clk/A (sky130_fd_sc_hd__clkbuf_16)
    10    0.034667    0.041696    0.107307   10.227600 ^ clkbuf_3_0__f_clk/X (sky130_fd_sc_hd__clkbuf_16)
                                                         clknet_3_0__leaf_clk (net)
                      0.041839    0.002128   10.229729 ^ dsa[31]._8_/CLK (sky130_fd_sc_hd__dfrtp_1)
                                  0.000000   10.229729   clock reconvergence pessimism
                                 -0.068775   10.160954   library setup time
                                             10.160954   data required time
---------------------------------------------------------------------------------------------
                                             10.160954   data required time
                                             -0.661032   data arrival time
---------------------------------------------------------------------------------------------
                                              9.499921   slack (MET)


Startpoint: dsa[13]._8_ (rising edge-triggered flip-flop clocked by core_clock)
Endpoint: dsa[13]._8_ (rising edge-triggered flip-flop clocked by core_clock)
Path Group: core_clock
Path Type: max

Fanout         Cap        Slew       Delay        Time   Description
---------------------------------------------------------------------------------------------
                                  0.000000    0.000000   clock core_clock (rise edge)
                                  0.000000    0.000000   clock source latency
     1    0.015155    0.000000    0.000000    0.000000 ^ clk (in)
                                                         clk (net)
                      0.001422    0.000711    0.000711 ^ clkbuf_0_clk/A (sky130_fd_sc_hd__clkbuf_16)
     8    0.085401    0.078773    0.109444    0.110155 ^ clkbuf_0_clk/X (sky130_fd_sc_hd__clkbuf_16)
                                                         clknet_0_clk (net)
                      0.079257    0.004947    0.115103 ^ clkbuf_3_3__f_clk/A (sky130_fd_sc_hd__clkbuf_16)
     9    0.028862    0.037813    0.103400    0.218503 ^ clkbuf_3_3__f_clk/X (sky130_fd_sc_hd__clkbuf_16)
                                                         clknet_3_3__leaf_clk (net)
                      0.037887    0.001428    0.219931 ^ dsa[13]._8_/CLK (sky130_fd_sc_hd__dfrtp_1)
     2    0.005698    0.037158    0.234194    0.454125 v dsa[13]._8_/Q (sky130_fd_sc_hd__dfrtp_1)
                                                         dsa[13].last_carry (net)
                      0.037158    0.000195    0.454320 v dsa[13]._4_/B1 (sky130_fd_sc_hd__a21o_1)
     2    0.005538    0.031998    0.077697    0.532017 v dsa[13]._4_/X (sky130_fd_sc_hd__a21o_1)
                                                         dsa[13]._1_ (net)
                      0.032002    0.000369    0.532385 v dsa[13]._7_/A2 (sky130_fd_sc_hd__a21bo_1)
     1    0.002837    0.025218    0.117849    0.650234 v dsa[13]._7_/X (sky130_fd_sc_hd__a21bo_1)
                                                         dsa[13].last_carry_next (net)
                      0.025233    0.000186    0.650421 v dsa[13]._8_/D (sky130_fd_sc_hd__dfrtp_1)
                                              0.650421   data arrival time

                                 10.000000   10.000000   clock core_clock (rise edge)
                                  0.000000   10.000000   clock source latency
     1    0.015155    0.000000    0.000000   10.000000 ^ clk (in)
                                                         clk (net)
                      0.001422    0.000711   10.000710 ^ clkbuf_0_clk/A (sky130_fd_sc_hd__clkbuf_16)
     8    0.085401    0.078773    0.109445   10.110156 ^ clkbuf_0_clk/X (sky130_fd_sc_hd__clkbuf_16)
                                                         clknet_0_clk (net)
                      0.079257    0.004947   10.115103 ^ clkbuf_3_3__f_clk/A (sky130_fd_sc_hd__clkbuf_16)
     9    0.028862    0.037813    0.103401   10.218504 ^ clkbuf_3_3__f_clk/X (sky130_fd_sc_hd__clkbuf_16)
                                                         clknet_3_3__leaf_clk (net)
                      0.037887    0.001427   10.219931 ^ dsa[13]._8_/CLK (sky130_fd_sc_hd__dfrtp_1)
                                  0.000000   10.219931   clock reconvergence pessimism
                                 -0.069462   10.150469   library setup time
                                             10.150469   data required time
---------------------------------------------------------------------------------------------
                                             10.150469   data required time
                                             -0.650421   data arrival time
---------------------------------------------------------------------------------------------
                                              9.500048   slack (MET)


Startpoint: dsa[24]._8_ (rising edge-triggered flip-flop clocked by core_clock)
Endpoint: dsa[24]._8_ (rising edge-triggered flip-flop clocked by core_clock)
Path Group: core_clock
Path Type: max

Fanout         Cap        Slew       Delay        Time   Description
---------------------------------------------------------------------------------------------
                                  0.000000    0.000000   clock core_clock (rise edge)
                                  0.000000    0.000000   clock source latency
     1    0.015155    0.000000    0.000000    0.000000 ^ clk (in)
                                                         clk (net)
                      0.001422    0.000711    0.000711 ^ clkbuf_0_clk/A (sky130_fd_sc_hd__clkbuf_16)
     8    0.085401    0.078773    0.109444    0.110155 ^ clkbuf_0_clk/X (sky130_fd_sc_hd__clkbuf_16)
                                                         clknet_0_clk (net)
                      0.079334    0.005306    0.115461 ^ clkbuf_3_2__f_clk/A (sky130_fd_sc_hd__clkbuf_16)
    10    0.033819    0.041077    0.106363    0.221824 ^ clkbuf_3_2__f_clk/X (sky130_fd_sc_hd__clkbuf_16)
                                                         clknet_3_2__leaf_clk (net)
                      0.041258    0.002077    0.223902 ^ dsa[24]._8_/CLK (sky130_fd_sc_hd__dfrtp_1)
     2    0.005311    0.035942    0.233734    0.457636 v dsa[24]._8_/Q (sky130_fd_sc_hd__dfrtp_1)
                                                         dsa[24].last_carry (net)
                      0.035942    0.000349    0.457984 v dsa[24]._4_/B1 (sky130_fd_sc_hd__a21o_1)
     2    0.005792    0.032731    0.077916    0.535901 v dsa[24]._4_/X (sky130_fd_sc_hd__a21o_1)
                                                         dsa[24]._1_ (net)
                      0.032736    0.000385    0.536286 v dsa[24]._7_/A2 (sky130_fd_sc_hd__a21bo_1)
     1    0.002822    0.025172    0.118047    0.654333 v dsa[24]._7_/X (sky130_fd_sc_hd__a21bo_1)
                                                         dsa[24].last_carry_next (net)
                      0.025187    0.000185    0.654518 v dsa[24]._8_/D (sky130_fd_sc_hd__dfrtp_1)
                                              0.654518   data arrival time

                                 10.000000   10.000000   clock core_clock (rise edge)
                                  0.000000   10.000000   clock source latency
     1    0.015155    0.000000    0.000000   10.000000 ^ clk (in)
                                                         clk (net)
                      0.001422    0.000711   10.000710 ^ clkbuf_0_clk/A (sky130_fd_sc_hd__clkbuf_16)
     8    0.085401    0.078773    0.109445   10.110156 ^ clkbuf_0_clk/X (sky130_fd_sc_hd__clkbuf_16)
                                                         clknet_0_clk (net)
                      0.079334    0.005306   10.115461 ^ clkbuf_3_2__f_clk/A (sky130_fd_sc_hd__clkbuf_16)
    10    0.033819    0.041077    0.106363   10.221825 ^ clkbuf_3_2__f_clk/X (sky130_fd_sc_hd__clkbuf_16)
                                                         clknet_3_2__leaf_clk (net)
                      0.041258    0.002077   10.223902 ^ dsa[24]._8_/CLK (sky130_fd_sc_hd__dfrtp_1)
                                  0.000000   10.223902   clock reconvergence pessimism
                                 -0.069121   10.154780   library setup time
                                             10.154780   data required time
---------------------------------------------------------------------------------------------
                                             10.154780   data required time
                                             -0.654518   data arrival time
---------------------------------------------------------------------------------------------
                                              9.500263   slack (MET)


Startpoint: dsa[4]._8_ (rising edge-triggered flip-flop clocked by core_clock)
Endpoint: dsa[4]._8_ (rising edge-triggered flip-flop clocked by core_clock)
Path Group: core_clock
Path Type: max

Fanout         Cap        Slew       Delay        Time   Description
---------------------------------------------------------------------------------------------
                                  0.000000    0.000000   clock core_clock (rise edge)
                                  0.000000    0.000000   clock source latency
     1    0.015155    0.000000    0.000000    0.000000 ^ clk (in)
                                                         clk (net)
                      0.001422    0.000711    0.000711 ^ clkbuf_0_clk/A (sky130_fd_sc_hd__clkbuf_16)
     8    0.085401    0.078773    0.109444    0.110155 ^ clkbuf_0_clk/X (sky130_fd_sc_hd__clkbuf_16)
                                                         clknet_0_clk (net)
                      0.080452    0.009044    0.119200 ^ clkbuf_3_5__f_clk/A (sky130_fd_sc_hd__clkbuf_16)
     8    0.031303    0.039459    0.105319    0.224519 ^ clkbuf_3_5__f_clk/X (sky130_fd_sc_hd__clkbuf_16)
                                                         clknet_3_5__leaf_clk (net)
                      0.039503    0.001814    0.226333 ^ dsa[4]._8_/CLK (sky130_fd_sc_hd__dfrtp_1)
     2    0.005561    0.036725    0.234175    0.460508 v dsa[4]._8_/Q (sky130_fd_sc_hd__dfrtp_1)
                                                         dsa[4].last_carry (net)
                      0.036725    0.000194    0.460702 v dsa[4]._4_/B1 (sky130_fd_sc_hd__a21o_1)
     2    0.005761    0.032879    0.078143    0.538845 v dsa[4]._4_/X (sky130_fd_sc_hd__a21o_1)
                                                         dsa[4]._1_ (net)
                      0.032883    0.000384    0.539229 v dsa[4]._7_/A2 (sky130_fd_sc_hd__a21bo_1)
     1    0.002651    0.024641    0.117317    0.656546 v dsa[4]._7_/X (sky130_fd_sc_hd__a21bo_1)
                                                         dsa[4].last_carry_next (net)
                      0.024641    0.000195    0.656740 v dsa[4]._8_/D (sky130_fd_sc_hd__dfrtp_1)
                                              0.656740   data arrival time

                                 10.000000   10.000000   clock core_clock (rise edge)
                                  0.000000   10.000000   clock source latency
     1    0.015155    0.000000    0.000000   10.000000 ^ clk (in)
                                                         clk (net)
                      0.001422    0.000711   10.000710 ^ clkbuf_0_clk/A (sky130_fd_sc_hd__clkbuf_16)
     8    0.085401    0.078773    0.109445   10.110156 ^ clkbuf_0_clk/X (sky130_fd_sc_hd__clkbuf_16)
                                                         clknet_0_clk (net)
                      0.080452    0.009044   10.119200 ^ clkbuf_3_5__f_clk/A (sky130_fd_sc_hd__clkbuf_16)
     8    0.031303    0.039459    0.105319   10.224520 ^ clkbuf_3_5__f_clk/X (sky130_fd_sc_hd__clkbuf_16)
                                                         clknet_3_5__leaf_clk (net)
                      0.039503    0.001814   10.226333 ^ dsa[4]._8_/CLK (sky130_fd_sc_hd__dfrtp_1)
                                  0.000000   10.226333   clock reconvergence pessimism
                                 -0.069095   10.157238   library setup time
                                             10.157238   data required time
---------------------------------------------------------------------------------------------
                                             10.157238   data required time
                                             -0.656740   data arrival time
---------------------------------------------------------------------------------------------
                                              9.500498   slack (MET)


Startpoint: dsa[30]._8_ (rising edge-triggered flip-flop clocked by core_clock)
Endpoint: dsa[30]._9_ (rising edge-triggered flip-flop clocked by core_clock)
Path Group: core_clock
Path Type: max

Fanout         Cap        Slew       Delay        Time   Description
---------------------------------------------------------------------------------------------
                                  0.000000    0.000000   clock core_clock (rise edge)
                                  0.000000    0.000000   clock source latency
     1    0.015155    0.000000    0.000000    0.000000 ^ clk (in)
                                                         clk (net)
                      0.001422    0.000711    0.000711 ^ clkbuf_0_clk/A (sky130_fd_sc_hd__clkbuf_16)
     8    0.085401    0.078773    0.109444    0.110155 ^ clkbuf_0_clk/X (sky130_fd_sc_hd__clkbuf_16)
                                                         clknet_0_clk (net)
                      0.080880    0.010138    0.120293 ^ clkbuf_3_0__f_clk/A (sky130_fd_sc_hd__clkbuf_16)
    10    0.034667    0.041696    0.107307    0.227600 ^ clkbuf_3_0__f_clk/X (sky130_fd_sc_hd__clkbuf_16)
                                                         clknet_3_0__leaf_clk (net)
                      0.041844    0.002171    0.229771 ^ dsa[30]._8_/CLK (sky130_fd_sc_hd__dfrtp_1)
     2    0.006505    0.039811    0.238190    0.467961 v dsa[30]._8_/Q (sky130_fd_sc_hd__dfrtp_1)
                                                         dsa[30].last_carry (net)
                      0.039853    0.000409    0.468371 v dsa[30]._3_/A (sky130_fd_sc_hd__nand3_1)
     2    0.005721    0.070509    0.061414    0.529784 ^ dsa[30]._3_/Y (sky130_fd_sc_hd__nand3_1)
                                                         dsa[30]._0_ (net)
                      0.070510    0.000294    0.530078 ^ dsa[30]._5_/A (sky130_fd_sc_hd__nand2_1)
     1    0.004834    0.034261    0.038162    0.568240 v dsa[30]._5_/Y (sky130_fd_sc_hd__nand2_1)
                                                         dsa[30]._2_ (net)
                      0.034275    0.000231    0.568471 v dsa[30]._6_/B (sky130_fd_sc_hd__xnor2_1)
     1    0.003859    0.034702    0.080284    0.648755 v dsa[30]._6_/Y (sky130_fd_sc_hd__xnor2_1)
                                                         dsa[30].y_out_next (net)
                      0.034703    0.000262    0.649017 v dsa[30]._9_/D (sky130_fd_sc_hd__dfrtp_1)
                                              0.649017   data arrival time

                                 10.000000   10.000000   clock core_clock (rise edge)
                                  0.000000   10.000000   clock source latency
     1    0.015155    0.000000    0.000000   10.000000 ^ clk (in)
                                                         clk (net)
                      0.001422    0.000711   10.000710 ^ clkbuf_0_clk/A (sky130_fd_sc_hd__clkbuf_16)
     8    0.085401    0.078773    0.109445   10.110156 ^ clkbuf_0_clk/X (sky130_fd_sc_hd__clkbuf_16)
                                                         clknet_0_clk (net)
                      0.080859    0.010088   10.120244 ^ clkbuf_3_1__f_clk/A (sky130_fd_sc_hd__clkbuf_16)
     7    0.026037    0.035824    0.101952   10.222196 ^ clkbuf_3_1__f_clk/X (sky130_fd_sc_hd__clkbuf_16)
                                                         clknet_3_1__leaf_clk (net)
                      0.035883    0.001226   10.223421 ^ dsa[30]._9_/CLK (sky130_fd_sc_hd__dfrtp_1)
                                  0.000000   10.223421   clock reconvergence pessimism
                                 -0.073036   10.150386   library setup time
                                             10.150386   data required time
---------------------------------------------------------------------------------------------
                                             10.150386   data required time
                                             -0.649017   data arrival time
---------------------------------------------------------------------------------------------
                                              9.501369   slack (MET)


Startpoint: dsa[27]._8_ (rising edge-triggered flip-flop clocked by core_clock)
Endpoint: dsa[27]._9_ (rising edge-triggered flip-flop clocked by core_clock)
Path Group: core_clock
Path Type: max

Fanout         Cap        Slew       Delay        Time   Description
---------------------------------------------------------------------------------------------
                                  0.000000    0.000000   clock core_clock (rise edge)
                                  0.000000    0.000000   clock source latency
     1    0.015155    0.000000    0.000000    0.000000 ^ clk (in)
                                                         clk (net)
                      0.001422    0.000711    0.000711 ^ clkbuf_0_clk/A (sky130_fd_sc_hd__clkbuf_16)
     8    0.085401    0.078773    0.109444    0.110155 ^ clkbuf_0_clk/X (sky130_fd_sc_hd__clkbuf_16)
                                                         clknet_0_clk (net)
                      0.079334    0.005306    0.115461 ^ clkbuf_3_2__f_clk/A (sky130_fd_sc_hd__clkbuf_16)
    10    0.033819    0.041077    0.106363    0.221824 ^ clkbuf_3_2__f_clk/X (sky130_fd_sc_hd__clkbuf_16)
                                                         clknet_3_2__leaf_clk (net)
                      0.041249    0.002014    0.223838 ^ dsa[27]._8_/CLK (sky130_fd_sc_hd__dfrtp_1)
     2    0.006167    0.038693    0.236816    0.460654 v dsa[27]._8_/Q (sky130_fd_sc_hd__dfrtp_1)
                                                         dsa[27].last_carry (net)
                      0.038693    0.000337    0.460991 v dsa[27]._3_/A (sky130_fd_sc_hd__nand3_1)
     2    0.006900    0.074950    0.066757    0.527748 ^ dsa[27]._3_/Y (sky130_fd_sc_hd__nand3_1)
                                                         dsa[27]._0_ (net)
                      0.074951    0.000390    0.528138 ^ dsa[27]._5_/A (sky130_fd_sc_hd__nand2_1)
     1    0.004793    0.035000    0.038424    0.566563 v dsa[27]._5_/Y (sky130_fd_sc_hd__nand2_1)
                                                         dsa[27]._2_ (net)
                      0.035019    0.000357    0.566920 v dsa[27]._6_/B (sky130_fd_sc_hd__xnor2_1)
     1    0.003651    0.034295    0.079829    0.646749 v dsa[27]._6_/Y (sky130_fd_sc_hd__xnor2_1)
                                                         dsa[27].y_out_next (net)
                      0.034296    0.000261    0.647010 v dsa[27]._9_/D (sky130_fd_sc_hd__dfrtp_1)
                                              0.647010   data arrival time

                                 10.000000   10.000000   clock core_clock (rise edge)
                                  0.000000   10.000000   clock source latency
     1    0.015155    0.000000    0.000000   10.000000 ^ clk (in)
                                                         clk (net)
                      0.001422    0.000711   10.000710 ^ clkbuf_0_clk/A (sky130_fd_sc_hd__clkbuf_16)
     8    0.085401    0.078773    0.109445   10.110156 ^ clkbuf_0_clk/X (sky130_fd_sc_hd__clkbuf_16)
                                                         clknet_0_clk (net)
                      0.079334    0.005306   10.115461 ^ clkbuf_3_2__f_clk/A (sky130_fd_sc_hd__clkbuf_16)
    10    0.033819    0.041077    0.106363   10.221825 ^ clkbuf_3_2__f_clk/X (sky130_fd_sc_hd__clkbuf_16)
                                                         clknet_3_2__leaf_clk (net)
                      0.041116    0.001437   10.223262 ^ dsa[27]._9_/CLK (sky130_fd_sc_hd__dfrtp_1)
                                  0.000000   10.223262   clock reconvergence pessimism
                                 -0.072387   10.150874   library setup time
                                             10.150874   data required time
---------------------------------------------------------------------------------------------
                                             10.150874   data required time
                                             -0.647010   data arrival time
---------------------------------------------------------------------------------------------
                                              9.503864   slack (MET)


Startpoint: dsa[7]._8_ (rising edge-triggered flip-flop clocked by core_clock)
Endpoint: dsa[7]._8_ (rising edge-triggered flip-flop clocked by core_clock)
Path Group: core_clock
Path Type: max

Fanout         Cap        Slew       Delay        Time   Description
---------------------------------------------------------------------------------------------
                                  0.000000    0.000000   clock core_clock (rise edge)
                                  0.000000    0.000000   clock source latency
     1    0.015155    0.000000    0.000000    0.000000 ^ clk (in)
                                                         clk (net)
                      0.001422    0.000711    0.000711 ^ clkbuf_0_clk/A (sky130_fd_sc_hd__clkbuf_16)
     8    0.085401    0.078773    0.109444    0.110155 ^ clkbuf_0_clk/X (sky130_fd_sc_hd__clkbuf_16)
                                                         clknet_0_clk (net)
                      0.080339    0.008735    0.118890 ^ clkbuf_3_4__f_clk/A (sky130_fd_sc_hd__clkbuf_16)
     9    0.024233    0.034552    0.100597    0.219487 ^ clkbuf_3_4__f_clk/X (sky130_fd_sc_hd__clkbuf_16)
                                                         clknet_3_4__leaf_clk (net)
                      0.034616    0.001158    0.220645 ^ dsa[7]._8_/CLK (sky130_fd_sc_hd__dfrtp_1)
     2    0.005322    0.035982    0.231819    0.452464 v dsa[7]._8_/Q (sky130_fd_sc_hd__dfrtp_1)
                                                         dsa[7].last_carry (net)
                      0.035982    0.000338    0.452803 v dsa[7]._4_/B1 (sky130_fd_sc_hd__a21o_1)
     2    0.005380    0.031736    0.076854    0.529657 v dsa[7]._4_/X (sky130_fd_sc_hd__a21o_1)
                                                         dsa[7]._1_ (net)
                      0.031737    0.000195    0.529852 v dsa[7]._7_/A2 (sky130_fd_sc_hd__a21bo_1)
     1    0.002673    0.024703    0.117017    0.646869 v dsa[7]._7_/X (sky130_fd_sc_hd__a21bo_1)
                                                         dsa[7].last_carry_next (net)
                      0.024703    0.000180    0.647048 v dsa[7]._8_/D (sky130_fd_sc_hd__dfrtp_1)
                                              0.647048   data arrival time

                                 10.000000   10.000000   clock core_clock (rise edge)
                                  0.000000   10.000000   clock source latency
     1    0.015155    0.000000    0.000000   10.000000 ^ clk (in)
                                                         clk (net)
                      0.001422    0.000711   10.000710 ^ clkbuf_0_clk/A (sky130_fd_sc_hd__clkbuf_16)
     8    0.085401    0.078773    0.109445   10.110156 ^ clkbuf_0_clk/X (sky130_fd_sc_hd__clkbuf_16)
                                                         clknet_0_clk (net)
                      0.080339    0.008734   10.118890 ^ clkbuf_3_4__f_clk/A (sky130_fd_sc_hd__clkbuf_16)
     9    0.024233    0.034552    0.100597   10.219487 ^ clkbuf_3_4__f_clk/X (sky130_fd_sc_hd__clkbuf_16)
                                                         clknet_3_4__leaf_clk (net)
                      0.034616    0.001158   10.220645 ^ dsa[7]._8_/CLK (sky130_fd_sc_hd__dfrtp_1)
                                  0.000000   10.220645   clock reconvergence pessimism
                                 -0.069587   10.151058   library setup time
                                             10.151058   data required time
---------------------------------------------------------------------------------------------
                                             10.151058   data required time
                                             -0.647048   data arrival time
---------------------------------------------------------------------------------------------
                                              9.504010   slack (MET)


Startpoint: dsa[19]._8_ (rising edge-triggered flip-flop clocked by core_clock)
Endpoint: dsa[19]._9_ (rising edge-triggered flip-flop clocked by core_clock)
Path Group: core_clock
Path Type: max

Fanout         Cap        Slew       Delay        Time   Description
---------------------------------------------------------------------------------------------
                                  0.000000    0.000000   clock core_clock (rise edge)
                                  0.000000    0.000000   clock source latency
     1    0.015155    0.000000    0.000000    0.000000 ^ clk (in)
                                                         clk (net)
                      0.001422    0.000711    0.000711 ^ clkbuf_0_clk/A (sky130_fd_sc_hd__clkbuf_16)
     8    0.085401    0.078773    0.109444    0.110155 ^ clkbuf_0_clk/X (sky130_fd_sc_hd__clkbuf_16)
                                                         clknet_0_clk (net)
                      0.080880    0.010138    0.120293 ^ clkbuf_3_0__f_clk/A (sky130_fd_sc_hd__clkbuf_16)
    10    0.034667    0.041696    0.107307    0.227600 ^ clkbuf_3_0__f_clk/X (sky130_fd_sc_hd__clkbuf_16)
                                                         clknet_3_0__leaf_clk (net)
                      0.041818    0.001967    0.229567 ^ dsa[19]._8_/CLK (sky130_fd_sc_hd__dfrtp_1)
     2    0.006378    0.039377    0.237750    0.467317 v dsa[19]._8_/Q (sky130_fd_sc_hd__dfrtp_1)
                                                         dsa[19].last_carry (net)
                      0.039377    0.000351    0.467668 v dsa[19]._3_/A (sky130_fd_sc_hd__nand3_1)
     2    0.005435    0.071212    0.059760    0.527429 ^ dsa[19]._3_/Y (sky130_fd_sc_hd__nand3_1)
                                                         dsa[19]._0_ (net)
                      0.071212    0.000336    0.527765 ^ dsa[19]._5_/A (sky130_fd_sc_hd__nand2_1)
     1    0.005841    0.037860    0.041830    0.569594 v dsa[19]._5_/Y (sky130_fd_sc_hd__nand2_1)
                                                         dsa[19]._2_ (net)
                      0.037868    0.000442    0.570037 v dsa[19]._6_/B (sky130_fd_sc_hd__xnor2_1)
     1    0.003632    0.034773    0.080938    0.650975 v dsa[19]._6_/Y (sky130_fd_sc_hd__xnor2_1)
                                                         dsa[19].y_out_next (net)
                      0.034774    0.000142    0.651117 v dsa[19]._9_/D (sky130_fd_sc_hd__dfrtp_1)
                                              0.651117   data arrival time

                                 10.000000   10.000000   clock core_clock (rise edge)
                                  0.000000   10.000000   clock source latency
     1    0.015155    0.000000    0.000000   10.000000 ^ clk (in)
                                                         clk (net)
                      0.001422    0.000711   10.000710 ^ clkbuf_0_clk/A (sky130_fd_sc_hd__clkbuf_16)
     8    0.085401    0.078773    0.109445   10.110156 ^ clkbuf_0_clk/X (sky130_fd_sc_hd__clkbuf_16)
                                                         clknet_0_clk (net)
                      0.080880    0.010138   10.120294 ^ clkbuf_3_0__f_clk/A (sky130_fd_sc_hd__clkbuf_16)
    10    0.034667    0.041696    0.107307   10.227600 ^ clkbuf_3_0__f_clk/X (sky130_fd_sc_hd__clkbuf_16)
                                                         clknet_3_0__leaf_clk (net)
                      0.041811    0.001911   10.229512 ^ dsa[19]._9_/CLK (sky130_fd_sc_hd__dfrtp_1)
                                  0.000000   10.229512   clock reconvergence pessimism
                                 -0.072491   10.157022   library setup time
                                             10.157022   data required time
---------------------------------------------------------------------------------------------
                                             10.157022   data required time
                                             -0.651117   data arrival time
---------------------------------------------------------------------------------------------
                                              9.505904   slack (MET)


Startpoint: dsa[17]._8_ (rising edge-triggered flip-flop clocked by core_clock)
Endpoint: dsa[17]._9_ (rising edge-triggered flip-flop clocked by core_clock)
Path Group: core_clock
Path Type: max

Fanout         Cap        Slew       Delay        Time   Description
---------------------------------------------------------------------------------------------
                                  0.000000    0.000000   clock core_clock (rise edge)
                                  0.000000    0.000000   clock source latency
     1    0.015155    0.000000    0.000000    0.000000 ^ clk (in)
                                                         clk (net)
                      0.001422    0.000711    0.000711 ^ clkbuf_0_clk/A (sky130_fd_sc_hd__clkbuf_16)
     8    0.085401    0.078773    0.109444    0.110155 ^ clkbuf_0_clk/X (sky130_fd_sc_hd__clkbuf_16)
                                                         clknet_0_clk (net)
                      0.080859    0.010088    0.120243 ^ clkbuf_3_1__f_clk/A (sky130_fd_sc_hd__clkbuf_16)
     7    0.026037    0.035824    0.101952    0.222195 ^ clkbuf_3_1__f_clk/X (sky130_fd_sc_hd__clkbuf_16)
                                                         clknet_3_1__leaf_clk (net)
                      0.035892    0.001307    0.223503 ^ dsa[17]._8_/CLK (sky130_fd_sc_hd__dfrtp_1)
     2    0.006597    0.040105    0.236791    0.460294 v dsa[17]._8_/Q (sky130_fd_sc_hd__dfrtp_1)
                                                         dsa[17].last_carry (net)
                      0.040148    0.000392    0.460687 v dsa[17]._3_/A (sky130_fd_sc_hd__nand3_1)
     2    0.006255    0.075615    0.064124    0.524810 ^ dsa[17]._3_/Y (sky130_fd_sc_hd__nand3_1)
                                                         dsa[17]._0_ (net)
                      0.075616    0.000430    0.525240 ^ dsa[17]._5_/A (sky130_fd_sc_hd__nand2_1)
     1    0.004944    0.035645    0.039061    0.564301 v dsa[17]._5_/Y (sky130_fd_sc_hd__nand2_1)
                                                         dsa[17]._2_ (net)
                      0.035651    0.000364    0.564666 v dsa[17]._6_/B (sky130_fd_sc_hd__xnor2_1)
     1    0.002639    0.029684    0.076322    0.640988 v dsa[17]._6_/Y (sky130_fd_sc_hd__xnor2_1)
                                                         dsa[17].y_out_next (net)
                      0.029684    0.000181    0.641169 v dsa[17]._9_/D (sky130_fd_sc_hd__dfrtp_1)
                                              0.641169   data arrival time

                                 10.000000   10.000000   clock core_clock (rise edge)
                                  0.000000   10.000000   clock source latency
     1    0.015155    0.000000    0.000000   10.000000 ^ clk (in)
                                                         clk (net)
                      0.001422    0.000711   10.000710 ^ clkbuf_0_clk/A (sky130_fd_sc_hd__clkbuf_16)
     8    0.085401    0.078773    0.109445   10.110156 ^ clkbuf_0_clk/X (sky130_fd_sc_hd__clkbuf_16)
                                                         clknet_0_clk (net)
                      0.080339    0.008734   10.118890 ^ clkbuf_3_4__f_clk/A (sky130_fd_sc_hd__clkbuf_16)
     9    0.024233    0.034552    0.100597   10.219487 ^ clkbuf_3_4__f_clk/X (sky130_fd_sc_hd__clkbuf_16)
                                                         clknet_3_4__leaf_clk (net)
                      0.034612    0.001124   10.220611 ^ dsa[17]._9_/CLK (sky130_fd_sc_hd__dfrtp_1)
                                  0.000000   10.220611   clock reconvergence pessimism
                                 -0.071366   10.149244   library setup time
                                             10.149244   data required time
---------------------------------------------------------------------------------------------
                                             10.149244   data required time
                                             -0.641169   data arrival time
---------------------------------------------------------------------------------------------
                                              9.508076   slack (MET)


Startpoint: dsa[31]._8_ (rising edge-triggered flip-flop clocked by core_clock)
Endpoint: dsa[31]._9_ (rising edge-triggered flip-flop clocked by core_clock)
Path Group: core_clock
Path Type: max

Fanout         Cap        Slew       Delay        Time   Description
---------------------------------------------------------------------------------------------
                                  0.000000    0.000000   clock core_clock (rise edge)
                                  0.000000    0.000000   clock source latency
     1    0.015155    0.000000    0.000000    0.000000 ^ clk (in)
                                                         clk (net)
                      0.001422    0.000711    0.000711 ^ clkbuf_0_clk/A (sky130_fd_sc_hd__clkbuf_16)
     8    0.085401    0.078773    0.109444    0.110155 ^ clkbuf_0_clk/X (sky130_fd_sc_hd__clkbuf_16)
                                                         clknet_0_clk (net)
                      0.080880    0.010138    0.120293 ^ clkbuf_3_0__f_clk/A (sky130_fd_sc_hd__clkbuf_16)
    10    0.034667    0.041696    0.107307    0.227600 ^ clkbuf_3_0__f_clk/X (sky130_fd_sc_hd__clkbuf_16)
                                                         clknet_3_0__leaf_clk (net)
                      0.041839    0.002129    0.229729 ^ dsa[31]._8_/CLK (sky130_fd_sc_hd__dfrtp_1)
     2    0.005546    0.036668    0.234766    0.464495 v dsa[31]._8_/Q (sky130_fd_sc_hd__dfrtp_1)
                                                         dsa[31].last_carry (net)
                      0.036668    0.000320    0.464815 v dsa[31]._4_/B1 (sky130_fd_sc_hd__a21o_1)
     2    0.005934    0.033168    0.078594    0.543409 v dsa[31]._4_/X (sky130_fd_sc_hd__a21o_1)
                                                         dsa[31]._1_ (net)
                      0.033172    0.000369    0.543778 v dsa[31]._5_/B (sky130_fd_sc_hd__nand2_1)
     1    0.005203    0.047500    0.054680    0.598458 ^ dsa[31]._5_/Y (sky130_fd_sc_hd__nand2_1)
                                                         dsa[31]._2_ (net)
                      0.047503    0.000394    0.598852 ^ dsa[31]._6_/B (sky130_fd_sc_hd__xnor2_1)
     1    0.004855    0.109907    0.080451    0.679302 ^ dsa[31]._6_/Y (sky130_fd_sc_hd__xnor2_1)
                                                         dsa[31].y_out_next (net)
                      0.109907    0.000336    0.679638 ^ dsa[31]._9_/D (sky130_fd_sc_hd__dfrtp_1)
                                              0.679638   data arrival time

                                 10.000000   10.000000   clock core_clock (rise edge)
                                  0.000000   10.000000   clock source latency
     1    0.015155    0.000000    0.000000   10.000000 ^ clk (in)
                                                         clk (net)
                      0.001422    0.000711   10.000710 ^ clkbuf_0_clk/A (sky130_fd_sc_hd__clkbuf_16)
     8    0.085401    0.078773    0.109445   10.110156 ^ clkbuf_0_clk/X (sky130_fd_sc_hd__clkbuf_16)
                                                         clknet_0_clk (net)
                      0.080880    0.010138   10.120294 ^ clkbuf_3_0__f_clk/A (sky130_fd_sc_hd__clkbuf_16)
    10    0.034667    0.041696    0.107307   10.227600 ^ clkbuf_3_0__f_clk/X (sky130_fd_sc_hd__clkbuf_16)
                                                         clknet_3_0__leaf_clk (net)
                      0.041796    0.001787   10.229387 ^ dsa[31]._9_/CLK (sky130_fd_sc_hd__dfrtp_1)
                                  0.000000   10.229387   clock reconvergence pessimism
                                 -0.040884   10.188503   library setup time
                                             10.188503   data required time
---------------------------------------------------------------------------------------------
                                             10.188503   data required time
                                             -0.679638   data arrival time
---------------------------------------------------------------------------------------------
                                              9.508865   slack (MET)


Startpoint: dsa[22]._8_ (rising edge-triggered flip-flop clocked by core_clock)
Endpoint: dsa[22]._9_ (rising edge-triggered flip-flop clocked by core_clock)
Path Group: core_clock
Path Type: max

Fanout         Cap        Slew       Delay        Time   Description
---------------------------------------------------------------------------------------------
                                  0.000000    0.000000   clock core_clock (rise edge)
                                  0.000000    0.000000   clock source latency
     1    0.015155    0.000000    0.000000    0.000000 ^ clk (in)
                                                         clk (net)
                      0.001422    0.000711    0.000711 ^ clkbuf_0_clk/A (sky130_fd_sc_hd__clkbuf_16)
     8    0.085401    0.078773    0.109444    0.110155 ^ clkbuf_0_clk/X (sky130_fd_sc_hd__clkbuf_16)
                                                         clknet_0_clk (net)
                      0.079334    0.005306    0.115461 ^ clkbuf_3_2__f_clk/A (sky130_fd_sc_hd__clkbuf_16)
    10    0.033819    0.041077    0.106363    0.221824 ^ clkbuf_3_2__f_clk/X (sky130_fd_sc_hd__clkbuf_16)
                                                         clknet_3_2__leaf_clk (net)
                      0.041113    0.001411    0.223236 ^ dsa[22]._8_/CLK (sky130_fd_sc_hd__dfrtp_1)
     2    0.006129    0.038533    0.236705    0.459941 v dsa[22]._8_/Q (sky130_fd_sc_hd__dfrtp_1)
                                                         dsa[22].last_carry (net)
                      0.038533    0.000219    0.460160 v dsa[22]._3_/A (sky130_fd_sc_hd__nand3_1)
     2    0.005479    0.066637    0.059646    0.519805 ^ dsa[22]._3_/Y (sky130_fd_sc_hd__nand3_1)
                                                         dsa[22]._0_ (net)
                      0.066637    0.000317    0.520123 ^ dsa[22]._5_/A (sky130_fd_sc_hd__nand2_1)
     1    0.004740    0.033204    0.037364    0.557486 v dsa[22]._5_/Y (sky130_fd_sc_hd__nand2_1)
                                                         dsa[22]._2_ (net)
                      0.033222    0.000355    0.557841 v dsa[22]._6_/B (sky130_fd_sc_hd__xnor2_1)
     1    0.003935    0.033755    0.080148    0.637989 v dsa[22]._6_/Y (sky130_fd_sc_hd__xnor2_1)
                                                         dsa[22].y_out_next (net)
                      0.033755    0.000245    0.638234 v dsa[22]._9_/D (sky130_fd_sc_hd__dfrtp_1)
                                              0.638234   data arrival time

                                 10.000000   10.000000   clock core_clock (rise edge)
                                  0.000000   10.000000   clock source latency
     1    0.015155    0.000000    0.000000   10.000000 ^ clk (in)
                                                         clk (net)
                      0.001422    0.000711   10.000710 ^ clkbuf_0_clk/A (sky130_fd_sc_hd__clkbuf_16)
     8    0.085401    0.078773    0.109445   10.110156 ^ clkbuf_0_clk/X (sky130_fd_sc_hd__clkbuf_16)
                                                         clknet_0_clk (net)
                      0.079257    0.004947   10.115103 ^ clkbuf_3_3__f_clk/A (sky130_fd_sc_hd__clkbuf_16)
     9    0.028862    0.037813    0.103401   10.218504 ^ clkbuf_3_3__f_clk/X (sky130_fd_sc_hd__clkbuf_16)
                                                         clknet_3_3__leaf_clk (net)
                      0.037870    0.001269   10.219773 ^ dsa[22]._9_/CLK (sky130_fd_sc_hd__dfrtp_1)
                                  0.000000   10.219773   clock reconvergence pessimism
                                 -0.072507   10.147266   library setup time
                                             10.147266   data required time
---------------------------------------------------------------------------------------------
                                             10.147266   data required time
                                             -0.638234   data arrival time
---------------------------------------------------------------------------------------------
                                              9.509032   slack (MET)


Startpoint: dsa[2]._8_ (rising edge-triggered flip-flop clocked by core_clock)
Endpoint: dsa[2]._9_ (rising edge-triggered flip-flop clocked by core_clock)
Path Group: core_clock
Path Type: max

Fanout         Cap        Slew       Delay        Time   Description
---------------------------------------------------------------------------------------------
                                  0.000000    0.000000   clock core_clock (rise edge)
                                  0.000000    0.000000   clock source latency
     1    0.015155    0.000000    0.000000    0.000000 ^ clk (in)
                                                         clk (net)
                      0.001422    0.000711    0.000711 ^ clkbuf_0_clk/A (sky130_fd_sc_hd__clkbuf_16)
     8    0.085401    0.078773    0.109444    0.110155 ^ clkbuf_0_clk/X (sky130_fd_sc_hd__clkbuf_16)
                                                         clknet_0_clk (net)
                      0.079638    0.006529    0.116684 ^ clkbuf_3_6__f_clk/A (sky130_fd_sc_hd__clkbuf_16)
     8    0.028649    0.037661    0.103372    0.220056 ^ clkbuf_3_6__f_clk/X (sky130_fd_sc_hd__clkbuf_16)
                                                         clknet_3_6__leaf_clk (net)
                      0.037740    0.001457    0.221513 ^ dsa[2]._8_/CLK (sky130_fd_sc_hd__dfrtp_1)
     2    0.006535    0.039903    0.237106    0.458619 v dsa[2]._8_/Q (sky130_fd_sc_hd__dfrtp_1)
                                                         dsa[2].last_carry (net)
                      0.039946    0.000430    0.459049 v dsa[2]._3_/A (sky130_fd_sc_hd__nand3_1)
     2    0.006039    0.069833    0.062990    0.522039 ^ dsa[2]._3_/Y (sky130_fd_sc_hd__nand3_1)
                                                         dsa[2]._0_ (net)
                      0.069834    0.000380    0.522419 ^ dsa[2]._5_/A (sky130_fd_sc_hd__nand2_1)
     1    0.005501    0.036398    0.040456    0.562875 v dsa[2]._5_/Y (sky130_fd_sc_hd__nand2_1)
                                                         dsa[2]._2_ (net)
                      0.036405    0.000392    0.563267 v dsa[2]._6_/B (sky130_fd_sc_hd__xnor2_1)
     1    0.003216    0.032498    0.078826    0.642093 v dsa[2]._6_/Y (sky130_fd_sc_hd__xnor2_1)
                                                         dsa[2].y_out_next (net)
                      0.032498    0.000222    0.642315 v dsa[2]._9_/D (sky130_fd_sc_hd__dfrtp_1)
                                              0.642315   data arrival time

                                 10.000000   10.000000   clock core_clock (rise edge)
                                  0.000000   10.000000   clock source latency
     1    0.015155    0.000000    0.000000   10.000000 ^ clk (in)
                                                         clk (net)
                      0.001422    0.000711   10.000710 ^ clkbuf_0_clk/A (sky130_fd_sc_hd__clkbuf_16)
     8    0.085401    0.078773    0.109445   10.110156 ^ clkbuf_0_clk/X (sky130_fd_sc_hd__clkbuf_16)
                                                         clknet_0_clk (net)
                      0.079673    0.006653   10.116809 ^ clkbuf_3_7__f_clk/A (sky130_fd_sc_hd__clkbuf_16)
    10    0.031531    0.039597    0.105254   10.222063 ^ clkbuf_3_7__f_clk/X (sky130_fd_sc_hd__clkbuf_16)
                                                         clknet_3_7__leaf_clk (net)
                      0.039615    0.001211   10.223274 ^ dsa[2]._9_/CLK (sky130_fd_sc_hd__dfrtp_1)
                                  0.000000   10.223274   clock reconvergence pessimism
                                 -0.071890   10.151384   library setup time
                                             10.151384   data required time
---------------------------------------------------------------------------------------------
                                             10.151384   data required time
                                             -0.642315   data arrival time
---------------------------------------------------------------------------------------------
                                              9.509069   slack (MET)


Startpoint: dsa[8]._8_ (rising edge-triggered flip-flop clocked by core_clock)
Endpoint: dsa[8]._9_ (rising edge-triggered flip-flop clocked by core_clock)
Path Group: core_clock
Path Type: max

Fanout         Cap        Slew       Delay        Time   Description
---------------------------------------------------------------------------------------------
                                  0.000000    0.000000   clock core_clock (rise edge)
                                  0.000000    0.000000   clock source latency
     1    0.015155    0.000000    0.000000    0.000000 ^ clk (in)
                                                         clk (net)
                      0.001422    0.000711    0.000711 ^ clkbuf_0_clk/A (sky130_fd_sc_hd__clkbuf_16)
     8    0.085401    0.078773    0.109444    0.110155 ^ clkbuf_0_clk/X (sky130_fd_sc_hd__clkbuf_16)
                                                         clknet_0_clk (net)
                      0.080339    0.008735    0.118890 ^ clkbuf_3_4__f_clk/A (sky130_fd_sc_hd__clkbuf_16)
     9    0.024233    0.034552    0.100597    0.219487 ^ clkbuf_3_4__f_clk/X (sky130_fd_sc_hd__clkbuf_16)
                                                         clknet_3_4__leaf_clk (net)
                      0.034612    0.001119    0.220606 ^ dsa[8]._8_/CLK (sky130_fd_sc_hd__dfrtp_1)
     2    0.006142    0.038582    0.234832    0.455439 v dsa[8]._8_/Q (sky130_fd_sc_hd__dfrtp_1)
                                                         dsa[8].last_carry (net)
                      0.038582    0.000309    0.455747 v dsa[8]._3_/A (sky130_fd_sc_hd__nand3_1)
     2    0.006819    0.079315    0.066304    0.522052 ^ dsa[8]._3_/Y (sky130_fd_sc_hd__nand3_1)
                                                         dsa[8]._0_ (net)
                      0.079316    0.000450    0.522502 ^ dsa[8]._5_/A (sky130_fd_sc_hd__nand2_1)
     1    0.005182    0.037225    0.040346    0.562848 v dsa[8]._5_/Y (sky130_fd_sc_hd__nand2_1)
                                                         dsa[8]._2_ (net)
                      0.037232    0.000397    0.563244 v dsa[8]._6_/B (sky130_fd_sc_hd__xnor2_1)
     1    0.002366    0.029907    0.075836    0.639080 v dsa[8]._6_/Y (sky130_fd_sc_hd__xnor2_1)
                                                         dsa[8].y_out_next (net)
                      0.029907    0.000171    0.639251 v dsa[8]._9_/D (sky130_fd_sc_hd__dfrtp_1)
                                              0.639251   data arrival time

                                 10.000000   10.000000   clock core_clock (rise edge)
                                  0.000000   10.000000   clock source latency
     1    0.015155    0.000000    0.000000   10.000000 ^ clk (in)
                                                         clk (net)
                      0.001422    0.000711   10.000710 ^ clkbuf_0_clk/A (sky130_fd_sc_hd__clkbuf_16)
     8    0.085401    0.078773    0.109445   10.110156 ^ clkbuf_0_clk/X (sky130_fd_sc_hd__clkbuf_16)
                                                         clknet_0_clk (net)
                      0.080339    0.008734   10.118890 ^ clkbuf_3_4__f_clk/A (sky130_fd_sc_hd__clkbuf_16)
     9    0.024233    0.034552    0.100597   10.219487 ^ clkbuf_3_4__f_clk/X (sky130_fd_sc_hd__clkbuf_16)
                                                         clknet_3_4__leaf_clk (net)
                      0.034642    0.001398   10.220885 ^ dsa[8]._9_/CLK (sky130_fd_sc_hd__dfrtp_1)
                                  0.000000   10.220885   clock reconvergence pessimism
                                 -0.071443   10.149442   library setup time
                                             10.149442   data required time
---------------------------------------------------------------------------------------------
                                             10.149442   data required time
                                             -0.639251   data arrival time
---------------------------------------------------------------------------------------------
                                              9.510190   slack (MET)


Startpoint: dsa[24]._8_ (rising edge-triggered flip-flop clocked by core_clock)
Endpoint: dsa[24]._9_ (rising edge-triggered flip-flop clocked by core_clock)
Path Group: core_clock
Path Type: max

Fanout         Cap        Slew       Delay        Time   Description
---------------------------------------------------------------------------------------------
                                  0.000000    0.000000   clock core_clock (rise edge)
                                  0.000000    0.000000   clock source latency
     1    0.015155    0.000000    0.000000    0.000000 ^ clk (in)
                                                         clk (net)
                      0.001422    0.000711    0.000711 ^ clkbuf_0_clk/A (sky130_fd_sc_hd__clkbuf_16)
     8    0.085401    0.078773    0.109444    0.110155 ^ clkbuf_0_clk/X (sky130_fd_sc_hd__clkbuf_16)
                                                         clknet_0_clk (net)
                      0.079334    0.005306    0.115461 ^ clkbuf_3_2__f_clk/A (sky130_fd_sc_hd__clkbuf_16)
    10    0.033819    0.041077    0.106363    0.221824 ^ clkbuf_3_2__f_clk/X (sky130_fd_sc_hd__clkbuf_16)
                                                         clknet_3_2__leaf_clk (net)
                      0.041258    0.002077    0.223902 ^ dsa[24]._8_/CLK (sky130_fd_sc_hd__dfrtp_1)
     2    0.005311    0.035942    0.233734    0.457636 v dsa[24]._8_/Q (sky130_fd_sc_hd__dfrtp_1)
                                                         dsa[24].last_carry (net)
                      0.035942    0.000337    0.457972 v dsa[24]._3_/A (sky130_fd_sc_hd__nand3_1)
     2    0.005647    0.067344    0.059440    0.517412 ^ dsa[24]._3_/Y (sky130_fd_sc_hd__nand3_1)
                                                         dsa[24]._0_ (net)
                      0.067344    0.000360    0.517772 ^ dsa[24]._5_/A (sky130_fd_sc_hd__nand2_1)
     1    0.005197    0.034870    0.039070    0.556842 v dsa[24]._5_/Y (sky130_fd_sc_hd__nand2_1)
                                                         dsa[24]._2_ (net)
                      0.034877    0.000379    0.557221 v dsa[24]._6_/B (sky130_fd_sc_hd__xnor2_1)
     1    0.003526    0.032999    0.079361    0.636583 v dsa[24]._6_/Y (sky130_fd_sc_hd__xnor2_1)
                                                         dsa[24].y_out_next (net)
                      0.032999    0.000139    0.636721 v dsa[24]._9_/D (sky130_fd_sc_hd__dfrtp_1)
                                              0.636721   data arrival time

                                 10.000000   10.000000   clock core_clock (rise edge)
                                  0.000000   10.000000   clock source latency
     1    0.015155    0.000000    0.000000   10.000000 ^ clk (in)
                                                         clk (net)
                      0.001422    0.000711   10.000710 ^ clkbuf_0_clk/A (sky130_fd_sc_hd__clkbuf_16)
     8    0.085401    0.078773    0.109445   10.110156 ^ clkbuf_0_clk/X (sky130_fd_sc_hd__clkbuf_16)
                                                         clknet_0_clk (net)
                      0.079257    0.004947   10.115103 ^ clkbuf_3_3__f_clk/A (sky130_fd_sc_hd__clkbuf_16)
     9    0.028862    0.037813    0.103401   10.218504 ^ clkbuf_3_3__f_clk/X (sky130_fd_sc_hd__clkbuf_16)
                                                         clknet_3_3__leaf_clk (net)
                      0.037889    0.001442   10.219945 ^ dsa[24]._9_/CLK (sky130_fd_sc_hd__dfrtp_1)
                                  0.000000   10.219945   clock reconvergence pessimism
                                 -0.072235   10.147711   library setup time
                                             10.147711   data required time
---------------------------------------------------------------------------------------------
                                             10.147711   data required time
                                             -0.636721   data arrival time
---------------------------------------------------------------------------------------------
                                              9.510988   slack (MET)


Startpoint: dsa[18]._8_ (rising edge-triggered flip-flop clocked by core_clock)
Endpoint: dsa[18]._9_ (rising edge-triggered flip-flop clocked by core_clock)
Path Group: core_clock
Path Type: max

Fanout         Cap        Slew       Delay        Time   Description
---------------------------------------------------------------------------------------------
                                  0.000000    0.000000   clock core_clock (rise edge)
                                  0.000000    0.000000   clock source latency
     1    0.015155    0.000000    0.000000    0.000000 ^ clk (in)
                                                         clk (net)
                      0.001422    0.000711    0.000711 ^ clkbuf_0_clk/A (sky130_fd_sc_hd__clkbuf_16)
     8    0.085401    0.078773    0.109444    0.110155 ^ clkbuf_0_clk/X (sky130_fd_sc_hd__clkbuf_16)
                                                         clknet_0_clk (net)
                      0.080859    0.010088    0.120243 ^ clkbuf_3_1__f_clk/A (sky130_fd_sc_hd__clkbuf_16)
     7    0.026037    0.035824    0.101952    0.222195 ^ clkbuf_3_1__f_clk/X (sky130_fd_sc_hd__clkbuf_16)
                                                         clknet_3_1__leaf_clk (net)
                      0.035841    0.000746    0.222941 ^ dsa[18]._8_/CLK (sky130_fd_sc_hd__dfrtp_1)
     2    0.005520    0.036601    0.232949    0.455891 v dsa[18]._8_/Q (sky130_fd_sc_hd__dfrtp_1)
                                                         dsa[18].last_carry (net)
                      0.036601    0.000185    0.456076 v dsa[18]._3_/A (sky130_fd_sc_hd__nand3_1)
     2    0.005356    0.071139    0.058243    0.514319 ^ dsa[18]._3_/Y (sky130_fd_sc_hd__nand3_1)
                                                         dsa[18]._0_ (net)
                      0.071139    0.000359    0.514679 ^ dsa[18]._5_/A (sky130_fd_sc_hd__nand2_1)
     1    0.005753    0.037535    0.041510    0.556189 v dsa[18]._5_/Y (sky130_fd_sc_hd__nand2_1)
                                                         dsa[18]._2_ (net)
                      0.037543    0.000426    0.556615 v dsa[18]._6_/B (sky130_fd_sc_hd__xnor2_1)
     1    0.003454    0.032325    0.080149    0.636764 v dsa[18]._6_/Y (sky130_fd_sc_hd__xnor2_1)
                                                         dsa[18].y_out_next (net)
                      0.032325    0.000209    0.636973 v dsa[18]._9_/D (sky130_fd_sc_hd__dfrtp_1)
                                              0.636973   data arrival time

                                 10.000000   10.000000   clock core_clock (rise edge)
                                  0.000000   10.000000   clock source latency
     1    0.015155    0.000000    0.000000   10.000000 ^ clk (in)
                                                         clk (net)
                      0.001422    0.000711   10.000710 ^ clkbuf_0_clk/A (sky130_fd_sc_hd__clkbuf_16)
     8    0.085401    0.078773    0.109445   10.110156 ^ clkbuf_0_clk/X (sky130_fd_sc_hd__clkbuf_16)
                                                         clknet_0_clk (net)
                      0.080339    0.008734   10.118890 ^ clkbuf_3_4__f_clk/A (sky130_fd_sc_hd__clkbuf_16)
     9    0.024233    0.034552    0.100597   10.219487 ^ clkbuf_3_4__f_clk/X (sky130_fd_sc_hd__clkbuf_16)
                                                         clknet_3_4__leaf_clk (net)
                      0.034615    0.001149   10.220636 ^ dsa[18]._9_/CLK (sky130_fd_sc_hd__dfrtp_1)
                                  0.000000   10.220636   clock reconvergence pessimism
                                 -0.072309   10.148327   library setup time
                                             10.148327   data required time
---------------------------------------------------------------------------------------------
                                             10.148327   data required time
                                             -0.636973   data arrival time
---------------------------------------------------------------------------------------------
                                              9.511353   slack (MET)


Startpoint: dsa[23]._8_ (rising edge-triggered flip-flop clocked by core_clock)
Endpoint: dsa[23]._9_ (rising edge-triggered flip-flop clocked by core_clock)
Path Group: core_clock
Path Type: max

Fanout         Cap        Slew       Delay        Time   Description
---------------------------------------------------------------------------------------------
                                  0.000000    0.000000   clock core_clock (rise edge)
                                  0.000000    0.000000   clock source latency
     1    0.015155    0.000000    0.000000    0.000000 ^ clk (in)
                                                         clk (net)
                      0.001422    0.000711    0.000711 ^ clkbuf_0_clk/A (sky130_fd_sc_hd__clkbuf_16)
     8    0.085401    0.078773    0.109444    0.110155 ^ clkbuf_0_clk/X (sky130_fd_sc_hd__clkbuf_16)
                                                         clknet_0_clk (net)
                      0.079334    0.005306    0.115461 ^ clkbuf_3_2__f_clk/A (sky130_fd_sc_hd__clkbuf_16)
    10    0.033819    0.041077    0.106363    0.221824 ^ clkbuf_3_2__f_clk/X (sky130_fd_sc_hd__clkbuf_16)
                                                         clknet_3_2__leaf_clk (net)
                      0.041152    0.001722    0.223546 ^ dsa[23]._8_/CLK (sky130_fd_sc_hd__dfrtp_1)
     2    0.006562    0.039989    0.238213    0.461759 v dsa[23]._8_/Q (sky130_fd_sc_hd__dfrtp_1)
                                                         dsa[23].last_carry (net)
                      0.040031    0.000377    0.462136 v dsa[23]._3_/A (sky130_fd_sc_hd__nand3_1)
     2    0.005292    0.065391    0.059306    0.521441 ^ dsa[23]._3_/Y (sky130_fd_sc_hd__nand3_1)
                                                         dsa[23]._0_ (net)
                      0.065391    0.000345    0.521787 ^ dsa[23]._5_/A (sky130_fd_sc_hd__nand2_1)
     1    0.004809    0.033168    0.037537    0.559324 v dsa[23]._5_/Y (sky130_fd_sc_hd__nand2_1)
                                                         dsa[23]._2_ (net)
                      0.033169    0.000227    0.559552 v dsa[23]._6_/B (sky130_fd_sc_hd__xnor2_1)
     1    0.002986    0.030732    0.076713    0.636264 v dsa[23]._6_/Y (sky130_fd_sc_hd__xnor2_1)
                                                         dsa[23].y_out_next (net)
                      0.030732    0.000194    0.636458 v dsa[23]._9_/D (sky130_fd_sc_hd__dfrtp_1)
                                              0.636458   data arrival time

                                 10.000000   10.000000   clock core_clock (rise edge)
                                  0.000000   10.000000   clock source latency
     1    0.015155    0.000000    0.000000   10.000000 ^ clk (in)
                                                         clk (net)
                      0.001422    0.000711   10.000710 ^ clkbuf_0_clk/A (sky130_fd_sc_hd__clkbuf_16)
     8    0.085401    0.078773    0.109445   10.110156 ^ clkbuf_0_clk/X (sky130_fd_sc_hd__clkbuf_16)
                                                         clknet_0_clk (net)
                      0.079257    0.004947   10.115103 ^ clkbuf_3_3__f_clk/A (sky130_fd_sc_hd__clkbuf_16)
     9    0.028862    0.037813    0.103401   10.218504 ^ clkbuf_3_3__f_clk/X (sky130_fd_sc_hd__clkbuf_16)
                                                         clknet_3_3__leaf_clk (net)
                      0.037877    0.001337   10.219840 ^ dsa[23]._9_/CLK (sky130_fd_sc_hd__dfrtp_1)
                                  0.000000   10.219840   clock reconvergence pessimism
                                 -0.071426   10.148414   library setup time
                                             10.148414   data required time
---------------------------------------------------------------------------------------------
                                             10.148414   data required time
                                             -0.636458   data arrival time
---------------------------------------------------------------------------------------------
                                              9.511956   slack (MET)


Startpoint: dsa[11]._8_ (rising edge-triggered flip-flop clocked by core_clock)
Endpoint: dsa[11]._9_ (rising edge-triggered flip-flop clocked by core_clock)
Path Group: core_clock
Path Type: max

Fanout         Cap        Slew       Delay        Time   Description
---------------------------------------------------------------------------------------------
                                  0.000000    0.000000   clock core_clock (rise edge)
                                  0.000000    0.000000   clock source latency
     1    0.015155    0.000000    0.000000    0.000000 ^ clk (in)
                                                         clk (net)
                      0.001422    0.000711    0.000711 ^ clkbuf_0_clk/A (sky130_fd_sc_hd__clkbuf_16)
     8    0.085401    0.078773    0.109444    0.110155 ^ clkbuf_0_clk/X (sky130_fd_sc_hd__clkbuf_16)
                                                         clknet_0_clk (net)
                      0.079638    0.006529    0.116684 ^ clkbuf_3_6__f_clk/A (sky130_fd_sc_hd__clkbuf_16)
     8    0.028649    0.037661    0.103372    0.220056 ^ clkbuf_3_6__f_clk/X (sky130_fd_sc_hd__clkbuf_16)
                                                         clknet_3_6__leaf_clk (net)
                      0.037716    0.001237    0.221293 ^ dsa[11]._8_/CLK (sky130_fd_sc_hd__dfrtp_1)
     2    0.005674    0.037074    0.234007    0.455300 v dsa[11]._8_/Q (sky130_fd_sc_hd__dfrtp_1)
                                                         dsa[11].last_carry (net)
                      0.037074    0.000355    0.455655 v dsa[11]._3_/A (sky130_fd_sc_hd__nand3_1)
     2    0.006302    0.076532    0.063152    0.518807 ^ dsa[11]._3_/Y (sky130_fd_sc_hd__nand3_1)
                                                         dsa[11]._0_ (net)
                      0.076533    0.000346    0.519153 ^ dsa[11]._5_/A (sky130_fd_sc_hd__nand2_1)
     1    0.004830    0.035439    0.038730    0.557883 v dsa[11]._5_/Y (sky130_fd_sc_hd__nand2_1)
                                                         dsa[11]._2_ (net)
                      0.035457    0.000361    0.558243 v dsa[11]._6_/B (sky130_fd_sc_hd__xnor2_1)
     1    0.003661    0.034843    0.080075    0.638318 v dsa[11]._6_/Y (sky130_fd_sc_hd__xnor2_1)
                                                         dsa[11].y_out_next (net)
                      0.034843    0.000149    0.638468 v dsa[11]._9_/D (sky130_fd_sc_hd__dfrtp_1)
                                              0.638468   data arrival time

                                 10.000000   10.000000   clock core_clock (rise edge)
                                  0.000000   10.000000   clock source latency
     1    0.015155    0.000000    0.000000   10.000000 ^ clk (in)
                                                         clk (net)
                      0.001422    0.000711   10.000710 ^ clkbuf_0_clk/A (sky130_fd_sc_hd__clkbuf_16)
     8    0.085401    0.078773    0.109445   10.110156 ^ clkbuf_0_clk/X (sky130_fd_sc_hd__clkbuf_16)
                                                         clknet_0_clk (net)
                      0.079673    0.006653   10.116809 ^ clkbuf_3_7__f_clk/A (sky130_fd_sc_hd__clkbuf_16)
    10    0.031531    0.039597    0.105254   10.222063 ^ clkbuf_3_7__f_clk/X (sky130_fd_sc_hd__clkbuf_16)
                                                         clknet_3_7__leaf_clk (net)
                      0.039620    0.001471   10.223535 ^ dsa[11]._9_/CLK (sky130_fd_sc_hd__dfrtp_1)
                                  0.000000   10.223535   clock reconvergence pessimism
                                 -0.072727   10.150807   library setup time
                                             10.150807   data required time
---------------------------------------------------------------------------------------------
                                             10.150807   data required time
                                             -0.638468   data arrival time
---------------------------------------------------------------------------------------------
                                              9.512340   slack (MET)


Startpoint: dsa[26]._8_ (rising edge-triggered flip-flop clocked by core_clock)
Endpoint: dsa[26]._9_ (rising edge-triggered flip-flop clocked by core_clock)
Path Group: core_clock
Path Type: max

Fanout         Cap        Slew       Delay        Time   Description
---------------------------------------------------------------------------------------------
                                  0.000000    0.000000   clock core_clock (rise edge)
                                  0.000000    0.000000   clock source latency
     1    0.015155    0.000000    0.000000    0.000000 ^ clk (in)
                                                         clk (net)
                      0.001422    0.000711    0.000711 ^ clkbuf_0_clk/A (sky130_fd_sc_hd__clkbuf_16)
     8    0.085401    0.078773    0.109444    0.110155 ^ clkbuf_0_clk/X (sky130_fd_sc_hd__clkbuf_16)
                                                         clknet_0_clk (net)
                      0.079334    0.005306    0.115461 ^ clkbuf_3_2__f_clk/A (sky130_fd_sc_hd__clkbuf_16)
    10    0.033819    0.041077    0.106363    0.221824 ^ clkbuf_3_2__f_clk/X (sky130_fd_sc_hd__clkbuf_16)
                                                         clknet_3_2__leaf_clk (net)
                      0.041281    0.002254    0.224078 ^ dsa[26]._8_/CLK (sky130_fd_sc_hd__dfrtp_1)
     2    0.006182    0.038742    0.236881    0.460959 v dsa[26]._8_/Q (sky130_fd_sc_hd__dfrtp_1)
                                                         dsa[26].last_carry (net)
                      0.038742    0.000354    0.461313 v dsa[26]._4_/B1 (sky130_fd_sc_hd__a21o_1)
     2    0.006628    0.035261    0.081321    0.542634 v dsa[26]._4_/X (sky130_fd_sc_hd__a21o_1)
                                                         dsa[26]._1_ (net)
                      0.035266    0.000437    0.543072 v dsa[26]._5_/B (sky130_fd_sc_hd__nand2_1)
     1    0.006388    0.055015    0.060997    0.604069 ^ dsa[26]._5_/Y (sky130_fd_sc_hd__nand2_1)
                                                         dsa[26]._2_ (net)
                      0.055022    0.000496    0.604565 ^ dsa[26]._6_/B (sky130_fd_sc_hd__xnor2_1)
     1    0.002561    0.078873    0.068660    0.673225 ^ dsa[26]._6_/Y (sky130_fd_sc_hd__xnor2_1)
                                                         dsa[26].y_out_next (net)
                      0.078873    0.000177    0.673403 ^ dsa[26]._9_/D (sky130_fd_sc_hd__dfrtp_1)
                                              0.673403   data arrival time

                                 10.000000   10.000000   clock core_clock (rise edge)
                                  0.000000   10.000000   clock source latency
     1    0.015155    0.000000    0.000000   10.000000 ^ clk (in)
                                                         clk (net)
                      0.001422    0.000711   10.000710 ^ clkbuf_0_clk/A (sky130_fd_sc_hd__clkbuf_16)
     8    0.085401    0.078773    0.109445   10.110156 ^ clkbuf_0_clk/X (sky130_fd_sc_hd__clkbuf_16)
                                                         clknet_0_clk (net)
                      0.079334    0.005306   10.115461 ^ clkbuf_3_2__f_clk/A (sky130_fd_sc_hd__clkbuf_16)
    10    0.033819    0.041077    0.106363   10.221825 ^ clkbuf_3_2__f_clk/X (sky130_fd_sc_hd__clkbuf_16)
                                                         clknet_3_2__leaf_clk (net)
                      0.041247    0.001997   10.223822 ^ dsa[26]._9_/CLK (sky130_fd_sc_hd__dfrtp_1)
                                  0.000000   10.223822   clock reconvergence pessimism
                                 -0.037973   10.185848   library setup time
                                             10.185848   data required time
---------------------------------------------------------------------------------------------
                                             10.185848   data required time
                                             -0.673403   data arrival time
---------------------------------------------------------------------------------------------
                                              9.512445   slack (MET)


Startpoint: dsa[16]._8_ (rising edge-triggered flip-flop clocked by core_clock)
Endpoint: dsa[16]._9_ (rising edge-triggered flip-flop clocked by core_clock)
Path Group: core_clock
Path Type: max

Fanout         Cap        Slew       Delay        Time   Description
---------------------------------------------------------------------------------------------
                                  0.000000    0.000000   clock core_clock (rise edge)
                                  0.000000    0.000000   clock source latency
     1    0.015155    0.000000    0.000000    0.000000 ^ clk (in)
                                                         clk (net)
                      0.001422    0.000711    0.000711 ^ clkbuf_0_clk/A (sky130_fd_sc_hd__clkbuf_16)
     8    0.085401    0.078773    0.109444    0.110155 ^ clkbuf_0_clk/X (sky130_fd_sc_hd__clkbuf_16)
                                                         clknet_0_clk (net)
                      0.080859    0.010088    0.120243 ^ clkbuf_3_1__f_clk/A (sky130_fd_sc_hd__clkbuf_16)
     7    0.026037    0.035824    0.101952    0.222195 ^ clkbuf_3_1__f_clk/X (sky130_fd_sc_hd__clkbuf_16)
                                                         clknet_3_1__leaf_clk (net)
                      0.035886    0.001255    0.223450 ^ dsa[16]._8_/CLK (sky130_fd_sc_hd__dfrtp_1)
     2    0.006200    0.038775    0.235402    0.458852 v dsa[16]._8_/Q (sky130_fd_sc_hd__dfrtp_1)
                                                         dsa[16].last_carry (net)
                      0.038775    0.000295    0.459147 v dsa[16]._3_/A (sky130_fd_sc_hd__nand3_1)
     2    0.005208    0.070398    0.058437    0.517584 ^ dsa[16]._3_/Y (sky130_fd_sc_hd__nand3_1)
                                                         dsa[16]._0_ (net)
                      0.070398    0.000185    0.517769 ^ dsa[16]._5_/A (sky130_fd_sc_hd__nand2_1)
     1    0.005000    0.034820    0.038699    0.556468 v dsa[16]._5_/Y (sky130_fd_sc_hd__nand2_1)
                                                         dsa[16]._2_ (net)
                      0.034826    0.000367    0.556836 v dsa[16]._6_/B (sky130_fd_sc_hd__xnor2_1)
     1    0.003388    0.031769    0.078823    0.635659 v dsa[16]._6_/Y (sky130_fd_sc_hd__xnor2_1)
                                                         dsa[16].y_out_next (net)
                      0.031769    0.000214    0.635873 v dsa[16]._9_/D (sky130_fd_sc_hd__dfrtp_1)
                                              0.635873   data arrival time

                                 10.000000   10.000000   clock core_clock (rise edge)
                                  0.000000   10.000000   clock source latency
     1    0.015155    0.000000    0.000000   10.000000 ^ clk (in)
                                                         clk (net)
                      0.001422    0.000711   10.000710 ^ clkbuf_0_clk/A (sky130_fd_sc_hd__clkbuf_16)
     8    0.085401    0.078773    0.109445   10.110156 ^ clkbuf_0_clk/X (sky130_fd_sc_hd__clkbuf_16)
                                                         clknet_0_clk (net)
                      0.080339    0.008734   10.118890 ^ clkbuf_3_4__f_clk/A (sky130_fd_sc_hd__clkbuf_16)
     9    0.024233    0.034552    0.100597   10.219487 ^ clkbuf_3_4__f_clk/X (sky130_fd_sc_hd__clkbuf_16)
                                                         clknet_3_4__leaf_clk (net)
                      0.034612    0.001122   10.220609 ^ dsa[16]._9_/CLK (sky130_fd_sc_hd__dfrtp_1)
                                  0.000000   10.220609   clock reconvergence pessimism
                                 -0.072111   10.148498   library setup time
                                             10.148498   data required time
---------------------------------------------------------------------------------------------
                                             10.148498   data required time
                                             -0.635873   data arrival time
---------------------------------------------------------------------------------------------
                                              9.512625   slack (MET)


Startpoint: dsa[3]._8_ (rising edge-triggered flip-flop clocked by core_clock)
Endpoint: dsa[3]._9_ (rising edge-triggered flip-flop clocked by core_clock)
Path Group: core_clock
Path Type: max

Fanout         Cap        Slew       Delay        Time   Description
---------------------------------------------------------------------------------------------
                                  0.000000    0.000000   clock core_clock (rise edge)
                                  0.000000    0.000000   clock source latency
     1    0.015155    0.000000    0.000000    0.000000 ^ clk (in)
                                                         clk (net)
                      0.001422    0.000711    0.000711 ^ clkbuf_0_clk/A (sky130_fd_sc_hd__clkbuf_16)
     8    0.085401    0.078773    0.109444    0.110155 ^ clkbuf_0_clk/X (sky130_fd_sc_hd__clkbuf_16)
                                                         clknet_0_clk (net)
                      0.079673    0.006654    0.116809 ^ clkbuf_3_7__f_clk/A (sky130_fd_sc_hd__clkbuf_16)
    10    0.031531    0.039597    0.105255    0.222063 ^ clkbuf_3_7__f_clk/X (sky130_fd_sc_hd__clkbuf_16)
                                                         clknet_3_7__leaf_clk (net)
                      0.039614    0.001188    0.223252 ^ dsa[3]._8_/CLK (sky130_fd_sc_hd__dfrtp_1)
     2    0.006518    0.039803    0.237662    0.460914 v dsa[3]._8_/Q (sky130_fd_sc_hd__dfrtp_1)
                                                         dsa[3].last_carry (net)
                      0.039845    0.000295    0.461209 v dsa[3]._3_/A (sky130_fd_sc_hd__nand3_1)
     2    0.005435    0.072383    0.059989    0.521198 ^ dsa[3]._3_/Y (sky130_fd_sc_hd__nand3_1)
                                                         dsa[3]._0_ (net)
                      0.072383    0.000201    0.521398 ^ dsa[3]._5_/A (sky130_fd_sc_hd__nand2_1)
     1    0.004857    0.034710    0.038442    0.559840 v dsa[3]._5_/Y (sky130_fd_sc_hd__nand2_1)
                                                         dsa[3]._2_ (net)
                      0.034724    0.000233    0.560073 v dsa[3]._6_/B (sky130_fd_sc_hd__xnor2_1)
     1    0.003641    0.033177    0.079665    0.639738 v dsa[3]._6_/Y (sky130_fd_sc_hd__xnor2_1)
                                                         dsa[3].y_out_next (net)
                      0.033178    0.000278    0.640016 v dsa[3]._9_/D (sky130_fd_sc_hd__dfrtp_1)
                                              0.640016   data arrival time

                                 10.000000   10.000000   clock core_clock (rise edge)
                                  0.000000   10.000000   clock source latency
     1    0.015155    0.000000    0.000000   10.000000 ^ clk (in)
                                                         clk (net)
                      0.001422    0.000711   10.000710 ^ clkbuf_0_clk/A (sky130_fd_sc_hd__clkbuf_16)
     8    0.085401    0.078773    0.109445   10.110156 ^ clkbuf_0_clk/X (sky130_fd_sc_hd__clkbuf_16)
                                                         clknet_0_clk (net)
                      0.080452    0.009044   10.119200 ^ clkbuf_3_5__f_clk/A (sky130_fd_sc_hd__clkbuf_16)
     8    0.031303    0.039459    0.105319   10.224520 ^ clkbuf_3_5__f_clk/X (sky130_fd_sc_hd__clkbuf_16)
                                                         clknet_3_5__leaf_clk (net)
                      0.039472    0.000944   10.225464 ^ dsa[3]._9_/CLK (sky130_fd_sc_hd__dfrtp_1)
                                  0.000000   10.225464   clock reconvergence pessimism
                                 -0.072146   10.153317   library setup time
                                             10.153317   data required time
---------------------------------------------------------------------------------------------
                                             10.153317   data required time
                                             -0.640016   data arrival time
---------------------------------------------------------------------------------------------
                                              9.513302   slack (MET)


Startpoint: dsa[6]._8_ (rising edge-triggered flip-flop clocked by core_clock)
Endpoint: dsa[6]._9_ (rising edge-triggered flip-flop clocked by core_clock)
Path Group: core_clock
Path Type: max

Fanout         Cap        Slew       Delay        Time   Description
---------------------------------------------------------------------------------------------
                                  0.000000    0.000000   clock core_clock (rise edge)
                                  0.000000    0.000000   clock source latency
     1    0.015155    0.000000    0.000000    0.000000 ^ clk (in)
                                                         clk (net)
                      0.001422    0.000711    0.000711 ^ clkbuf_0_clk/A (sky130_fd_sc_hd__clkbuf_16)
     8    0.085401    0.078773    0.109444    0.110155 ^ clkbuf_0_clk/X (sky130_fd_sc_hd__clkbuf_16)
                                                         clknet_0_clk (net)
                      0.080452    0.009044    0.119200 ^ clkbuf_3_5__f_clk/A (sky130_fd_sc_hd__clkbuf_16)
     8    0.031303    0.039459    0.105319    0.224519 ^ clkbuf_3_5__f_clk/X (sky130_fd_sc_hd__clkbuf_16)
                                                         clknet_3_5__leaf_clk (net)
                      0.039485    0.001559    0.226078 ^ dsa[6]._8_/CLK (sky130_fd_sc_hd__dfrtp_1)
     2    0.006178    0.038726    0.236342    0.462420 v dsa[6]._8_/Q (sky130_fd_sc_hd__dfrtp_1)
                                                         dsa[6].last_carry (net)
                      0.038726    0.000364    0.462783 v dsa[6]._3_/A (sky130_fd_sc_hd__nand3_1)
     2    0.006137    0.075693    0.063020    0.525803 ^ dsa[6]._3_/Y (sky130_fd_sc_hd__nand3_1)
                                                         dsa[6]._0_ (net)
                      0.075693    0.000321    0.526124 ^ dsa[6]._5_/A (sky130_fd_sc_hd__nand2_1)
     1    0.004883    0.035457    0.038837    0.564961 v dsa[6]._5_/Y (sky130_fd_sc_hd__nand2_1)
                                                         dsa[6]._2_ (net)
                      0.035464    0.000363    0.565324 v dsa[6]._6_/B (sky130_fd_sc_hd__xnor2_1)
     1    0.002481    0.030532    0.075605    0.640929 v dsa[6]._6_/Y (sky130_fd_sc_hd__xnor2_1)
                                                         dsa[6].y_out_next (net)
                      0.030532    0.000171    0.641101 v dsa[6]._9_/D (sky130_fd_sc_hd__dfrtp_1)
                                              0.641101   data arrival time

                                 10.000000   10.000000   clock core_clock (rise edge)
                                  0.000000   10.000000   clock source latency
     1    0.015155    0.000000    0.000000   10.000000 ^ clk (in)
                                                         clk (net)
                      0.001422    0.000711   10.000710 ^ clkbuf_0_clk/A (sky130_fd_sc_hd__clkbuf_16)
     8    0.085401    0.078773    0.109445   10.110156 ^ clkbuf_0_clk/X (sky130_fd_sc_hd__clkbuf_16)
                                                         clknet_0_clk (net)
                      0.080452    0.009044   10.119200 ^ clkbuf_3_5__f_clk/A (sky130_fd_sc_hd__clkbuf_16)
     8    0.031303    0.039459    0.105319   10.224520 ^ clkbuf_3_5__f_clk/X (sky130_fd_sc_hd__clkbuf_16)
                                                         clknet_3_5__leaf_clk (net)
                      0.039484    0.001539   10.226059 ^ dsa[6]._9_/CLK (sky130_fd_sc_hd__dfrtp_1)
                                  0.000000   10.226059   clock reconvergence pessimism
                                 -0.071200   10.154858   library setup time
                                             10.154858   data required time
---------------------------------------------------------------------------------------------
                                             10.154858   data required time
                                             -0.641101   data arrival time
---------------------------------------------------------------------------------------------
                                              9.513757   slack (MET)


Startpoint: dsa[29]._8_ (rising edge-triggered flip-flop clocked by core_clock)
Endpoint: dsa[29]._9_ (rising edge-triggered flip-flop clocked by core_clock)
Path Group: core_clock
Path Type: max

Fanout         Cap        Slew       Delay        Time   Description
---------------------------------------------------------------------------------------------
                                  0.000000    0.000000   clock core_clock (rise edge)
                                  0.000000    0.000000   clock source latency
     1    0.015155    0.000000    0.000000    0.000000 ^ clk (in)
                                                         clk (net)
                      0.001422    0.000711    0.000711 ^ clkbuf_0_clk/A (sky130_fd_sc_hd__clkbuf_16)
     8    0.085401    0.078773    0.109444    0.110155 ^ clkbuf_0_clk/X (sky130_fd_sc_hd__clkbuf_16)
                                                         clknet_0_clk (net)
                      0.080880    0.010138    0.120293 ^ clkbuf_3_0__f_clk/A (sky130_fd_sc_hd__clkbuf_16)
    10    0.034667    0.041696    0.107307    0.227600 ^ clkbuf_3_0__f_clk/X (sky130_fd_sc_hd__clkbuf_16)
                                                         clknet_3_0__leaf_clk (net)
                      0.041769    0.001553    0.229153 ^ dsa[29]._8_/CLK (sky130_fd_sc_hd__dfrtp_1)
     2    0.005429    0.036305    0.234326    0.463479 v dsa[29]._8_/Q (sky130_fd_sc_hd__dfrtp_1)
                                                         dsa[29].last_carry (net)
                      0.036305    0.000318    0.463797 v dsa[29]._4_/B1 (sky130_fd_sc_hd__a21o_1)
     2    0.006786    0.035699    0.080861    0.544658 v dsa[29]._4_/X (sky130_fd_sc_hd__a21o_1)
                                                         dsa[29]._1_ (net)
                      0.035702    0.000313    0.544971 v dsa[29]._5_/B (sky130_fd_sc_hd__nand2_1)
     1    0.004943    0.045984    0.054540    0.599511 ^ dsa[29]._5_/Y (sky130_fd_sc_hd__nand2_1)
                                                         dsa[29]._2_ (net)
                      0.045987    0.000371    0.599882 ^ dsa[29]._6_/B (sky130_fd_sc_hd__xnor2_1)
     1    0.003126    0.086541    0.070264    0.670145 ^ dsa[29]._6_/Y (sky130_fd_sc_hd__xnor2_1)
                                                         dsa[29].y_out_next (net)
                      0.086541    0.000131    0.670277 ^ dsa[29]._9_/D (sky130_fd_sc_hd__dfrtp_1)
                                              0.670277   data arrival time

                                 10.000000   10.000000   clock core_clock (rise edge)
                                  0.000000   10.000000   clock source latency
     1    0.015155    0.000000    0.000000   10.000000 ^ clk (in)
                                                         clk (net)
                      0.001422    0.000711   10.000710 ^ clkbuf_0_clk/A (sky130_fd_sc_hd__clkbuf_16)
     8    0.085401    0.078773    0.109445   10.110156 ^ clkbuf_0_clk/X (sky130_fd_sc_hd__clkbuf_16)
                                                         clknet_0_clk (net)
                      0.080859    0.010088   10.120244 ^ clkbuf_3_1__f_clk/A (sky130_fd_sc_hd__clkbuf_16)
     7    0.026037    0.035824    0.101952   10.222196 ^ clkbuf_3_1__f_clk/X (sky130_fd_sc_hd__clkbuf_16)
                                                         clknet_3_1__leaf_clk (net)
                      0.035886    0.001255   10.223451 ^ dsa[29]._9_/CLK (sky130_fd_sc_hd__dfrtp_1)
                                  0.000000   10.223451   clock reconvergence pessimism
                                 -0.038897   10.184554   library setup time
                                             10.184554   data required time
---------------------------------------------------------------------------------------------
                                             10.184554   data required time
                                             -0.670277   data arrival time
---------------------------------------------------------------------------------------------
                                              9.514277   slack (MET)


Startpoint: dsa[15]._8_ (rising edge-triggered flip-flop clocked by core_clock)
Endpoint: dsa[15]._9_ (rising edge-triggered flip-flop clocked by core_clock)
Path Group: core_clock
Path Type: max

Fanout         Cap        Slew       Delay        Time   Description
---------------------------------------------------------------------------------------------
                                  0.000000    0.000000   clock core_clock (rise edge)
                                  0.000000    0.000000   clock source latency
     1    0.015155    0.000000    0.000000    0.000000 ^ clk (in)
                                                         clk (net)
                      0.001422    0.000711    0.000711 ^ clkbuf_0_clk/A (sky130_fd_sc_hd__clkbuf_16)
     8    0.085401    0.078773    0.109444    0.110155 ^ clkbuf_0_clk/X (sky130_fd_sc_hd__clkbuf_16)
                                                         clknet_0_clk (net)
                      0.079257    0.004947    0.115103 ^ clkbuf_3_3__f_clk/A (sky130_fd_sc_hd__clkbuf_16)
     9    0.028862    0.037813    0.103400    0.218503 ^ clkbuf_3_3__f_clk/X (sky130_fd_sc_hd__clkbuf_16)
                                                         clknet_3_3__leaf_clk (net)
                      0.037850    0.001058    0.219561 ^ dsa[15]._8_/CLK (sky130_fd_sc_hd__dfrtp_1)
     2    0.006282    0.039065    0.236241    0.455802 v dsa[15]._8_/Q (sky130_fd_sc_hd__dfrtp_1)
                                                         dsa[15].last_carry (net)
                      0.039065    0.000387    0.456189 v dsa[15]._3_/A (sky130_fd_sc_hd__nand3_1)
     2    0.005002    0.069522    0.057491    0.513680 ^ dsa[15]._3_/Y (sky130_fd_sc_hd__nand3_1)
                                                         dsa[15]._0_ (net)
                      0.069522    0.000295    0.513975 ^ dsa[15]._5_/A (sky130_fd_sc_hd__nand2_1)
     1    0.005162    0.035198    0.039171    0.553146 v dsa[15]._5_/Y (sky130_fd_sc_hd__nand2_1)
                                                         dsa[15]._2_ (net)
                      0.035206    0.000400    0.553546 v dsa[15]._6_/B (sky130_fd_sc_hd__xnor2_1)
     1    0.003568    0.034732    0.079625    0.633171 v dsa[15]._6_/Y (sky130_fd_sc_hd__xnor2_1)
                                                         dsa[15].y_out_next (net)
                      0.034733    0.000220    0.633391 v dsa[15]._9_/D (sky130_fd_sc_hd__dfrtp_1)
                                              0.633391   data arrival time

                                 10.000000   10.000000   clock core_clock (rise edge)
                                  0.000000   10.000000   clock source latency
     1    0.015155    0.000000    0.000000   10.000000 ^ clk (in)
                                                         clk (net)
                      0.001422    0.000711   10.000710 ^ clkbuf_0_clk/A (sky130_fd_sc_hd__clkbuf_16)
     8    0.085401    0.078773    0.109445   10.110156 ^ clkbuf_0_clk/X (sky130_fd_sc_hd__clkbuf_16)
                                                         clknet_0_clk (net)
                      0.080339    0.008734   10.118890 ^ clkbuf_3_4__f_clk/A (sky130_fd_sc_hd__clkbuf_16)
     9    0.024233    0.034552    0.100597   10.219487 ^ clkbuf_3_4__f_clk/X (sky130_fd_sc_hd__clkbuf_16)
                                                         clknet_3_4__leaf_clk (net)
                      0.034640    0.001379   10.220866 ^ dsa[15]._9_/CLK (sky130_fd_sc_hd__dfrtp_1)
                                  0.000000   10.220866   clock reconvergence pessimism
                                 -0.073166   10.147700   library setup time
                                             10.147700   data required time
---------------------------------------------------------------------------------------------
                                             10.147700   data required time
                                             -0.633391   data arrival time
---------------------------------------------------------------------------------------------
                                              9.514309   slack (MET)


Startpoint: dsa[5]._8_ (rising edge-triggered flip-flop clocked by core_clock)
Endpoint: dsa[5]._9_ (rising edge-triggered flip-flop clocked by core_clock)
Path Group: core_clock
Path Type: max

Fanout         Cap        Slew       Delay        Time   Description
---------------------------------------------------------------------------------------------
                                  0.000000    0.000000   clock core_clock (rise edge)
                                  0.000000    0.000000   clock source latency
     1    0.015155    0.000000    0.000000    0.000000 ^ clk (in)
                                                         clk (net)
                      0.001422    0.000711    0.000711 ^ clkbuf_0_clk/A (sky130_fd_sc_hd__clkbuf_16)
     8    0.085401    0.078773    0.109444    0.110155 ^ clkbuf_0_clk/X (sky130_fd_sc_hd__clkbuf_16)
                                                         clknet_0_clk (net)
                      0.080452    0.009044    0.119200 ^ clkbuf_3_5__f_clk/A (sky130_fd_sc_hd__clkbuf_16)
     8    0.031303    0.039459    0.105319    0.224519 ^ clkbuf_3_5__f_clk/X (sky130_fd_sc_hd__clkbuf_16)
                                                         clknet_3_5__leaf_clk (net)
                      0.039486    0.001593    0.226112 ^ dsa[5]._8_/CLK (sky130_fd_sc_hd__dfrtp_1)
     2    0.006252    0.038969    0.236607    0.462719 v dsa[5]._8_/Q (sky130_fd_sc_hd__dfrtp_1)
                                                         dsa[5].last_carry (net)
                      0.038969    0.000372    0.463091 v dsa[5]._3_/A (sky130_fd_sc_hd__nand3_1)
     2    0.005370    0.071931    0.059318    0.522409 ^ dsa[5]._3_/Y (sky130_fd_sc_hd__nand3_1)
                                                         dsa[5]._0_ (net)
                      0.071931    0.000188    0.522597 ^ dsa[5]._5_/A (sky130_fd_sc_hd__nand2_1)
     1    0.005200    0.035799    0.039594    0.562191 v dsa[5]._5_/Y (sky130_fd_sc_hd__nand2_1)
                                                         dsa[5]._2_ (net)
                      0.035806    0.000383    0.562574 v dsa[5]._6_/B (sky130_fd_sc_hd__xnor2_1)
     1    0.002843    0.029914    0.077212    0.639786 v dsa[5]._6_/Y (sky130_fd_sc_hd__xnor2_1)
                                                         dsa[5].y_out_next (net)
                      0.029914    0.000187    0.639973 v dsa[5]._9_/D (sky130_fd_sc_hd__dfrtp_1)
                                              0.639973   data arrival time

                                 10.000000   10.000000   clock core_clock (rise edge)
                                  0.000000   10.000000   clock source latency
     1    0.015155    0.000000    0.000000   10.000000 ^ clk (in)
                                                         clk (net)
                      0.001422    0.000711   10.000710 ^ clkbuf_0_clk/A (sky130_fd_sc_hd__clkbuf_16)
     8    0.085401    0.078773    0.109445   10.110156 ^ clkbuf_0_clk/X (sky130_fd_sc_hd__clkbuf_16)
                                                         clknet_0_clk (net)
                      0.080452    0.009044   10.119200 ^ clkbuf_3_5__f_clk/A (sky130_fd_sc_hd__clkbuf_16)
     8    0.031303    0.039459    0.105319   10.224520 ^ clkbuf_3_5__f_clk/X (sky130_fd_sc_hd__clkbuf_16)
                                                         clknet_3_5__leaf_clk (net)
                      0.039483    0.001493   10.226012 ^ dsa[5]._9_/CLK (sky130_fd_sc_hd__dfrtp_1)
                                  0.000000   10.226012   clock reconvergence pessimism
                                 -0.070980   10.155033   library setup time
                                             10.155033   data required time
---------------------------------------------------------------------------------------------
                                             10.155033   data required time
                                             -0.639973   data arrival time
---------------------------------------------------------------------------------------------
                                              9.515060   slack (MET)


Startpoint: dsa[14]._8_ (rising edge-triggered flip-flop clocked by core_clock)
Endpoint: dsa[14]._9_ (rising edge-triggered flip-flop clocked by core_clock)
Path Group: core_clock
Path Type: max

Fanout         Cap        Slew       Delay        Time   Description
---------------------------------------------------------------------------------------------
                                  0.000000    0.000000   clock core_clock (rise edge)
                                  0.000000    0.000000   clock source latency
     1    0.015155    0.000000    0.000000    0.000000 ^ clk (in)
                                                         clk (net)
                      0.001422    0.000711    0.000711 ^ clkbuf_0_clk/A (sky130_fd_sc_hd__clkbuf_16)
     8    0.085401    0.078773    0.109444    0.110155 ^ clkbuf_0_clk/X (sky130_fd_sc_hd__clkbuf_16)
                                                         clknet_0_clk (net)
                      0.079257    0.004947    0.115103 ^ clkbuf_3_3__f_clk/A (sky130_fd_sc_hd__clkbuf_16)
     9    0.028862    0.037813    0.103400    0.218503 ^ clkbuf_3_3__f_clk/X (sky130_fd_sc_hd__clkbuf_16)
                                                         clknet_3_3__leaf_clk (net)
                      0.037881    0.001375    0.219878 ^ dsa[14]._8_/CLK (sky130_fd_sc_hd__dfrtp_1)
     2    0.005880    0.037740    0.234770    0.454648 v dsa[14]._8_/Q (sky130_fd_sc_hd__dfrtp_1)
                                                         dsa[14].last_carry (net)
                      0.037740    0.000469    0.455117 v dsa[14]._3_/A (sky130_fd_sc_hd__nand3_1)
     2    0.005326    0.071445    0.058567    0.513684 ^ dsa[14]._3_/Y (sky130_fd_sc_hd__nand3_1)
                                                         dsa[14]._0_ (net)
                      0.071446    0.000330    0.514014 ^ dsa[14]._5_/A (sky130_fd_sc_hd__nand2_1)
     1    0.005411    0.036416    0.040316    0.554330 v dsa[14]._5_/Y (sky130_fd_sc_hd__nand2_1)
                                                         dsa[14]._2_ (net)
                      0.036423    0.000390    0.554720 v dsa[14]._6_/B (sky130_fd_sc_hd__xnor2_1)
     1    0.003254    0.031854    0.078975    0.633695 v dsa[14]._6_/Y (sky130_fd_sc_hd__xnor2_1)
                                                         dsa[14].y_out_next (net)
                      0.031854    0.000212    0.633906 v dsa[14]._9_/D (sky130_fd_sc_hd__dfrtp_1)
                                              0.633906   data arrival time

                                 10.000000   10.000000   clock core_clock (rise edge)
                                  0.000000   10.000000   clock source latency
     1    0.015155    0.000000    0.000000   10.000000 ^ clk (in)
                                                         clk (net)
                      0.001422    0.000711   10.000710 ^ clkbuf_0_clk/A (sky130_fd_sc_hd__clkbuf_16)
     8    0.085401    0.078773    0.109445   10.110156 ^ clkbuf_0_clk/X (sky130_fd_sc_hd__clkbuf_16)
                                                         clknet_0_clk (net)
                      0.079638    0.006529   10.116685 ^ clkbuf_3_6__f_clk/A (sky130_fd_sc_hd__clkbuf_16)
     8    0.028649    0.037661    0.103372   10.220057 ^ clkbuf_3_6__f_clk/X (sky130_fd_sc_hd__clkbuf_16)
                                                         clknet_3_6__leaf_clk (net)
                      0.037727    0.001341   10.221397 ^ dsa[14]._9_/CLK (sky130_fd_sc_hd__dfrtp_1)
                                  0.000000   10.221397   clock reconvergence pessimism
                                 -0.071842   10.149556   library setup time
                                             10.149556   data required time
---------------------------------------------------------------------------------------------
                                             10.149556   data required time
                                             -0.633906   data arrival time
---------------------------------------------------------------------------------------------
                                              9.515650   slack (MET)


Startpoint: dsa[4]._8_ (rising edge-triggered flip-flop clocked by core_clock)
Endpoint: dsa[4]._9_ (rising edge-triggered flip-flop clocked by core_clock)
Path Group: core_clock
Path Type: max

Fanout         Cap        Slew       Delay        Time   Description
---------------------------------------------------------------------------------------------
                                  0.000000    0.000000   clock core_clock (rise edge)
                                  0.000000    0.000000   clock source latency
     1    0.015155    0.000000    0.000000    0.000000 ^ clk (in)
                                                         clk (net)
                      0.001422    0.000711    0.000711 ^ clkbuf_0_clk/A (sky130_fd_sc_hd__clkbuf_16)
     8    0.085401    0.078773    0.109444    0.110155 ^ clkbuf_0_clk/X (sky130_fd_sc_hd__clkbuf_16)
                                                         clknet_0_clk (net)
                      0.080452    0.009044    0.119200 ^ clkbuf_3_5__f_clk/A (sky130_fd_sc_hd__clkbuf_16)
     8    0.031303    0.039459    0.105319    0.224519 ^ clkbuf_3_5__f_clk/X (sky130_fd_sc_hd__clkbuf_16)
                                                         clknet_3_5__leaf_clk (net)
                      0.039503    0.001814    0.226333 ^ dsa[4]._8_/CLK (sky130_fd_sc_hd__dfrtp_1)
     2    0.005561    0.036725    0.234175    0.460508 v dsa[4]._8_/Q (sky130_fd_sc_hd__dfrtp_1)
                                                         dsa[4].last_carry (net)
                      0.036725    0.000270    0.460777 v dsa[4]._3_/A (sky130_fd_sc_hd__nand3_1)
     2    0.005399    0.072106    0.058515    0.519292 ^ dsa[4]._3_/Y (sky130_fd_sc_hd__nand3_1)
                                                         dsa[4]._0_ (net)
                      0.072107    0.000356    0.519648 ^ dsa[4]._5_/A (sky130_fd_sc_hd__nand2_1)
     1    0.005779    0.037826    0.041718    0.561367 v dsa[4]._5_/Y (sky130_fd_sc_hd__nand2_1)
                                                         dsa[4]._2_ (net)
                      0.037834    0.000437    0.561803 v dsa[4]._6_/B (sky130_fd_sc_hd__xnor2_1)
     1    0.002592    0.029519    0.076996    0.638800 v dsa[4]._6_/Y (sky130_fd_sc_hd__xnor2_1)
                                                         dsa[4].y_out_next (net)
                      0.029519    0.000179    0.638979 v dsa[4]._9_/D (sky130_fd_sc_hd__dfrtp_1)
                                              0.638979   data arrival time

                                 10.000000   10.000000   clock core_clock (rise edge)
                                  0.000000   10.000000   clock source latency
     1    0.015155    0.000000    0.000000   10.000000 ^ clk (in)
                                                         clk (net)
                      0.001422    0.000711   10.000710 ^ clkbuf_0_clk/A (sky130_fd_sc_hd__clkbuf_16)
     8    0.085401    0.078773    0.109445   10.110156 ^ clkbuf_0_clk/X (sky130_fd_sc_hd__clkbuf_16)
                                                         clknet_0_clk (net)
                      0.080452    0.009044   10.119200 ^ clkbuf_3_5__f_clk/A (sky130_fd_sc_hd__clkbuf_16)
     8    0.031303    0.039459    0.105319   10.224520 ^ clkbuf_3_5__f_clk/X (sky130_fd_sc_hd__clkbuf_16)
                                                         clknet_3_5__leaf_clk (net)
                      0.039472    0.000950   10.225470 ^ dsa[4]._9_/CLK (sky130_fd_sc_hd__dfrtp_1)
                                  0.000000   10.225470   clock reconvergence pessimism
                                 -0.070840   10.154630   library setup time
                                             10.154630   data required time
---------------------------------------------------------------------------------------------
                                             10.154630   data required time
                                             -0.638979   data arrival time
---------------------------------------------------------------------------------------------
                                              9.515651   slack (MET)


Startpoint: dsa[12]._8_ (rising edge-triggered flip-flop clocked by core_clock)
Endpoint: dsa[12]._9_ (rising edge-triggered flip-flop clocked by core_clock)
Path Group: core_clock
Path Type: max

Fanout         Cap        Slew       Delay        Time   Description
---------------------------------------------------------------------------------------------
                                  0.000000    0.000000   clock core_clock (rise edge)
                                  0.000000    0.000000   clock source latency
     1    0.015155    0.000000    0.000000    0.000000 ^ clk (in)
                                                         clk (net)
                      0.001422    0.000711    0.000711 ^ clkbuf_0_clk/A (sky130_fd_sc_hd__clkbuf_16)
     8    0.085401    0.078773    0.109444    0.110155 ^ clkbuf_0_clk/X (sky130_fd_sc_hd__clkbuf_16)
                                                         clknet_0_clk (net)
                      0.079638    0.006529    0.116684 ^ clkbuf_3_6__f_clk/A (sky130_fd_sc_hd__clkbuf_16)
     8    0.028649    0.037661    0.103372    0.220056 ^ clkbuf_3_6__f_clk/X (sky130_fd_sc_hd__clkbuf_16)
                                                         clknet_3_6__leaf_clk (net)
                      0.037719    0.001267    0.221323 ^ dsa[12]._8_/CLK (sky130_fd_sc_hd__dfrtp_1)
     2    0.005639    0.036969    0.233877    0.455200 v dsa[12]._8_/Q (sky130_fd_sc_hd__dfrtp_1)
                                                         dsa[12].last_carry (net)
                      0.036969    0.000372    0.455572 v dsa[12]._3_/A (sky130_fd_sc_hd__nand3_1)
     2    0.006167    0.070483    0.062485    0.518057 ^ dsa[12]._3_/Y (sky130_fd_sc_hd__nand3_1)
                                                         dsa[12]._0_ (net)
                      0.070484    0.000339    0.518397 ^ dsa[12]._5_/A (sky130_fd_sc_hd__nand2_1)
     1    0.005058    0.035034    0.038919    0.557316 v dsa[12]._5_/Y (sky130_fd_sc_hd__nand2_1)
                                                         dsa[12]._2_ (net)
                      0.035040    0.000372    0.557687 v dsa[12]._6_/B (sky130_fd_sc_hd__xnor2_1)
     1    0.003169    0.033344    0.078135    0.635822 v dsa[12]._6_/Y (sky130_fd_sc_hd__xnor2_1)
                                                         dsa[12].y_out_next (net)
                      0.033344    0.000133    0.635955 v dsa[12]._9_/D (sky130_fd_sc_hd__dfrtp_1)
                                              0.635955   data arrival time

                                 10.000000   10.000000   clock core_clock (rise edge)
                                  0.000000   10.000000   clock source latency
     1    0.015155    0.000000    0.000000   10.000000 ^ clk (in)
                                                         clk (net)
                      0.001422    0.000711   10.000710 ^ clkbuf_0_clk/A (sky130_fd_sc_hd__clkbuf_16)
     8    0.085401    0.078773    0.109445   10.110156 ^ clkbuf_0_clk/X (sky130_fd_sc_hd__clkbuf_16)
                                                         clknet_0_clk (net)
                      0.079673    0.006653   10.116809 ^ clkbuf_3_7__f_clk/A (sky130_fd_sc_hd__clkbuf_16)
    10    0.031531    0.039597    0.105254   10.222063 ^ clkbuf_3_7__f_clk/X (sky130_fd_sc_hd__clkbuf_16)
                                                         clknet_3_7__leaf_clk (net)
                      0.039651    0.001888   10.223951 ^ dsa[12]._9_/CLK (sky130_fd_sc_hd__dfrtp_1)
                                  0.000000   10.223951   clock reconvergence pessimism
                                 -0.072188   10.151763   library setup time
                                             10.151763   data required time
---------------------------------------------------------------------------------------------
                                             10.151763   data required time
                                             -0.635955   data arrival time
---------------------------------------------------------------------------------------------
                                              9.515808   slack (MET)


Startpoint: dsa[9]._8_ (rising edge-triggered flip-flop clocked by core_clock)
Endpoint: dsa[9]._9_ (rising edge-triggered flip-flop clocked by core_clock)
Path Group: core_clock
Path Type: max

Fanout         Cap        Slew       Delay        Time   Description
---------------------------------------------------------------------------------------------
                                  0.000000    0.000000   clock core_clock (rise edge)
                                  0.000000    0.000000   clock source latency
     1    0.015155    0.000000    0.000000    0.000000 ^ clk (in)
                                                         clk (net)
                      0.001422    0.000711    0.000711 ^ clkbuf_0_clk/A (sky130_fd_sc_hd__clkbuf_16)
     8    0.085401    0.078773    0.109444    0.110155 ^ clkbuf_0_clk/X (sky130_fd_sc_hd__clkbuf_16)
                                                         clknet_0_clk (net)
                      0.079638    0.006529    0.116684 ^ clkbuf_3_6__f_clk/A (sky130_fd_sc_hd__clkbuf_16)
     8    0.028649    0.037661    0.103372    0.220056 ^ clkbuf_3_6__f_clk/X (sky130_fd_sc_hd__clkbuf_16)
                                                         clknet_3_6__leaf_clk (net)
                      0.037749    0.001536    0.221592 ^ dsa[9]._8_/CLK (sky130_fd_sc_hd__dfrtp_1)
     2    0.005589    0.036803    0.233718    0.455311 v dsa[9]._8_/Q (sky130_fd_sc_hd__dfrtp_1)
                                                         dsa[9].last_carry (net)
                      0.036803    0.000312    0.455623 v dsa[9]._3_/A (sky130_fd_sc_hd__nand3_1)
     2    0.005476    0.072059    0.058935    0.514558 ^ dsa[9]._3_/Y (sky130_fd_sc_hd__nand3_1)
                                                         dsa[9]._0_ (net)
                      0.072060    0.000357    0.514915 ^ dsa[9]._5_/A (sky130_fd_sc_hd__nand2_1)
     1    0.004820    0.034524    0.038275    0.553190 v dsa[9]._5_/Y (sky130_fd_sc_hd__nand2_1)
                                                         dsa[9]._2_ (net)
                      0.034525    0.000228    0.553418 v dsa[9]._6_/B (sky130_fd_sc_hd__xnor2_1)
     1    0.003614    0.033897    0.079518    0.632936 v dsa[9]._6_/Y (sky130_fd_sc_hd__xnor2_1)
                                                         dsa[9].y_out_next (net)
                      0.033897    0.000221    0.633157 v dsa[9]._9_/D (sky130_fd_sc_hd__dfrtp_1)
                                              0.633157   data arrival time

                                 10.000000   10.000000   clock core_clock (rise edge)
                                  0.000000   10.000000   clock source latency
     1    0.015155    0.000000    0.000000   10.000000 ^ clk (in)
                                                         clk (net)
                      0.001422    0.000711   10.000710 ^ clkbuf_0_clk/A (sky130_fd_sc_hd__clkbuf_16)
     8    0.085401    0.078773    0.109445   10.110156 ^ clkbuf_0_clk/X (sky130_fd_sc_hd__clkbuf_16)
                                                         clknet_0_clk (net)
                      0.079673    0.006653   10.116809 ^ clkbuf_3_7__f_clk/A (sky130_fd_sc_hd__clkbuf_16)
    10    0.031531    0.039597    0.105254   10.222063 ^ clkbuf_3_7__f_clk/X (sky130_fd_sc_hd__clkbuf_16)
                                                         clknet_3_7__leaf_clk (net)
                      0.039614    0.001204   10.223268 ^ dsa[9]._9_/CLK (sky130_fd_sc_hd__dfrtp_1)
                                  0.000000   10.223268   clock reconvergence pessimism
                                 -0.072389   10.150879   library setup time
                                             10.150879   data required time
---------------------------------------------------------------------------------------------
                                             10.150879   data required time
                                             -0.633157   data arrival time
---------------------------------------------------------------------------------------------
                                              9.517722   slack (MET)


Startpoint: dsa[1]._8_ (rising edge-triggered flip-flop clocked by core_clock)
Endpoint: dsa[1]._9_ (rising edge-triggered flip-flop clocked by core_clock)
Path Group: core_clock
Path Type: max

Fanout         Cap        Slew       Delay        Time   Description
---------------------------------------------------------------------------------------------
                                  0.000000    0.000000   clock core_clock (rise edge)
                                  0.000000    0.000000   clock source latency
     1    0.015155    0.000000    0.000000    0.000000 ^ clk (in)
                                                         clk (net)
                      0.001422    0.000711    0.000711 ^ clkbuf_0_clk/A (sky130_fd_sc_hd__clkbuf_16)
     8    0.085401    0.078773    0.109444    0.110155 ^ clkbuf_0_clk/X (sky130_fd_sc_hd__clkbuf_16)
                                                         clknet_0_clk (net)
                      0.079673    0.006654    0.116809 ^ clkbuf_3_7__f_clk/A (sky130_fd_sc_hd__clkbuf_16)
    10    0.031531    0.039597    0.105255    0.222063 ^ clkbuf_3_7__f_clk/X (sky130_fd_sc_hd__clkbuf_16)
                                                         clknet_3_7__leaf_clk (net)
                      0.039663    0.001997    0.224060 ^ dsa[1]._8_/CLK (sky130_fd_sc_hd__dfrtp_1)
     2    0.006355    0.039278    0.237074    0.461134 v dsa[1]._8_/Q (sky130_fd_sc_hd__dfrtp_1)
                                                         dsa[1].last_carry (net)
                      0.039278    0.000305    0.461439 v dsa[1]._3_/A (sky130_fd_sc_hd__nand3_1)
     2    0.005498    0.066768    0.060070    0.521509 ^ dsa[1]._3_/Y (sky130_fd_sc_hd__nand3_1)
                                                         dsa[1]._0_ (net)
                      0.066768    0.000297    0.521806 ^ dsa[1]._5_/A (sky130_fd_sc_hd__nand2_1)
     1    0.004782    0.033369    0.037528    0.559335 v dsa[1]._5_/Y (sky130_fd_sc_hd__nand2_1)
                                                         dsa[1]._2_ (net)
                      0.033387    0.000357    0.559692 v dsa[1]._6_/B (sky130_fd_sc_hd__xnor2_1)
     1    0.002608    0.028967    0.075286    0.634978 v dsa[1]._6_/Y (sky130_fd_sc_hd__xnor2_1)
                                                         dsa[1].y_out_next (net)
                      0.028967    0.000191    0.635169 v dsa[1]._9_/D (sky130_fd_sc_hd__dfrtp_1)
                                              0.635169   data arrival time

                                 10.000000   10.000000   clock core_clock (rise edge)
                                  0.000000   10.000000   clock source latency
     1    0.015155    0.000000    0.000000   10.000000 ^ clk (in)
                                                         clk (net)
                      0.001422    0.000711   10.000710 ^ clkbuf_0_clk/A (sky130_fd_sc_hd__clkbuf_16)
     8    0.085401    0.078773    0.109445   10.110156 ^ clkbuf_0_clk/X (sky130_fd_sc_hd__clkbuf_16)
                                                         clknet_0_clk (net)
                      0.079673    0.006653   10.116809 ^ clkbuf_3_7__f_clk/A (sky130_fd_sc_hd__clkbuf_16)
    10    0.031531    0.039597    0.105254   10.222063 ^ clkbuf_3_7__f_clk/X (sky130_fd_sc_hd__clkbuf_16)
                                                         clknet_3_7__leaf_clk (net)
                      0.039620    0.001477   10.223540 ^ dsa[1]._9_/CLK (sky130_fd_sc_hd__dfrtp_1)
                                  0.000000   10.223540   clock reconvergence pessimism
                                 -0.070629   10.152912   library setup time
                                             10.152912   data required time
---------------------------------------------------------------------------------------------
                                             10.152912   data required time
                                             -0.635169   data arrival time
---------------------------------------------------------------------------------------------
                                              9.517742   slack (MET)


Startpoint: dsa[25]._8_ (rising edge-triggered flip-flop clocked by core_clock)
Endpoint: dsa[25]._9_ (rising edge-triggered flip-flop clocked by core_clock)
Path Group: core_clock
Path Type: max

Fanout         Cap        Slew       Delay        Time   Description
---------------------------------------------------------------------------------------------
                                  0.000000    0.000000   clock core_clock (rise edge)
                                  0.000000    0.000000   clock source latency
     1    0.015155    0.000000    0.000000    0.000000 ^ clk (in)
                                                         clk (net)
                      0.001422    0.000711    0.000711 ^ clkbuf_0_clk/A (sky130_fd_sc_hd__clkbuf_16)
     8    0.085401    0.078773    0.109444    0.110155 ^ clkbuf_0_clk/X (sky130_fd_sc_hd__clkbuf_16)
                                                         clknet_0_clk (net)
                      0.079334    0.005306    0.115461 ^ clkbuf_3_2__f_clk/A (sky130_fd_sc_hd__clkbuf_16)
    10    0.033819    0.041077    0.106363    0.221824 ^ clkbuf_3_2__f_clk/X (sky130_fd_sc_hd__clkbuf_16)
                                                         clknet_3_2__leaf_clk (net)
                      0.041274    0.002200    0.224025 ^ dsa[25]._8_/CLK (sky130_fd_sc_hd__dfrtp_1)
     2    0.006145    0.038644    0.236707    0.460732 v dsa[25]._8_/Q (sky130_fd_sc_hd__dfrtp_1)
                                                         dsa[25].last_carry (net)
                      0.038644    0.000494    0.461226 v dsa[25]._3_/A (sky130_fd_sc_hd__nand3_1)
     2    0.005278    0.064948    0.058729    0.519955 ^ dsa[25]._3_/Y (sky130_fd_sc_hd__nand3_1)
                                                         dsa[25]._0_ (net)
                      0.064948    0.000186    0.520141 ^ dsa[25]._5_/A (sky130_fd_sc_hd__nand2_1)
     1    0.004951    0.033544    0.037939    0.558080 v dsa[25]._5_/Y (sky130_fd_sc_hd__nand2_1)
                                                         dsa[25]._2_ (net)
                      0.033551    0.000365    0.558445 v dsa[25]._6_/B (sky130_fd_sc_hd__xnor2_1)
     1    0.002544    0.030324    0.075092    0.633537 v dsa[25]._6_/Y (sky130_fd_sc_hd__xnor2_1)
                                                         dsa[25].y_out_next (net)
                      0.030325    0.000187    0.633724 v dsa[25]._9_/D (sky130_fd_sc_hd__dfrtp_1)
                                              0.633724   data arrival time

                                 10.000000   10.000000   clock core_clock (rise edge)
                                  0.000000   10.000000   clock source latency
     1    0.015155    0.000000    0.000000   10.000000 ^ clk (in)
                                                         clk (net)
                      0.001422    0.000711   10.000710 ^ clkbuf_0_clk/A (sky130_fd_sc_hd__clkbuf_16)
     8    0.085401    0.078773    0.109445   10.110156 ^ clkbuf_0_clk/X (sky130_fd_sc_hd__clkbuf_16)
                                                         clknet_0_clk (net)
                      0.079334    0.005306   10.115461 ^ clkbuf_3_2__f_clk/A (sky130_fd_sc_hd__clkbuf_16)
    10    0.033819    0.041077    0.106363   10.221825 ^ clkbuf_3_2__f_clk/X (sky130_fd_sc_hd__clkbuf_16)
                                                         clknet_3_2__leaf_clk (net)
                      0.041155    0.001746   10.223571 ^ dsa[25]._9_/CLK (sky130_fd_sc_hd__dfrtp_1)
                                  0.000000   10.223571   clock reconvergence pessimism
                                 -0.070966   10.152605   library setup time
                                             10.152605   data required time
---------------------------------------------------------------------------------------------
                                             10.152605   data required time
                                             -0.633724   data arrival time
---------------------------------------------------------------------------------------------
                                              9.518881   slack (MET)


Startpoint: dsa[28]._8_ (rising edge-triggered flip-flop clocked by core_clock)
Endpoint: dsa[28]._9_ (rising edge-triggered flip-flop clocked by core_clock)
Path Group: core_clock
Path Type: max

Fanout         Cap        Slew       Delay        Time   Description
---------------------------------------------------------------------------------------------
                                  0.000000    0.000000   clock core_clock (rise edge)
                                  0.000000    0.000000   clock source latency
     1    0.015155    0.000000    0.000000    0.000000 ^ clk (in)
                                                         clk (net)
                      0.001422    0.000711    0.000711 ^ clkbuf_0_clk/A (sky130_fd_sc_hd__clkbuf_16)
     8    0.085401    0.078773    0.109444    0.110155 ^ clkbuf_0_clk/X (sky130_fd_sc_hd__clkbuf_16)
                                                         clknet_0_clk (net)
                      0.079334    0.005306    0.115461 ^ clkbuf_3_2__f_clk/A (sky130_fd_sc_hd__clkbuf_16)
    10    0.033819    0.041077    0.106363    0.221824 ^ clkbuf_3_2__f_clk/X (sky130_fd_sc_hd__clkbuf_16)
                                                         clknet_3_2__leaf_clk (net)
                      0.041257    0.002076    0.223901 ^ dsa[28]._8_/CLK (sky130_fd_sc_hd__dfrtp_1)
     2    0.006175    0.038722    0.236849    0.460750 v dsa[28]._8_/Q (sky130_fd_sc_hd__dfrtp_1)
                                                         dsa[28].last_carry (net)
                      0.038722    0.000359    0.461109 v dsa[28]._3_/A (sky130_fd_sc_hd__nand3_1)
     2    0.005385    0.067432    0.059290    0.520399 ^ dsa[28]._3_/Y (sky130_fd_sc_hd__nand3_1)
                                                         dsa[28]._0_ (net)
                      0.067432    0.000272    0.520671 ^ dsa[28]._5_/A (sky130_fd_sc_hd__nand2_1)
     1    0.004791    0.033509    0.037685    0.558356 v dsa[28]._5_/Y (sky130_fd_sc_hd__nand2_1)
                                                         dsa[28]._2_ (net)
                      0.033510    0.000225    0.558580 v dsa[28]._6_/B (sky130_fd_sc_hd__xnor2_1)
     1    0.003647    0.033838    0.079222    0.637802 v dsa[28]._6_/Y (sky130_fd_sc_hd__xnor2_1)
                                                         dsa[28].y_out_next (net)
                      0.033838    0.000245    0.638047 v dsa[28]._9_/D (sky130_fd_sc_hd__dfrtp_1)
                                              0.638047   data arrival time

                                 10.000000   10.000000   clock core_clock (rise edge)
                                  0.000000   10.000000   clock source latency
     1    0.015155    0.000000    0.000000   10.000000 ^ clk (in)
                                                         clk (net)
                      0.001422    0.000711   10.000710 ^ clkbuf_0_clk/A (sky130_fd_sc_hd__clkbuf_16)
     8    0.085401    0.078773    0.109445   10.110156 ^ clkbuf_0_clk/X (sky130_fd_sc_hd__clkbuf_16)
                                                         clknet_0_clk (net)
                      0.080880    0.010138   10.120294 ^ clkbuf_3_0__f_clk/A (sky130_fd_sc_hd__clkbuf_16)
    10    0.034667    0.041696    0.107307   10.227600 ^ clkbuf_3_0__f_clk/X (sky130_fd_sc_hd__clkbuf_16)
                                                         clknet_3_0__leaf_clk (net)
                      0.041761    0.001489   10.229089 ^ dsa[28]._9_/CLK (sky130_fd_sc_hd__dfrtp_1)
                                  0.000000   10.229089   clock reconvergence pessimism
                                 -0.072162   10.156927   library setup time
                                             10.156927   data required time
---------------------------------------------------------------------------------------------
                                             10.156927   data required time
                                             -0.638047   data arrival time
---------------------------------------------------------------------------------------------
                                              9.518880   slack (MET)


Startpoint: dsa[10]._8_ (rising edge-triggered flip-flop clocked by core_clock)
Endpoint: dsa[10]._9_ (rising edge-triggered flip-flop clocked by core_clock)
Path Group: core_clock
Path Type: max

Fanout         Cap        Slew       Delay        Time   Description
---------------------------------------------------------------------------------------------
                                  0.000000    0.000000   clock core_clock (rise edge)
                                  0.000000    0.000000   clock source latency
     1    0.015155    0.000000    0.000000    0.000000 ^ clk (in)
                                                         clk (net)
                      0.001422    0.000711    0.000711 ^ clkbuf_0_clk/A (sky130_fd_sc_hd__clkbuf_16)
     8    0.085401    0.078773    0.109444    0.110155 ^ clkbuf_0_clk/X (sky130_fd_sc_hd__clkbuf_16)
                                                         clknet_0_clk (net)
                      0.079638    0.006529    0.116684 ^ clkbuf_3_6__f_clk/A (sky130_fd_sc_hd__clkbuf_16)
     8    0.028649    0.037661    0.103372    0.220056 ^ clkbuf_3_6__f_clk/X (sky130_fd_sc_hd__clkbuf_16)
                                                         clknet_3_6__leaf_clk (net)
                      0.037745    0.001503    0.221560 ^ dsa[10]._8_/CLK (sky130_fd_sc_hd__dfrtp_1)
     2    0.005864    0.037710    0.234708    0.456267 v dsa[10]._8_/Q (sky130_fd_sc_hd__dfrtp_1)
                                                         dsa[10].last_carry (net)
                      0.037710    0.000335    0.456603 v dsa[10]._3_/A (sky130_fd_sc_hd__nand3_1)
     2    0.005268    0.071077    0.058250    0.514853 ^ dsa[10]._3_/Y (sky130_fd_sc_hd__nand3_1)
                                                         dsa[10]._0_ (net)
                      0.071077    0.000357    0.515210 ^ dsa[10]._5_/A (sky130_fd_sc_hd__nand2_1)
     1    0.004796    0.034270    0.038027    0.553237 v dsa[10]._5_/Y (sky130_fd_sc_hd__nand2_1)
                                                         dsa[10]._2_ (net)
                      0.034288    0.000359    0.553596 v dsa[10]._6_/B (sky130_fd_sc_hd__xnor2_1)
     1    0.002764    0.030475    0.076273    0.629869 v dsa[10]._6_/Y (sky130_fd_sc_hd__xnor2_1)
                                                         dsa[10].y_out_next (net)
                      0.030476    0.000203    0.630072 v dsa[10]._9_/D (sky130_fd_sc_hd__dfrtp_1)
                                              0.630072   data arrival time

                                 10.000000   10.000000   clock core_clock (rise edge)
                                  0.000000   10.000000   clock source latency
     1    0.015155    0.000000    0.000000   10.000000 ^ clk (in)
                                                         clk (net)
                      0.001422    0.000711   10.000710 ^ clkbuf_0_clk/A (sky130_fd_sc_hd__clkbuf_16)
     8    0.085401    0.078773    0.109445   10.110156 ^ clkbuf_0_clk/X (sky130_fd_sc_hd__clkbuf_16)
                                                         clknet_0_clk (net)
                      0.079638    0.006529   10.116685 ^ clkbuf_3_6__f_clk/A (sky130_fd_sc_hd__clkbuf_16)
     8    0.028649    0.037661    0.103372   10.220057 ^ clkbuf_3_6__f_clk/X (sky130_fd_sc_hd__clkbuf_16)
                                                         clknet_3_6__leaf_clk (net)
                      0.037729    0.001361   10.221416 ^ dsa[10]._9_/CLK (sky130_fd_sc_hd__dfrtp_1)
                                  0.000000   10.221416   clock reconvergence pessimism
                                 -0.071349   10.150067   library setup time
                                             10.150067   data required time
---------------------------------------------------------------------------------------------
                                             10.150067   data required time
                                             -0.630072   data arrival time
---------------------------------------------------------------------------------------------
                                              9.519996   slack (MET)


Startpoint: dsa[7]._8_ (rising edge-triggered flip-flop clocked by core_clock)
Endpoint: dsa[7]._9_ (rising edge-triggered flip-flop clocked by core_clock)
Path Group: core_clock
Path Type: max

Fanout         Cap        Slew       Delay        Time   Description
---------------------------------------------------------------------------------------------
                                  0.000000    0.000000   clock core_clock (rise edge)
                                  0.000000    0.000000   clock source latency
     1    0.015155    0.000000    0.000000    0.000000 ^ clk (in)
                                                         clk (net)
                      0.001422    0.000711    0.000711 ^ clkbuf_0_clk/A (sky130_fd_sc_hd__clkbuf_16)
     8    0.085401    0.078773    0.109444    0.110155 ^ clkbuf_0_clk/X (sky130_fd_sc_hd__clkbuf_16)
                                                         clknet_0_clk (net)
                      0.080339    0.008735    0.118890 ^ clkbuf_3_4__f_clk/A (sky130_fd_sc_hd__clkbuf_16)
     9    0.024233    0.034552    0.100597    0.219487 ^ clkbuf_3_4__f_clk/X (sky130_fd_sc_hd__clkbuf_16)
                                                         clknet_3_4__leaf_clk (net)
                      0.034616    0.001158    0.220645 ^ dsa[7]._8_/CLK (sky130_fd_sc_hd__dfrtp_1)
     2    0.005322    0.035982    0.231819    0.452464 v dsa[7]._8_/Q (sky130_fd_sc_hd__dfrtp_1)
                                                         dsa[7].last_carry (net)
                      0.035982    0.000351    0.452816 v dsa[7]._3_/A (sky130_fd_sc_hd__nand3_1)
     2    0.005381    0.071712    0.058176    0.510992 ^ dsa[7]._3_/Y (sky130_fd_sc_hd__nand3_1)
                                                         dsa[7]._0_ (net)
                      0.071713    0.000278    0.511270 ^ dsa[7]._5_/A (sky130_fd_sc_hd__nand2_1)
     1    0.004647    0.033888    0.037608    0.548878 v dsa[7]._5_/Y (sky130_fd_sc_hd__nand2_1)
                                                         dsa[7]._2_ (net)
                      0.033888    0.000216    0.549094 v dsa[7]._6_/B (sky130_fd_sc_hd__xnor2_1)
     1    0.003090    0.034741    0.077374    0.626468 v dsa[7]._6_/Y (sky130_fd_sc_hd__xnor2_1)
                                                         dsa[7].y_out_next (net)
                      0.034741    0.000201    0.626670 v dsa[7]._9_/D (sky130_fd_sc_hd__dfrtp_1)
                                              0.626670   data arrival time

                                 10.000000   10.000000   clock core_clock (rise edge)
                                  0.000000   10.000000   clock source latency
     1    0.015155    0.000000    0.000000   10.000000 ^ clk (in)
                                                         clk (net)
                      0.001422    0.000711   10.000710 ^ clkbuf_0_clk/A (sky130_fd_sc_hd__clkbuf_16)
     8    0.085401    0.078773    0.109445   10.110156 ^ clkbuf_0_clk/X (sky130_fd_sc_hd__clkbuf_16)
                                                         clknet_0_clk (net)
                      0.080339    0.008734   10.118890 ^ clkbuf_3_4__f_clk/A (sky130_fd_sc_hd__clkbuf_16)
     9    0.024233    0.034552    0.100597   10.219487 ^ clkbuf_3_4__f_clk/X (sky130_fd_sc_hd__clkbuf_16)
                                                         clknet_3_4__leaf_clk (net)
                      0.034609    0.001093   10.220580 ^ dsa[7]._9_/CLK (sky130_fd_sc_hd__dfrtp_1)
                                  0.000000   10.220580   clock reconvergence pessimism
                                 -0.073173   10.147408   library setup time
                                             10.147408   data required time
---------------------------------------------------------------------------------------------
                                             10.147408   data required time
                                             -0.626670   data arrival time
---------------------------------------------------------------------------------------------
                                              9.520739   slack (MET)


Startpoint: dsa[13]._8_ (rising edge-triggered flip-flop clocked by core_clock)
Endpoint: dsa[13]._9_ (rising edge-triggered flip-flop clocked by core_clock)
Path Group: core_clock
Path Type: max

Fanout         Cap        Slew       Delay        Time   Description
---------------------------------------------------------------------------------------------
                                  0.000000    0.000000   clock core_clock (rise edge)
                                  0.000000    0.000000   clock source latency
     1    0.015155    0.000000    0.000000    0.000000 ^ clk (in)
                                                         clk (net)
                      0.001422    0.000711    0.000711 ^ clkbuf_0_clk/A (sky130_fd_sc_hd__clkbuf_16)
     8    0.085401    0.078773    0.109444    0.110155 ^ clkbuf_0_clk/X (sky130_fd_sc_hd__clkbuf_16)
                                                         clknet_0_clk (net)
                      0.079257    0.004947    0.115103 ^ clkbuf_3_3__f_clk/A (sky130_fd_sc_hd__clkbuf_16)
     9    0.028862    0.037813    0.103400    0.218503 ^ clkbuf_3_3__f_clk/X (sky130_fd_sc_hd__clkbuf_16)
                                                         clknet_3_3__leaf_clk (net)
                      0.037887    0.001428    0.219931 ^ dsa[13]._8_/CLK (sky130_fd_sc_hd__dfrtp_1)
     2    0.005698    0.037158    0.234194    0.454125 v dsa[13]._8_/Q (sky130_fd_sc_hd__dfrtp_1)
                                                         dsa[13].last_carry (net)
                      0.037158    0.000287    0.454412 v dsa[13]._3_/A (sky130_fd_sc_hd__nand3_1)
     2    0.005440    0.066323    0.058898    0.513310 ^ dsa[13]._3_/Y (sky130_fd_sc_hd__nand3_1)
                                                         dsa[13]._0_ (net)
                      0.066323    0.000350    0.513660 ^ dsa[13]._5_/A (sky130_fd_sc_hd__nand2_1)
     1    0.005099    0.034346    0.038593    0.552253 v dsa[13]._5_/Y (sky130_fd_sc_hd__nand2_1)
                                                         dsa[13]._2_ (net)
                      0.034353    0.000392    0.552645 v dsa[13]._6_/B (sky130_fd_sc_hd__xnor2_1)
     1    0.002488    0.029634    0.075191    0.627836 v dsa[13]._6_/Y (sky130_fd_sc_hd__xnor2_1)
                                                         dsa[13].y_out_next (net)
                      0.029635    0.000173    0.628009 v dsa[13]._9_/D (sky130_fd_sc_hd__dfrtp_1)
                                              0.628009   data arrival time

                                 10.000000   10.000000   clock core_clock (rise edge)
                                  0.000000   10.000000   clock source latency
     1    0.015155    0.000000    0.000000   10.000000 ^ clk (in)
                                                         clk (net)
                      0.001422    0.000711   10.000710 ^ clkbuf_0_clk/A (sky130_fd_sc_hd__clkbuf_16)
     8    0.085401    0.078773    0.109445   10.110156 ^ clkbuf_0_clk/X (sky130_fd_sc_hd__clkbuf_16)
                                                         clknet_0_clk (net)
                      0.079257    0.004947   10.115103 ^ clkbuf_3_3__f_clk/A (sky130_fd_sc_hd__clkbuf_16)
     9    0.028862    0.037813    0.103401   10.218504 ^ clkbuf_3_3__f_clk/X (sky130_fd_sc_hd__clkbuf_16)
                                                         clknet_3_3__leaf_clk (net)
                      0.037890    0.001454   10.219957 ^ dsa[13]._9_/CLK (sky130_fd_sc_hd__dfrtp_1)
                                  0.000000   10.219957   clock reconvergence pessimism
                                 -0.071033   10.148925   library setup time
                                             10.148925   data required time
---------------------------------------------------------------------------------------------
                                             10.148925   data required time
                                             -0.628009   data arrival time
---------------------------------------------------------------------------------------------
                                              9.520916   slack (MET)


Startpoint: dsa[20]._8_ (rising edge-triggered flip-flop clocked by core_clock)
Endpoint: dsa[20]._9_ (rising edge-triggered flip-flop clocked by core_clock)
Path Group: core_clock
Path Type: max

Fanout         Cap        Slew       Delay        Time   Description
---------------------------------------------------------------------------------------------
                                  0.000000    0.000000   clock core_clock (rise edge)
                                  0.000000    0.000000   clock source latency
     1    0.015155    0.000000    0.000000    0.000000 ^ clk (in)
                                                         clk (net)
                      0.001422    0.000711    0.000711 ^ clkbuf_0_clk/A (sky130_fd_sc_hd__clkbuf_16)
     8    0.085401    0.078773    0.109444    0.110155 ^ clkbuf_0_clk/X (sky130_fd_sc_hd__clkbuf_16)
                                                         clknet_0_clk (net)
                      0.080859    0.010088    0.120243 ^ clkbuf_3_1__f_clk/A (sky130_fd_sc_hd__clkbuf_16)
     7    0.026037    0.035824    0.101952    0.222195 ^ clkbuf_3_1__f_clk/X (sky130_fd_sc_hd__clkbuf_16)
                                                         clknet_3_1__leaf_clk (net)
                      0.035878    0.001180    0.223375 ^ dsa[20]._8_/CLK (sky130_fd_sc_hd__dfrtp_1)
     2    0.005980    0.038097    0.234549    0.457924 v dsa[20]._8_/Q (sky130_fd_sc_hd__dfrtp_1)
                                                         dsa[20].last_carry (net)
                      0.038097    0.000404    0.458328 v dsa[20]._3_/A (sky130_fd_sc_hd__nand3_1)
     2    0.005817    0.073269    0.061211    0.519539 ^ dsa[20]._3_/Y (sky130_fd_sc_hd__nand3_1)
                                                         dsa[20]._0_ (net)
                      0.073269    0.000230    0.519769 ^ dsa[20]._5_/A (sky130_fd_sc_hd__nand2_1)
     1    0.004772    0.034625    0.038169    0.557938 v dsa[20]._5_/Y (sky130_fd_sc_hd__nand2_1)
                                                         dsa[20]._2_ (net)
                      0.034643    0.000356    0.558294 v dsa[20]._6_/B (sky130_fd_sc_hd__xnor2_1)
     1    0.002583    0.029382    0.075693    0.633987 v dsa[20]._6_/Y (sky130_fd_sc_hd__xnor2_1)
                                                         dsa[20].y_out_next (net)
                      0.029382    0.000176    0.634163 v dsa[20]._9_/D (sky130_fd_sc_hd__dfrtp_1)
                                              0.634163   data arrival time

                                 10.000000   10.000000   clock core_clock (rise edge)
                                  0.000000   10.000000   clock source latency
     1    0.015155    0.000000    0.000000   10.000000 ^ clk (in)
                                                         clk (net)
                      0.001422    0.000711   10.000710 ^ clkbuf_0_clk/A (sky130_fd_sc_hd__clkbuf_16)
     8    0.085401    0.078773    0.109445   10.110156 ^ clkbuf_0_clk/X (sky130_fd_sc_hd__clkbuf_16)
                                                         clknet_0_clk (net)
                      0.080880    0.010138   10.120294 ^ clkbuf_3_0__f_clk/A (sky130_fd_sc_hd__clkbuf_16)
    10    0.034667    0.041696    0.107307   10.227600 ^ clkbuf_3_0__f_clk/X (sky130_fd_sc_hd__clkbuf_16)
                                                         clknet_3_0__leaf_clk (net)
                      0.041758    0.001463   10.229063 ^ dsa[20]._9_/CLK (sky130_fd_sc_hd__dfrtp_1)
                                  0.000000   10.229063   clock reconvergence pessimism
                                 -0.070571   10.158492   library setup time
                                             10.158492   data required time
---------------------------------------------------------------------------------------------
                                             10.158492   data required time
                                             -0.634163   data arrival time
---------------------------------------------------------------------------------------------
                                              9.524329   slack (MET)


Startpoint: dsa[0]._8_ (rising edge-triggered flip-flop clocked by core_clock)
Endpoint: dsa[0]._9_ (rising edge-triggered flip-flop clocked by core_clock)
Path Group: core_clock
Path Type: max

Fanout         Cap        Slew       Delay        Time   Description
---------------------------------------------------------------------------------------------
                                  0.000000    0.000000   clock core_clock (rise edge)
                                  0.000000    0.000000   clock source latency
     1    0.015155    0.000000    0.000000    0.000000 ^ clk (in)
                                                         clk (net)
                      0.001422    0.000711    0.000711 ^ clkbuf_0_clk/A (sky130_fd_sc_hd__clkbuf_16)
     8    0.085401    0.078773    0.109444    0.110155 ^ clkbuf_0_clk/X (sky130_fd_sc_hd__clkbuf_16)
                                                         clknet_0_clk (net)
                      0.079673    0.006654    0.116809 ^ clkbuf_3_7__f_clk/A (sky130_fd_sc_hd__clkbuf_16)
    10    0.031531    0.039597    0.105255    0.222063 ^ clkbuf_3_7__f_clk/X (sky130_fd_sc_hd__clkbuf_16)
                                                         clknet_3_7__leaf_clk (net)
                      0.039659    0.001962    0.224026 ^ dsa[0]._8_/CLK (sky130_fd_sc_hd__dfrtp_1)
     2    0.005197    0.035571    0.232926    0.456951 v dsa[0]._8_/Q (sky130_fd_sc_hd__dfrtp_1)
                                                         dsa[0].last_carry (net)
                      0.035571    0.000182    0.457133 v dsa[0]._4_/B1 (sky130_fd_sc_hd__a21o_1)
     2    0.005679    0.032405    0.077450    0.534583 v dsa[0]._4_/X (sky130_fd_sc_hd__a21o_1)
                                                         dsa[0]._1_ (net)
                      0.032409    0.000361    0.534944 v dsa[0]._5_/B (sky130_fd_sc_hd__nand2_1)
     1    0.005458    0.049060    0.055537    0.590481 ^ dsa[0]._5_/Y (sky130_fd_sc_hd__nand2_1)
                                                         dsa[0]._2_ (net)
                      0.049082    0.000413    0.590894 ^ dsa[0]._6_/B (sky130_fd_sc_hd__xnor2_1)
     1    0.002424    0.027651    0.034747    0.625641 v dsa[0]._6_/Y (sky130_fd_sc_hd__xnor2_1)
                                                         dsa[0].y_out_next (net)
                      0.027651    0.000169    0.625810 v dsa[0]._9_/D (sky130_fd_sc_hd__dfrtp_1)
                                              0.625810   data arrival time

                                 10.000000   10.000000   clock core_clock (rise edge)
                                  0.000000   10.000000   clock source latency
     1    0.015155    0.000000    0.000000   10.000000 ^ clk (in)
                                                         clk (net)
                      0.001422    0.000711   10.000710 ^ clkbuf_0_clk/A (sky130_fd_sc_hd__clkbuf_16)
     8    0.085401    0.078773    0.109445   10.110156 ^ clkbuf_0_clk/X (sky130_fd_sc_hd__clkbuf_16)
                                                         clknet_0_clk (net)
                      0.079673    0.006653   10.116809 ^ clkbuf_3_7__f_clk/A (sky130_fd_sc_hd__clkbuf_16)
    10    0.031531    0.039597    0.105254   10.222063 ^ clkbuf_3_7__f_clk/X (sky130_fd_sc_hd__clkbuf_16)
                                                         clknet_3_7__leaf_clk (net)
                      0.039624    0.001603   10.223666 ^ dsa[0]._9_/CLK (sky130_fd_sc_hd__dfrtp_1)
                                  0.000000   10.223666   clock reconvergence pessimism
                                 -0.070158   10.153508   library setup time
                                             10.153508   data required time
---------------------------------------------------------------------------------------------
                                             10.153508   data required time
                                             -0.625810   data arrival time
---------------------------------------------------------------------------------------------
                                              9.527699   slack (MET)


Startpoint: dsa[0]._8_ (rising edge-triggered flip-flop clocked by core_clock)
Endpoint: dsa[0]._8_ (rising edge-triggered flip-flop clocked by core_clock)
Path Group: core_clock
Path Type: max

Fanout         Cap        Slew       Delay        Time   Description
---------------------------------------------------------------------------------------------
                                  0.000000    0.000000   clock core_clock (rise edge)
                                  0.000000    0.000000   clock source latency
     1    0.015155    0.000000    0.000000    0.000000 ^ clk (in)
                                                         clk (net)
                      0.001422    0.000711    0.000711 ^ clkbuf_0_clk/A (sky130_fd_sc_hd__clkbuf_16)
     8    0.085401    0.078773    0.109444    0.110155 ^ clkbuf_0_clk/X (sky130_fd_sc_hd__clkbuf_16)
                                                         clknet_0_clk (net)
                      0.079673    0.006654    0.116809 ^ clkbuf_3_7__f_clk/A (sky130_fd_sc_hd__clkbuf_16)
    10    0.031531    0.039597    0.105255    0.222063 ^ clkbuf_3_7__f_clk/X (sky130_fd_sc_hd__clkbuf_16)
                                                         clknet_3_7__leaf_clk (net)
                      0.039659    0.001962    0.224026 ^ dsa[0]._8_/CLK (sky130_fd_sc_hd__dfrtp_1)
     2    0.005197    0.035571    0.232926    0.456951 v dsa[0]._8_/Q (sky130_fd_sc_hd__dfrtp_1)
                                                         dsa[0].last_carry (net)
                      0.035571    0.000190    0.457142 v dsa[0]._3_/A (sky130_fd_sc_hd__nand3_1)
     2    0.005535    0.066931    0.058722    0.515863 ^ dsa[0]._3_/Y (sky130_fd_sc_hd__nand3_1)
                                                         dsa[0]._0_ (net)
                      0.066932    0.000370    0.516234 ^ dsa[0]._7_/B1_N (sky130_fd_sc_hd__a21bo_1)
     1    0.002682    0.019684    0.097277    0.613510 v dsa[0]._7_/X (sky130_fd_sc_hd__a21bo_1)
                                                         dsa[0].last_carry_next (net)
                      0.019698    0.000197    0.613708 v dsa[0]._8_/D (sky130_fd_sc_hd__dfrtp_1)
                                              0.613708   data arrival time

                                 10.000000   10.000000   clock core_clock (rise edge)
                                  0.000000   10.000000   clock source latency
     1    0.015155    0.000000    0.000000   10.000000 ^ clk (in)
                                                         clk (net)
                      0.001422    0.000711   10.000710 ^ clkbuf_0_clk/A (sky130_fd_sc_hd__clkbuf_16)
     8    0.085401    0.078773    0.109445   10.110156 ^ clkbuf_0_clk/X (sky130_fd_sc_hd__clkbuf_16)
                                                         clknet_0_clk (net)
                      0.079673    0.006653   10.116809 ^ clkbuf_3_7__f_clk/A (sky130_fd_sc_hd__clkbuf_16)
    10    0.031531    0.039597    0.105254   10.222063 ^ clkbuf_3_7__f_clk/X (sky130_fd_sc_hd__clkbuf_16)
                                                         clknet_3_7__leaf_clk (net)
                      0.039659    0.001962   10.224026 ^ dsa[0]._8_/CLK (sky130_fd_sc_hd__dfrtp_1)
                                  0.000000   10.224026   clock reconvergence pessimism
                                 -0.067315   10.156711   library setup time
                                             10.156711   data required time
---------------------------------------------------------------------------------------------
                                             10.156711   data required time
                                             -0.613708   data arrival time
---------------------------------------------------------------------------------------------
                                              9.543003   slack (MET)



