
===========================================================================
report_checks -path_delay min (Hold)
============================================================================
======================= max_ff_n40C_1v95 Corner ===================================

Startpoint: dsa[25]._9_ (rising edge-triggered flip-flop clocked by core_clock)
Endpoint: dsa[26]._9_ (rising edge-triggered flip-flop clocked by core_clock)
Path Group: core_clock
Path Type: min

Fanout         Cap        Slew       Delay        Time   Description
---------------------------------------------------------------------------------------------
                                  0.000000    0.000000   clock core_clock (rise edge)
                                  0.000000    0.000000   clock source latency
     1    0.015155    0.000000    0.000000    0.000000 ^ clk (in)
                                                         clk (net)
                      0.001422    0.000711    0.000711 ^ clkbuf_0_clk/A (sky130_fd_sc_hd__clkbuf_16)
     8    0.085401    0.078773    0.109444    0.110155 ^ clkbuf_0_clk/X (sky130_fd_sc_hd__clkbuf_16)
                                                         clknet_0_clk (net)
                      0.079334    0.005306    0.115461 ^ clkbuf_3_2__f_clk/A (sky130_fd_sc_hd__clkbuf_16)
    10    0.033819    0.041077    0.106363    0.221824 ^ clkbuf_3_2__f_clk/X (sky130_fd_sc_hd__clkbuf_16)
                                                         clknet_3_2__leaf_clk (net)
                      0.041155    0.001746    0.223571 ^ dsa[25]._9_/CLK (sky130_fd_sc_hd__dfrtp_1)
     2    0.008505    0.065441    0.227862    0.451432 ^ dsa[25]._9_/Q (sky130_fd_sc_hd__dfrtp_1)
                                                         dsa[25].y_out (net)
                      0.065442    0.000324    0.451756 ^ dsa[26]._6_/A (sky130_fd_sc_hd__xnor2_1)
     1    0.002534    0.021855    0.042244    0.494000 v dsa[26]._6_/Y (sky130_fd_sc_hd__xnor2_1)
                                                         dsa[26].y_out_next (net)
                      0.021855    0.000175    0.494176 v dsa[26]._9_/D (sky130_fd_sc_hd__dfrtp_1)
                                              0.494176   data arrival time

                                  0.000000    0.000000   clock core_clock (rise edge)
                                  0.000000    0.000000   clock source latency
     1    0.015155    0.000000    0.000000    0.000000 ^ clk (in)
                                                         clk (net)
                      0.001422    0.000711    0.000711 ^ clkbuf_0_clk/A (sky130_fd_sc_hd__clkbuf_16)
     8    0.085401    0.078773    0.109444    0.110155 ^ clkbuf_0_clk/X (sky130_fd_sc_hd__clkbuf_16)
                                                         clknet_0_clk (net)
                      0.079334    0.005306    0.115461 ^ clkbuf_3_2__f_clk/A (sky130_fd_sc_hd__clkbuf_16)
    10    0.033819    0.041077    0.106363    0.221824 ^ clkbuf_3_2__f_clk/X (sky130_fd_sc_hd__clkbuf_16)
                                                         clknet_3_2__leaf_clk (net)
                      0.041247    0.001996    0.223821 ^ dsa[26]._9_/CLK (sky130_fd_sc_hd__dfrtp_1)
                                  0.000000    0.223821   clock reconvergence pessimism
                                 -0.028077    0.195744   library hold time
                                              0.195744   data required time
---------------------------------------------------------------------------------------------
                                              0.195744   data required time
                                             -0.494176   data arrival time
---------------------------------------------------------------------------------------------
                                              0.298431   slack (MET)


Startpoint: dsa[0]._9_ (rising edge-triggered flip-flop clocked by core_clock)
Endpoint: dsa[1]._9_ (rising edge-triggered flip-flop clocked by core_clock)
Path Group: core_clock
Path Type: min

Fanout         Cap        Slew       Delay        Time   Description
---------------------------------------------------------------------------------------------
                                  0.000000    0.000000   clock core_clock (rise edge)
                                  0.000000    0.000000   clock source latency
     1    0.015155    0.000000    0.000000    0.000000 ^ clk (in)
                                                         clk (net)
                      0.001422    0.000711    0.000711 ^ clkbuf_0_clk/A (sky130_fd_sc_hd__clkbuf_16)
     8    0.085401    0.078773    0.109444    0.110155 ^ clkbuf_0_clk/X (sky130_fd_sc_hd__clkbuf_16)
                                                         clknet_0_clk (net)
                      0.079673    0.006654    0.116809 ^ clkbuf_3_7__f_clk/A (sky130_fd_sc_hd__clkbuf_16)
    10    0.031531    0.039597    0.105255    0.222063 ^ clkbuf_3_7__f_clk/X (sky130_fd_sc_hd__clkbuf_16)
                                                         clknet_3_7__leaf_clk (net)
                      0.039624    0.001603    0.223667 ^ dsa[0]._9_/CLK (sky130_fd_sc_hd__dfrtp_1)
     2    0.008547    0.065697    0.227599    0.451266 ^ dsa[0]._9_/Q (sky130_fd_sc_hd__dfrtp_1)
                                                         dsa[0].y_out (net)
                      0.065698    0.000328    0.451594 ^ dsa[1]._6_/A (sky130_fd_sc_hd__xnor2_1)
     1    0.002608    0.021059    0.042594    0.494188 v dsa[1]._6_/Y (sky130_fd_sc_hd__xnor2_1)
                                                         dsa[1].y_out_next (net)
                      0.021060    0.000191    0.494379 v dsa[1]._9_/D (sky130_fd_sc_hd__dfrtp_1)
                                              0.494379   data arrival time

                                  0.000000    0.000000   clock core_clock (rise edge)
                                  0.000000    0.000000   clock source latency
     1    0.015155    0.000000    0.000000    0.000000 ^ clk (in)
                                                         clk (net)
                      0.001422    0.000711    0.000711 ^ clkbuf_0_clk/A (sky130_fd_sc_hd__clkbuf_16)
     8    0.085401    0.078773    0.109444    0.110155 ^ clkbuf_0_clk/X (sky130_fd_sc_hd__clkbuf_16)
                                                         clknet_0_clk (net)
                      0.079673    0.006654    0.116809 ^ clkbuf_3_7__f_clk/A (sky130_fd_sc_hd__clkbuf_16)
    10    0.031531    0.039597    0.105255    0.222063 ^ clkbuf_3_7__f_clk/X (sky130_fd_sc_hd__clkbuf_16)
                                                         clknet_3_7__leaf_clk (net)
                      0.039620    0.001477    0.223541 ^ dsa[1]._9_/CLK (sky130_fd_sc_hd__dfrtp_1)
                                  0.000000    0.223541   clock reconvergence pessimism
                                 -0.027978    0.195563   library hold time
                                              0.195563   data required time
---------------------------------------------------------------------------------------------
                                              0.195563   data required time
                                             -0.494379   data arrival time
---------------------------------------------------------------------------------------------
                                              0.298816   slack (MET)


Startpoint: dsa[4]._9_ (rising edge-triggered flip-flop clocked by core_clock)
Endpoint: dsa[5]._9_ (rising edge-triggered flip-flop clocked by core_clock)
Path Group: core_clock
Path Type: min

Fanout         Cap        Slew       Delay        Time   Description
---------------------------------------------------------------------------------------------
                                  0.000000    0.000000   clock core_clock (rise edge)
                                  0.000000    0.000000   clock source latency
     1    0.015155    0.000000    0.000000    0.000000 ^ clk (in)
                                                         clk (net)
                      0.001422    0.000711    0.000711 ^ clkbuf_0_clk/A (sky130_fd_sc_hd__clkbuf_16)
     8    0.085401    0.078773    0.109444    0.110155 ^ clkbuf_0_clk/X (sky130_fd_sc_hd__clkbuf_16)
                                                         clknet_0_clk (net)
                      0.080452    0.009044    0.119200 ^ clkbuf_3_5__f_clk/A (sky130_fd_sc_hd__clkbuf_16)
     8    0.031303    0.039459    0.105319    0.224519 ^ clkbuf_3_5__f_clk/X (sky130_fd_sc_hd__clkbuf_16)
                                                         clknet_3_5__leaf_clk (net)
                      0.039472    0.000950    0.225469 ^ dsa[4]._9_/CLK (sky130_fd_sc_hd__dfrtp_1)
     2    0.008599    0.066050    0.227694    0.453163 ^ dsa[4]._9_/Q (sky130_fd_sc_hd__dfrtp_1)
                                                         dsa[4].y_out (net)
                      0.066053    0.000564    0.453727 ^ dsa[5]._6_/A (sky130_fd_sc_hd__xnor2_1)
     1    0.002843    0.022227    0.043694    0.497421 v dsa[5]._6_/Y (sky130_fd_sc_hd__xnor2_1)
                                                         dsa[5].y_out_next (net)
                      0.022228    0.000187    0.497608 v dsa[5]._9_/D (sky130_fd_sc_hd__dfrtp_1)
                                              0.497608   data arrival time

                                  0.000000    0.000000   clock core_clock (rise edge)
                                  0.000000    0.000000   clock source latency
     1    0.015155    0.000000    0.000000    0.000000 ^ clk (in)
                                                         clk (net)
                      0.001422    0.000711    0.000711 ^ clkbuf_0_clk/A (sky130_fd_sc_hd__clkbuf_16)
     8    0.085401    0.078773    0.109444    0.110155 ^ clkbuf_0_clk/X (sky130_fd_sc_hd__clkbuf_16)
                                                         clknet_0_clk (net)
                      0.080452    0.009044    0.119200 ^ clkbuf_3_5__f_clk/A (sky130_fd_sc_hd__clkbuf_16)
     8    0.031303    0.039459    0.105319    0.224519 ^ clkbuf_3_5__f_clk/X (sky130_fd_sc_hd__clkbuf_16)
                                                         clknet_3_5__leaf_clk (net)
                      0.039483    0.001493    0.226012 ^ dsa[5]._9_/CLK (sky130_fd_sc_hd__dfrtp_1)
                                  0.000000    0.226012   clock reconvergence pessimism
                                 -0.028371    0.197641   library hold time
                                              0.197641   data required time
---------------------------------------------------------------------------------------------
                                              0.197641   data required time
                                             -0.497608   data arrival time
---------------------------------------------------------------------------------------------
                                              0.299967   slack (MET)


Startpoint: dsa[15]._9_ (rising edge-triggered flip-flop clocked by core_clock)
Endpoint: dsa[16]._9_ (rising edge-triggered flip-flop clocked by core_clock)
Path Group: core_clock
Path Type: min

Fanout         Cap        Slew       Delay        Time   Description
---------------------------------------------------------------------------------------------
                                  0.000000    0.000000   clock core_clock (rise edge)
                                  0.000000    0.000000   clock source latency
     1    0.015155    0.000000    0.000000    0.000000 ^ clk (in)
                                                         clk (net)
                      0.001422    0.000711    0.000711 ^ clkbuf_0_clk/A (sky130_fd_sc_hd__clkbuf_16)
     8    0.085401    0.078773    0.109444    0.110155 ^ clkbuf_0_clk/X (sky130_fd_sc_hd__clkbuf_16)
                                                         clknet_0_clk (net)
                      0.080339    0.008735    0.118890 ^ clkbuf_3_4__f_clk/A (sky130_fd_sc_hd__clkbuf_16)
     9    0.024233    0.034552    0.100597    0.219487 ^ clkbuf_3_4__f_clk/X (sky130_fd_sc_hd__clkbuf_16)
                                                         clknet_3_4__leaf_clk (net)
                      0.034640    0.001379    0.220866 ^ dsa[15]._9_/CLK (sky130_fd_sc_hd__dfrtp_1)
     2    0.008348    0.064507    0.225012    0.445877 ^ dsa[15]._9_/Q (sky130_fd_sc_hd__dfrtp_1)
                                                         dsa[15].y_out (net)
                      0.064511    0.000565    0.446442 ^ dsa[16]._6_/A (sky130_fd_sc_hd__xnor2_1)
     1    0.003388    0.024091    0.045644    0.492087 v dsa[16]._6_/Y (sky130_fd_sc_hd__xnor2_1)
                                                         dsa[16].y_out_next (net)
                      0.024093    0.000214    0.492300 v dsa[16]._9_/D (sky130_fd_sc_hd__dfrtp_1)
                                              0.492300   data arrival time

                                  0.000000    0.000000   clock core_clock (rise edge)
                                  0.000000    0.000000   clock source latency
     1    0.015155    0.000000    0.000000    0.000000 ^ clk (in)
                                                         clk (net)
                      0.001422    0.000711    0.000711 ^ clkbuf_0_clk/A (sky130_fd_sc_hd__clkbuf_16)
     8    0.085401    0.078773    0.109444    0.110155 ^ clkbuf_0_clk/X (sky130_fd_sc_hd__clkbuf_16)
                                                         clknet_0_clk (net)
                      0.080339    0.008735    0.118890 ^ clkbuf_3_4__f_clk/A (sky130_fd_sc_hd__clkbuf_16)
     9    0.024233    0.034552    0.100597    0.219487 ^ clkbuf_3_4__f_clk/X (sky130_fd_sc_hd__clkbuf_16)
                                                         clknet_3_4__leaf_clk (net)
                      0.034612    0.001122    0.220609 ^ dsa[16]._9_/CLK (sky130_fd_sc_hd__dfrtp_1)
                                  0.000000    0.220609   clock reconvergence pessimism
                                 -0.029457    0.191152   library hold time
                                              0.191152   data required time
---------------------------------------------------------------------------------------------
                                              0.191152   data required time
                                             -0.492300   data arrival time
---------------------------------------------------------------------------------------------
                                              0.301149   slack (MET)


Startpoint: dsa[16]._9_ (rising edge-triggered flip-flop clocked by core_clock)
Endpoint: dsa[17]._9_ (rising edge-triggered flip-flop clocked by core_clock)
Path Group: core_clock
Path Type: min

Fanout         Cap        Slew       Delay        Time   Description
---------------------------------------------------------------------------------------------
                                  0.000000    0.000000   clock core_clock (rise edge)
                                  0.000000    0.000000   clock source latency
     1    0.015155    0.000000    0.000000    0.000000 ^ clk (in)
                                                         clk (net)
                      0.001422    0.000711    0.000711 ^ clkbuf_0_clk/A (sky130_fd_sc_hd__clkbuf_16)
     8    0.085401    0.078773    0.109444    0.110155 ^ clkbuf_0_clk/X (sky130_fd_sc_hd__clkbuf_16)
                                                         clknet_0_clk (net)
                      0.080339    0.008735    0.118890 ^ clkbuf_3_4__f_clk/A (sky130_fd_sc_hd__clkbuf_16)
     9    0.024233    0.034552    0.100597    0.219487 ^ clkbuf_3_4__f_clk/X (sky130_fd_sc_hd__clkbuf_16)
                                                         clknet_3_4__leaf_clk (net)
                      0.034612    0.001122    0.220609 ^ dsa[16]._9_/CLK (sky130_fd_sc_hd__dfrtp_1)
     2    0.009209    0.069769    0.229125    0.449733 ^ dsa[16]._9_/Q (sky130_fd_sc_hd__dfrtp_1)
                                                         dsa[16].y_out (net)
                      0.069774    0.000616    0.450349 ^ dsa[17]._6_/A (sky130_fd_sc_hd__xnor2_1)
     1    0.002639    0.021323    0.043207    0.493556 v dsa[17]._6_/Y (sky130_fd_sc_hd__xnor2_1)
                                                         dsa[17].y_out_next (net)
                      0.021323    0.000181    0.493737 v dsa[17]._9_/D (sky130_fd_sc_hd__dfrtp_1)
                                              0.493737   data arrival time

                                  0.000000    0.000000   clock core_clock (rise edge)
                                  0.000000    0.000000   clock source latency
     1    0.015155    0.000000    0.000000    0.000000 ^ clk (in)
                                                         clk (net)
                      0.001422    0.000711    0.000711 ^ clkbuf_0_clk/A (sky130_fd_sc_hd__clkbuf_16)
     8    0.085401    0.078773    0.109444    0.110155 ^ clkbuf_0_clk/X (sky130_fd_sc_hd__clkbuf_16)
                                                         clknet_0_clk (net)
                      0.080339    0.008735    0.118890 ^ clkbuf_3_4__f_clk/A (sky130_fd_sc_hd__clkbuf_16)
     9    0.024233    0.034552    0.100597    0.219487 ^ clkbuf_3_4__f_clk/X (sky130_fd_sc_hd__clkbuf_16)
                                                         clknet_3_4__leaf_clk (net)
                      0.034612    0.001123    0.220610 ^ dsa[17]._9_/CLK (sky130_fd_sc_hd__dfrtp_1)
                                  0.000000    0.220610   clock reconvergence pessimism
                                 -0.028556    0.192053   library hold time
                                              0.192053   data required time
---------------------------------------------------------------------------------------------
                                              0.192053   data required time
                                             -0.493737   data arrival time
---------------------------------------------------------------------------------------------
                                              0.301684   slack (MET)


Startpoint: dsa[22]._9_ (rising edge-triggered flip-flop clocked by core_clock)
Endpoint: dsa[23]._9_ (rising edge-triggered flip-flop clocked by core_clock)
Path Group: core_clock
Path Type: min

Fanout         Cap        Slew       Delay        Time   Description
---------------------------------------------------------------------------------------------
                                  0.000000    0.000000   clock core_clock (rise edge)
                                  0.000000    0.000000   clock source latency
     1    0.015155    0.000000    0.000000    0.000000 ^ clk (in)
                                                         clk (net)
                      0.001422    0.000711    0.000711 ^ clkbuf_0_clk/A (sky130_fd_sc_hd__clkbuf_16)
     8    0.085401    0.078773    0.109444    0.110155 ^ clkbuf_0_clk/X (sky130_fd_sc_hd__clkbuf_16)
                                                         clknet_0_clk (net)
                      0.079257    0.004947    0.115103 ^ clkbuf_3_3__f_clk/A (sky130_fd_sc_hd__clkbuf_16)
     9    0.028862    0.037813    0.103400    0.218503 ^ clkbuf_3_3__f_clk/X (sky130_fd_sc_hd__clkbuf_16)
                                                         clknet_3_3__leaf_clk (net)
                      0.037870    0.001269    0.219773 ^ dsa[22]._9_/CLK (sky130_fd_sc_hd__dfrtp_1)
     2    0.008902    0.067897    0.228667    0.448439 ^ dsa[22]._9_/Q (sky130_fd_sc_hd__dfrtp_1)
                                                         dsa[22].y_out (net)
                      0.067900    0.000548    0.448987 ^ dsa[23]._6_/A (sky130_fd_sc_hd__xnor2_1)
     1    0.002986    0.022456    0.044518    0.493505 v dsa[23]._6_/Y (sky130_fd_sc_hd__xnor2_1)
                                                         dsa[23].y_out_next (net)
                      0.022456    0.000194    0.493699 v dsa[23]._9_/D (sky130_fd_sc_hd__dfrtp_1)
                                              0.493699   data arrival time

                                  0.000000    0.000000   clock core_clock (rise edge)
                                  0.000000    0.000000   clock source latency
     1    0.015155    0.000000    0.000000    0.000000 ^ clk (in)
                                                         clk (net)
                      0.001422    0.000711    0.000711 ^ clkbuf_0_clk/A (sky130_fd_sc_hd__clkbuf_16)
     8    0.085401    0.078773    0.109444    0.110155 ^ clkbuf_0_clk/X (sky130_fd_sc_hd__clkbuf_16)
                                                         clknet_0_clk (net)
                      0.079257    0.004947    0.115103 ^ clkbuf_3_3__f_clk/A (sky130_fd_sc_hd__clkbuf_16)
     9    0.028862    0.037813    0.103400    0.218503 ^ clkbuf_3_3__f_clk/X (sky130_fd_sc_hd__clkbuf_16)
                                                         clknet_3_3__leaf_clk (net)
                      0.037877    0.001337    0.219840 ^ dsa[23]._9_/CLK (sky130_fd_sc_hd__dfrtp_1)
                                  0.000000    0.219840   clock reconvergence pessimism
                                 -0.028604    0.191236   library hold time
                                              0.191236   data required time
---------------------------------------------------------------------------------------------
                                              0.191236   data required time
                                             -0.493699   data arrival time
---------------------------------------------------------------------------------------------
                                              0.302463   slack (MET)


Startpoint: dsa[3]._9_ (rising edge-triggered flip-flop clocked by core_clock)
Endpoint: dsa[4]._9_ (rising edge-triggered flip-flop clocked by core_clock)
Path Group: core_clock
Path Type: min

Fanout         Cap        Slew       Delay        Time   Description
---------------------------------------------------------------------------------------------
                                  0.000000    0.000000   clock core_clock (rise edge)
                                  0.000000    0.000000   clock source latency
     1    0.015155    0.000000    0.000000    0.000000 ^ clk (in)
                                                         clk (net)
                      0.001422    0.000711    0.000711 ^ clkbuf_0_clk/A (sky130_fd_sc_hd__clkbuf_16)
     8    0.085401    0.078773    0.109444    0.110155 ^ clkbuf_0_clk/X (sky130_fd_sc_hd__clkbuf_16)
                                                         clknet_0_clk (net)
                      0.080452    0.009044    0.119200 ^ clkbuf_3_5__f_clk/A (sky130_fd_sc_hd__clkbuf_16)
     8    0.031303    0.039459    0.105319    0.224519 ^ clkbuf_3_5__f_clk/X (sky130_fd_sc_hd__clkbuf_16)
                                                         clknet_3_5__leaf_clk (net)
                      0.039472    0.000945    0.225464 ^ dsa[3]._9_/CLK (sky130_fd_sc_hd__dfrtp_1)
     2    0.009231    0.069891    0.230794    0.456257 ^ dsa[3]._9_/Q (sky130_fd_sc_hd__dfrtp_1)
                                                         dsa[3].y_out (net)
                      0.069894    0.000513    0.456770 ^ dsa[4]._6_/A (sky130_fd_sc_hd__xnor2_1)
     1    0.002592    0.021754    0.043003    0.499773 v dsa[4]._6_/Y (sky130_fd_sc_hd__xnor2_1)
                                                         dsa[4].y_out_next (net)
                      0.021754    0.000179    0.499952 v dsa[4]._9_/D (sky130_fd_sc_hd__dfrtp_1)
                                              0.499952   data arrival time

                                  0.000000    0.000000   clock core_clock (rise edge)
                                  0.000000    0.000000   clock source latency
     1    0.015155    0.000000    0.000000    0.000000 ^ clk (in)
                                                         clk (net)
                      0.001422    0.000711    0.000711 ^ clkbuf_0_clk/A (sky130_fd_sc_hd__clkbuf_16)
     8    0.085401    0.078773    0.109444    0.110155 ^ clkbuf_0_clk/X (sky130_fd_sc_hd__clkbuf_16)
                                                         clknet_0_clk (net)
                      0.080452    0.009044    0.119200 ^ clkbuf_3_5__f_clk/A (sky130_fd_sc_hd__clkbuf_16)
     8    0.031303    0.039459    0.105319    0.224519 ^ clkbuf_3_5__f_clk/X (sky130_fd_sc_hd__clkbuf_16)
                                                         clknet_3_5__leaf_clk (net)
                      0.039472    0.000950    0.225469 ^ dsa[4]._9_/CLK (sky130_fd_sc_hd__dfrtp_1)
                                  0.000000    0.225469   clock reconvergence pessimism
                                 -0.028218    0.197251   library hold time
                                              0.197251   data required time
---------------------------------------------------------------------------------------------
                                              0.197251   data required time
                                             -0.499952   data arrival time
---------------------------------------------------------------------------------------------
                                              0.302701   slack (MET)


Startpoint: dsa[19]._9_ (rising edge-triggered flip-flop clocked by core_clock)
Endpoint: dsa[20]._9_ (rising edge-triggered flip-flop clocked by core_clock)
Path Group: core_clock
Path Type: min

Fanout         Cap        Slew       Delay        Time   Description
---------------------------------------------------------------------------------------------
                                  0.000000    0.000000   clock core_clock (rise edge)
                                  0.000000    0.000000   clock source latency
     1    0.015155    0.000000    0.000000    0.000000 ^ clk (in)
                                                         clk (net)
                      0.001422    0.000711    0.000711 ^ clkbuf_0_clk/A (sky130_fd_sc_hd__clkbuf_16)
     8    0.085401    0.078773    0.109444    0.110155 ^ clkbuf_0_clk/X (sky130_fd_sc_hd__clkbuf_16)
                                                         clknet_0_clk (net)
                      0.080880    0.010138    0.120293 ^ clkbuf_3_0__f_clk/A (sky130_fd_sc_hd__clkbuf_16)
    10    0.034667    0.041696    0.107307    0.227600 ^ clkbuf_3_0__f_clk/X (sky130_fd_sc_hd__clkbuf_16)
                                                         clknet_3_0__leaf_clk (net)
                      0.041811    0.001911    0.229511 ^ dsa[19]._9_/CLK (sky130_fd_sc_hd__dfrtp_1)
     2    0.009109    0.069177    0.230837    0.460348 ^ dsa[19]._9_/Q (sky130_fd_sc_hd__dfrtp_1)
                                                         dsa[19].y_out (net)
                      0.069182    0.000631    0.460979 ^ dsa[20]._6_/A (sky130_fd_sc_hd__xnor2_1)
     1    0.002583    0.020970    0.042884    0.503864 v dsa[20]._6_/Y (sky130_fd_sc_hd__xnor2_1)
                                                         dsa[20].y_out_next (net)
                      0.020970    0.000176    0.504040 v dsa[20]._9_/D (sky130_fd_sc_hd__dfrtp_1)
                                              0.504040   data arrival time

                                  0.000000    0.000000   clock core_clock (rise edge)
                                  0.000000    0.000000   clock source latency
     1    0.015155    0.000000    0.000000    0.000000 ^ clk (in)
                                                         clk (net)
                      0.001422    0.000711    0.000711 ^ clkbuf_0_clk/A (sky130_fd_sc_hd__clkbuf_16)
     8    0.085401    0.078773    0.109444    0.110155 ^ clkbuf_0_clk/X (sky130_fd_sc_hd__clkbuf_16)
                                                         clknet_0_clk (net)
                      0.080880    0.010138    0.120293 ^ clkbuf_3_0__f_clk/A (sky130_fd_sc_hd__clkbuf_16)
    10    0.034667    0.041696    0.107307    0.227600 ^ clkbuf_3_0__f_clk/X (sky130_fd_sc_hd__clkbuf_16)
                                                         clknet_3_0__leaf_clk (net)
                      0.041758    0.001463    0.229063 ^ dsa[20]._9_/CLK (sky130_fd_sc_hd__dfrtp_1)
                                  0.000000    0.229063   clock reconvergence pessimism
                                 -0.027738    0.201325   library hold time
                                              0.201325   data required time
---------------------------------------------------------------------------------------------
                                              0.201325   data required time
                                             -0.504040   data arrival time
---------------------------------------------------------------------------------------------
                                              0.302715   slack (MET)


Startpoint: dsa[17]._9_ (rising edge-triggered flip-flop clocked by core_clock)
Endpoint: dsa[18]._9_ (rising edge-triggered flip-flop clocked by core_clock)
Path Group: core_clock
Path Type: min

Fanout         Cap        Slew       Delay        Time   Description
---------------------------------------------------------------------------------------------
                                  0.000000    0.000000   clock core_clock (rise edge)
                                  0.000000    0.000000   clock source latency
     1    0.015155    0.000000    0.000000    0.000000 ^ clk (in)
                                                         clk (net)
                      0.001422    0.000711    0.000711 ^ clkbuf_0_clk/A (sky130_fd_sc_hd__clkbuf_16)
     8    0.085401    0.078773    0.109444    0.110155 ^ clkbuf_0_clk/X (sky130_fd_sc_hd__clkbuf_16)
                                                         clknet_0_clk (net)
                      0.080339    0.008735    0.118890 ^ clkbuf_3_4__f_clk/A (sky130_fd_sc_hd__clkbuf_16)
     9    0.024233    0.034552    0.100597    0.219487 ^ clkbuf_3_4__f_clk/X (sky130_fd_sc_hd__clkbuf_16)
                                                         clknet_3_4__leaf_clk (net)
                      0.034612    0.001123    0.220610 ^ dsa[17]._9_/CLK (sky130_fd_sc_hd__dfrtp_1)
     2    0.008684    0.066575    0.226574    0.447184 ^ dsa[17]._9_/Q (sky130_fd_sc_hd__dfrtp_1)
                                                         dsa[17].y_out (net)
                      0.066579    0.000593    0.447777 ^ dsa[18]._6_/A (sky130_fd_sc_hd__xnor2_1)
     1    0.003454    0.024839    0.046165    0.493942 v dsa[18]._6_/Y (sky130_fd_sc_hd__xnor2_1)
                                                         dsa[18].y_out_next (net)
                      0.024841    0.000209    0.494151 v dsa[18]._9_/D (sky130_fd_sc_hd__dfrtp_1)
                                              0.494151   data arrival time

                                  0.000000    0.000000   clock core_clock (rise edge)
                                  0.000000    0.000000   clock source latency
     1    0.015155    0.000000    0.000000    0.000000 ^ clk (in)
                                                         clk (net)
                      0.001422    0.000711    0.000711 ^ clkbuf_0_clk/A (sky130_fd_sc_hd__clkbuf_16)
     8    0.085401    0.078773    0.109444    0.110155 ^ clkbuf_0_clk/X (sky130_fd_sc_hd__clkbuf_16)
                                                         clknet_0_clk (net)
                      0.080339    0.008735    0.118890 ^ clkbuf_3_4__f_clk/A (sky130_fd_sc_hd__clkbuf_16)
     9    0.024233    0.034552    0.100597    0.219487 ^ clkbuf_3_4__f_clk/X (sky130_fd_sc_hd__clkbuf_16)
                                                         clknet_3_4__leaf_clk (net)
                      0.034615    0.001149    0.220636 ^ dsa[18]._9_/CLK (sky130_fd_sc_hd__dfrtp_1)
                                  0.000000    0.220636   clock reconvergence pessimism
                                 -0.029700    0.190936   library hold time
                                              0.190936   data required time
---------------------------------------------------------------------------------------------
                                              0.190936   data required time
                                             -0.494151   data arrival time
---------------------------------------------------------------------------------------------
                                              0.303215   slack (MET)


Startpoint: dsa[13]._9_ (rising edge-triggered flip-flop clocked by core_clock)
Endpoint: dsa[14]._9_ (rising edge-triggered flip-flop clocked by core_clock)
Path Group: core_clock
Path Type: min

Fanout         Cap        Slew       Delay        Time   Description
---------------------------------------------------------------------------------------------
                                  0.000000    0.000000   clock core_clock (rise edge)
                                  0.000000    0.000000   clock source latency
     1    0.015155    0.000000    0.000000    0.000000 ^ clk (in)
                                                         clk (net)
                      0.001422    0.000711    0.000711 ^ clkbuf_0_clk/A (sky130_fd_sc_hd__clkbuf_16)
     8    0.085401    0.078773    0.109444    0.110155 ^ clkbuf_0_clk/X (sky130_fd_sc_hd__clkbuf_16)
                                                         clknet_0_clk (net)
                      0.079257    0.004947    0.115103 ^ clkbuf_3_3__f_clk/A (sky130_fd_sc_hd__clkbuf_16)
     9    0.028862    0.037813    0.103400    0.218503 ^ clkbuf_3_3__f_clk/X (sky130_fd_sc_hd__clkbuf_16)
                                                         clknet_3_3__leaf_clk (net)
                      0.037890    0.001455    0.219958 ^ dsa[13]._9_/CLK (sky130_fd_sc_hd__dfrtp_1)
     2    0.009011    0.068576    0.229147    0.449105 ^ dsa[13]._9_/Q (sky130_fd_sc_hd__dfrtp_1)
                                                         dsa[13].y_out (net)
                      0.068580    0.000627    0.449731 ^ dsa[14]._6_/A (sky130_fd_sc_hd__xnor2_1)
     1    0.003254    0.023870    0.045639    0.495371 v dsa[14]._6_/Y (sky130_fd_sc_hd__xnor2_1)
                                                         dsa[14].y_out_next (net)
                      0.023872    0.000211    0.495582 v dsa[14]._9_/D (sky130_fd_sc_hd__dfrtp_1)
                                              0.495582   data arrival time

                                  0.000000    0.000000   clock core_clock (rise edge)
                                  0.000000    0.000000   clock source latency
     1    0.015155    0.000000    0.000000    0.000000 ^ clk (in)
                                                         clk (net)
                      0.001422    0.000711    0.000711 ^ clkbuf_0_clk/A (sky130_fd_sc_hd__clkbuf_16)
     8    0.085401    0.078773    0.109444    0.110155 ^ clkbuf_0_clk/X (sky130_fd_sc_hd__clkbuf_16)
                                                         clknet_0_clk (net)
                      0.079638    0.006529    0.116684 ^ clkbuf_3_6__f_clk/A (sky130_fd_sc_hd__clkbuf_16)
     8    0.028649    0.037661    0.103372    0.220056 ^ clkbuf_3_6__f_clk/X (sky130_fd_sc_hd__clkbuf_16)
                                                         clknet_3_6__leaf_clk (net)
                      0.037727    0.001341    0.221397 ^ dsa[14]._9_/CLK (sky130_fd_sc_hd__dfrtp_1)
                                  0.000000    0.221397   clock reconvergence pessimism
                                 -0.029079    0.192319   library hold time
                                              0.192319   data required time
---------------------------------------------------------------------------------------------
                                              0.192319   data required time
                                             -0.495582   data arrival time
---------------------------------------------------------------------------------------------
                                              0.303264   slack (MET)


Startpoint: dsa[21]._9_ (rising edge-triggered flip-flop clocked by core_clock)
Endpoint: dsa[22]._9_ (rising edge-triggered flip-flop clocked by core_clock)
Path Group: core_clock
Path Type: min

Fanout         Cap        Slew       Delay        Time   Description
---------------------------------------------------------------------------------------------
                                  0.000000    0.000000   clock core_clock (rise edge)
                                  0.000000    0.000000   clock source latency
     1    0.015155    0.000000    0.000000    0.000000 ^ clk (in)
                                                         clk (net)
                      0.001422    0.000711    0.000711 ^ clkbuf_0_clk/A (sky130_fd_sc_hd__clkbuf_16)
     8    0.085401    0.078773    0.109444    0.110155 ^ clkbuf_0_clk/X (sky130_fd_sc_hd__clkbuf_16)
                                                         clknet_0_clk (net)
                      0.079257    0.004947    0.115103 ^ clkbuf_3_3__f_clk/A (sky130_fd_sc_hd__clkbuf_16)
     9    0.028862    0.037813    0.103400    0.218503 ^ clkbuf_3_3__f_clk/X (sky130_fd_sc_hd__clkbuf_16)
                                                         clknet_3_3__leaf_clk (net)
                      0.037849    0.001050    0.219553 ^ dsa[21]._9_/CLK (sky130_fd_sc_hd__dfrtp_1)
     2    0.008227    0.063751    0.225490    0.445043 ^ dsa[21]._9_/Q (sky130_fd_sc_hd__dfrtp_1)
                                                         dsa[21].y_out (net)
                      0.063753    0.000483    0.445525 ^ dsa[22]._6_/A (sky130_fd_sc_hd__xnor2_1)
     1    0.003935    0.026039    0.047627    0.493152 v dsa[22]._6_/Y (sky130_fd_sc_hd__xnor2_1)
                                                         dsa[22].y_out_next (net)
                      0.026041    0.000245    0.493397 v dsa[22]._9_/D (sky130_fd_sc_hd__dfrtp_1)
                                              0.493397   data arrival time

                                  0.000000    0.000000   clock core_clock (rise edge)
                                  0.000000    0.000000   clock source latency
     1    0.015155    0.000000    0.000000    0.000000 ^ clk (in)
                                                         clk (net)
                      0.001422    0.000711    0.000711 ^ clkbuf_0_clk/A (sky130_fd_sc_hd__clkbuf_16)
     8    0.085401    0.078773    0.109444    0.110155 ^ clkbuf_0_clk/X (sky130_fd_sc_hd__clkbuf_16)
                                                         clknet_0_clk (net)
                      0.079257    0.004947    0.115103 ^ clkbuf_3_3__f_clk/A (sky130_fd_sc_hd__clkbuf_16)
     9    0.028862    0.037813    0.103400    0.218503 ^ clkbuf_3_3__f_clk/X (sky130_fd_sc_hd__clkbuf_16)
                                                         clknet_3_3__leaf_clk (net)
                      0.037870    0.001269    0.219773 ^ dsa[22]._9_/CLK (sky130_fd_sc_hd__dfrtp_1)
                                  0.000000    0.219773   clock reconvergence pessimism
                                 -0.029770    0.190003   library hold time
                                              0.190003   data required time
---------------------------------------------------------------------------------------------
                                              0.190003   data required time
                                             -0.493397   data arrival time
---------------------------------------------------------------------------------------------
                                              0.303394   slack (MET)


Startpoint: dsa[2]._9_ (rising edge-triggered flip-flop clocked by core_clock)
Endpoint: dsa[3]._9_ (rising edge-triggered flip-flop clocked by core_clock)
Path Group: core_clock
Path Type: min

Fanout         Cap        Slew       Delay        Time   Description
---------------------------------------------------------------------------------------------
                                  0.000000    0.000000   clock core_clock (rise edge)
                                  0.000000    0.000000   clock source latency
     1    0.015155    0.000000    0.000000    0.000000 ^ clk (in)
                                                         clk (net)
                      0.001422    0.000711    0.000711 ^ clkbuf_0_clk/A (sky130_fd_sc_hd__clkbuf_16)
     8    0.085401    0.078773    0.109444    0.110155 ^ clkbuf_0_clk/X (sky130_fd_sc_hd__clkbuf_16)
                                                         clknet_0_clk (net)
                      0.079673    0.006654    0.116809 ^ clkbuf_3_7__f_clk/A (sky130_fd_sc_hd__clkbuf_16)
    10    0.031531    0.039597    0.105255    0.222063 ^ clkbuf_3_7__f_clk/X (sky130_fd_sc_hd__clkbuf_16)
                                                         clknet_3_7__leaf_clk (net)
                      0.039615    0.001210    0.223274 ^ dsa[2]._9_/CLK (sky130_fd_sc_hd__dfrtp_1)
     2    0.008848    0.067566    0.228936    0.452210 ^ dsa[2]._9_/Q (sky130_fd_sc_hd__dfrtp_1)
                                                         dsa[2].y_out (net)
                      0.067570    0.000580    0.452790 ^ dsa[3]._6_/A (sky130_fd_sc_hd__xnor2_1)
     1    0.003641    0.024962    0.046981    0.499771 v dsa[3]._6_/Y (sky130_fd_sc_hd__xnor2_1)
                                                         dsa[3].y_out_next (net)
                      0.024966    0.000278    0.500048 v dsa[3]._9_/D (sky130_fd_sc_hd__dfrtp_1)
                                              0.500048   data arrival time

                                  0.000000    0.000000   clock core_clock (rise edge)
                                  0.000000    0.000000   clock source latency
     1    0.015155    0.000000    0.000000    0.000000 ^ clk (in)
                                                         clk (net)
                      0.001422    0.000711    0.000711 ^ clkbuf_0_clk/A (sky130_fd_sc_hd__clkbuf_16)
     8    0.085401    0.078773    0.109444    0.110155 ^ clkbuf_0_clk/X (sky130_fd_sc_hd__clkbuf_16)
                                                         clknet_0_clk (net)
                      0.080452    0.009044    0.119200 ^ clkbuf_3_5__f_clk/A (sky130_fd_sc_hd__clkbuf_16)
     8    0.031303    0.039459    0.105319    0.224519 ^ clkbuf_3_5__f_clk/X (sky130_fd_sc_hd__clkbuf_16)
                                                         clknet_3_5__leaf_clk (net)
                      0.039472    0.000945    0.225464 ^ dsa[3]._9_/CLK (sky130_fd_sc_hd__dfrtp_1)
                                  0.000000    0.225464   clock reconvergence pessimism
                                 -0.029262    0.196201   library hold time
                                              0.196201   data required time
---------------------------------------------------------------------------------------------
                                              0.196201   data required time
                                             -0.500048   data arrival time
---------------------------------------------------------------------------------------------
                                              0.303847   slack (MET)


Startpoint: dsa[24]._9_ (rising edge-triggered flip-flop clocked by core_clock)
Endpoint: dsa[25]._9_ (rising edge-triggered flip-flop clocked by core_clock)
Path Group: core_clock
Path Type: min

Fanout         Cap        Slew       Delay        Time   Description
---------------------------------------------------------------------------------------------
                                  0.000000    0.000000   clock core_clock (rise edge)
                                  0.000000    0.000000   clock source latency
     1    0.015155    0.000000    0.000000    0.000000 ^ clk (in)
                                                         clk (net)
                      0.001422    0.000711    0.000711 ^ clkbuf_0_clk/A (sky130_fd_sc_hd__clkbuf_16)
     8    0.085401    0.078773    0.109444    0.110155 ^ clkbuf_0_clk/X (sky130_fd_sc_hd__clkbuf_16)
                                                         clknet_0_clk (net)
                      0.079257    0.004947    0.115103 ^ clkbuf_3_3__f_clk/A (sky130_fd_sc_hd__clkbuf_16)
     9    0.028862    0.037813    0.103400    0.218503 ^ clkbuf_3_3__f_clk/X (sky130_fd_sc_hd__clkbuf_16)
                                                         clknet_3_3__leaf_clk (net)
                      0.037889    0.001442    0.219945 ^ dsa[24]._9_/CLK (sky130_fd_sc_hd__dfrtp_1)
     2    0.010407    0.076662    0.235957    0.455901 ^ dsa[24]._9_/Q (sky130_fd_sc_hd__dfrtp_1)
                                                         dsa[24].y_out (net)
                      0.076663    0.000450    0.456351 ^ dsa[25]._6_/A (sky130_fd_sc_hd__xnor2_1)
     1    0.002544    0.020947    0.043534    0.499885 v dsa[25]._6_/Y (sky130_fd_sc_hd__xnor2_1)
                                                         dsa[25].y_out_next (net)
                      0.020947    0.000187    0.500072 v dsa[25]._9_/D (sky130_fd_sc_hd__dfrtp_1)
                                              0.500072   data arrival time

                                  0.000000    0.000000   clock core_clock (rise edge)
                                  0.000000    0.000000   clock source latency
     1    0.015155    0.000000    0.000000    0.000000 ^ clk (in)
                                                         clk (net)
                      0.001422    0.000711    0.000711 ^ clkbuf_0_clk/A (sky130_fd_sc_hd__clkbuf_16)
     8    0.085401    0.078773    0.109444    0.110155 ^ clkbuf_0_clk/X (sky130_fd_sc_hd__clkbuf_16)
                                                         clknet_0_clk (net)
                      0.079334    0.005306    0.115461 ^ clkbuf_3_2__f_clk/A (sky130_fd_sc_hd__clkbuf_16)
    10    0.033819    0.041077    0.106363    0.221824 ^ clkbuf_3_2__f_clk/X (sky130_fd_sc_hd__clkbuf_16)
                                                         clknet_3_2__leaf_clk (net)
                      0.041155    0.001746    0.223571 ^ dsa[25]._9_/CLK (sky130_fd_sc_hd__dfrtp_1)
                                  0.000000    0.223571   clock reconvergence pessimism
                                 -0.027790    0.195780   library hold time
                                              0.195780   data required time
---------------------------------------------------------------------------------------------
                                              0.195780   data required time
                                             -0.500072   data arrival time
---------------------------------------------------------------------------------------------
                                              0.304292   slack (MET)


Startpoint: dsa[27]._9_ (rising edge-triggered flip-flop clocked by core_clock)
Endpoint: dsa[28]._9_ (rising edge-triggered flip-flop clocked by core_clock)
Path Group: core_clock
Path Type: min

Fanout         Cap        Slew       Delay        Time   Description
---------------------------------------------------------------------------------------------
                                  0.000000    0.000000   clock core_clock (rise edge)
                                  0.000000    0.000000   clock source latency
     1    0.015155    0.000000    0.000000    0.000000 ^ clk (in)
                                                         clk (net)
                      0.001422    0.000711    0.000711 ^ clkbuf_0_clk/A (sky130_fd_sc_hd__clkbuf_16)
     8    0.085401    0.078773    0.109444    0.110155 ^ clkbuf_0_clk/X (sky130_fd_sc_hd__clkbuf_16)
                                                         clknet_0_clk (net)
                      0.079334    0.005306    0.115461 ^ clkbuf_3_2__f_clk/A (sky130_fd_sc_hd__clkbuf_16)
    10    0.033819    0.041077    0.106363    0.221824 ^ clkbuf_3_2__f_clk/X (sky130_fd_sc_hd__clkbuf_16)
                                                         clknet_3_2__leaf_clk (net)
                      0.041116    0.001437    0.223261 ^ dsa[27]._9_/CLK (sky130_fd_sc_hd__dfrtp_1)
     2    0.009557    0.071939    0.232708    0.455969 ^ dsa[27]._9_/Q (sky130_fd_sc_hd__dfrtp_1)
                                                         dsa[27].y_out (net)
                      0.071943    0.000658    0.456627 ^ dsa[28]._6_/A (sky130_fd_sc_hd__xnor2_1)
     1    0.003647    0.024943    0.047597    0.504224 v dsa[28]._6_/Y (sky130_fd_sc_hd__xnor2_1)
                                                         dsa[28].y_out_next (net)
                      0.024945    0.000245    0.504469 v dsa[28]._9_/D (sky130_fd_sc_hd__dfrtp_1)
                                              0.504469   data arrival time

                                  0.000000    0.000000   clock core_clock (rise edge)
                                  0.000000    0.000000   clock source latency
     1    0.015155    0.000000    0.000000    0.000000 ^ clk (in)
                                                         clk (net)
                      0.001422    0.000711    0.000711 ^ clkbuf_0_clk/A (sky130_fd_sc_hd__clkbuf_16)
     8    0.085401    0.078773    0.109444    0.110155 ^ clkbuf_0_clk/X (sky130_fd_sc_hd__clkbuf_16)
                                                         clknet_0_clk (net)
                      0.080880    0.010138    0.120293 ^ clkbuf_3_0__f_clk/A (sky130_fd_sc_hd__clkbuf_16)
    10    0.034667    0.041696    0.107307    0.227600 ^ clkbuf_3_0__f_clk/X (sky130_fd_sc_hd__clkbuf_16)
                                                         clknet_3_0__leaf_clk (net)
                      0.041761    0.001489    0.229089 ^ dsa[28]._9_/CLK (sky130_fd_sc_hd__dfrtp_1)
                                  0.000000    0.229089   clock reconvergence pessimism
                                 -0.029030    0.200059   library hold time
                                              0.200059   data required time
---------------------------------------------------------------------------------------------
                                              0.200059   data required time
                                             -0.504469   data arrival time
---------------------------------------------------------------------------------------------
                                              0.304410   slack (MET)


Startpoint: dsa[18]._9_ (rising edge-triggered flip-flop clocked by core_clock)
Endpoint: dsa[19]._9_ (rising edge-triggered flip-flop clocked by core_clock)
Path Group: core_clock
Path Type: min

Fanout         Cap        Slew       Delay        Time   Description
---------------------------------------------------------------------------------------------
                                  0.000000    0.000000   clock core_clock (rise edge)
                                  0.000000    0.000000   clock source latency
     1    0.015155    0.000000    0.000000    0.000000 ^ clk (in)
                                                         clk (net)
                      0.001422    0.000711    0.000711 ^ clkbuf_0_clk/A (sky130_fd_sc_hd__clkbuf_16)
     8    0.085401    0.078773    0.109444    0.110155 ^ clkbuf_0_clk/X (sky130_fd_sc_hd__clkbuf_16)
                                                         clknet_0_clk (net)
                      0.080339    0.008735    0.118890 ^ clkbuf_3_4__f_clk/A (sky130_fd_sc_hd__clkbuf_16)
     9    0.024233    0.034552    0.100597    0.219487 ^ clkbuf_3_4__f_clk/X (sky130_fd_sc_hd__clkbuf_16)
                                                         clknet_3_4__leaf_clk (net)
                      0.034615    0.001149    0.220636 ^ dsa[18]._9_/CLK (sky130_fd_sc_hd__dfrtp_1)
     2    0.010787    0.078764    0.236745    0.457381 ^ dsa[18]._9_/Q (sky130_fd_sc_hd__dfrtp_1)
                                                         dsa[18].y_out (net)
                      0.078768    0.000676    0.458056 ^ dsa[19]._6_/A (sky130_fd_sc_hd__xnor2_1)
     1    0.003632    0.025563    0.048463    0.506520 v dsa[19]._6_/Y (sky130_fd_sc_hd__xnor2_1)
                                                         dsa[19].y_out_next (net)
                      0.025563    0.000142    0.506662 v dsa[19]._9_/D (sky130_fd_sc_hd__dfrtp_1)
                                              0.506662   data arrival time

                                  0.000000    0.000000   clock core_clock (rise edge)
                                  0.000000    0.000000   clock source latency
     1    0.015155    0.000000    0.000000    0.000000 ^ clk (in)
                                                         clk (net)
                      0.001422    0.000711    0.000711 ^ clkbuf_0_clk/A (sky130_fd_sc_hd__clkbuf_16)
     8    0.085401    0.078773    0.109444    0.110155 ^ clkbuf_0_clk/X (sky130_fd_sc_hd__clkbuf_16)
                                                         clknet_0_clk (net)
                      0.080880    0.010138    0.120293 ^ clkbuf_3_0__f_clk/A (sky130_fd_sc_hd__clkbuf_16)
    10    0.034667    0.041696    0.107307    0.227600 ^ clkbuf_3_0__f_clk/X (sky130_fd_sc_hd__clkbuf_16)
                                                         clknet_3_0__leaf_clk (net)
                      0.041811    0.001911    0.229511 ^ dsa[19]._9_/CLK (sky130_fd_sc_hd__dfrtp_1)
                                  0.000000    0.229511   clock reconvergence pessimism
                                 -0.029227    0.200285   library hold time
                                              0.200285   data required time
---------------------------------------------------------------------------------------------
                                              0.200285   data required time
                                             -0.506662   data arrival time
---------------------------------------------------------------------------------------------
                                              0.306377   slack (MET)


Startpoint: dsa[23]._9_ (rising edge-triggered flip-flop clocked by core_clock)
Endpoint: dsa[24]._9_ (rising edge-triggered flip-flop clocked by core_clock)
Path Group: core_clock
Path Type: min

Fanout         Cap        Slew       Delay        Time   Description
---------------------------------------------------------------------------------------------
                                  0.000000    0.000000   clock core_clock (rise edge)
                                  0.000000    0.000000   clock source latency
     1    0.015155    0.000000    0.000000    0.000000 ^ clk (in)
                                                         clk (net)
                      0.001422    0.000711    0.000711 ^ clkbuf_0_clk/A (sky130_fd_sc_hd__clkbuf_16)
     8    0.085401    0.078773    0.109444    0.110155 ^ clkbuf_0_clk/X (sky130_fd_sc_hd__clkbuf_16)
                                                         clknet_0_clk (net)
                      0.079257    0.004947    0.115103 ^ clkbuf_3_3__f_clk/A (sky130_fd_sc_hd__clkbuf_16)
     9    0.028862    0.037813    0.103400    0.218503 ^ clkbuf_3_3__f_clk/X (sky130_fd_sc_hd__clkbuf_16)
                                                         clknet_3_3__leaf_clk (net)
                      0.037877    0.001337    0.219840 ^ dsa[23]._9_/CLK (sky130_fd_sc_hd__dfrtp_1)
     2    0.009132    0.069305    0.229755    0.449594 ^ dsa[23]._9_/Q (sky130_fd_sc_hd__dfrtp_1)
                                                         dsa[23].y_out (net)
                      0.069308    0.000579    0.450174 ^ dsa[24]._6_/A (sky130_fd_sc_hd__xnor2_1)
     1    0.003526    0.024754    0.046814    0.496987 v dsa[24]._6_/Y (sky130_fd_sc_hd__xnor2_1)
                                                         dsa[24].y_out_next (net)
                      0.024754    0.000139    0.497126 v dsa[24]._9_/D (sky130_fd_sc_hd__dfrtp_1)
                                              0.497126   data arrival time

                                  0.000000    0.000000   clock core_clock (rise edge)
                                  0.000000    0.000000   clock source latency
     1    0.015155    0.000000    0.000000    0.000000 ^ clk (in)
                                                         clk (net)
                      0.001422    0.000711    0.000711 ^ clkbuf_0_clk/A (sky130_fd_sc_hd__clkbuf_16)
     8    0.085401    0.078773    0.109444    0.110155 ^ clkbuf_0_clk/X (sky130_fd_sc_hd__clkbuf_16)
                                                         clknet_0_clk (net)
                      0.079257    0.004947    0.115103 ^ clkbuf_3_3__f_clk/A (sky130_fd_sc_hd__clkbuf_16)
     9    0.028862    0.037813    0.103400    0.218503 ^ clkbuf_3_3__f_clk/X (sky130_fd_sc_hd__clkbuf_16)
                                                         clknet_3_3__leaf_clk (net)
                      0.037889    0.001442    0.219945 ^ dsa[24]._9_/CLK (sky130_fd_sc_hd__dfrtp_1)
                                  0.000000    0.219945   clock reconvergence pessimism
                                 -0.029349    0.190595   library hold time
                                              0.190595   data required time
---------------------------------------------------------------------------------------------
                                              0.190595   data required time
                                             -0.497126   data arrival time
---------------------------------------------------------------------------------------------
                                              0.306531   slack (MET)


Startpoint: dsa[8]._9_ (rising edge-triggered flip-flop clocked by core_clock)
Endpoint: dsa[9]._9_ (rising edge-triggered flip-flop clocked by core_clock)
Path Group: core_clock
Path Type: min

Fanout         Cap        Slew       Delay        Time   Description
---------------------------------------------------------------------------------------------
                                  0.000000    0.000000   clock core_clock (rise edge)
                                  0.000000    0.000000   clock source latency
     1    0.015155    0.000000    0.000000    0.000000 ^ clk (in)
                                                         clk (net)
                      0.001422    0.000711    0.000711 ^ clkbuf_0_clk/A (sky130_fd_sc_hd__clkbuf_16)
     8    0.085401    0.078773    0.109444    0.110155 ^ clkbuf_0_clk/X (sky130_fd_sc_hd__clkbuf_16)
                                                         clknet_0_clk (net)
                      0.080339    0.008735    0.118890 ^ clkbuf_3_4__f_clk/A (sky130_fd_sc_hd__clkbuf_16)
     9    0.024233    0.034552    0.100597    0.219487 ^ clkbuf_3_4__f_clk/X (sky130_fd_sc_hd__clkbuf_16)
                                                         clknet_3_4__leaf_clk (net)
                      0.034642    0.001397    0.220884 ^ dsa[8]._9_/CLK (sky130_fd_sc_hd__dfrtp_1)
     2    0.009770    0.073197    0.231810    0.452694 ^ dsa[8]._9_/Q (sky130_fd_sc_hd__dfrtp_1)
                                                         dsa[8].y_out (net)
                      0.073202    0.000630    0.453324 ^ dsa[9]._6_/A (sky130_fd_sc_hd__xnor2_1)
     1    0.003614    0.024840    0.047643    0.500967 v dsa[9]._6_/Y (sky130_fd_sc_hd__xnor2_1)
                                                         dsa[9].y_out_next (net)
                      0.024842    0.000221    0.501187 v dsa[9]._9_/D (sky130_fd_sc_hd__dfrtp_1)
                                              0.501187   data arrival time

                                  0.000000    0.000000   clock core_clock (rise edge)
                                  0.000000    0.000000   clock source latency
     1    0.015155    0.000000    0.000000    0.000000 ^ clk (in)
                                                         clk (net)
                      0.001422    0.000711    0.000711 ^ clkbuf_0_clk/A (sky130_fd_sc_hd__clkbuf_16)
     8    0.085401    0.078773    0.109444    0.110155 ^ clkbuf_0_clk/X (sky130_fd_sc_hd__clkbuf_16)
                                                         clknet_0_clk (net)
                      0.079673    0.006654    0.116809 ^ clkbuf_3_7__f_clk/A (sky130_fd_sc_hd__clkbuf_16)
    10    0.031531    0.039597    0.105255    0.222063 ^ clkbuf_3_7__f_clk/X (sky130_fd_sc_hd__clkbuf_16)
                                                         clknet_3_7__leaf_clk (net)
                      0.039614    0.001204    0.223268 ^ dsa[9]._9_/CLK (sky130_fd_sc_hd__dfrtp_1)
                                  0.000000    0.223268   clock reconvergence pessimism
                                 -0.029208    0.194060   library hold time
                                              0.194060   data required time
---------------------------------------------------------------------------------------------
                                              0.194060   data required time
                                             -0.501187   data arrival time
---------------------------------------------------------------------------------------------
                                              0.307128   slack (MET)


Startpoint: dsa[9]._9_ (rising edge-triggered flip-flop clocked by core_clock)
Endpoint: dsa[10]._9_ (rising edge-triggered flip-flop clocked by core_clock)
Path Group: core_clock
Path Type: min

Fanout         Cap        Slew       Delay        Time   Description
---------------------------------------------------------------------------------------------
                                  0.000000    0.000000   clock core_clock (rise edge)
                                  0.000000    0.000000   clock source latency
     1    0.015155    0.000000    0.000000    0.000000 ^ clk (in)
                                                         clk (net)
                      0.001422    0.000711    0.000711 ^ clkbuf_0_clk/A (sky130_fd_sc_hd__clkbuf_16)
     8    0.085401    0.078773    0.109444    0.110155 ^ clkbuf_0_clk/X (sky130_fd_sc_hd__clkbuf_16)
                                                         clknet_0_clk (net)
                      0.079673    0.006654    0.116809 ^ clkbuf_3_7__f_clk/A (sky130_fd_sc_hd__clkbuf_16)
    10    0.031531    0.039597    0.105255    0.222063 ^ clkbuf_3_7__f_clk/X (sky130_fd_sc_hd__clkbuf_16)
                                                         clknet_3_7__leaf_clk (net)
                      0.039614    0.001204    0.223268 ^ dsa[9]._9_/CLK (sky130_fd_sc_hd__dfrtp_1)
     2    0.009558    0.071920    0.232329    0.455596 ^ dsa[9]._9_/Q (sky130_fd_sc_hd__dfrtp_1)
                                                         dsa[10].y_in (net)
                      0.071924    0.000618    0.456214 ^ dsa[10]._6_/A (sky130_fd_sc_hd__xnor2_1)
     1    0.002764    0.021631    0.044012    0.500226 v dsa[10]._6_/Y (sky130_fd_sc_hd__xnor2_1)
                                                         dsa[10].y_out_next (net)
                      0.021631    0.000203    0.500428 v dsa[10]._9_/D (sky130_fd_sc_hd__dfrtp_1)
                                              0.500428   data arrival time

                                  0.000000    0.000000   clock core_clock (rise edge)
                                  0.000000    0.000000   clock source latency
     1    0.015155    0.000000    0.000000    0.000000 ^ clk (in)
                                                         clk (net)
                      0.001422    0.000711    0.000711 ^ clkbuf_0_clk/A (sky130_fd_sc_hd__clkbuf_16)
     8    0.085401    0.078773    0.109444    0.110155 ^ clkbuf_0_clk/X (sky130_fd_sc_hd__clkbuf_16)
                                                         clknet_0_clk (net)
                      0.079638    0.006529    0.116684 ^ clkbuf_3_6__f_clk/A (sky130_fd_sc_hd__clkbuf_16)
     8    0.028649    0.037661    0.103372    0.220056 ^ clkbuf_3_6__f_clk/X (sky130_fd_sc_hd__clkbuf_16)
                                                         clknet_3_6__leaf_clk (net)
                      0.037729    0.001361    0.221417 ^ dsa[10]._9_/CLK (sky130_fd_sc_hd__dfrtp_1)
                                  0.000000    0.221417   clock reconvergence pessimism
                                 -0.028350    0.193067   library hold time
                                              0.193067   data required time
---------------------------------------------------------------------------------------------
                                              0.193067   data required time
                                             -0.500428   data arrival time
---------------------------------------------------------------------------------------------
                                              0.307361   slack (MET)


Startpoint: dsa[30]._9_ (rising edge-triggered flip-flop clocked by core_clock)
Endpoint: dsa[31]._9_ (rising edge-triggered flip-flop clocked by core_clock)
Path Group: core_clock
Path Type: min

Fanout         Cap        Slew       Delay        Time   Description
---------------------------------------------------------------------------------------------
                                  0.000000    0.000000   clock core_clock (rise edge)
                                  0.000000    0.000000   clock source latency
     1    0.015155    0.000000    0.000000    0.000000 ^ clk (in)
                                                         clk (net)
                      0.001422    0.000711    0.000711 ^ clkbuf_0_clk/A (sky130_fd_sc_hd__clkbuf_16)
     8    0.085401    0.078773    0.109444    0.110155 ^ clkbuf_0_clk/X (sky130_fd_sc_hd__clkbuf_16)
                                                         clknet_0_clk (net)
                      0.080859    0.010088    0.120243 ^ clkbuf_3_1__f_clk/A (sky130_fd_sc_hd__clkbuf_16)
     7    0.026037    0.035824    0.101952    0.222195 ^ clkbuf_3_1__f_clk/X (sky130_fd_sc_hd__clkbuf_16)
                                                         clknet_3_1__leaf_clk (net)
                      0.035883    0.001226    0.223421 ^ dsa[30]._9_/CLK (sky130_fd_sc_hd__dfrtp_1)
     2    0.009334    0.070539    0.230111    0.453532 ^ dsa[30]._9_/Q (sky130_fd_sc_hd__dfrtp_1)
                                                         dsa[30].y_out (net)
                      0.070543    0.000617    0.454149 ^ dsa[31]._6_/A (sky130_fd_sc_hd__xnor2_1)
     1    0.004828    0.029697    0.052007    0.506156 v dsa[31]._6_/Y (sky130_fd_sc_hd__xnor2_1)
                                                         dsa[31].y_out_next (net)
                      0.029715    0.000333    0.506489 v dsa[31]._9_/D (sky130_fd_sc_hd__dfrtp_1)
                                              0.506489   data arrival time

                                  0.000000    0.000000   clock core_clock (rise edge)
                                  0.000000    0.000000   clock source latency
     1    0.015155    0.000000    0.000000    0.000000 ^ clk (in)
                                                         clk (net)
                      0.001422    0.000711    0.000711 ^ clkbuf_0_clk/A (sky130_fd_sc_hd__clkbuf_16)
     8    0.085401    0.078773    0.109444    0.110155 ^ clkbuf_0_clk/X (sky130_fd_sc_hd__clkbuf_16)
                                                         clknet_0_clk (net)
                      0.080880    0.010138    0.120293 ^ clkbuf_3_0__f_clk/A (sky130_fd_sc_hd__clkbuf_16)
    10    0.034667    0.041696    0.107307    0.227600 ^ clkbuf_3_0__f_clk/X (sky130_fd_sc_hd__clkbuf_16)
                                                         clknet_3_0__leaf_clk (net)
                      0.041796    0.001787    0.229387 ^ dsa[31]._9_/CLK (sky130_fd_sc_hd__dfrtp_1)
                                  0.000000    0.229387   clock reconvergence pessimism
                                 -0.030578    0.198809   library hold time
                                              0.198809   data required time
---------------------------------------------------------------------------------------------
                                              0.198809   data required time
                                             -0.506489   data arrival time
---------------------------------------------------------------------------------------------
                                              0.307680   slack (MET)


Startpoint: dsa[7]._9_ (rising edge-triggered flip-flop clocked by core_clock)
Endpoint: dsa[8]._9_ (rising edge-triggered flip-flop clocked by core_clock)
Path Group: core_clock
Path Type: min

Fanout         Cap        Slew       Delay        Time   Description
---------------------------------------------------------------------------------------------
                                  0.000000    0.000000   clock core_clock (rise edge)
                                  0.000000    0.000000   clock source latency
     1    0.015155    0.000000    0.000000    0.000000 ^ clk (in)
                                                         clk (net)
                      0.001422    0.000711    0.000711 ^ clkbuf_0_clk/A (sky130_fd_sc_hd__clkbuf_16)
     8    0.085401    0.078773    0.109444    0.110155 ^ clkbuf_0_clk/X (sky130_fd_sc_hd__clkbuf_16)
                                                         clknet_0_clk (net)
                      0.080339    0.008735    0.118890 ^ clkbuf_3_4__f_clk/A (sky130_fd_sc_hd__clkbuf_16)
     9    0.024233    0.034552    0.100597    0.219487 ^ clkbuf_3_4__f_clk/X (sky130_fd_sc_hd__clkbuf_16)
                                                         clknet_3_4__leaf_clk (net)
                      0.034609    0.001093    0.220580 ^ dsa[7]._9_/CLK (sky130_fd_sc_hd__dfrtp_1)
     2    0.010739    0.078483    0.236491    0.457071 ^ dsa[7]._9_/Q (sky130_fd_sc_hd__dfrtp_1)
                                                         dsa[7].y_out (net)
                      0.078487    0.000661    0.457731 ^ dsa[8]._6_/A (sky130_fd_sc_hd__xnor2_1)
     1    0.002366    0.020528    0.042895    0.500626 v dsa[8]._6_/Y (sky130_fd_sc_hd__xnor2_1)
                                                         dsa[8].y_out_next (net)
                      0.020529    0.000171    0.500797 v dsa[8]._9_/D (sky130_fd_sc_hd__dfrtp_1)
                                              0.500797   data arrival time

                                  0.000000    0.000000   clock core_clock (rise edge)
                                  0.000000    0.000000   clock source latency
     1    0.015155    0.000000    0.000000    0.000000 ^ clk (in)
                                                         clk (net)
                      0.001422    0.000711    0.000711 ^ clkbuf_0_clk/A (sky130_fd_sc_hd__clkbuf_16)
     8    0.085401    0.078773    0.109444    0.110155 ^ clkbuf_0_clk/X (sky130_fd_sc_hd__clkbuf_16)
                                                         clknet_0_clk (net)
                      0.080339    0.008735    0.118890 ^ clkbuf_3_4__f_clk/A (sky130_fd_sc_hd__clkbuf_16)
     9    0.024233    0.034552    0.100597    0.219487 ^ clkbuf_3_4__f_clk/X (sky130_fd_sc_hd__clkbuf_16)
                                                         clknet_3_4__leaf_clk (net)
                      0.034642    0.001397    0.220884 ^ dsa[8]._9_/CLK (sky130_fd_sc_hd__dfrtp_1)
                                  0.000000    0.220884   clock reconvergence pessimism
                                 -0.028295    0.192589   library hold time
                                              0.192589   data required time
---------------------------------------------------------------------------------------------
                                              0.192589   data required time
                                             -0.500797   data arrival time
---------------------------------------------------------------------------------------------
                                              0.308208   slack (MET)


Startpoint: dsa[28]._9_ (rising edge-triggered flip-flop clocked by core_clock)
Endpoint: dsa[29]._9_ (rising edge-triggered flip-flop clocked by core_clock)
Path Group: core_clock
Path Type: min

Fanout         Cap        Slew       Delay        Time   Description
---------------------------------------------------------------------------------------------
                                  0.000000    0.000000   clock core_clock (rise edge)
                                  0.000000    0.000000   clock source latency
     1    0.015155    0.000000    0.000000    0.000000 ^ clk (in)
                                                         clk (net)
                      0.001422    0.000711    0.000711 ^ clkbuf_0_clk/A (sky130_fd_sc_hd__clkbuf_16)
     8    0.085401    0.078773    0.109444    0.110155 ^ clkbuf_0_clk/X (sky130_fd_sc_hd__clkbuf_16)
                                                         clknet_0_clk (net)
                      0.080880    0.010138    0.120293 ^ clkbuf_3_0__f_clk/A (sky130_fd_sc_hd__clkbuf_16)
    10    0.034667    0.041696    0.107307    0.227600 ^ clkbuf_3_0__f_clk/X (sky130_fd_sc_hd__clkbuf_16)
                                                         clknet_3_0__leaf_clk (net)
                      0.041761    0.001489    0.229089 ^ dsa[28]._9_/CLK (sky130_fd_sc_hd__dfrtp_1)
     2    0.008632    0.066266    0.228520    0.457609 ^ dsa[28]._9_/Q (sky130_fd_sc_hd__dfrtp_1)
                                                         dsa[28].y_out (net)
                      0.066270    0.000596    0.458205 ^ dsa[29]._6_/A (sky130_fd_sc_hd__xnor2_1)
     1    0.003099    0.022822    0.044774    0.502978 v dsa[29]._6_/Y (sky130_fd_sc_hd__xnor2_1)
                                                         dsa[29].y_out_next (net)
                      0.022825    0.000130    0.503108 v dsa[29]._9_/D (sky130_fd_sc_hd__dfrtp_1)
                                              0.503108   data arrival time

                                  0.000000    0.000000   clock core_clock (rise edge)
                                  0.000000    0.000000   clock source latency
     1    0.015155    0.000000    0.000000    0.000000 ^ clk (in)
                                                         clk (net)
                      0.001422    0.000711    0.000711 ^ clkbuf_0_clk/A (sky130_fd_sc_hd__clkbuf_16)
     8    0.085401    0.078773    0.109444    0.110155 ^ clkbuf_0_clk/X (sky130_fd_sc_hd__clkbuf_16)
                                                         clknet_0_clk (net)
                      0.080859    0.010088    0.120243 ^ clkbuf_3_1__f_clk/A (sky130_fd_sc_hd__clkbuf_16)
     7    0.026037    0.035824    0.101952    0.222195 ^ clkbuf_3_1__f_clk/X (sky130_fd_sc_hd__clkbuf_16)
                                                         clknet_3_1__leaf_clk (net)
                      0.035886    0.001255    0.223450 ^ dsa[29]._9_/CLK (sky130_fd_sc_hd__dfrtp_1)
                                  0.000000    0.223450   clock reconvergence pessimism
                                 -0.028919    0.194531   library hold time
                                              0.194531   data required time
---------------------------------------------------------------------------------------------
                                              0.194531   data required time
                                             -0.503108   data arrival time
---------------------------------------------------------------------------------------------
                                              0.308577   slack (MET)


Startpoint: dsa[12]._9_ (rising edge-triggered flip-flop clocked by core_clock)
Endpoint: dsa[13]._9_ (rising edge-triggered flip-flop clocked by core_clock)
Path Group: core_clock
Path Type: min

Fanout         Cap        Slew       Delay        Time   Description
---------------------------------------------------------------------------------------------
                                  0.000000    0.000000   clock core_clock (rise edge)
                                  0.000000    0.000000   clock source latency
     1    0.015155    0.000000    0.000000    0.000000 ^ clk (in)
                                                         clk (net)
                      0.001422    0.000711    0.000711 ^ clkbuf_0_clk/A (sky130_fd_sc_hd__clkbuf_16)
     8    0.085401    0.078773    0.109444    0.110155 ^ clkbuf_0_clk/X (sky130_fd_sc_hd__clkbuf_16)
                                                         clknet_0_clk (net)
                      0.079673    0.006654    0.116809 ^ clkbuf_3_7__f_clk/A (sky130_fd_sc_hd__clkbuf_16)
    10    0.031531    0.039597    0.105255    0.222063 ^ clkbuf_3_7__f_clk/X (sky130_fd_sc_hd__clkbuf_16)
                                                         clknet_3_7__leaf_clk (net)
                      0.039651    0.001888    0.223951 ^ dsa[12]._9_/CLK (sky130_fd_sc_hd__dfrtp_1)
     2    0.009811    0.073396    0.233637    0.457589 ^ dsa[12]._9_/Q (sky130_fd_sc_hd__dfrtp_1)
                                                         dsa[12].y_out (net)
                      0.073398    0.000457    0.458046 ^ dsa[13]._6_/A (sky130_fd_sc_hd__xnor2_1)
     1    0.002488    0.020862    0.042917    0.500963 v dsa[13]._6_/Y (sky130_fd_sc_hd__xnor2_1)
                                                         dsa[13].y_out_next (net)
                      0.020862    0.000173    0.501136 v dsa[13]._9_/D (sky130_fd_sc_hd__dfrtp_1)
                                              0.501136   data arrival time

                                  0.000000    0.000000   clock core_clock (rise edge)
                                  0.000000    0.000000   clock source latency
     1    0.015155    0.000000    0.000000    0.000000 ^ clk (in)
                                                         clk (net)
                      0.001422    0.000711    0.000711 ^ clkbuf_0_clk/A (sky130_fd_sc_hd__clkbuf_16)
     8    0.085401    0.078773    0.109444    0.110155 ^ clkbuf_0_clk/X (sky130_fd_sc_hd__clkbuf_16)
                                                         clknet_0_clk (net)
                      0.079257    0.004947    0.115103 ^ clkbuf_3_3__f_clk/A (sky130_fd_sc_hd__clkbuf_16)
     9    0.028862    0.037813    0.103400    0.218503 ^ clkbuf_3_3__f_clk/X (sky130_fd_sc_hd__clkbuf_16)
                                                         clknet_3_3__leaf_clk (net)
                      0.037890    0.001455    0.219958 ^ dsa[13]._9_/CLK (sky130_fd_sc_hd__dfrtp_1)
                                  0.000000    0.219958   clock reconvergence pessimism
                                 -0.028084    0.191874   library hold time
                                              0.191874   data required time
---------------------------------------------------------------------------------------------
                                              0.191874   data required time
                                             -0.501136   data arrival time
---------------------------------------------------------------------------------------------
                                              0.309262   slack (MET)


Startpoint: dsa[30]._9_ (rising edge-triggered flip-flop clocked by core_clock)
Endpoint: dsa[31]._8_ (rising edge-triggered flip-flop clocked by core_clock)
Path Group: core_clock
Path Type: min

Fanout         Cap        Slew       Delay        Time   Description
---------------------------------------------------------------------------------------------
                                  0.000000    0.000000   clock core_clock (rise edge)
                                  0.000000    0.000000   clock source latency
     1    0.015155    0.000000    0.000000    0.000000 ^ clk (in)
                                                         clk (net)
                      0.001422    0.000711    0.000711 ^ clkbuf_0_clk/A (sky130_fd_sc_hd__clkbuf_16)
     8    0.085401    0.078773    0.109444    0.110155 ^ clkbuf_0_clk/X (sky130_fd_sc_hd__clkbuf_16)
                                                         clknet_0_clk (net)
                      0.080859    0.010088    0.120243 ^ clkbuf_3_1__f_clk/A (sky130_fd_sc_hd__clkbuf_16)
     7    0.026037    0.035824    0.101952    0.222195 ^ clkbuf_3_1__f_clk/X (sky130_fd_sc_hd__clkbuf_16)
                                                         clknet_3_1__leaf_clk (net)
                      0.035883    0.001226    0.223421 ^ dsa[30]._9_/CLK (sky130_fd_sc_hd__dfrtp_1)
     2    0.009334    0.070539    0.230111    0.453532 ^ dsa[30]._9_/Q (sky130_fd_sc_hd__dfrtp_1)
                                                         dsa[30].y_out (net)
                      0.070542    0.000531    0.454063 ^ dsa[31]._7_/A1 (sky130_fd_sc_hd__a21bo_1)
     1    0.002591    0.023723    0.065880    0.519943 ^ dsa[31]._7_/X (sky130_fd_sc_hd__a21bo_1)
                                                         dsa[31].last_carry_next (net)
                      0.023736    0.000189    0.520133 ^ dsa[31]._8_/D (sky130_fd_sc_hd__dfrtp_1)
                                              0.520133   data arrival time

                                  0.000000    0.000000   clock core_clock (rise edge)
                                  0.000000    0.000000   clock source latency
     1    0.015155    0.000000    0.000000    0.000000 ^ clk (in)
                                                         clk (net)
                      0.001422    0.000711    0.000711 ^ clkbuf_0_clk/A (sky130_fd_sc_hd__clkbuf_16)
     8    0.085401    0.078773    0.109444    0.110155 ^ clkbuf_0_clk/X (sky130_fd_sc_hd__clkbuf_16)
                                                         clknet_0_clk (net)
                      0.080880    0.010138    0.120293 ^ clkbuf_3_0__f_clk/A (sky130_fd_sc_hd__clkbuf_16)
    10    0.034667    0.041696    0.107307    0.227600 ^ clkbuf_3_0__f_clk/X (sky130_fd_sc_hd__clkbuf_16)
                                                         clknet_3_0__leaf_clk (net)
                      0.041839    0.002129    0.229729 ^ dsa[31]._8_/CLK (sky130_fd_sc_hd__dfrtp_1)
                                  0.000000    0.229729   clock reconvergence pessimism
                                 -0.018956    0.210772   library hold time
                                              0.210772   data required time
---------------------------------------------------------------------------------------------
                                              0.210772   data required time
                                             -0.520133   data arrival time
---------------------------------------------------------------------------------------------
                                              0.309361   slack (MET)


Startpoint: dsa[1]._9_ (rising edge-triggered flip-flop clocked by core_clock)
Endpoint: dsa[2]._9_ (rising edge-triggered flip-flop clocked by core_clock)
Path Group: core_clock
Path Type: min

Fanout         Cap        Slew       Delay        Time   Description
---------------------------------------------------------------------------------------------
                                  0.000000    0.000000   clock core_clock (rise edge)
                                  0.000000    0.000000   clock source latency
     1    0.015155    0.000000    0.000000    0.000000 ^ clk (in)
                                                         clk (net)
                      0.001422    0.000711    0.000711 ^ clkbuf_0_clk/A (sky130_fd_sc_hd__clkbuf_16)
     8    0.085401    0.078773    0.109444    0.110155 ^ clkbuf_0_clk/X (sky130_fd_sc_hd__clkbuf_16)
                                                         clknet_0_clk (net)
                      0.079673    0.006654    0.116809 ^ clkbuf_3_7__f_clk/A (sky130_fd_sc_hd__clkbuf_16)
    10    0.031531    0.039597    0.105255    0.222063 ^ clkbuf_3_7__f_clk/X (sky130_fd_sc_hd__clkbuf_16)
                                                         clknet_3_7__leaf_clk (net)
                      0.039620    0.001477    0.223541 ^ dsa[1]._9_/CLK (sky130_fd_sc_hd__dfrtp_1)
     2    0.009904    0.073949    0.233945    0.457486 ^ dsa[1]._9_/Q (sky130_fd_sc_hd__dfrtp_1)
                                                         dsa[1].y_out (net)
                      0.073954    0.000686    0.458172 ^ dsa[2]._6_/A (sky130_fd_sc_hd__xnor2_1)
     1    0.003216    0.023805    0.046156    0.504328 v dsa[2]._6_/Y (sky130_fd_sc_hd__xnor2_1)
                                                         dsa[2].y_out_next (net)
                      0.023814    0.000222    0.504550 v dsa[2]._9_/D (sky130_fd_sc_hd__dfrtp_1)
                                              0.504550   data arrival time

                                  0.000000    0.000000   clock core_clock (rise edge)
                                  0.000000    0.000000   clock source latency
     1    0.015155    0.000000    0.000000    0.000000 ^ clk (in)
                                                         clk (net)
                      0.001422    0.000711    0.000711 ^ clkbuf_0_clk/A (sky130_fd_sc_hd__clkbuf_16)
     8    0.085401    0.078773    0.109444    0.110155 ^ clkbuf_0_clk/X (sky130_fd_sc_hd__clkbuf_16)
                                                         clknet_0_clk (net)
                      0.079673    0.006654    0.116809 ^ clkbuf_3_7__f_clk/A (sky130_fd_sc_hd__clkbuf_16)
    10    0.031531    0.039597    0.105255    0.222063 ^ clkbuf_3_7__f_clk/X (sky130_fd_sc_hd__clkbuf_16)
                                                         clknet_3_7__leaf_clk (net)
                      0.039615    0.001210    0.223274 ^ dsa[2]._9_/CLK (sky130_fd_sc_hd__dfrtp_1)
                                  0.000000    0.223274   clock reconvergence pessimism
                                 -0.028874    0.194400   library hold time
                                              0.194400   data required time
---------------------------------------------------------------------------------------------
                                              0.194400   data required time
                                             -0.504550   data arrival time
---------------------------------------------------------------------------------------------
                                              0.310150   slack (MET)


Startpoint: dsa[15]._9_ (rising edge-triggered flip-flop clocked by core_clock)
Endpoint: dsa[16]._8_ (rising edge-triggered flip-flop clocked by core_clock)
Path Group: core_clock
Path Type: min

Fanout         Cap        Slew       Delay        Time   Description
---------------------------------------------------------------------------------------------
                                  0.000000    0.000000   clock core_clock (rise edge)
                                  0.000000    0.000000   clock source latency
     1    0.015155    0.000000    0.000000    0.000000 ^ clk (in)
                                                         clk (net)
                      0.001422    0.000711    0.000711 ^ clkbuf_0_clk/A (sky130_fd_sc_hd__clkbuf_16)
     8    0.085401    0.078773    0.109444    0.110155 ^ clkbuf_0_clk/X (sky130_fd_sc_hd__clkbuf_16)
                                                         clknet_0_clk (net)
                      0.080339    0.008735    0.118890 ^ clkbuf_3_4__f_clk/A (sky130_fd_sc_hd__clkbuf_16)
     9    0.024233    0.034552    0.100597    0.219487 ^ clkbuf_3_4__f_clk/X (sky130_fd_sc_hd__clkbuf_16)
                                                         clknet_3_4__leaf_clk (net)
                      0.034640    0.001379    0.220866 ^ dsa[15]._9_/CLK (sky130_fd_sc_hd__dfrtp_1)
     2    0.008348    0.064507    0.225012    0.445877 ^ dsa[15]._9_/Q (sky130_fd_sc_hd__dfrtp_1)
                                                         dsa[15].y_out (net)
                      0.064510    0.000533    0.446410 ^ dsa[16]._7_/A1 (sky130_fd_sc_hd__a21bo_1)
     1    0.003177    0.027042    0.067838    0.514248 ^ dsa[16]._7_/X (sky130_fd_sc_hd__a21bo_1)
                                                         dsa[16].last_carry_next (net)
                      0.027042    0.000131    0.514379 ^ dsa[16]._8_/D (sky130_fd_sc_hd__dfrtp_1)
                                              0.514379   data arrival time

                                  0.000000    0.000000   clock core_clock (rise edge)
                                  0.000000    0.000000   clock source latency
     1    0.015155    0.000000    0.000000    0.000000 ^ clk (in)
                                                         clk (net)
                      0.001422    0.000711    0.000711 ^ clkbuf_0_clk/A (sky130_fd_sc_hd__clkbuf_16)
     8    0.085401    0.078773    0.109444    0.110155 ^ clkbuf_0_clk/X (sky130_fd_sc_hd__clkbuf_16)
                                                         clknet_0_clk (net)
                      0.080859    0.010088    0.120243 ^ clkbuf_3_1__f_clk/A (sky130_fd_sc_hd__clkbuf_16)
     7    0.026037    0.035824    0.101952    0.222195 ^ clkbuf_3_1__f_clk/X (sky130_fd_sc_hd__clkbuf_16)
                                                         clknet_3_1__leaf_clk (net)
                      0.035886    0.001255    0.223450 ^ dsa[16]._8_/CLK (sky130_fd_sc_hd__dfrtp_1)
                                  0.000000    0.223450   clock reconvergence pessimism
                                 -0.019363    0.204087   library hold time
                                              0.204087   data required time
---------------------------------------------------------------------------------------------
                                              0.204087   data required time
                                             -0.514379   data arrival time
---------------------------------------------------------------------------------------------
                                              0.310292   slack (MET)


Startpoint: dsa[29]._9_ (rising edge-triggered flip-flop clocked by core_clock)
Endpoint: dsa[30]._9_ (rising edge-triggered flip-flop clocked by core_clock)
Path Group: core_clock
Path Type: min

Fanout         Cap        Slew       Delay        Time   Description
---------------------------------------------------------------------------------------------
                                  0.000000    0.000000   clock core_clock (rise edge)
                                  0.000000    0.000000   clock source latency
     1    0.015155    0.000000    0.000000    0.000000 ^ clk (in)
                                                         clk (net)
                      0.001422    0.000711    0.000711 ^ clkbuf_0_clk/A (sky130_fd_sc_hd__clkbuf_16)
     8    0.085401    0.078773    0.109444    0.110155 ^ clkbuf_0_clk/X (sky130_fd_sc_hd__clkbuf_16)
                                                         clknet_0_clk (net)
                      0.080859    0.010088    0.120243 ^ clkbuf_3_1__f_clk/A (sky130_fd_sc_hd__clkbuf_16)
     7    0.026037    0.035824    0.101952    0.222195 ^ clkbuf_3_1__f_clk/X (sky130_fd_sc_hd__clkbuf_16)
                                                         clknet_3_1__leaf_clk (net)
                      0.035886    0.001255    0.223450 ^ dsa[29]._9_/CLK (sky130_fd_sc_hd__dfrtp_1)
     2    0.009632    0.072368    0.231536    0.454987 ^ dsa[29]._9_/Q (sky130_fd_sc_hd__dfrtp_1)
                                                         dsa[29].y_out (net)
                      0.072372    0.000612    0.455598 ^ dsa[30]._6_/A (sky130_fd_sc_hd__xnor2_1)
     1    0.003859    0.025798    0.048480    0.504079 v dsa[30]._6_/Y (sky130_fd_sc_hd__xnor2_1)
                                                         dsa[30].y_out_next (net)
                      0.025800    0.000261    0.504340 v dsa[30]._9_/D (sky130_fd_sc_hd__dfrtp_1)
                                              0.504340   data arrival time

                                  0.000000    0.000000   clock core_clock (rise edge)
                                  0.000000    0.000000   clock source latency
     1    0.015155    0.000000    0.000000    0.000000 ^ clk (in)
                                                         clk (net)
                      0.001422    0.000711    0.000711 ^ clkbuf_0_clk/A (sky130_fd_sc_hd__clkbuf_16)
     8    0.085401    0.078773    0.109444    0.110155 ^ clkbuf_0_clk/X (sky130_fd_sc_hd__clkbuf_16)
                                                         clknet_0_clk (net)
                      0.080859    0.010088    0.120243 ^ clkbuf_3_1__f_clk/A (sky130_fd_sc_hd__clkbuf_16)
     7    0.026037    0.035824    0.101952    0.222195 ^ clkbuf_3_1__f_clk/X (sky130_fd_sc_hd__clkbuf_16)
                                                         clknet_3_1__leaf_clk (net)
                      0.035883    0.001226    0.223421 ^ dsa[30]._9_/CLK (sky130_fd_sc_hd__dfrtp_1)
                                  0.000000    0.223421   clock reconvergence pessimism
                                 -0.029887    0.193534   library hold time
                                              0.193534   data required time
---------------------------------------------------------------------------------------------
                                              0.193534   data required time
                                             -0.504340   data arrival time
---------------------------------------------------------------------------------------------
                                              0.310806   slack (MET)


Startpoint: dsa[16]._9_ (rising edge-triggered flip-flop clocked by core_clock)
Endpoint: dsa[17]._8_ (rising edge-triggered flip-flop clocked by core_clock)
Path Group: core_clock
Path Type: min

Fanout         Cap        Slew       Delay        Time   Description
---------------------------------------------------------------------------------------------
                                  0.000000    0.000000   clock core_clock (rise edge)
                                  0.000000    0.000000   clock source latency
     1    0.015155    0.000000    0.000000    0.000000 ^ clk (in)
                                                         clk (net)
                      0.001422    0.000711    0.000711 ^ clkbuf_0_clk/A (sky130_fd_sc_hd__clkbuf_16)
     8    0.085401    0.078773    0.109444    0.110155 ^ clkbuf_0_clk/X (sky130_fd_sc_hd__clkbuf_16)
                                                         clknet_0_clk (net)
                      0.080339    0.008735    0.118890 ^ clkbuf_3_4__f_clk/A (sky130_fd_sc_hd__clkbuf_16)
     9    0.024233    0.034552    0.100597    0.219487 ^ clkbuf_3_4__f_clk/X (sky130_fd_sc_hd__clkbuf_16)
                                                         clknet_3_4__leaf_clk (net)
                      0.034612    0.001122    0.220609 ^ dsa[16]._9_/CLK (sky130_fd_sc_hd__dfrtp_1)
     2    0.009209    0.069769    0.229125    0.449733 ^ dsa[16]._9_/Q (sky130_fd_sc_hd__dfrtp_1)
                                                         dsa[16].y_out (net)
                      0.069772    0.000487    0.450221 ^ dsa[17]._7_/A1 (sky130_fd_sc_hd__a21bo_1)
     1    0.002400    0.022667    0.064902    0.515123 ^ dsa[17]._7_/X (sky130_fd_sc_hd__a21bo_1)
                                                         dsa[17].last_carry_next (net)
                      0.022667    0.000170    0.515293 ^ dsa[17]._8_/D (sky130_fd_sc_hd__dfrtp_1)
                                              0.515293   data arrival time

                                  0.000000    0.000000   clock core_clock (rise edge)
                                  0.000000    0.000000   clock source latency
     1    0.015155    0.000000    0.000000    0.000000 ^ clk (in)
                                                         clk (net)
                      0.001422    0.000711    0.000711 ^ clkbuf_0_clk/A (sky130_fd_sc_hd__clkbuf_16)
     8    0.085401    0.078773    0.109444    0.110155 ^ clkbuf_0_clk/X (sky130_fd_sc_hd__clkbuf_16)
                                                         clknet_0_clk (net)
                      0.080859    0.010088    0.120243 ^ clkbuf_3_1__f_clk/A (sky130_fd_sc_hd__clkbuf_16)
     7    0.026037    0.035824    0.101952    0.222195 ^ clkbuf_3_1__f_clk/X (sky130_fd_sc_hd__clkbuf_16)
                                                         clknet_3_1__leaf_clk (net)
                      0.035892    0.001307    0.223503 ^ dsa[17]._8_/CLK (sky130_fd_sc_hd__dfrtp_1)
                                  0.000000    0.223503   clock reconvergence pessimism
                                 -0.019032    0.204470   library hold time
                                              0.204470   data required time
---------------------------------------------------------------------------------------------
                                              0.204470   data required time
                                             -0.515293   data arrival time
---------------------------------------------------------------------------------------------
                                              0.310823   slack (MET)


Startpoint: dsa[21]._9_ (rising edge-triggered flip-flop clocked by core_clock)
Endpoint: dsa[22]._8_ (rising edge-triggered flip-flop clocked by core_clock)
Path Group: core_clock
Path Type: min

Fanout         Cap        Slew       Delay        Time   Description
---------------------------------------------------------------------------------------------
                                  0.000000    0.000000   clock core_clock (rise edge)
                                  0.000000    0.000000   clock source latency
     1    0.015155    0.000000    0.000000    0.000000 ^ clk (in)
                                                         clk (net)
                      0.001422    0.000711    0.000711 ^ clkbuf_0_clk/A (sky130_fd_sc_hd__clkbuf_16)
     8    0.085401    0.078773    0.109444    0.110155 ^ clkbuf_0_clk/X (sky130_fd_sc_hd__clkbuf_16)
                                                         clknet_0_clk (net)
                      0.079257    0.004947    0.115103 ^ clkbuf_3_3__f_clk/A (sky130_fd_sc_hd__clkbuf_16)
     9    0.028862    0.037813    0.103400    0.218503 ^ clkbuf_3_3__f_clk/X (sky130_fd_sc_hd__clkbuf_16)
                                                         clknet_3_3__leaf_clk (net)
                      0.037849    0.001050    0.219553 ^ dsa[21]._9_/CLK (sky130_fd_sc_hd__dfrtp_1)
     2    0.008227    0.063751    0.225490    0.445043 ^ dsa[21]._9_/Q (sky130_fd_sc_hd__dfrtp_1)
                                                         dsa[21].y_out (net)
                      0.063751    0.000281    0.445323 ^ dsa[22]._7_/A1 (sky130_fd_sc_hd__a21bo_1)
     1    0.003491    0.028817    0.069164    0.514487 ^ dsa[22]._7_/X (sky130_fd_sc_hd__a21bo_1)
                                                         dsa[22].last_carry_next (net)
                      0.028818    0.000223    0.514710 ^ dsa[22]._8_/D (sky130_fd_sc_hd__dfrtp_1)
                                              0.514710   data arrival time

                                  0.000000    0.000000   clock core_clock (rise edge)
                                  0.000000    0.000000   clock source latency
     1    0.015155    0.000000    0.000000    0.000000 ^ clk (in)
                                                         clk (net)
                      0.001422    0.000711    0.000711 ^ clkbuf_0_clk/A (sky130_fd_sc_hd__clkbuf_16)
     8    0.085401    0.078773    0.109444    0.110155 ^ clkbuf_0_clk/X (sky130_fd_sc_hd__clkbuf_16)
                                                         clknet_0_clk (net)
                      0.079334    0.005306    0.115461 ^ clkbuf_3_2__f_clk/A (sky130_fd_sc_hd__clkbuf_16)
    10    0.033819    0.041077    0.106363    0.221824 ^ clkbuf_3_2__f_clk/X (sky130_fd_sc_hd__clkbuf_16)
                                                         clknet_3_2__leaf_clk (net)
                      0.041113    0.001411    0.223236 ^ dsa[22]._8_/CLK (sky130_fd_sc_hd__dfrtp_1)
                                  0.000000    0.223236   clock reconvergence pessimism
                                 -0.019359    0.203876   library hold time
                                              0.203876   data required time
---------------------------------------------------------------------------------------------
                                              0.203876   data required time
                                             -0.514710   data arrival time
---------------------------------------------------------------------------------------------
                                              0.310834   slack (MET)


Startpoint: dsa[5]._9_ (rising edge-triggered flip-flop clocked by core_clock)
Endpoint: dsa[6]._9_ (rising edge-triggered flip-flop clocked by core_clock)
Path Group: core_clock
Path Type: min

Fanout         Cap        Slew       Delay        Time   Description
---------------------------------------------------------------------------------------------
                                  0.000000    0.000000   clock core_clock (rise edge)
                                  0.000000    0.000000   clock source latency
     1    0.015155    0.000000    0.000000    0.000000 ^ clk (in)
                                                         clk (net)
                      0.001422    0.000711    0.000711 ^ clkbuf_0_clk/A (sky130_fd_sc_hd__clkbuf_16)
     8    0.085401    0.078773    0.109444    0.110155 ^ clkbuf_0_clk/X (sky130_fd_sc_hd__clkbuf_16)
                                                         clknet_0_clk (net)
                      0.080452    0.009044    0.119200 ^ clkbuf_3_5__f_clk/A (sky130_fd_sc_hd__clkbuf_16)
     8    0.031303    0.039459    0.105319    0.224519 ^ clkbuf_3_5__f_clk/X (sky130_fd_sc_hd__clkbuf_16)
                                                         clknet_3_5__leaf_clk (net)
                      0.039483    0.001493    0.226012 ^ dsa[5]._9_/CLK (sky130_fd_sc_hd__dfrtp_1)
     2    0.010937    0.079740    0.238782    0.464794 ^ dsa[5]._9_/Q (sky130_fd_sc_hd__dfrtp_1)
                                                         dsa[5].y_out (net)
                      0.079745    0.000753    0.465547 ^ dsa[6]._6_/A (sky130_fd_sc_hd__xnor2_1)
     1    0.002481    0.020694    0.043586    0.509133 v dsa[6]._6_/Y (sky130_fd_sc_hd__xnor2_1)
                                                         dsa[6].y_out_next (net)
                      0.020694    0.000171    0.509304 v dsa[6]._9_/D (sky130_fd_sc_hd__dfrtp_1)
                                              0.509304   data arrival time

                                  0.000000    0.000000   clock core_clock (rise edge)
                                  0.000000    0.000000   clock source latency
     1    0.015155    0.000000    0.000000    0.000000 ^ clk (in)
                                                         clk (net)
                      0.001422    0.000711    0.000711 ^ clkbuf_0_clk/A (sky130_fd_sc_hd__clkbuf_16)
     8    0.085401    0.078773    0.109444    0.110155 ^ clkbuf_0_clk/X (sky130_fd_sc_hd__clkbuf_16)
                                                         clknet_0_clk (net)
                      0.080452    0.009044    0.119200 ^ clkbuf_3_5__f_clk/A (sky130_fd_sc_hd__clkbuf_16)
     8    0.031303    0.039459    0.105319    0.224519 ^ clkbuf_3_5__f_clk/X (sky130_fd_sc_hd__clkbuf_16)
                                                         clknet_3_5__leaf_clk (net)
                      0.039484    0.001540    0.226059 ^ dsa[6]._9_/CLK (sky130_fd_sc_hd__dfrtp_1)
                                  0.000000    0.226059   clock reconvergence pessimism
                                 -0.027873    0.198186   library hold time
                                              0.198186   data required time
---------------------------------------------------------------------------------------------
                                              0.198186   data required time
                                             -0.509304   data arrival time
---------------------------------------------------------------------------------------------
                                              0.311118   slack (MET)


Startpoint: dsa[25]._9_ (rising edge-triggered flip-flop clocked by core_clock)
Endpoint: dsa[26]._8_ (rising edge-triggered flip-flop clocked by core_clock)
Path Group: core_clock
Path Type: min

Fanout         Cap        Slew       Delay        Time   Description
---------------------------------------------------------------------------------------------
                                  0.000000    0.000000   clock core_clock (rise edge)
                                  0.000000    0.000000   clock source latency
     1    0.015155    0.000000    0.000000    0.000000 ^ clk (in)
                                                         clk (net)
                      0.001422    0.000711    0.000711 ^ clkbuf_0_clk/A (sky130_fd_sc_hd__clkbuf_16)
     8    0.085401    0.078773    0.109444    0.110155 ^ clkbuf_0_clk/X (sky130_fd_sc_hd__clkbuf_16)
                                                         clknet_0_clk (net)
                      0.079334    0.005306    0.115461 ^ clkbuf_3_2__f_clk/A (sky130_fd_sc_hd__clkbuf_16)
    10    0.033819    0.041077    0.106363    0.221824 ^ clkbuf_3_2__f_clk/X (sky130_fd_sc_hd__clkbuf_16)
                                                         clknet_3_2__leaf_clk (net)
                      0.041155    0.001746    0.223571 ^ dsa[25]._9_/CLK (sky130_fd_sc_hd__dfrtp_1)
     2    0.008505    0.065441    0.227862    0.451432 ^ dsa[25]._9_/Q (sky130_fd_sc_hd__dfrtp_1)
                                                         dsa[25].y_out (net)
                      0.065442    0.000395    0.451827 ^ dsa[26]._7_/A1 (sky130_fd_sc_hd__a21bo_1)
     1    0.002568    0.023598    0.065111    0.516938 ^ dsa[26]._7_/X (sky130_fd_sc_hd__a21bo_1)
                                                         dsa[26].last_carry_next (net)
                      0.023611    0.000177    0.517115 ^ dsa[26]._8_/D (sky130_fd_sc_hd__dfrtp_1)
                                              0.517115   data arrival time

                                  0.000000    0.000000   clock core_clock (rise edge)
                                  0.000000    0.000000   clock source latency
     1    0.015155    0.000000    0.000000    0.000000 ^ clk (in)
                                                         clk (net)
                      0.001422    0.000711    0.000711 ^ clkbuf_0_clk/A (sky130_fd_sc_hd__clkbuf_16)
     8    0.085401    0.078773    0.109444    0.110155 ^ clkbuf_0_clk/X (sky130_fd_sc_hd__clkbuf_16)
                                                         clknet_0_clk (net)
                      0.079334    0.005306    0.115461 ^ clkbuf_3_2__f_clk/A (sky130_fd_sc_hd__clkbuf_16)
    10    0.033819    0.041077    0.106363    0.221824 ^ clkbuf_3_2__f_clk/X (sky130_fd_sc_hd__clkbuf_16)
                                                         clknet_3_2__leaf_clk (net)
                      0.041281    0.002254    0.224078 ^ dsa[26]._8_/CLK (sky130_fd_sc_hd__dfrtp_1)
                                  0.000000    0.224078   clock reconvergence pessimism
                                 -0.018962    0.205117   library hold time
                                              0.205117   data required time
---------------------------------------------------------------------------------------------
                                              0.205117   data required time
                                             -0.517115   data arrival time
---------------------------------------------------------------------------------------------
                                              0.311999   slack (MET)


Startpoint: dsa[23]._9_ (rising edge-triggered flip-flop clocked by core_clock)
Endpoint: dsa[24]._8_ (rising edge-triggered flip-flop clocked by core_clock)
Path Group: core_clock
Path Type: min

Fanout         Cap        Slew       Delay        Time   Description
---------------------------------------------------------------------------------------------
                                  0.000000    0.000000   clock core_clock (rise edge)
                                  0.000000    0.000000   clock source latency
     1    0.015155    0.000000    0.000000    0.000000 ^ clk (in)
                                                         clk (net)
                      0.001422    0.000711    0.000711 ^ clkbuf_0_clk/A (sky130_fd_sc_hd__clkbuf_16)
     8    0.085401    0.078773    0.109444    0.110155 ^ clkbuf_0_clk/X (sky130_fd_sc_hd__clkbuf_16)
                                                         clknet_0_clk (net)
                      0.079257    0.004947    0.115103 ^ clkbuf_3_3__f_clk/A (sky130_fd_sc_hd__clkbuf_16)
     9    0.028862    0.037813    0.103400    0.218503 ^ clkbuf_3_3__f_clk/X (sky130_fd_sc_hd__clkbuf_16)
                                                         clknet_3_3__leaf_clk (net)
                      0.037877    0.001337    0.219840 ^ dsa[23]._9_/CLK (sky130_fd_sc_hd__dfrtp_1)
     2    0.009132    0.069305    0.229755    0.449594 ^ dsa[23]._9_/Q (sky130_fd_sc_hd__dfrtp_1)
                                                         dsa[23].y_out (net)
                      0.069307    0.000518    0.450113 ^ dsa[24]._7_/A1 (sky130_fd_sc_hd__a21bo_1)
     1    0.002849    0.025183    0.066924    0.517037 ^ dsa[24]._7_/X (sky130_fd_sc_hd__a21bo_1)
                                                         dsa[24].last_carry_next (net)
                      0.025184    0.000187    0.517224 ^ dsa[24]._8_/D (sky130_fd_sc_hd__dfrtp_1)
                                              0.517224   data arrival time

                                  0.000000    0.000000   clock core_clock (rise edge)
                                  0.000000    0.000000   clock source latency
     1    0.015155    0.000000    0.000000    0.000000 ^ clk (in)
                                                         clk (net)
                      0.001422    0.000711    0.000711 ^ clkbuf_0_clk/A (sky130_fd_sc_hd__clkbuf_16)
     8    0.085401    0.078773    0.109444    0.110155 ^ clkbuf_0_clk/X (sky130_fd_sc_hd__clkbuf_16)
                                                         clknet_0_clk (net)
                      0.079334    0.005306    0.115461 ^ clkbuf_3_2__f_clk/A (sky130_fd_sc_hd__clkbuf_16)
    10    0.033819    0.041077    0.106363    0.221824 ^ clkbuf_3_2__f_clk/X (sky130_fd_sc_hd__clkbuf_16)
                                                         clknet_3_2__leaf_clk (net)
                      0.041258    0.002077    0.223902 ^ dsa[24]._8_/CLK (sky130_fd_sc_hd__dfrtp_1)
                                  0.000000    0.223902   clock reconvergence pessimism
                                 -0.019081    0.204821   library hold time
                                              0.204821   data required time
---------------------------------------------------------------------------------------------
                                              0.204821   data required time
                                             -0.517224   data arrival time
---------------------------------------------------------------------------------------------
                                              0.312403   slack (MET)


Startpoint: dsa[22]._9_ (rising edge-triggered flip-flop clocked by core_clock)
Endpoint: dsa[23]._8_ (rising edge-triggered flip-flop clocked by core_clock)
Path Group: core_clock
Path Type: min

Fanout         Cap        Slew       Delay        Time   Description
---------------------------------------------------------------------------------------------
                                  0.000000    0.000000   clock core_clock (rise edge)
                                  0.000000    0.000000   clock source latency
     1    0.015155    0.000000    0.000000    0.000000 ^ clk (in)
                                                         clk (net)
                      0.001422    0.000711    0.000711 ^ clkbuf_0_clk/A (sky130_fd_sc_hd__clkbuf_16)
     8    0.085401    0.078773    0.109444    0.110155 ^ clkbuf_0_clk/X (sky130_fd_sc_hd__clkbuf_16)
                                                         clknet_0_clk (net)
                      0.079257    0.004947    0.115103 ^ clkbuf_3_3__f_clk/A (sky130_fd_sc_hd__clkbuf_16)
     9    0.028862    0.037813    0.103400    0.218503 ^ clkbuf_3_3__f_clk/X (sky130_fd_sc_hd__clkbuf_16)
                                                         clknet_3_3__leaf_clk (net)
                      0.037870    0.001269    0.219773 ^ dsa[22]._9_/CLK (sky130_fd_sc_hd__dfrtp_1)
     2    0.008902    0.067897    0.228667    0.448439 ^ dsa[22]._9_/Q (sky130_fd_sc_hd__dfrtp_1)
                                                         dsa[22].y_out (net)
                      0.067899    0.000504    0.448944 ^ dsa[23]._7_/A1 (sky130_fd_sc_hd__a21bo_1)
     1    0.003117    0.026706    0.068008    0.516951 ^ dsa[23]._7_/X (sky130_fd_sc_hd__a21bo_1)
                                                         dsa[23].last_carry_next (net)
                      0.026706    0.000133    0.517084 ^ dsa[23]._8_/D (sky130_fd_sc_hd__dfrtp_1)
                                              0.517084   data arrival time

                                  0.000000    0.000000   clock core_clock (rise edge)
                                  0.000000    0.000000   clock source latency
     1    0.015155    0.000000    0.000000    0.000000 ^ clk (in)
                                                         clk (net)
                      0.001422    0.000711    0.000711 ^ clkbuf_0_clk/A (sky130_fd_sc_hd__clkbuf_16)
     8    0.085401    0.078773    0.109444    0.110155 ^ clkbuf_0_clk/X (sky130_fd_sc_hd__clkbuf_16)
                                                         clknet_0_clk (net)
                      0.079334    0.005306    0.115461 ^ clkbuf_3_2__f_clk/A (sky130_fd_sc_hd__clkbuf_16)
    10    0.033819    0.041077    0.106363    0.221824 ^ clkbuf_3_2__f_clk/X (sky130_fd_sc_hd__clkbuf_16)
                                                         clknet_3_2__leaf_clk (net)
                      0.041152    0.001722    0.223546 ^ dsa[23]._8_/CLK (sky130_fd_sc_hd__dfrtp_1)
                                  0.000000    0.223546   clock reconvergence pessimism
                                 -0.019199    0.204348   library hold time
                                              0.204348   data required time
---------------------------------------------------------------------------------------------
                                              0.204348   data required time
                                             -0.517084   data arrival time
---------------------------------------------------------------------------------------------
                                              0.312737   slack (MET)


Startpoint: dsa[29]._9_ (rising edge-triggered flip-flop clocked by core_clock)
Endpoint: dsa[30]._8_ (rising edge-triggered flip-flop clocked by core_clock)
Path Group: core_clock
Path Type: min

Fanout         Cap        Slew       Delay        Time   Description
---------------------------------------------------------------------------------------------
                                  0.000000    0.000000   clock core_clock (rise edge)
                                  0.000000    0.000000   clock source latency
     1    0.015155    0.000000    0.000000    0.000000 ^ clk (in)
                                                         clk (net)
                      0.001422    0.000711    0.000711 ^ clkbuf_0_clk/A (sky130_fd_sc_hd__clkbuf_16)
     8    0.085401    0.078773    0.109444    0.110155 ^ clkbuf_0_clk/X (sky130_fd_sc_hd__clkbuf_16)
                                                         clknet_0_clk (net)
                      0.080859    0.010088    0.120243 ^ clkbuf_3_1__f_clk/A (sky130_fd_sc_hd__clkbuf_16)
     7    0.026037    0.035824    0.101952    0.222195 ^ clkbuf_3_1__f_clk/X (sky130_fd_sc_hd__clkbuf_16)
                                                         clknet_3_1__leaf_clk (net)
                      0.035886    0.001255    0.223450 ^ dsa[29]._9_/CLK (sky130_fd_sc_hd__dfrtp_1)
     2    0.009632    0.072368    0.231536    0.454987 ^ dsa[29]._9_/Q (sky130_fd_sc_hd__dfrtp_1)
                                                         dsa[29].y_out (net)
                      0.072371    0.000563    0.455550 ^ dsa[30]._7_/A1 (sky130_fd_sc_hd__a21bo_1)
     1    0.002946    0.025731    0.067763    0.523312 ^ dsa[30]._7_/X (sky130_fd_sc_hd__a21bo_1)
                                                         dsa[30].last_carry_next (net)
                      0.025732    0.000217    0.523530 ^ dsa[30]._8_/D (sky130_fd_sc_hd__dfrtp_1)
                                              0.523530   data arrival time

                                  0.000000    0.000000   clock core_clock (rise edge)
                                  0.000000    0.000000   clock source latency
     1    0.015155    0.000000    0.000000    0.000000 ^ clk (in)
                                                         clk (net)
                      0.001422    0.000711    0.000711 ^ clkbuf_0_clk/A (sky130_fd_sc_hd__clkbuf_16)
     8    0.085401    0.078773    0.109444    0.110155 ^ clkbuf_0_clk/X (sky130_fd_sc_hd__clkbuf_16)
                                                         clknet_0_clk (net)
                      0.080880    0.010138    0.120293 ^ clkbuf_3_0__f_clk/A (sky130_fd_sc_hd__clkbuf_16)
    10    0.034667    0.041696    0.107307    0.227600 ^ clkbuf_3_0__f_clk/X (sky130_fd_sc_hd__clkbuf_16)
                                                         clknet_3_0__leaf_clk (net)
                      0.041844    0.002171    0.229771 ^ dsa[30]._8_/CLK (sky130_fd_sc_hd__dfrtp_1)
                                  0.000000    0.229771   clock reconvergence pessimism
                                 -0.019107    0.210664   library hold time
                                              0.210664   data required time
---------------------------------------------------------------------------------------------
                                              0.210664   data required time
                                             -0.523530   data arrival time
---------------------------------------------------------------------------------------------
                                              0.312866   slack (MET)


Startpoint: dsa[0]._9_ (rising edge-triggered flip-flop clocked by core_clock)
Endpoint: dsa[1]._8_ (rising edge-triggered flip-flop clocked by core_clock)
Path Group: core_clock
Path Type: min

Fanout         Cap        Slew       Delay        Time   Description
---------------------------------------------------------------------------------------------
                                  0.000000    0.000000   clock core_clock (rise edge)
                                  0.000000    0.000000   clock source latency
     1    0.015155    0.000000    0.000000    0.000000 ^ clk (in)
                                                         clk (net)
                      0.001422    0.000711    0.000711 ^ clkbuf_0_clk/A (sky130_fd_sc_hd__clkbuf_16)
     8    0.085401    0.078773    0.109444    0.110155 ^ clkbuf_0_clk/X (sky130_fd_sc_hd__clkbuf_16)
                                                         clknet_0_clk (net)
                      0.079673    0.006654    0.116809 ^ clkbuf_3_7__f_clk/A (sky130_fd_sc_hd__clkbuf_16)
    10    0.031531    0.039597    0.105255    0.222063 ^ clkbuf_3_7__f_clk/X (sky130_fd_sc_hd__clkbuf_16)
                                                         clknet_3_7__leaf_clk (net)
                      0.039624    0.001603    0.223667 ^ dsa[0]._9_/CLK (sky130_fd_sc_hd__dfrtp_1)
     2    0.008547    0.065697    0.227599    0.451266 ^ dsa[0]._9_/Q (sky130_fd_sc_hd__dfrtp_1)
                                                         dsa[0].y_out (net)
                      0.065698    0.000397    0.451663 ^ dsa[1]._7_/A1 (sky130_fd_sc_hd__a21bo_1)
     1    0.002894    0.025439    0.066659    0.518322 ^ dsa[1]._7_/X (sky130_fd_sc_hd__a21bo_1)
                                                         dsa[1].last_carry_next (net)
                      0.025440    0.000189    0.518510 ^ dsa[1]._8_/D (sky130_fd_sc_hd__dfrtp_1)
                                              0.518510   data arrival time

                                  0.000000    0.000000   clock core_clock (rise edge)
                                  0.000000    0.000000   clock source latency
     1    0.015155    0.000000    0.000000    0.000000 ^ clk (in)
                                                         clk (net)
                      0.001422    0.000711    0.000711 ^ clkbuf_0_clk/A (sky130_fd_sc_hd__clkbuf_16)
     8    0.085401    0.078773    0.109444    0.110155 ^ clkbuf_0_clk/X (sky130_fd_sc_hd__clkbuf_16)
                                                         clknet_0_clk (net)
                      0.079673    0.006654    0.116809 ^ clkbuf_3_7__f_clk/A (sky130_fd_sc_hd__clkbuf_16)
    10    0.031531    0.039597    0.105255    0.222063 ^ clkbuf_3_7__f_clk/X (sky130_fd_sc_hd__clkbuf_16)
                                                         clknet_3_7__leaf_clk (net)
                      0.039663    0.001997    0.224060 ^ dsa[1]._8_/CLK (sky130_fd_sc_hd__dfrtp_1)
                                  0.000000    0.224060   clock reconvergence pessimism
                                 -0.019143    0.204918   library hold time
                                              0.204918   data required time
---------------------------------------------------------------------------------------------
                                              0.204918   data required time
                                             -0.518510   data arrival time
---------------------------------------------------------------------------------------------
                                              0.313593   slack (MET)


Startpoint: dsa[26]._9_ (rising edge-triggered flip-flop clocked by core_clock)
Endpoint: dsa[27]._9_ (rising edge-triggered flip-flop clocked by core_clock)
Path Group: core_clock
Path Type: min

Fanout         Cap        Slew       Delay        Time   Description
---------------------------------------------------------------------------------------------
                                  0.000000    0.000000   clock core_clock (rise edge)
                                  0.000000    0.000000   clock source latency
     1    0.015155    0.000000    0.000000    0.000000 ^ clk (in)
                                                         clk (net)
                      0.001422    0.000711    0.000711 ^ clkbuf_0_clk/A (sky130_fd_sc_hd__clkbuf_16)
     8    0.085401    0.078773    0.109444    0.110155 ^ clkbuf_0_clk/X (sky130_fd_sc_hd__clkbuf_16)
                                                         clknet_0_clk (net)
                      0.079334    0.005306    0.115461 ^ clkbuf_3_2__f_clk/A (sky130_fd_sc_hd__clkbuf_16)
    10    0.033819    0.041077    0.106363    0.221824 ^ clkbuf_3_2__f_clk/X (sky130_fd_sc_hd__clkbuf_16)
                                                         clknet_3_2__leaf_clk (net)
                      0.041247    0.001996    0.223821 ^ dsa[26]._9_/CLK (sky130_fd_sc_hd__dfrtp_1)
     2    0.010091    0.074990    0.235299    0.459120 ^ dsa[26]._9_/Q (sky130_fd_sc_hd__dfrtp_1)
                                                         dsa[26].y_out (net)
                      0.074996    0.000698    0.459818 ^ dsa[27]._6_/A (sky130_fd_sc_hd__xnor2_1)
     1    0.003651    0.025000    0.048003    0.507821 v dsa[27]._6_/Y (sky130_fd_sc_hd__xnor2_1)
                                                         dsa[27].y_out_next (net)
                      0.025003    0.000261    0.508082 v dsa[27]._9_/D (sky130_fd_sc_hd__dfrtp_1)
                                              0.508082   data arrival time

                                  0.000000    0.000000   clock core_clock (rise edge)
                                  0.000000    0.000000   clock source latency
     1    0.015155    0.000000    0.000000    0.000000 ^ clk (in)
                                                         clk (net)
                      0.001422    0.000711    0.000711 ^ clkbuf_0_clk/A (sky130_fd_sc_hd__clkbuf_16)
     8    0.085401    0.078773    0.109444    0.110155 ^ clkbuf_0_clk/X (sky130_fd_sc_hd__clkbuf_16)
                                                         clknet_0_clk (net)
                      0.079334    0.005306    0.115461 ^ clkbuf_3_2__f_clk/A (sky130_fd_sc_hd__clkbuf_16)
    10    0.033819    0.041077    0.106363    0.221824 ^ clkbuf_3_2__f_clk/X (sky130_fd_sc_hd__clkbuf_16)
                                                         clknet_3_2__leaf_clk (net)
                      0.041116    0.001437    0.223261 ^ dsa[27]._9_/CLK (sky130_fd_sc_hd__dfrtp_1)
                                  0.000000    0.223261   clock reconvergence pessimism
                                 -0.029113    0.194149   library hold time
                                              0.194149   data required time
---------------------------------------------------------------------------------------------
                                              0.194149   data required time
                                             -0.508082   data arrival time
---------------------------------------------------------------------------------------------
                                              0.313933   slack (MET)


Startpoint: dsa[10]._9_ (rising edge-triggered flip-flop clocked by core_clock)
Endpoint: dsa[11]._9_ (rising edge-triggered flip-flop clocked by core_clock)
Path Group: core_clock
Path Type: min

Fanout         Cap        Slew       Delay        Time   Description
---------------------------------------------------------------------------------------------
                                  0.000000    0.000000   clock core_clock (rise edge)
                                  0.000000    0.000000   clock source latency
     1    0.015155    0.000000    0.000000    0.000000 ^ clk (in)
                                                         clk (net)
                      0.001422    0.000711    0.000711 ^ clkbuf_0_clk/A (sky130_fd_sc_hd__clkbuf_16)
     8    0.085401    0.078773    0.109444    0.110155 ^ clkbuf_0_clk/X (sky130_fd_sc_hd__clkbuf_16)
                                                         clknet_0_clk (net)
                      0.079638    0.006529    0.116684 ^ clkbuf_3_6__f_clk/A (sky130_fd_sc_hd__clkbuf_16)
     8    0.028649    0.037661    0.103372    0.220056 ^ clkbuf_3_6__f_clk/X (sky130_fd_sc_hd__clkbuf_16)
                                                         clknet_3_6__leaf_clk (net)
                      0.037729    0.001361    0.221417 ^ dsa[10]._9_/CLK (sky130_fd_sc_hd__dfrtp_1)
     2    0.010743    0.078511    0.237474    0.458891 ^ dsa[10]._9_/Q (sky130_fd_sc_hd__dfrtp_1)
                                                         dsa[10].y_out (net)
                      0.078515    0.000652    0.459543 ^ dsa[11]._6_/A (sky130_fd_sc_hd__xnor2_1)
     1    0.003661    0.025051    0.048541    0.508084 v dsa[11]._6_/Y (sky130_fd_sc_hd__xnor2_1)
                                                         dsa[11].y_out_next (net)
                      0.025051    0.000149    0.508233 v dsa[11]._9_/D (sky130_fd_sc_hd__dfrtp_1)
                                              0.508233   data arrival time

                                  0.000000    0.000000   clock core_clock (rise edge)
                                  0.000000    0.000000   clock source latency
     1    0.015155    0.000000    0.000000    0.000000 ^ clk (in)
                                                         clk (net)
                      0.001422    0.000711    0.000711 ^ clkbuf_0_clk/A (sky130_fd_sc_hd__clkbuf_16)
     8    0.085401    0.078773    0.109444    0.110155 ^ clkbuf_0_clk/X (sky130_fd_sc_hd__clkbuf_16)
                                                         clknet_0_clk (net)
                      0.079673    0.006654    0.116809 ^ clkbuf_3_7__f_clk/A (sky130_fd_sc_hd__clkbuf_16)
    10    0.031531    0.039597    0.105255    0.222063 ^ clkbuf_3_7__f_clk/X (sky130_fd_sc_hd__clkbuf_16)
                                                         clknet_3_7__leaf_clk (net)
                      0.039620    0.001471    0.223534 ^ dsa[11]._9_/CLK (sky130_fd_sc_hd__dfrtp_1)
                                  0.000000    0.223534   clock reconvergence pessimism
                                 -0.029276    0.194258   library hold time
                                              0.194258   data required time
---------------------------------------------------------------------------------------------
                                              0.194258   data required time
                                             -0.508233   data arrival time
---------------------------------------------------------------------------------------------
                                              0.313975   slack (MET)


Startpoint: dsa[17]._9_ (rising edge-triggered flip-flop clocked by core_clock)
Endpoint: dsa[18]._8_ (rising edge-triggered flip-flop clocked by core_clock)
Path Group: core_clock
Path Type: min

Fanout         Cap        Slew       Delay        Time   Description
---------------------------------------------------------------------------------------------
                                  0.000000    0.000000   clock core_clock (rise edge)
                                  0.000000    0.000000   clock source latency
     1    0.015155    0.000000    0.000000    0.000000 ^ clk (in)
                                                         clk (net)
                      0.001422    0.000711    0.000711 ^ clkbuf_0_clk/A (sky130_fd_sc_hd__clkbuf_16)
     8    0.085401    0.078773    0.109444    0.110155 ^ clkbuf_0_clk/X (sky130_fd_sc_hd__clkbuf_16)
                                                         clknet_0_clk (net)
                      0.080339    0.008735    0.118890 ^ clkbuf_3_4__f_clk/A (sky130_fd_sc_hd__clkbuf_16)
     9    0.024233    0.034552    0.100597    0.219487 ^ clkbuf_3_4__f_clk/X (sky130_fd_sc_hd__clkbuf_16)
                                                         clknet_3_4__leaf_clk (net)
                      0.034612    0.001123    0.220610 ^ dsa[17]._9_/CLK (sky130_fd_sc_hd__dfrtp_1)
     2    0.008684    0.066575    0.226574    0.447184 ^ dsa[17]._9_/Q (sky130_fd_sc_hd__dfrtp_1)
                                                         dsa[17].y_out (net)
                      0.066580    0.000657    0.447841 ^ dsa[18]._7_/A1 (sky130_fd_sc_hd__a21bo_1)
     1    0.003690    0.029950    0.070467    0.518308 ^ dsa[18]._7_/X (sky130_fd_sc_hd__a21bo_1)
                                                         dsa[18].last_carry_next (net)
                      0.029951    0.000225    0.518533 ^ dsa[18]._8_/D (sky130_fd_sc_hd__dfrtp_1)
                                              0.518533   data arrival time

                                  0.000000    0.000000   clock core_clock (rise edge)
                                  0.000000    0.000000   clock source latency
     1    0.015155    0.000000    0.000000    0.000000 ^ clk (in)
                                                         clk (net)
                      0.001422    0.000711    0.000711 ^ clkbuf_0_clk/A (sky130_fd_sc_hd__clkbuf_16)
     8    0.085401    0.078773    0.109444    0.110155 ^ clkbuf_0_clk/X (sky130_fd_sc_hd__clkbuf_16)
                                                         clknet_0_clk (net)
                      0.080859    0.010088    0.120243 ^ clkbuf_3_1__f_clk/A (sky130_fd_sc_hd__clkbuf_16)
     7    0.026037    0.035824    0.101952    0.222195 ^ clkbuf_3_1__f_clk/X (sky130_fd_sc_hd__clkbuf_16)
                                                         clknet_3_1__leaf_clk (net)
                      0.035841    0.000746    0.222941 ^ dsa[18]._8_/CLK (sky130_fd_sc_hd__dfrtp_1)
                                  0.000000    0.222941   clock reconvergence pessimism
                                 -0.019584    0.203357   library hold time
                                              0.203357   data required time
---------------------------------------------------------------------------------------------
                                              0.203357   data required time
                                             -0.518533   data arrival time
---------------------------------------------------------------------------------------------
                                              0.315176   slack (MET)


Startpoint: dsa[4]._9_ (rising edge-triggered flip-flop clocked by core_clock)
Endpoint: dsa[5]._8_ (rising edge-triggered flip-flop clocked by core_clock)
Path Group: core_clock
Path Type: min

Fanout         Cap        Slew       Delay        Time   Description
---------------------------------------------------------------------------------------------
                                  0.000000    0.000000   clock core_clock (rise edge)
                                  0.000000    0.000000   clock source latency
     1    0.015155    0.000000    0.000000    0.000000 ^ clk (in)
                                                         clk (net)
                      0.001422    0.000711    0.000711 ^ clkbuf_0_clk/A (sky130_fd_sc_hd__clkbuf_16)
     8    0.085401    0.078773    0.109444    0.110155 ^ clkbuf_0_clk/X (sky130_fd_sc_hd__clkbuf_16)
                                                         clknet_0_clk (net)
                      0.080452    0.009044    0.119200 ^ clkbuf_3_5__f_clk/A (sky130_fd_sc_hd__clkbuf_16)
     8    0.031303    0.039459    0.105319    0.224519 ^ clkbuf_3_5__f_clk/X (sky130_fd_sc_hd__clkbuf_16)
                                                         clknet_3_5__leaf_clk (net)
                      0.039472    0.000950    0.225469 ^ dsa[4]._9_/CLK (sky130_fd_sc_hd__dfrtp_1)
     2    0.008599    0.066050    0.227694    0.453163 ^ dsa[4]._9_/Q (sky130_fd_sc_hd__dfrtp_1)
                                                         dsa[4].y_out (net)
                      0.066051    0.000450    0.453613 ^ dsa[5]._7_/A1 (sky130_fd_sc_hd__a21bo_1)
     1    0.003247    0.027438    0.068363    0.521976 ^ dsa[5]._7_/X (sky130_fd_sc_hd__a21bo_1)
                                                         dsa[5].last_carry_next (net)
                      0.027438    0.000137    0.522113 ^ dsa[5]._8_/D (sky130_fd_sc_hd__dfrtp_1)
                                              0.522113   data arrival time

                                  0.000000    0.000000   clock core_clock (rise edge)
                                  0.000000    0.000000   clock source latency
     1    0.015155    0.000000    0.000000    0.000000 ^ clk (in)
                                                         clk (net)
                      0.001422    0.000711    0.000711 ^ clkbuf_0_clk/A (sky130_fd_sc_hd__clkbuf_16)
     8    0.085401    0.078773    0.109444    0.110155 ^ clkbuf_0_clk/X (sky130_fd_sc_hd__clkbuf_16)
                                                         clknet_0_clk (net)
                      0.080452    0.009044    0.119200 ^ clkbuf_3_5__f_clk/A (sky130_fd_sc_hd__clkbuf_16)
     8    0.031303    0.039459    0.105319    0.224519 ^ clkbuf_3_5__f_clk/X (sky130_fd_sc_hd__clkbuf_16)
                                                         clknet_3_5__leaf_clk (net)
                      0.039486    0.001593    0.226112 ^ dsa[5]._8_/CLK (sky130_fd_sc_hd__dfrtp_1)
                                  0.000000    0.226112   clock reconvergence pessimism
                                 -0.019298    0.206814   library hold time
                                              0.206814   data required time
---------------------------------------------------------------------------------------------
                                              0.206814   data required time
                                             -0.522113   data arrival time
---------------------------------------------------------------------------------------------
                                              0.315300   slack (MET)


Startpoint: dsa[3]._9_ (rising edge-triggered flip-flop clocked by core_clock)
Endpoint: dsa[4]._8_ (rising edge-triggered flip-flop clocked by core_clock)
Path Group: core_clock
Path Type: min

Fanout         Cap        Slew       Delay        Time   Description
---------------------------------------------------------------------------------------------
                                  0.000000    0.000000   clock core_clock (rise edge)
                                  0.000000    0.000000   clock source latency
     1    0.015155    0.000000    0.000000    0.000000 ^ clk (in)
                                                         clk (net)
                      0.001422    0.000711    0.000711 ^ clkbuf_0_clk/A (sky130_fd_sc_hd__clkbuf_16)
     8    0.085401    0.078773    0.109444    0.110155 ^ clkbuf_0_clk/X (sky130_fd_sc_hd__clkbuf_16)
                                                         clknet_0_clk (net)
                      0.080452    0.009044    0.119200 ^ clkbuf_3_5__f_clk/A (sky130_fd_sc_hd__clkbuf_16)
     8    0.031303    0.039459    0.105319    0.224519 ^ clkbuf_3_5__f_clk/X (sky130_fd_sc_hd__clkbuf_16)
                                                         clknet_3_5__leaf_clk (net)
                      0.039472    0.000945    0.225464 ^ dsa[3]._9_/CLK (sky130_fd_sc_hd__dfrtp_1)
     2    0.009231    0.069891    0.230794    0.456257 ^ dsa[3]._9_/Q (sky130_fd_sc_hd__dfrtp_1)
                                                         dsa[3].y_out (net)
                      0.069891    0.000308    0.456566 ^ dsa[4]._7_/A1 (sky130_fd_sc_hd__a21bo_1)
     1    0.002678    0.024208    0.066195    0.522761 ^ dsa[4]._7_/X (sky130_fd_sc_hd__a21bo_1)
                                                         dsa[4].last_carry_next (net)
                      0.024221    0.000197    0.522957 ^ dsa[4]._8_/D (sky130_fd_sc_hd__dfrtp_1)
                                              0.522957   data arrival time

                                  0.000000    0.000000   clock core_clock (rise edge)
                                  0.000000    0.000000   clock source latency
     1    0.015155    0.000000    0.000000    0.000000 ^ clk (in)
                                                         clk (net)
                      0.001422    0.000711    0.000711 ^ clkbuf_0_clk/A (sky130_fd_sc_hd__clkbuf_16)
     8    0.085401    0.078773    0.109444    0.110155 ^ clkbuf_0_clk/X (sky130_fd_sc_hd__clkbuf_16)
                                                         clknet_0_clk (net)
                      0.080452    0.009044    0.119200 ^ clkbuf_3_5__f_clk/A (sky130_fd_sc_hd__clkbuf_16)
     8    0.031303    0.039459    0.105319    0.224519 ^ clkbuf_3_5__f_clk/X (sky130_fd_sc_hd__clkbuf_16)
                                                         clknet_3_5__leaf_clk (net)
                      0.039503    0.001814    0.226333 ^ dsa[4]._8_/CLK (sky130_fd_sc_hd__dfrtp_1)
                                  0.000000    0.226333   clock reconvergence pessimism
                                 -0.019055    0.207278   library hold time
                                              0.207278   data required time
---------------------------------------------------------------------------------------------
                                              0.207278   data required time
                                             -0.522957   data arrival time
---------------------------------------------------------------------------------------------
                                              0.315679   slack (MET)


Startpoint: dsa[11]._9_ (rising edge-triggered flip-flop clocked by core_clock)
Endpoint: dsa[12]._9_ (rising edge-triggered flip-flop clocked by core_clock)
Path Group: core_clock
Path Type: min

Fanout         Cap        Slew       Delay        Time   Description
---------------------------------------------------------------------------------------------
                                  0.000000    0.000000   clock core_clock (rise edge)
                                  0.000000    0.000000   clock source latency
     1    0.015155    0.000000    0.000000    0.000000 ^ clk (in)
                                                         clk (net)
                      0.001422    0.000711    0.000711 ^ clkbuf_0_clk/A (sky130_fd_sc_hd__clkbuf_16)
     8    0.085401    0.078773    0.109444    0.110155 ^ clkbuf_0_clk/X (sky130_fd_sc_hd__clkbuf_16)
                                                         clknet_0_clk (net)
                      0.079673    0.006654    0.116809 ^ clkbuf_3_7__f_clk/A (sky130_fd_sc_hd__clkbuf_16)
    10    0.031531    0.039597    0.105255    0.222063 ^ clkbuf_3_7__f_clk/X (sky130_fd_sc_hd__clkbuf_16)
                                                         clknet_3_7__leaf_clk (net)
                      0.039620    0.001471    0.223534 ^ dsa[11]._9_/CLK (sky130_fd_sc_hd__dfrtp_1)
     2    0.011127    0.080932    0.239748    0.463282 ^ dsa[11]._9_/Q (sky130_fd_sc_hd__dfrtp_1)
                                                         dsa[11].y_out (net)
                      0.080938    0.000736    0.464018 ^ dsa[12]._6_/A (sky130_fd_sc_hd__xnor2_1)
     1    0.003169    0.023334    0.046859    0.510877 v dsa[12]._6_/Y (sky130_fd_sc_hd__xnor2_1)
                                                         dsa[12].y_out_next (net)
                      0.023337    0.000133    0.511010 v dsa[12]._9_/D (sky130_fd_sc_hd__dfrtp_1)
                                              0.511010   data arrival time

                                  0.000000    0.000000   clock core_clock (rise edge)
                                  0.000000    0.000000   clock source latency
     1    0.015155    0.000000    0.000000    0.000000 ^ clk (in)
                                                         clk (net)
                      0.001422    0.000711    0.000711 ^ clkbuf_0_clk/A (sky130_fd_sc_hd__clkbuf_16)
     8    0.085401    0.078773    0.109444    0.110155 ^ clkbuf_0_clk/X (sky130_fd_sc_hd__clkbuf_16)
                                                         clknet_0_clk (net)
                      0.079673    0.006654    0.116809 ^ clkbuf_3_7__f_clk/A (sky130_fd_sc_hd__clkbuf_16)
    10    0.031531    0.039597    0.105255    0.222063 ^ clkbuf_3_7__f_clk/X (sky130_fd_sc_hd__clkbuf_16)
                                                         clknet_3_7__leaf_clk (net)
                      0.039651    0.001888    0.223951 ^ dsa[12]._9_/CLK (sky130_fd_sc_hd__dfrtp_1)
                                  0.000000    0.223951   clock reconvergence pessimism
                                 -0.028715    0.195236   library hold time
                                              0.195236   data required time
---------------------------------------------------------------------------------------------
                                              0.195236   data required time
                                             -0.511010   data arrival time
---------------------------------------------------------------------------------------------
                                              0.315774   slack (MET)


Startpoint: dsa[18]._9_ (rising edge-triggered flip-flop clocked by core_clock)
Endpoint: dsa[19]._8_ (rising edge-triggered flip-flop clocked by core_clock)
Path Group: core_clock
Path Type: min

Fanout         Cap        Slew       Delay        Time   Description
---------------------------------------------------------------------------------------------
                                  0.000000    0.000000   clock core_clock (rise edge)
                                  0.000000    0.000000   clock source latency
     1    0.015155    0.000000    0.000000    0.000000 ^ clk (in)
                                                         clk (net)
                      0.001422    0.000711    0.000711 ^ clkbuf_0_clk/A (sky130_fd_sc_hd__clkbuf_16)
     8    0.085401    0.078773    0.109444    0.110155 ^ clkbuf_0_clk/X (sky130_fd_sc_hd__clkbuf_16)
                                                         clknet_0_clk (net)
                      0.080339    0.008735    0.118890 ^ clkbuf_3_4__f_clk/A (sky130_fd_sc_hd__clkbuf_16)
     9    0.024233    0.034552    0.100597    0.219487 ^ clkbuf_3_4__f_clk/X (sky130_fd_sc_hd__clkbuf_16)
                                                         clknet_3_4__leaf_clk (net)
                      0.034615    0.001149    0.220636 ^ dsa[18]._9_/CLK (sky130_fd_sc_hd__dfrtp_1)
     2    0.010787    0.078764    0.236745    0.457381 ^ dsa[18]._9_/Q (sky130_fd_sc_hd__dfrtp_1)
                                                         dsa[18].y_out (net)
                      0.078765    0.000450    0.457831 ^ dsa[19]._7_/A1 (sky130_fd_sc_hd__a21bo_1)
     1    0.003239    0.027395    0.070006    0.527836 ^ dsa[19]._7_/X (sky130_fd_sc_hd__a21bo_1)
                                                         dsa[19].last_carry_next (net)
                      0.027395    0.000140    0.527976 ^ dsa[19]._8_/D (sky130_fd_sc_hd__dfrtp_1)
                                              0.527976   data arrival time

                                  0.000000    0.000000   clock core_clock (rise edge)
                                  0.000000    0.000000   clock source latency
     1    0.015155    0.000000    0.000000    0.000000 ^ clk (in)
                                                         clk (net)
                      0.001422    0.000711    0.000711 ^ clkbuf_0_clk/A (sky130_fd_sc_hd__clkbuf_16)
     8    0.085401    0.078773    0.109444    0.110155 ^ clkbuf_0_clk/X (sky130_fd_sc_hd__clkbuf_16)
                                                         clknet_0_clk (net)
                      0.080880    0.010138    0.120293 ^ clkbuf_3_0__f_clk/A (sky130_fd_sc_hd__clkbuf_16)
    10    0.034667    0.041696    0.107307    0.227600 ^ clkbuf_3_0__f_clk/X (sky130_fd_sc_hd__clkbuf_16)
                                                         clknet_3_0__leaf_clk (net)
                      0.041818    0.001967    0.229567 ^ dsa[19]._8_/CLK (sky130_fd_sc_hd__dfrtp_1)
                                  0.000000    0.229567   clock reconvergence pessimism
                                 -0.019233    0.210334   library hold time
                                              0.210334   data required time
---------------------------------------------------------------------------------------------
                                              0.210334   data required time
                                             -0.527976   data arrival time
---------------------------------------------------------------------------------------------
                                              0.317642   slack (MET)


Startpoint: dsa[13]._9_ (rising edge-triggered flip-flop clocked by core_clock)
Endpoint: dsa[14]._8_ (rising edge-triggered flip-flop clocked by core_clock)
Path Group: core_clock
Path Type: min

Fanout         Cap        Slew       Delay        Time   Description
---------------------------------------------------------------------------------------------
                                  0.000000    0.000000   clock core_clock (rise edge)
                                  0.000000    0.000000   clock source latency
     1    0.015155    0.000000    0.000000    0.000000 ^ clk (in)
                                                         clk (net)
                      0.001422    0.000711    0.000711 ^ clkbuf_0_clk/A (sky130_fd_sc_hd__clkbuf_16)
     8    0.085401    0.078773    0.109444    0.110155 ^ clkbuf_0_clk/X (sky130_fd_sc_hd__clkbuf_16)
                                                         clknet_0_clk (net)
                      0.079257    0.004947    0.115103 ^ clkbuf_3_3__f_clk/A (sky130_fd_sc_hd__clkbuf_16)
     9    0.028862    0.037813    0.103400    0.218503 ^ clkbuf_3_3__f_clk/X (sky130_fd_sc_hd__clkbuf_16)
                                                         clknet_3_3__leaf_clk (net)
                      0.037890    0.001455    0.219958 ^ dsa[13]._9_/CLK (sky130_fd_sc_hd__dfrtp_1)
     2    0.009011    0.068576    0.229147    0.449105 ^ dsa[13]._9_/Q (sky130_fd_sc_hd__dfrtp_1)
                                                         dsa[13].y_out (net)
                      0.068580    0.000606    0.449710 ^ dsa[14]._7_/A1 (sky130_fd_sc_hd__a21bo_1)
     1    0.003183    0.027078    0.068403    0.518113 ^ dsa[14]._7_/X (sky130_fd_sc_hd__a21bo_1)
                                                         dsa[14].last_carry_next (net)
                      0.027079    0.000135    0.518248 ^ dsa[14]._8_/D (sky130_fd_sc_hd__dfrtp_1)
                                              0.518248   data arrival time

                                  0.000000    0.000000   clock core_clock (rise edge)
                                  0.000000    0.000000   clock source latency
     1    0.015155    0.000000    0.000000    0.000000 ^ clk (in)
                                                         clk (net)
                      0.001422    0.000711    0.000711 ^ clkbuf_0_clk/A (sky130_fd_sc_hd__clkbuf_16)
     8    0.085401    0.078773    0.109444    0.110155 ^ clkbuf_0_clk/X (sky130_fd_sc_hd__clkbuf_16)
                                                         clknet_0_clk (net)
                      0.079257    0.004947    0.115103 ^ clkbuf_3_3__f_clk/A (sky130_fd_sc_hd__clkbuf_16)
     9    0.028862    0.037813    0.103400    0.218503 ^ clkbuf_3_3__f_clk/X (sky130_fd_sc_hd__clkbuf_16)
                                                         clknet_3_3__leaf_clk (net)
                      0.037881    0.001375    0.219878 ^ dsa[14]._8_/CLK (sky130_fd_sc_hd__dfrtp_1)
                                  0.000000    0.219878   clock reconvergence pessimism
                                 -0.019313    0.200565   library hold time
                                              0.200565   data required time
---------------------------------------------------------------------------------------------
                                              0.200565   data required time
                                             -0.518248   data arrival time
---------------------------------------------------------------------------------------------
                                              0.317683   slack (MET)


Startpoint: dsa[2]._9_ (rising edge-triggered flip-flop clocked by core_clock)
Endpoint: dsa[3]._8_ (rising edge-triggered flip-flop clocked by core_clock)
Path Group: core_clock
Path Type: min

Fanout         Cap        Slew       Delay        Time   Description
---------------------------------------------------------------------------------------------
                                  0.000000    0.000000   clock core_clock (rise edge)
                                  0.000000    0.000000   clock source latency
     1    0.015155    0.000000    0.000000    0.000000 ^ clk (in)
                                                         clk (net)
                      0.001422    0.000711    0.000711 ^ clkbuf_0_clk/A (sky130_fd_sc_hd__clkbuf_16)
     8    0.085401    0.078773    0.109444    0.110155 ^ clkbuf_0_clk/X (sky130_fd_sc_hd__clkbuf_16)
                                                         clknet_0_clk (net)
                      0.079673    0.006654    0.116809 ^ clkbuf_3_7__f_clk/A (sky130_fd_sc_hd__clkbuf_16)
    10    0.031531    0.039597    0.105255    0.222063 ^ clkbuf_3_7__f_clk/X (sky130_fd_sc_hd__clkbuf_16)
                                                         clknet_3_7__leaf_clk (net)
                      0.039615    0.001210    0.223274 ^ dsa[2]._9_/CLK (sky130_fd_sc_hd__dfrtp_1)
     2    0.008848    0.067566    0.228936    0.452210 ^ dsa[2]._9_/Q (sky130_fd_sc_hd__dfrtp_1)
                                                         dsa[2].y_out (net)
                      0.067568    0.000474    0.452684 ^ dsa[3]._7_/A1 (sky130_fd_sc_hd__a21bo_1)
     1    0.003367    0.028118    0.069119    0.521803 ^ dsa[3]._7_/X (sky130_fd_sc_hd__a21bo_1)
                                                         dsa[3].last_carry_next (net)
                      0.028119    0.000144    0.521946 ^ dsa[3]._8_/D (sky130_fd_sc_hd__dfrtp_1)
                                              0.521946   data arrival time

                                  0.000000    0.000000   clock core_clock (rise edge)
                                  0.000000    0.000000   clock source latency
     1    0.015155    0.000000    0.000000    0.000000 ^ clk (in)
                                                         clk (net)
                      0.001422    0.000711    0.000711 ^ clkbuf_0_clk/A (sky130_fd_sc_hd__clkbuf_16)
     8    0.085401    0.078773    0.109444    0.110155 ^ clkbuf_0_clk/X (sky130_fd_sc_hd__clkbuf_16)
                                                         clknet_0_clk (net)
                      0.079673    0.006654    0.116809 ^ clkbuf_3_7__f_clk/A (sky130_fd_sc_hd__clkbuf_16)
    10    0.031531    0.039597    0.105255    0.222063 ^ clkbuf_3_7__f_clk/X (sky130_fd_sc_hd__clkbuf_16)
                                                         clknet_3_7__leaf_clk (net)
                      0.039614    0.001188    0.223252 ^ dsa[3]._8_/CLK (sky130_fd_sc_hd__dfrtp_1)
                                  0.000000    0.223252   clock reconvergence pessimism
                                 -0.019346    0.203906   library hold time
                                              0.203906   data required time
---------------------------------------------------------------------------------------------
                                              0.203906   data required time
                                             -0.521946   data arrival time
---------------------------------------------------------------------------------------------
                                              0.318041   slack (MET)


Startpoint: dsa[14]._9_ (rising edge-triggered flip-flop clocked by core_clock)
Endpoint: dsa[15]._9_ (rising edge-triggered flip-flop clocked by core_clock)
Path Group: core_clock
Path Type: min

Fanout         Cap        Slew       Delay        Time   Description
---------------------------------------------------------------------------------------------
                                  0.000000    0.000000   clock core_clock (rise edge)
                                  0.000000    0.000000   clock source latency
     1    0.015155    0.000000    0.000000    0.000000 ^ clk (in)
                                                         clk (net)
                      0.001422    0.000711    0.000711 ^ clkbuf_0_clk/A (sky130_fd_sc_hd__clkbuf_16)
     8    0.085401    0.078773    0.109444    0.110155 ^ clkbuf_0_clk/X (sky130_fd_sc_hd__clkbuf_16)
                                                         clknet_0_clk (net)
                      0.079638    0.006529    0.116684 ^ clkbuf_3_6__f_clk/A (sky130_fd_sc_hd__clkbuf_16)
     8    0.028649    0.037661    0.103372    0.220056 ^ clkbuf_3_6__f_clk/X (sky130_fd_sc_hd__clkbuf_16)
                                                         clknet_3_6__leaf_clk (net)
                      0.037727    0.001341    0.221397 ^ dsa[14]._9_/CLK (sky130_fd_sc_hd__dfrtp_1)
     2    0.011002    0.080146    0.238561    0.459958 ^ dsa[14]._9_/Q (sky130_fd_sc_hd__dfrtp_1)
                                                         dsa[14].y_out (net)
                      0.080153    0.000819    0.460777 ^ dsa[15]._6_/A (sky130_fd_sc_hd__xnor2_1)
     1    0.003568    0.024877    0.048363    0.509140 v dsa[15]._6_/Y (sky130_fd_sc_hd__xnor2_1)
                                                         dsa[15].y_out_next (net)
                      0.024879    0.000220    0.509360 v dsa[15]._9_/D (sky130_fd_sc_hd__dfrtp_1)
                                              0.509360   data arrival time

                                  0.000000    0.000000   clock core_clock (rise edge)
                                  0.000000    0.000000   clock source latency
     1    0.015155    0.000000    0.000000    0.000000 ^ clk (in)
                                                         clk (net)
                      0.001422    0.000711    0.000711 ^ clkbuf_0_clk/A (sky130_fd_sc_hd__clkbuf_16)
     8    0.085401    0.078773    0.109444    0.110155 ^ clkbuf_0_clk/X (sky130_fd_sc_hd__clkbuf_16)
                                                         clknet_0_clk (net)
                      0.080339    0.008735    0.118890 ^ clkbuf_3_4__f_clk/A (sky130_fd_sc_hd__clkbuf_16)
     9    0.024233    0.034552    0.100597    0.219487 ^ clkbuf_3_4__f_clk/X (sky130_fd_sc_hd__clkbuf_16)
                                                         clknet_3_4__leaf_clk (net)
                      0.034640    0.001379    0.220866 ^ dsa[15]._9_/CLK (sky130_fd_sc_hd__dfrtp_1)
                                  0.000000    0.220866   clock reconvergence pessimism
                                 -0.029710    0.191156   library hold time
                                              0.191156   data required time
---------------------------------------------------------------------------------------------
                                              0.191156   data required time
                                             -0.509360   data arrival time
---------------------------------------------------------------------------------------------
                                              0.318204   slack (MET)


Startpoint: dsa[28]._9_ (rising edge-triggered flip-flop clocked by core_clock)
Endpoint: dsa[29]._8_ (rising edge-triggered flip-flop clocked by core_clock)
Path Group: core_clock
Path Type: min

Fanout         Cap        Slew       Delay        Time   Description
---------------------------------------------------------------------------------------------
                                  0.000000    0.000000   clock core_clock (rise edge)
                                  0.000000    0.000000   clock source latency
     1    0.015155    0.000000    0.000000    0.000000 ^ clk (in)
                                                         clk (net)
                      0.001422    0.000711    0.000711 ^ clkbuf_0_clk/A (sky130_fd_sc_hd__clkbuf_16)
     8    0.085401    0.078773    0.109444    0.110155 ^ clkbuf_0_clk/X (sky130_fd_sc_hd__clkbuf_16)
                                                         clknet_0_clk (net)
                      0.080880    0.010138    0.120293 ^ clkbuf_3_0__f_clk/A (sky130_fd_sc_hd__clkbuf_16)
    10    0.034667    0.041696    0.107307    0.227600 ^ clkbuf_3_0__f_clk/X (sky130_fd_sc_hd__clkbuf_16)
                                                         clknet_3_0__leaf_clk (net)
                      0.041761    0.001489    0.229089 ^ dsa[28]._9_/CLK (sky130_fd_sc_hd__dfrtp_1)
     2    0.008632    0.066266    0.228520    0.457609 ^ dsa[28]._9_/Q (sky130_fd_sc_hd__dfrtp_1)
                                                         dsa[28].y_out (net)
                      0.066269    0.000566    0.458175 ^ dsa[29]._7_/A1 (sky130_fd_sc_hd__a21bo_1)
     1    0.003618    0.029537    0.070056    0.528232 ^ dsa[29]._7_/X (sky130_fd_sc_hd__a21bo_1)
                                                         dsa[29].last_carry_next (net)
                      0.029539    0.000269    0.528500 ^ dsa[29]._8_/D (sky130_fd_sc_hd__dfrtp_1)
                                              0.528500   data arrival time

                                  0.000000    0.000000   clock core_clock (rise edge)
                                  0.000000    0.000000   clock source latency
     1    0.015155    0.000000    0.000000    0.000000 ^ clk (in)
                                                         clk (net)
                      0.001422    0.000711    0.000711 ^ clkbuf_0_clk/A (sky130_fd_sc_hd__clkbuf_16)
     8    0.085401    0.078773    0.109444    0.110155 ^ clkbuf_0_clk/X (sky130_fd_sc_hd__clkbuf_16)
                                                         clknet_0_clk (net)
                      0.080880    0.010138    0.120293 ^ clkbuf_3_0__f_clk/A (sky130_fd_sc_hd__clkbuf_16)
    10    0.034667    0.041696    0.107307    0.227600 ^ clkbuf_3_0__f_clk/X (sky130_fd_sc_hd__clkbuf_16)
                                                         clknet_3_0__leaf_clk (net)
                      0.041769    0.001553    0.229153 ^ dsa[29]._8_/CLK (sky130_fd_sc_hd__dfrtp_1)
                                  0.000000    0.229153   clock reconvergence pessimism
                                 -0.019396    0.209756   library hold time
                                              0.209756   data required time
---------------------------------------------------------------------------------------------
                                              0.209756   data required time
                                             -0.528500   data arrival time
---------------------------------------------------------------------------------------------
                                              0.318744   slack (MET)


Startpoint: dsa[27]._9_ (rising edge-triggered flip-flop clocked by core_clock)
Endpoint: dsa[28]._8_ (rising edge-triggered flip-flop clocked by core_clock)
Path Group: core_clock
Path Type: min

Fanout         Cap        Slew       Delay        Time   Description
---------------------------------------------------------------------------------------------
                                  0.000000    0.000000   clock core_clock (rise edge)
                                  0.000000    0.000000   clock source latency
     1    0.015155    0.000000    0.000000    0.000000 ^ clk (in)
                                                         clk (net)
                      0.001422    0.000711    0.000711 ^ clkbuf_0_clk/A (sky130_fd_sc_hd__clkbuf_16)
     8    0.085401    0.078773    0.109444    0.110155 ^ clkbuf_0_clk/X (sky130_fd_sc_hd__clkbuf_16)
                                                         clknet_0_clk (net)
                      0.079334    0.005306    0.115461 ^ clkbuf_3_2__f_clk/A (sky130_fd_sc_hd__clkbuf_16)
    10    0.033819    0.041077    0.106363    0.221824 ^ clkbuf_3_2__f_clk/X (sky130_fd_sc_hd__clkbuf_16)
                                                         clknet_3_2__leaf_clk (net)
                      0.041116    0.001437    0.223261 ^ dsa[27]._9_/CLK (sky130_fd_sc_hd__dfrtp_1)
     2    0.009557    0.071939    0.232708    0.455969 ^ dsa[27]._9_/Q (sky130_fd_sc_hd__dfrtp_1)
                                                         dsa[27].y_out (net)
                      0.071945    0.000727    0.456696 ^ dsa[28]._7_/A1 (sky130_fd_sc_hd__a21bo_1)
     1    0.002771    0.024743    0.066897    0.523594 ^ dsa[28]._7_/X (sky130_fd_sc_hd__a21bo_1)
                                                         dsa[28].last_carry_next (net)
                      0.024744    0.000202    0.523796 ^ dsa[28]._8_/D (sky130_fd_sc_hd__dfrtp_1)
                                              0.523796   data arrival time

                                  0.000000    0.000000   clock core_clock (rise edge)
                                  0.000000    0.000000   clock source latency
     1    0.015155    0.000000    0.000000    0.000000 ^ clk (in)
                                                         clk (net)
                      0.001422    0.000711    0.000711 ^ clkbuf_0_clk/A (sky130_fd_sc_hd__clkbuf_16)
     8    0.085401    0.078773    0.109444    0.110155 ^ clkbuf_0_clk/X (sky130_fd_sc_hd__clkbuf_16)
                                                         clknet_0_clk (net)
                      0.079334    0.005306    0.115461 ^ clkbuf_3_2__f_clk/A (sky130_fd_sc_hd__clkbuf_16)
    10    0.033819    0.041077    0.106363    0.221824 ^ clkbuf_3_2__f_clk/X (sky130_fd_sc_hd__clkbuf_16)
                                                         clknet_3_2__leaf_clk (net)
                      0.041257    0.002076    0.223901 ^ dsa[28]._8_/CLK (sky130_fd_sc_hd__dfrtp_1)
                                  0.000000    0.223901   clock reconvergence pessimism
                                 -0.019048    0.204853   library hold time
                                              0.204853   data required time
---------------------------------------------------------------------------------------------
                                              0.204853   data required time
                                             -0.523796   data arrival time
---------------------------------------------------------------------------------------------
                                              0.318943   slack (MET)


Startpoint: dsa[8]._9_ (rising edge-triggered flip-flop clocked by core_clock)
Endpoint: dsa[9]._8_ (rising edge-triggered flip-flop clocked by core_clock)
Path Group: core_clock
Path Type: min

Fanout         Cap        Slew       Delay        Time   Description
---------------------------------------------------------------------------------------------
                                  0.000000    0.000000   clock core_clock (rise edge)
                                  0.000000    0.000000   clock source latency
     1    0.015155    0.000000    0.000000    0.000000 ^ clk (in)
                                                         clk (net)
                      0.001422    0.000711    0.000711 ^ clkbuf_0_clk/A (sky130_fd_sc_hd__clkbuf_16)
     8    0.085401    0.078773    0.109444    0.110155 ^ clkbuf_0_clk/X (sky130_fd_sc_hd__clkbuf_16)
                                                         clknet_0_clk (net)
                      0.080339    0.008735    0.118890 ^ clkbuf_3_4__f_clk/A (sky130_fd_sc_hd__clkbuf_16)
     9    0.024233    0.034552    0.100597    0.219487 ^ clkbuf_3_4__f_clk/X (sky130_fd_sc_hd__clkbuf_16)
                                                         clknet_3_4__leaf_clk (net)
                      0.034642    0.001397    0.220884 ^ dsa[8]._9_/CLK (sky130_fd_sc_hd__dfrtp_1)
     2    0.009770    0.073197    0.231810    0.452694 ^ dsa[8]._9_/Q (sky130_fd_sc_hd__dfrtp_1)
                                                         dsa[8].y_out (net)
                      0.073201    0.000596    0.453291 ^ dsa[9]._7_/A1 (sky130_fd_sc_hd__a21bo_1)
     1    0.003066    0.026417    0.068471    0.521762 ^ dsa[9]._7_/X (sky130_fd_sc_hd__a21bo_1)
                                                         dsa[9].last_carry_next (net)
                      0.026418    0.000131    0.521893 ^ dsa[9]._8_/D (sky130_fd_sc_hd__dfrtp_1)
                                              0.521893   data arrival time

                                  0.000000    0.000000   clock core_clock (rise edge)
                                  0.000000    0.000000   clock source latency
     1    0.015155    0.000000    0.000000    0.000000 ^ clk (in)
                                                         clk (net)
                      0.001422    0.000711    0.000711 ^ clkbuf_0_clk/A (sky130_fd_sc_hd__clkbuf_16)
     8    0.085401    0.078773    0.109444    0.110155 ^ clkbuf_0_clk/X (sky130_fd_sc_hd__clkbuf_16)
                                                         clknet_0_clk (net)
                      0.079638    0.006529    0.116684 ^ clkbuf_3_6__f_clk/A (sky130_fd_sc_hd__clkbuf_16)
     8    0.028649    0.037661    0.103372    0.220056 ^ clkbuf_3_6__f_clk/X (sky130_fd_sc_hd__clkbuf_16)
                                                         clknet_3_6__leaf_clk (net)
                      0.037749    0.001536    0.221592 ^ dsa[9]._8_/CLK (sky130_fd_sc_hd__dfrtp_1)
                                  0.000000    0.221592   clock reconvergence pessimism
                                 -0.019267    0.202325   library hold time
                                              0.202325   data required time
---------------------------------------------------------------------------------------------
                                              0.202325   data required time
                                             -0.521893   data arrival time
---------------------------------------------------------------------------------------------
                                              0.319567   slack (MET)


Startpoint: dsa[24]._9_ (rising edge-triggered flip-flop clocked by core_clock)
Endpoint: dsa[25]._8_ (rising edge-triggered flip-flop clocked by core_clock)
Path Group: core_clock
Path Type: min

Fanout         Cap        Slew       Delay        Time   Description
---------------------------------------------------------------------------------------------
                                  0.000000    0.000000   clock core_clock (rise edge)
                                  0.000000    0.000000   clock source latency
     1    0.015155    0.000000    0.000000    0.000000 ^ clk (in)
                                                         clk (net)
                      0.001422    0.000711    0.000711 ^ clkbuf_0_clk/A (sky130_fd_sc_hd__clkbuf_16)
     8    0.085401    0.078773    0.109444    0.110155 ^ clkbuf_0_clk/X (sky130_fd_sc_hd__clkbuf_16)
                                                         clknet_0_clk (net)
                      0.079257    0.004947    0.115103 ^ clkbuf_3_3__f_clk/A (sky130_fd_sc_hd__clkbuf_16)
     9    0.028862    0.037813    0.103400    0.218503 ^ clkbuf_3_3__f_clk/X (sky130_fd_sc_hd__clkbuf_16)
                                                         clknet_3_3__leaf_clk (net)
                      0.037889    0.001442    0.219945 ^ dsa[24]._9_/CLK (sky130_fd_sc_hd__dfrtp_1)
     2    0.010407    0.076662    0.235957    0.455901 ^ dsa[24]._9_/Q (sky130_fd_sc_hd__dfrtp_1)
                                                         dsa[24].y_out (net)
                      0.076665    0.000542    0.456444 ^ dsa[25]._7_/A1 (sky130_fd_sc_hd__a21bo_1)
     1    0.002897    0.025454    0.068116    0.524559 ^ dsa[25]._7_/X (sky130_fd_sc_hd__a21bo_1)
                                                         dsa[25].last_carry_next (net)
                      0.025455    0.000191    0.524750 ^ dsa[25]._8_/D (sky130_fd_sc_hd__dfrtp_1)
                                              0.524750   data arrival time

                                  0.000000    0.000000   clock core_clock (rise edge)
                                  0.000000    0.000000   clock source latency
     1    0.015155    0.000000    0.000000    0.000000 ^ clk (in)
                                                         clk (net)
                      0.001422    0.000711    0.000711 ^ clkbuf_0_clk/A (sky130_fd_sc_hd__clkbuf_16)
     8    0.085401    0.078773    0.109444    0.110155 ^ clkbuf_0_clk/X (sky130_fd_sc_hd__clkbuf_16)
                                                         clknet_0_clk (net)
                      0.079334    0.005306    0.115461 ^ clkbuf_3_2__f_clk/A (sky130_fd_sc_hd__clkbuf_16)
    10    0.033819    0.041077    0.106363    0.221824 ^ clkbuf_3_2__f_clk/X (sky130_fd_sc_hd__clkbuf_16)
                                                         clknet_3_2__leaf_clk (net)
                      0.041274    0.002200    0.224025 ^ dsa[25]._8_/CLK (sky130_fd_sc_hd__dfrtp_1)
                                  0.000000    0.224025   clock reconvergence pessimism
                                 -0.019101    0.204924   library hold time
                                              0.204924   data required time
---------------------------------------------------------------------------------------------
                                              0.204924   data required time
                                             -0.524750   data arrival time
---------------------------------------------------------------------------------------------
                                              0.319826   slack (MET)


Startpoint: dsa[26]._9_ (rising edge-triggered flip-flop clocked by core_clock)
Endpoint: dsa[27]._8_ (rising edge-triggered flip-flop clocked by core_clock)
Path Group: core_clock
Path Type: min

Fanout         Cap        Slew       Delay        Time   Description
---------------------------------------------------------------------------------------------
                                  0.000000    0.000000   clock core_clock (rise edge)
                                  0.000000    0.000000   clock source latency
     1    0.015155    0.000000    0.000000    0.000000 ^ clk (in)
                                                         clk (net)
                      0.001422    0.000711    0.000711 ^ clkbuf_0_clk/A (sky130_fd_sc_hd__clkbuf_16)
     8    0.085401    0.078773    0.109444    0.110155 ^ clkbuf_0_clk/X (sky130_fd_sc_hd__clkbuf_16)
                                                         clknet_0_clk (net)
                      0.079334    0.005306    0.115461 ^ clkbuf_3_2__f_clk/A (sky130_fd_sc_hd__clkbuf_16)
    10    0.033819    0.041077    0.106363    0.221824 ^ clkbuf_3_2__f_clk/X (sky130_fd_sc_hd__clkbuf_16)
                                                         clknet_3_2__leaf_clk (net)
                      0.041247    0.001996    0.223821 ^ dsa[26]._9_/CLK (sky130_fd_sc_hd__dfrtp_1)
     2    0.010091    0.074990    0.235299    0.459120 ^ dsa[26]._9_/Q (sky130_fd_sc_hd__dfrtp_1)
                                                         dsa[26].y_out (net)
                      0.074997    0.000771    0.459891 ^ dsa[27]._7_/A1 (sky130_fd_sc_hd__a21bo_1)
     1    0.002622    0.023901    0.066622    0.526513 ^ dsa[27]._7_/X (sky130_fd_sc_hd__a21bo_1)
                                                         dsa[27].last_carry_next (net)
                      0.023914    0.000180    0.526693 ^ dsa[27]._8_/D (sky130_fd_sc_hd__dfrtp_1)
                                              0.526693   data arrival time

                                  0.000000    0.000000   clock core_clock (rise edge)
                                  0.000000    0.000000   clock source latency
     1    0.015155    0.000000    0.000000    0.000000 ^ clk (in)
                                                         clk (net)
                      0.001422    0.000711    0.000711 ^ clkbuf_0_clk/A (sky130_fd_sc_hd__clkbuf_16)
     8    0.085401    0.078773    0.109444    0.110155 ^ clkbuf_0_clk/X (sky130_fd_sc_hd__clkbuf_16)
                                                         clknet_0_clk (net)
                      0.079334    0.005306    0.115461 ^ clkbuf_3_2__f_clk/A (sky130_fd_sc_hd__clkbuf_16)
    10    0.033819    0.041077    0.106363    0.221824 ^ clkbuf_3_2__f_clk/X (sky130_fd_sc_hd__clkbuf_16)
                                                         clknet_3_2__leaf_clk (net)
                      0.041249    0.002014    0.223838 ^ dsa[27]._8_/CLK (sky130_fd_sc_hd__dfrtp_1)
                                  0.000000    0.223838   clock reconvergence pessimism
                                 -0.018985    0.204853   library hold time
                                              0.204853   data required time
---------------------------------------------------------------------------------------------
                                              0.204853   data required time
                                             -0.526693   data arrival time
---------------------------------------------------------------------------------------------
                                              0.321840   slack (MET)


Startpoint: dsa[20]._9_ (rising edge-triggered flip-flop clocked by core_clock)
Endpoint: dsa[21]._8_ (rising edge-triggered flip-flop clocked by core_clock)
Path Group: core_clock
Path Type: min

Fanout         Cap        Slew       Delay        Time   Description
---------------------------------------------------------------------------------------------
                                  0.000000    0.000000   clock core_clock (rise edge)
                                  0.000000    0.000000   clock source latency
     1    0.015155    0.000000    0.000000    0.000000 ^ clk (in)
                                                         clk (net)
                      0.001422    0.000711    0.000711 ^ clkbuf_0_clk/A (sky130_fd_sc_hd__clkbuf_16)
     8    0.085401    0.078773    0.109444    0.110155 ^ clkbuf_0_clk/X (sky130_fd_sc_hd__clkbuf_16)
                                                         clknet_0_clk (net)
                      0.080880    0.010138    0.120293 ^ clkbuf_3_0__f_clk/A (sky130_fd_sc_hd__clkbuf_16)
    10    0.034667    0.041696    0.107307    0.227600 ^ clkbuf_3_0__f_clk/X (sky130_fd_sc_hd__clkbuf_16)
                                                         clknet_3_0__leaf_clk (net)
                      0.041758    0.001463    0.229063 ^ dsa[20]._9_/CLK (sky130_fd_sc_hd__dfrtp_1)
     2    0.009868    0.073779    0.234339    0.463402 ^ dsa[20]._9_/Q (sky130_fd_sc_hd__dfrtp_1)
                                                         dsa[20].y_out (net)
                      0.073784    0.000673    0.464075 ^ dsa[21]._7_/A1 (sky130_fd_sc_hd__a21bo_1)
     1    0.003082    0.026507    0.068622    0.532697 ^ dsa[21]._7_/X (sky130_fd_sc_hd__a21bo_1)
                                                         dsa[21].last_carry_next (net)
                      0.026508    0.000131    0.532829 ^ dsa[21]._8_/D (sky130_fd_sc_hd__dfrtp_1)
                                              0.532829   data arrival time

                                  0.000000    0.000000   clock core_clock (rise edge)
                                  0.000000    0.000000   clock source latency
     1    0.015155    0.000000    0.000000    0.000000 ^ clk (in)
                                                         clk (net)
                      0.001422    0.000711    0.000711 ^ clkbuf_0_clk/A (sky130_fd_sc_hd__clkbuf_16)
     8    0.085401    0.078773    0.109444    0.110155 ^ clkbuf_0_clk/X (sky130_fd_sc_hd__clkbuf_16)
                                                         clknet_0_clk (net)
                      0.080880    0.010138    0.120293 ^ clkbuf_3_0__f_clk/A (sky130_fd_sc_hd__clkbuf_16)
    10    0.034667    0.041696    0.107307    0.227600 ^ clkbuf_3_0__f_clk/X (sky130_fd_sc_hd__clkbuf_16)
                                                         clknet_3_0__leaf_clk (net)
                      0.041763    0.001499    0.229099 ^ dsa[21]._8_/CLK (sky130_fd_sc_hd__dfrtp_1)
                                  0.000000    0.229099   clock reconvergence pessimism
                                 -0.019168    0.209931   library hold time
                                              0.209931   data required time
---------------------------------------------------------------------------------------------
                                              0.209931   data required time
                                             -0.532829   data arrival time
---------------------------------------------------------------------------------------------
                                              0.322897   slack (MET)


Startpoint: dsa[9]._9_ (rising edge-triggered flip-flop clocked by core_clock)
Endpoint: dsa[10]._8_ (rising edge-triggered flip-flop clocked by core_clock)
Path Group: core_clock
Path Type: min

Fanout         Cap        Slew       Delay        Time   Description
---------------------------------------------------------------------------------------------
                                  0.000000    0.000000   clock core_clock (rise edge)
                                  0.000000    0.000000   clock source latency
     1    0.015155    0.000000    0.000000    0.000000 ^ clk (in)
                                                         clk (net)
                      0.001422    0.000711    0.000711 ^ clkbuf_0_clk/A (sky130_fd_sc_hd__clkbuf_16)
     8    0.085401    0.078773    0.109444    0.110155 ^ clkbuf_0_clk/X (sky130_fd_sc_hd__clkbuf_16)
                                                         clknet_0_clk (net)
                      0.079673    0.006654    0.116809 ^ clkbuf_3_7__f_clk/A (sky130_fd_sc_hd__clkbuf_16)
    10    0.031531    0.039597    0.105255    0.222063 ^ clkbuf_3_7__f_clk/X (sky130_fd_sc_hd__clkbuf_16)
                                                         clknet_3_7__leaf_clk (net)
                      0.039614    0.001204    0.223268 ^ dsa[9]._9_/CLK (sky130_fd_sc_hd__dfrtp_1)
     2    0.009558    0.071920    0.232329    0.455596 ^ dsa[9]._9_/Q (sky130_fd_sc_hd__dfrtp_1)
                                                         dsa[10].y_in (net)
                      0.071923    0.000541    0.456138 ^ dsa[10]._7_/A1 (sky130_fd_sc_hd__a21bo_1)
     1    0.003401    0.028304    0.069801    0.525938 ^ dsa[10]._7_/X (sky130_fd_sc_hd__a21bo_1)
                                                         dsa[10].last_carry_next (net)
                      0.028305    0.000250    0.526188 ^ dsa[10]._8_/D (sky130_fd_sc_hd__dfrtp_1)
                                              0.526188   data arrival time

                                  0.000000    0.000000   clock core_clock (rise edge)
                                  0.000000    0.000000   clock source latency
     1    0.015155    0.000000    0.000000    0.000000 ^ clk (in)
                                                         clk (net)
                      0.001422    0.000711    0.000711 ^ clkbuf_0_clk/A (sky130_fd_sc_hd__clkbuf_16)
     8    0.085401    0.078773    0.109444    0.110155 ^ clkbuf_0_clk/X (sky130_fd_sc_hd__clkbuf_16)
                                                         clknet_0_clk (net)
                      0.079638    0.006529    0.116684 ^ clkbuf_3_6__f_clk/A (sky130_fd_sc_hd__clkbuf_16)
     8    0.028649    0.037661    0.103372    0.220056 ^ clkbuf_3_6__f_clk/X (sky130_fd_sc_hd__clkbuf_16)
                                                         clknet_3_6__leaf_clk (net)
                      0.037745    0.001503    0.221560 ^ dsa[10]._8_/CLK (sky130_fd_sc_hd__dfrtp_1)
                                  0.000000    0.221560   clock reconvergence pessimism
                                 -0.019410    0.202150   library hold time
                                              0.202150   data required time
---------------------------------------------------------------------------------------------
                                              0.202150   data required time
                                             -0.526188   data arrival time
---------------------------------------------------------------------------------------------
                                              0.324038   slack (MET)


Startpoint: dsa[1]._9_ (rising edge-triggered flip-flop clocked by core_clock)
Endpoint: dsa[2]._8_ (rising edge-triggered flip-flop clocked by core_clock)
Path Group: core_clock
Path Type: min

Fanout         Cap        Slew       Delay        Time   Description
---------------------------------------------------------------------------------------------
                                  0.000000    0.000000   clock core_clock (rise edge)
                                  0.000000    0.000000   clock source latency
     1    0.015155    0.000000    0.000000    0.000000 ^ clk (in)
                                                         clk (net)
                      0.001422    0.000711    0.000711 ^ clkbuf_0_clk/A (sky130_fd_sc_hd__clkbuf_16)
     8    0.085401    0.078773    0.109444    0.110155 ^ clkbuf_0_clk/X (sky130_fd_sc_hd__clkbuf_16)
                                                         clknet_0_clk (net)
                      0.079673    0.006654    0.116809 ^ clkbuf_3_7__f_clk/A (sky130_fd_sc_hd__clkbuf_16)
    10    0.031531    0.039597    0.105255    0.222063 ^ clkbuf_3_7__f_clk/X (sky130_fd_sc_hd__clkbuf_16)
                                                         clknet_3_7__leaf_clk (net)
                      0.039620    0.001477    0.223541 ^ dsa[1]._9_/CLK (sky130_fd_sc_hd__dfrtp_1)
     2    0.009904    0.073949    0.233945    0.457486 ^ dsa[1]._9_/Q (sky130_fd_sc_hd__dfrtp_1)
                                                         dsa[1].y_out (net)
                      0.073954    0.000673    0.458158 ^ dsa[2]._7_/A1 (sky130_fd_sc_hd__a21bo_1)
     1    0.003087    0.026526    0.068621    0.526779 ^ dsa[2]._7_/X (sky130_fd_sc_hd__a21bo_1)
                                                         dsa[2].last_carry_next (net)
                      0.026527    0.000229    0.527008 ^ dsa[2]._8_/D (sky130_fd_sc_hd__dfrtp_1)
                                              0.527008   data arrival time

                                  0.000000    0.000000   clock core_clock (rise edge)
                                  0.000000    0.000000   clock source latency
     1    0.015155    0.000000    0.000000    0.000000 ^ clk (in)
                                                         clk (net)
                      0.001422    0.000711    0.000711 ^ clkbuf_0_clk/A (sky130_fd_sc_hd__clkbuf_16)
     8    0.085401    0.078773    0.109444    0.110155 ^ clkbuf_0_clk/X (sky130_fd_sc_hd__clkbuf_16)
                                                         clknet_0_clk (net)
                      0.079638    0.006529    0.116684 ^ clkbuf_3_6__f_clk/A (sky130_fd_sc_hd__clkbuf_16)
     8    0.028649    0.037661    0.103372    0.220056 ^ clkbuf_3_6__f_clk/X (sky130_fd_sc_hd__clkbuf_16)
                                                         clknet_3_6__leaf_clk (net)
                      0.037740    0.001457    0.221513 ^ dsa[2]._8_/CLK (sky130_fd_sc_hd__dfrtp_1)
                                  0.000000    0.221513   clock reconvergence pessimism
                                 -0.019275    0.202238   library hold time
                                              0.202238   data required time
---------------------------------------------------------------------------------------------
                                              0.202238   data required time
                                             -0.527008   data arrival time
---------------------------------------------------------------------------------------------
                                              0.324771   slack (MET)


Startpoint: dsa[12]._9_ (rising edge-triggered flip-flop clocked by core_clock)
Endpoint: dsa[13]._8_ (rising edge-triggered flip-flop clocked by core_clock)
Path Group: core_clock
Path Type: min

Fanout         Cap        Slew       Delay        Time   Description
---------------------------------------------------------------------------------------------
                                  0.000000    0.000000   clock core_clock (rise edge)
                                  0.000000    0.000000   clock source latency
     1    0.015155    0.000000    0.000000    0.000000 ^ clk (in)
                                                         clk (net)
                      0.001422    0.000711    0.000711 ^ clkbuf_0_clk/A (sky130_fd_sc_hd__clkbuf_16)
     8    0.085401    0.078773    0.109444    0.110155 ^ clkbuf_0_clk/X (sky130_fd_sc_hd__clkbuf_16)
                                                         clknet_0_clk (net)
                      0.079673    0.006654    0.116809 ^ clkbuf_3_7__f_clk/A (sky130_fd_sc_hd__clkbuf_16)
    10    0.031531    0.039597    0.105255    0.222063 ^ clkbuf_3_7__f_clk/X (sky130_fd_sc_hd__clkbuf_16)
                                                         clknet_3_7__leaf_clk (net)
                      0.039651    0.001888    0.223951 ^ dsa[12]._9_/CLK (sky130_fd_sc_hd__dfrtp_1)
     2    0.009811    0.073396    0.233637    0.457589 ^ dsa[12]._9_/Q (sky130_fd_sc_hd__dfrtp_1)
                                                         dsa[12].y_out (net)
                      0.073398    0.000495    0.458083 ^ dsa[13]._7_/A1 (sky130_fd_sc_hd__a21bo_1)
     1    0.002864    0.025268    0.067533    0.525617 ^ dsa[13]._7_/X (sky130_fd_sc_hd__a21bo_1)
                                                         dsa[13].last_carry_next (net)
                      0.025269    0.000189    0.525805 ^ dsa[13]._8_/D (sky130_fd_sc_hd__dfrtp_1)
                                              0.525805   data arrival time

                                  0.000000    0.000000   clock core_clock (rise edge)
                                  0.000000    0.000000   clock source latency
     1    0.015155    0.000000    0.000000    0.000000 ^ clk (in)
                                                         clk (net)
                      0.001422    0.000711    0.000711 ^ clkbuf_0_clk/A (sky130_fd_sc_hd__clkbuf_16)
     8    0.085401    0.078773    0.109444    0.110155 ^ clkbuf_0_clk/X (sky130_fd_sc_hd__clkbuf_16)
                                                         clknet_0_clk (net)
                      0.079257    0.004947    0.115103 ^ clkbuf_3_3__f_clk/A (sky130_fd_sc_hd__clkbuf_16)
     9    0.028862    0.037813    0.103400    0.218503 ^ clkbuf_3_3__f_clk/X (sky130_fd_sc_hd__clkbuf_16)
                                                         clknet_3_3__leaf_clk (net)
                      0.037887    0.001428    0.219931 ^ dsa[13]._8_/CLK (sky130_fd_sc_hd__dfrtp_1)
                                  0.000000    0.219931   clock reconvergence pessimism
                                 -0.019176    0.200754   library hold time
                                              0.200754   data required time
---------------------------------------------------------------------------------------------
                                              0.200754   data required time
                                             -0.525805   data arrival time
---------------------------------------------------------------------------------------------
                                              0.325051   slack (MET)


Startpoint: dsa[20]._9_ (rising edge-triggered flip-flop clocked by core_clock)
Endpoint: dsa[21]._9_ (rising edge-triggered flip-flop clocked by core_clock)
Path Group: core_clock
Path Type: min

Fanout         Cap        Slew       Delay        Time   Description
---------------------------------------------------------------------------------------------
                                  0.000000    0.000000   clock core_clock (rise edge)
                                  0.000000    0.000000   clock source latency
     1    0.015155    0.000000    0.000000    0.000000 ^ clk (in)
                                                         clk (net)
                      0.001422    0.000711    0.000711 ^ clkbuf_0_clk/A (sky130_fd_sc_hd__clkbuf_16)
     8    0.085401    0.078773    0.109444    0.110155 ^ clkbuf_0_clk/X (sky130_fd_sc_hd__clkbuf_16)
                                                         clknet_0_clk (net)
                      0.080880    0.010138    0.120293 ^ clkbuf_3_0__f_clk/A (sky130_fd_sc_hd__clkbuf_16)
    10    0.034667    0.041696    0.107307    0.227600 ^ clkbuf_3_0__f_clk/X (sky130_fd_sc_hd__clkbuf_16)
                                                         clknet_3_0__leaf_clk (net)
                      0.041758    0.001463    0.229063 ^ dsa[20]._9_/CLK (sky130_fd_sc_hd__dfrtp_1)
     2    0.009868    0.073779    0.234339    0.463402 ^ dsa[20]._9_/Q (sky130_fd_sc_hd__dfrtp_1)
                                                         dsa[20].y_out (net)
                      0.073789    0.000884    0.464285 ^ dsa[21]._6_/A (sky130_fd_sc_hd__xnor2_1)
     1    0.004339    0.028083    0.050566    0.514852 v dsa[21]._6_/Y (sky130_fd_sc_hd__xnor2_1)
                                                         dsa[21].y_out_next (net)
                      0.028086    0.000289    0.515141 v dsa[21]._9_/D (sky130_fd_sc_hd__dfrtp_1)
                                              0.515141   data arrival time

                                  0.000000    0.000000   clock core_clock (rise edge)
                                  0.000000    0.000000   clock source latency
     1    0.015155    0.000000    0.000000    0.000000 ^ clk (in)
                                                         clk (net)
                      0.001422    0.000711    0.000711 ^ clkbuf_0_clk/A (sky130_fd_sc_hd__clkbuf_16)
     8    0.085401    0.078773    0.109444    0.110155 ^ clkbuf_0_clk/X (sky130_fd_sc_hd__clkbuf_16)
                                                         clknet_0_clk (net)
                      0.079257    0.004947    0.115103 ^ clkbuf_3_3__f_clk/A (sky130_fd_sc_hd__clkbuf_16)
     9    0.028862    0.037813    0.103400    0.218503 ^ clkbuf_3_3__f_clk/X (sky130_fd_sc_hd__clkbuf_16)
                                                         clknet_3_3__leaf_clk (net)
                      0.037849    0.001050    0.219553 ^ dsa[21]._9_/CLK (sky130_fd_sc_hd__dfrtp_1)
                                  0.000000    0.219553   clock reconvergence pessimism
                                 -0.030437    0.189116   library hold time
                                              0.189116   data required time
---------------------------------------------------------------------------------------------
                                              0.189116   data required time
                                             -0.515141   data arrival time
---------------------------------------------------------------------------------------------
                                              0.326024   slack (MET)


Startpoint: dsa[19]._9_ (rising edge-triggered flip-flop clocked by core_clock)
Endpoint: dsa[20]._8_ (rising edge-triggered flip-flop clocked by core_clock)
Path Group: core_clock
Path Type: min

Fanout         Cap        Slew       Delay        Time   Description
---------------------------------------------------------------------------------------------
                                  0.000000    0.000000   clock core_clock (rise edge)
                                  0.000000    0.000000   clock source latency
     1    0.015155    0.000000    0.000000    0.000000 ^ clk (in)
                                                         clk (net)
                      0.001422    0.000711    0.000711 ^ clkbuf_0_clk/A (sky130_fd_sc_hd__clkbuf_16)
     8    0.085401    0.078773    0.109444    0.110155 ^ clkbuf_0_clk/X (sky130_fd_sc_hd__clkbuf_16)
                                                         clknet_0_clk (net)
                      0.080880    0.010138    0.120293 ^ clkbuf_3_0__f_clk/A (sky130_fd_sc_hd__clkbuf_16)
    10    0.034667    0.041696    0.107307    0.227600 ^ clkbuf_3_0__f_clk/X (sky130_fd_sc_hd__clkbuf_16)
                                                         clknet_3_0__leaf_clk (net)
                      0.041811    0.001911    0.229511 ^ dsa[19]._9_/CLK (sky130_fd_sc_hd__dfrtp_1)
     2    0.009109    0.069177    0.230837    0.460348 ^ dsa[19]._9_/Q (sky130_fd_sc_hd__dfrtp_1)
                                                         dsa[19].y_out (net)
                      0.069180    0.000517    0.460866 ^ dsa[20]._7_/A1 (sky130_fd_sc_hd__a21bo_1)
     1    0.003308    0.027777    0.069015    0.529880 ^ dsa[20]._7_/X (sky130_fd_sc_hd__a21bo_1)
                                                         dsa[20].last_carry_next (net)
                      0.027779    0.000239    0.530119 ^ dsa[20]._8_/D (sky130_fd_sc_hd__dfrtp_1)
                                              0.530119   data arrival time

                                  0.000000    0.000000   clock core_clock (rise edge)
                                  0.000000    0.000000   clock source latency
     1    0.015155    0.000000    0.000000    0.000000 ^ clk (in)
                                                         clk (net)
                      0.001422    0.000711    0.000711 ^ clkbuf_0_clk/A (sky130_fd_sc_hd__clkbuf_16)
     8    0.085401    0.078773    0.109444    0.110155 ^ clkbuf_0_clk/X (sky130_fd_sc_hd__clkbuf_16)
                                                         clknet_0_clk (net)
                      0.080859    0.010088    0.120243 ^ clkbuf_3_1__f_clk/A (sky130_fd_sc_hd__clkbuf_16)
     7    0.026037    0.035824    0.101952    0.222195 ^ clkbuf_3_1__f_clk/X (sky130_fd_sc_hd__clkbuf_16)
                                                         clknet_3_1__leaf_clk (net)
                      0.035878    0.001180    0.223375 ^ dsa[20]._8_/CLK (sky130_fd_sc_hd__dfrtp_1)
                                  0.000000    0.223375   clock reconvergence pessimism
                                 -0.019419    0.203956   library hold time
                                              0.203956   data required time
---------------------------------------------------------------------------------------------
                                              0.203956   data required time
                                             -0.530119   data arrival time
---------------------------------------------------------------------------------------------
                                              0.326164   slack (MET)


Startpoint: dsa[5]._9_ (rising edge-triggered flip-flop clocked by core_clock)
Endpoint: dsa[6]._8_ (rising edge-triggered flip-flop clocked by core_clock)
Path Group: core_clock
Path Type: min

Fanout         Cap        Slew       Delay        Time   Description
---------------------------------------------------------------------------------------------
                                  0.000000    0.000000   clock core_clock (rise edge)
                                  0.000000    0.000000   clock source latency
     1    0.015155    0.000000    0.000000    0.000000 ^ clk (in)
                                                         clk (net)
                      0.001422    0.000711    0.000711 ^ clkbuf_0_clk/A (sky130_fd_sc_hd__clkbuf_16)
     8    0.085401    0.078773    0.109444    0.110155 ^ clkbuf_0_clk/X (sky130_fd_sc_hd__clkbuf_16)
                                                         clknet_0_clk (net)
                      0.080452    0.009044    0.119200 ^ clkbuf_3_5__f_clk/A (sky130_fd_sc_hd__clkbuf_16)
     8    0.031303    0.039459    0.105319    0.224519 ^ clkbuf_3_5__f_clk/X (sky130_fd_sc_hd__clkbuf_16)
                                                         clknet_3_5__leaf_clk (net)
                      0.039483    0.001493    0.226012 ^ dsa[5]._9_/CLK (sky130_fd_sc_hd__dfrtp_1)
     2    0.010937    0.079740    0.238782    0.464794 ^ dsa[5]._9_/Q (sky130_fd_sc_hd__dfrtp_1)
                                                         dsa[5].y_out (net)
                      0.079748    0.000849    0.465643 ^ dsa[6]._7_/A1 (sky130_fd_sc_hd__a21bo_1)
     1    0.002681    0.024227    0.067509    0.533152 ^ dsa[6]._7_/X (sky130_fd_sc_hd__a21bo_1)
                                                         dsa[6].last_carry_next (net)
                      0.024240    0.000199    0.533350 ^ dsa[6]._8_/D (sky130_fd_sc_hd__dfrtp_1)
                                              0.533350   data arrival time

                                  0.000000    0.000000   clock core_clock (rise edge)
                                  0.000000    0.000000   clock source latency
     1    0.015155    0.000000    0.000000    0.000000 ^ clk (in)
                                                         clk (net)
                      0.001422    0.000711    0.000711 ^ clkbuf_0_clk/A (sky130_fd_sc_hd__clkbuf_16)
     8    0.085401    0.078773    0.109444    0.110155 ^ clkbuf_0_clk/X (sky130_fd_sc_hd__clkbuf_16)
                                                         clknet_0_clk (net)
                      0.080452    0.009044    0.119200 ^ clkbuf_3_5__f_clk/A (sky130_fd_sc_hd__clkbuf_16)
     8    0.031303    0.039459    0.105319    0.224519 ^ clkbuf_3_5__f_clk/X (sky130_fd_sc_hd__clkbuf_16)
                                                         clknet_3_5__leaf_clk (net)
                      0.039485    0.001559    0.226078 ^ dsa[6]._8_/CLK (sky130_fd_sc_hd__dfrtp_1)
                                  0.000000    0.226078   clock reconvergence pessimism
                                 -0.019057    0.207021   library hold time
                                              0.207021   data required time
---------------------------------------------------------------------------------------------
                                              0.207021   data required time
                                             -0.533350   data arrival time
---------------------------------------------------------------------------------------------
                                              0.326329   slack (MET)


Startpoint: dsa[10]._9_ (rising edge-triggered flip-flop clocked by core_clock)
Endpoint: dsa[11]._8_ (rising edge-triggered flip-flop clocked by core_clock)
Path Group: core_clock
Path Type: min

Fanout         Cap        Slew       Delay        Time   Description
---------------------------------------------------------------------------------------------
                                  0.000000    0.000000   clock core_clock (rise edge)
                                  0.000000    0.000000   clock source latency
     1    0.015155    0.000000    0.000000    0.000000 ^ clk (in)
                                                         clk (net)
                      0.001422    0.000711    0.000711 ^ clkbuf_0_clk/A (sky130_fd_sc_hd__clkbuf_16)
     8    0.085401    0.078773    0.109444    0.110155 ^ clkbuf_0_clk/X (sky130_fd_sc_hd__clkbuf_16)
                                                         clknet_0_clk (net)
                      0.079638    0.006529    0.116684 ^ clkbuf_3_6__f_clk/A (sky130_fd_sc_hd__clkbuf_16)
     8    0.028649    0.037661    0.103372    0.220056 ^ clkbuf_3_6__f_clk/X (sky130_fd_sc_hd__clkbuf_16)
                                                         clknet_3_6__leaf_clk (net)
                      0.037729    0.001361    0.221417 ^ dsa[10]._9_/CLK (sky130_fd_sc_hd__dfrtp_1)
     2    0.010743    0.078511    0.237474    0.458891 ^ dsa[10]._9_/Q (sky130_fd_sc_hd__dfrtp_1)
                                                         dsa[10].y_out (net)
                      0.078512    0.000423    0.459315 ^ dsa[11]._7_/A1 (sky130_fd_sc_hd__a21bo_1)
     1    0.003066    0.026409    0.069136    0.528450 ^ dsa[11]._7_/X (sky130_fd_sc_hd__a21bo_1)
                                                         dsa[11].last_carry_next (net)
                      0.026410    0.000213    0.528663 ^ dsa[11]._8_/D (sky130_fd_sc_hd__dfrtp_1)
                                              0.528663   data arrival time

                                  0.000000    0.000000   clock core_clock (rise edge)
                                  0.000000    0.000000   clock source latency
     1    0.015155    0.000000    0.000000    0.000000 ^ clk (in)
                                                         clk (net)
                      0.001422    0.000711    0.000711 ^ clkbuf_0_clk/A (sky130_fd_sc_hd__clkbuf_16)
     8    0.085401    0.078773    0.109444    0.110155 ^ clkbuf_0_clk/X (sky130_fd_sc_hd__clkbuf_16)
                                                         clknet_0_clk (net)
                      0.079638    0.006529    0.116684 ^ clkbuf_3_6__f_clk/A (sky130_fd_sc_hd__clkbuf_16)
     8    0.028649    0.037661    0.103372    0.220056 ^ clkbuf_3_6__f_clk/X (sky130_fd_sc_hd__clkbuf_16)
                                                         clknet_3_6__leaf_clk (net)
                      0.037716    0.001237    0.221293 ^ dsa[11]._8_/CLK (sky130_fd_sc_hd__dfrtp_1)
                                  0.000000    0.221293   clock reconvergence pessimism
                                 -0.019267    0.202026   library hold time
                                              0.202026   data required time
---------------------------------------------------------------------------------------------
                                              0.202026   data required time
                                             -0.528663   data arrival time
---------------------------------------------------------------------------------------------
                                              0.326637   slack (MET)


Startpoint: dsa[7]._9_ (rising edge-triggered flip-flop clocked by core_clock)
Endpoint: dsa[8]._8_ (rising edge-triggered flip-flop clocked by core_clock)
Path Group: core_clock
Path Type: min

Fanout         Cap        Slew       Delay        Time   Description
---------------------------------------------------------------------------------------------
                                  0.000000    0.000000   clock core_clock (rise edge)
                                  0.000000    0.000000   clock source latency
     1    0.015155    0.000000    0.000000    0.000000 ^ clk (in)
                                                         clk (net)
                      0.001422    0.000711    0.000711 ^ clkbuf_0_clk/A (sky130_fd_sc_hd__clkbuf_16)
     8    0.085401    0.078773    0.109444    0.110155 ^ clkbuf_0_clk/X (sky130_fd_sc_hd__clkbuf_16)
                                                         clknet_0_clk (net)
                      0.080339    0.008735    0.118890 ^ clkbuf_3_4__f_clk/A (sky130_fd_sc_hd__clkbuf_16)
     9    0.024233    0.034552    0.100597    0.219487 ^ clkbuf_3_4__f_clk/X (sky130_fd_sc_hd__clkbuf_16)
                                                         clknet_3_4__leaf_clk (net)
                      0.034609    0.001093    0.220580 ^ dsa[7]._9_/CLK (sky130_fd_sc_hd__dfrtp_1)
     2    0.010739    0.078483    0.236491    0.457071 ^ dsa[7]._9_/Q (sky130_fd_sc_hd__dfrtp_1)
                                                         dsa[7].y_out (net)
                      0.078484    0.000438    0.457508 ^ dsa[8]._7_/A1 (sky130_fd_sc_hd__a21bo_1)
     1    0.003459    0.028633    0.070960    0.528469 ^ dsa[8]._7_/X (sky130_fd_sc_hd__a21bo_1)
                                                         dsa[8].last_carry_next (net)
                      0.028634    0.000225    0.528694 ^ dsa[8]._8_/D (sky130_fd_sc_hd__dfrtp_1)
                                              0.528694   data arrival time

                                  0.000000    0.000000   clock core_clock (rise edge)
                                  0.000000    0.000000   clock source latency
     1    0.015155    0.000000    0.000000    0.000000 ^ clk (in)
                                                         clk (net)
                      0.001422    0.000711    0.000711 ^ clkbuf_0_clk/A (sky130_fd_sc_hd__clkbuf_16)
     8    0.085401    0.078773    0.109444    0.110155 ^ clkbuf_0_clk/X (sky130_fd_sc_hd__clkbuf_16)
                                                         clknet_0_clk (net)
                      0.080339    0.008735    0.118890 ^ clkbuf_3_4__f_clk/A (sky130_fd_sc_hd__clkbuf_16)
     9    0.024233    0.034552    0.100597    0.219487 ^ clkbuf_3_4__f_clk/X (sky130_fd_sc_hd__clkbuf_16)
                                                         clknet_3_4__leaf_clk (net)
                      0.034612    0.001119    0.220606 ^ dsa[8]._8_/CLK (sky130_fd_sc_hd__dfrtp_1)
                                  0.000000    0.220606   clock reconvergence pessimism
                                 -0.019517    0.201089   library hold time
                                              0.201089   data required time
---------------------------------------------------------------------------------------------
                                              0.201089   data required time
                                             -0.528694   data arrival time
---------------------------------------------------------------------------------------------
                                              0.327604   slack (MET)


Startpoint: dsa[11]._9_ (rising edge-triggered flip-flop clocked by core_clock)
Endpoint: dsa[12]._8_ (rising edge-triggered flip-flop clocked by core_clock)
Path Group: core_clock
Path Type: min

Fanout         Cap        Slew       Delay        Time   Description
---------------------------------------------------------------------------------------------
                                  0.000000    0.000000   clock core_clock (rise edge)
                                  0.000000    0.000000   clock source latency
     1    0.015155    0.000000    0.000000    0.000000 ^ clk (in)
                                                         clk (net)
                      0.001422    0.000711    0.000711 ^ clkbuf_0_clk/A (sky130_fd_sc_hd__clkbuf_16)
     8    0.085401    0.078773    0.109444    0.110155 ^ clkbuf_0_clk/X (sky130_fd_sc_hd__clkbuf_16)
                                                         clknet_0_clk (net)
                      0.079673    0.006654    0.116809 ^ clkbuf_3_7__f_clk/A (sky130_fd_sc_hd__clkbuf_16)
    10    0.031531    0.039597    0.105255    0.222063 ^ clkbuf_3_7__f_clk/X (sky130_fd_sc_hd__clkbuf_16)
                                                         clknet_3_7__leaf_clk (net)
                      0.039620    0.001471    0.223534 ^ dsa[11]._9_/CLK (sky130_fd_sc_hd__dfrtp_1)
     2    0.011127    0.080932    0.239748    0.463282 ^ dsa[11]._9_/Q (sky130_fd_sc_hd__dfrtp_1)
                                                         dsa[11].y_out (net)
                      0.080937    0.000695    0.463976 ^ dsa[12]._7_/A1 (sky130_fd_sc_hd__a21bo_1)
     1    0.002724    0.024465    0.067863    0.531840 ^ dsa[12]._7_/X (sky130_fd_sc_hd__a21bo_1)
                                                         dsa[12].last_carry_next (net)
                      0.024479    0.000200    0.532040 ^ dsa[12]._8_/D (sky130_fd_sc_hd__dfrtp_1)
                                              0.532040   data arrival time

                                  0.000000    0.000000   clock core_clock (rise edge)
                                  0.000000    0.000000   clock source latency
     1    0.015155    0.000000    0.000000    0.000000 ^ clk (in)
                                                         clk (net)
                      0.001422    0.000711    0.000711 ^ clkbuf_0_clk/A (sky130_fd_sc_hd__clkbuf_16)
     8    0.085401    0.078773    0.109444    0.110155 ^ clkbuf_0_clk/X (sky130_fd_sc_hd__clkbuf_16)
                                                         clknet_0_clk (net)
                      0.079638    0.006529    0.116684 ^ clkbuf_3_6__f_clk/A (sky130_fd_sc_hd__clkbuf_16)
     8    0.028649    0.037661    0.103372    0.220056 ^ clkbuf_3_6__f_clk/X (sky130_fd_sc_hd__clkbuf_16)
                                                         clknet_3_6__leaf_clk (net)
                      0.037719    0.001267    0.221323 ^ dsa[12]._8_/CLK (sky130_fd_sc_hd__dfrtp_1)
                                  0.000000    0.221323   clock reconvergence pessimism
                                 -0.019121    0.202202   library hold time
                                              0.202202   data required time
---------------------------------------------------------------------------------------------
                                              0.202202   data required time
                                             -0.532040   data arrival time
---------------------------------------------------------------------------------------------
                                              0.329838   slack (MET)


Startpoint: dsa[6]._9_ (rising edge-triggered flip-flop clocked by core_clock)
Endpoint: dsa[7]._9_ (rising edge-triggered flip-flop clocked by core_clock)
Path Group: core_clock
Path Type: min

Fanout         Cap        Slew       Delay        Time   Description
---------------------------------------------------------------------------------------------
                                  0.000000    0.000000   clock core_clock (rise edge)
                                  0.000000    0.000000   clock source latency
     1    0.015155    0.000000    0.000000    0.000000 ^ clk (in)
                                                         clk (net)
                      0.001422    0.000711    0.000711 ^ clkbuf_0_clk/A (sky130_fd_sc_hd__clkbuf_16)
     8    0.085401    0.078773    0.109444    0.110155 ^ clkbuf_0_clk/X (sky130_fd_sc_hd__clkbuf_16)
                                                         clknet_0_clk (net)
                      0.080452    0.009044    0.119200 ^ clkbuf_3_5__f_clk/A (sky130_fd_sc_hd__clkbuf_16)
     8    0.031303    0.039459    0.105319    0.224519 ^ clkbuf_3_5__f_clk/X (sky130_fd_sc_hd__clkbuf_16)
                                                         clknet_3_5__leaf_clk (net)
                      0.039484    0.001540    0.226059 ^ dsa[6]._9_/CLK (sky130_fd_sc_hd__dfrtp_1)
     2    0.012974    0.092414    0.247799    0.473857 ^ dsa[6]._9_/Q (sky130_fd_sc_hd__dfrtp_1)
                                                         dsa[6].y_out (net)
                      0.092433    0.001323    0.475180 ^ dsa[7]._6_/A (sky130_fd_sc_hd__xnor2_1)
     1    0.003090    0.022719    0.047932    0.523112 v dsa[7]._6_/Y (sky130_fd_sc_hd__xnor2_1)
                                                         dsa[7].y_out_next (net)
                      0.022724    0.000201    0.523314 v dsa[7]._9_/D (sky130_fd_sc_hd__dfrtp_1)
                                              0.523314   data arrival time

                                  0.000000    0.000000   clock core_clock (rise edge)
                                  0.000000    0.000000   clock source latency
     1    0.015155    0.000000    0.000000    0.000000 ^ clk (in)
                                                         clk (net)
                      0.001422    0.000711    0.000711 ^ clkbuf_0_clk/A (sky130_fd_sc_hd__clkbuf_16)
     8    0.085401    0.078773    0.109444    0.110155 ^ clkbuf_0_clk/X (sky130_fd_sc_hd__clkbuf_16)
                                                         clknet_0_clk (net)
                      0.080339    0.008735    0.118890 ^ clkbuf_3_4__f_clk/A (sky130_fd_sc_hd__clkbuf_16)
     9    0.024233    0.034552    0.100597    0.219487 ^ clkbuf_3_4__f_clk/X (sky130_fd_sc_hd__clkbuf_16)
                                                         clknet_3_4__leaf_clk (net)
                      0.034609    0.001093    0.220580 ^ dsa[7]._9_/CLK (sky130_fd_sc_hd__dfrtp_1)
                                  0.000000    0.220580   clock reconvergence pessimism
                                 -0.029012    0.191568   library hold time
                                              0.191568   data required time
---------------------------------------------------------------------------------------------
                                              0.191568   data required time
                                             -0.523314   data arrival time
---------------------------------------------------------------------------------------------
                                              0.331746   slack (MET)


Startpoint: dsa[14]._9_ (rising edge-triggered flip-flop clocked by core_clock)
Endpoint: dsa[15]._8_ (rising edge-triggered flip-flop clocked by core_clock)
Path Group: core_clock
Path Type: min

Fanout         Cap        Slew       Delay        Time   Description
---------------------------------------------------------------------------------------------
                                  0.000000    0.000000   clock core_clock (rise edge)
                                  0.000000    0.000000   clock source latency
     1    0.015155    0.000000    0.000000    0.000000 ^ clk (in)
                                                         clk (net)
                      0.001422    0.000711    0.000711 ^ clkbuf_0_clk/A (sky130_fd_sc_hd__clkbuf_16)
     8    0.085401    0.078773    0.109444    0.110155 ^ clkbuf_0_clk/X (sky130_fd_sc_hd__clkbuf_16)
                                                         clknet_0_clk (net)
                      0.079638    0.006529    0.116684 ^ clkbuf_3_6__f_clk/A (sky130_fd_sc_hd__clkbuf_16)
     8    0.028649    0.037661    0.103372    0.220056 ^ clkbuf_3_6__f_clk/X (sky130_fd_sc_hd__clkbuf_16)
                                                         clknet_3_6__leaf_clk (net)
                      0.037727    0.001341    0.221397 ^ dsa[14]._9_/CLK (sky130_fd_sc_hd__dfrtp_1)
     2    0.011002    0.080146    0.238561    0.459958 ^ dsa[14]._9_/Q (sky130_fd_sc_hd__dfrtp_1)
                                                         dsa[14].y_out (net)
                      0.080150    0.000672    0.460630 ^ dsa[15]._7_/A1 (sky130_fd_sc_hd__a21bo_1)
     1    0.003872    0.030977    0.073068    0.533699 ^ dsa[15]._7_/X (sky130_fd_sc_hd__a21bo_1)
                                                         dsa[15].last_carry_next (net)
                      0.030979    0.000281    0.533980 ^ dsa[15]._8_/D (sky130_fd_sc_hd__dfrtp_1)
                                              0.533980   data arrival time

                                  0.000000    0.000000   clock core_clock (rise edge)
                                  0.000000    0.000000   clock source latency
     1    0.015155    0.000000    0.000000    0.000000 ^ clk (in)
                                                         clk (net)
                      0.001422    0.000711    0.000711 ^ clkbuf_0_clk/A (sky130_fd_sc_hd__clkbuf_16)
     8    0.085401    0.078773    0.109444    0.110155 ^ clkbuf_0_clk/X (sky130_fd_sc_hd__clkbuf_16)
                                                         clknet_0_clk (net)
                      0.079257    0.004947    0.115103 ^ clkbuf_3_3__f_clk/A (sky130_fd_sc_hd__clkbuf_16)
     9    0.028862    0.037813    0.103400    0.218503 ^ clkbuf_3_3__f_clk/X (sky130_fd_sc_hd__clkbuf_16)
                                                         clknet_3_3__leaf_clk (net)
                      0.037850    0.001058    0.219561 ^ dsa[15]._8_/CLK (sky130_fd_sc_hd__dfrtp_1)
                                  0.000000    0.219561   clock reconvergence pessimism
                                 -0.019609    0.199952   library hold time
                                              0.199952   data required time
---------------------------------------------------------------------------------------------
                                              0.199952   data required time
                                             -0.533980   data arrival time
---------------------------------------------------------------------------------------------
                                              0.334027   slack (MET)


Startpoint: dsa[6]._9_ (rising edge-triggered flip-flop clocked by core_clock)
Endpoint: dsa[7]._8_ (rising edge-triggered flip-flop clocked by core_clock)
Path Group: core_clock
Path Type: min

Fanout         Cap        Slew       Delay        Time   Description
---------------------------------------------------------------------------------------------
                                  0.000000    0.000000   clock core_clock (rise edge)
                                  0.000000    0.000000   clock source latency
     1    0.015155    0.000000    0.000000    0.000000 ^ clk (in)
                                                         clk (net)
                      0.001422    0.000711    0.000711 ^ clkbuf_0_clk/A (sky130_fd_sc_hd__clkbuf_16)
     8    0.085401    0.078773    0.109444    0.110155 ^ clkbuf_0_clk/X (sky130_fd_sc_hd__clkbuf_16)
                                                         clknet_0_clk (net)
                      0.080452    0.009044    0.119200 ^ clkbuf_3_5__f_clk/A (sky130_fd_sc_hd__clkbuf_16)
     8    0.031303    0.039459    0.105319    0.224519 ^ clkbuf_3_5__f_clk/X (sky130_fd_sc_hd__clkbuf_16)
                                                         clknet_3_5__leaf_clk (net)
                      0.039484    0.001540    0.226059 ^ dsa[6]._9_/CLK (sky130_fd_sc_hd__dfrtp_1)
     2    0.012974    0.092414    0.247799    0.473857 ^ dsa[6]._9_/Q (sky130_fd_sc_hd__dfrtp_1)
                                                         dsa[6].y_out (net)
                      0.092429    0.001214    0.475071 ^ dsa[7]._7_/A1 (sky130_fd_sc_hd__a21bo_1)
     1    0.002700    0.024338    0.069282    0.544353 ^ dsa[7]._7_/X (sky130_fd_sc_hd__a21bo_1)
                                                         dsa[7].last_carry_next (net)
                      0.024352    0.000182    0.544535 ^ dsa[7]._8_/D (sky130_fd_sc_hd__dfrtp_1)
                                              0.544535   data arrival time

                                  0.000000    0.000000   clock core_clock (rise edge)
                                  0.000000    0.000000   clock source latency
     1    0.015155    0.000000    0.000000    0.000000 ^ clk (in)
                                                         clk (net)
                      0.001422    0.000711    0.000711 ^ clkbuf_0_clk/A (sky130_fd_sc_hd__clkbuf_16)
     8    0.085401    0.078773    0.109444    0.110155 ^ clkbuf_0_clk/X (sky130_fd_sc_hd__clkbuf_16)
                                                         clknet_0_clk (net)
                      0.080339    0.008735    0.118890 ^ clkbuf_3_4__f_clk/A (sky130_fd_sc_hd__clkbuf_16)
     9    0.024233    0.034552    0.100597    0.219487 ^ clkbuf_3_4__f_clk/X (sky130_fd_sc_hd__clkbuf_16)
                                                         clknet_3_4__leaf_clk (net)
                      0.034616    0.001158    0.220645 ^ dsa[7]._8_/CLK (sky130_fd_sc_hd__dfrtp_1)
                                  0.000000    0.220645   clock reconvergence pessimism
                                 -0.019193    0.201452   library hold time
                                              0.201452   data required time
---------------------------------------------------------------------------------------------
                                              0.201452   data required time
                                             -0.544535   data arrival time
---------------------------------------------------------------------------------------------
                                              0.343083   slack (MET)


Startpoint: dsa[0]._8_ (rising edge-triggered flip-flop clocked by core_clock)
Endpoint: dsa[0]._9_ (rising edge-triggered flip-flop clocked by core_clock)
Path Group: core_clock
Path Type: min

Fanout         Cap        Slew       Delay        Time   Description
---------------------------------------------------------------------------------------------
                                  0.000000    0.000000   clock core_clock (rise edge)
                                  0.000000    0.000000   clock source latency
     1    0.015155    0.000000    0.000000    0.000000 ^ clk (in)
                                                         clk (net)
                      0.001422    0.000711    0.000711 ^ clkbuf_0_clk/A (sky130_fd_sc_hd__clkbuf_16)
     8    0.085401    0.078773    0.109444    0.110155 ^ clkbuf_0_clk/X (sky130_fd_sc_hd__clkbuf_16)
                                                         clknet_0_clk (net)
                      0.079673    0.006654    0.116809 ^ clkbuf_3_7__f_clk/A (sky130_fd_sc_hd__clkbuf_16)
    10    0.031531    0.039597    0.105255    0.222063 ^ clkbuf_3_7__f_clk/X (sky130_fd_sc_hd__clkbuf_16)
                                                         clknet_3_7__leaf_clk (net)
                      0.039659    0.001962    0.224026 ^ dsa[0]._8_/CLK (sky130_fd_sc_hd__dfrtp_1)
     2    0.005599    0.047878    0.213525    0.437551 ^ dsa[0]._8_/Q (sky130_fd_sc_hd__dfrtp_1)
                                                         dsa[0].last_carry (net)
                      0.047878    0.000203    0.437754 ^ dsa[0]._3_/A (sky130_fd_sc_hd__nand3_1)
     2    0.005251    0.042017    0.046261    0.484015 v dsa[0]._3_/Y (sky130_fd_sc_hd__nand3_1)
                                                         dsa[0]._0_ (net)
                      0.042020    0.000357    0.484373 v dsa[0]._5_/A (sky130_fd_sc_hd__nand2_1)
     1    0.005458    0.045070    0.054065    0.538438 ^ dsa[0]._5_/Y (sky130_fd_sc_hd__nand2_1)
                                                         dsa[0]._2_ (net)
                      0.045076    0.000413    0.538850 ^ dsa[0]._6_/B (sky130_fd_sc_hd__xnor2_1)
     1    0.002424    0.020756    0.033928    0.572778 v dsa[0]._6_/Y (sky130_fd_sc_hd__xnor2_1)
                                                         dsa[0].y_out_next (net)
                      0.020757    0.000169    0.572947 v dsa[0]._9_/D (sky130_fd_sc_hd__dfrtp_1)
                                              0.572947   data arrival time

                                  0.000000    0.000000   clock core_clock (rise edge)
                                  0.000000    0.000000   clock source latency
     1    0.015155    0.000000    0.000000    0.000000 ^ clk (in)
                                                         clk (net)
                      0.001422    0.000711    0.000711 ^ clkbuf_0_clk/A (sky130_fd_sc_hd__clkbuf_16)
     8    0.085401    0.078773    0.109444    0.110155 ^ clkbuf_0_clk/X (sky130_fd_sc_hd__clkbuf_16)
                                                         clknet_0_clk (net)
                      0.079673    0.006654    0.116809 ^ clkbuf_3_7__f_clk/A (sky130_fd_sc_hd__clkbuf_16)
    10    0.031531    0.039597    0.105255    0.222063 ^ clkbuf_3_7__f_clk/X (sky130_fd_sc_hd__clkbuf_16)
                                                         clknet_3_7__leaf_clk (net)
                      0.039624    0.001603    0.223667 ^ dsa[0]._9_/CLK (sky130_fd_sc_hd__dfrtp_1)
                                  0.000000    0.223667   clock reconvergence pessimism
                                 -0.027879    0.195788   library hold time
                                              0.195788   data required time
---------------------------------------------------------------------------------------------
                                              0.195788   data required time
                                             -0.572947   data arrival time
---------------------------------------------------------------------------------------------
                                              0.377160   slack (MET)


Startpoint: dsa[0]._8_ (rising edge-triggered flip-flop clocked by core_clock)
Endpoint: dsa[0]._8_ (rising edge-triggered flip-flop clocked by core_clock)
Path Group: core_clock
Path Type: min

Fanout         Cap        Slew       Delay        Time   Description
---------------------------------------------------------------------------------------------
                                  0.000000    0.000000   clock core_clock (rise edge)
                                  0.000000    0.000000   clock source latency
     1    0.015155    0.000000    0.000000    0.000000 ^ clk (in)
                                                         clk (net)
                      0.001422    0.000711    0.000711 ^ clkbuf_0_clk/A (sky130_fd_sc_hd__clkbuf_16)
     8    0.085401    0.078773    0.109444    0.110155 ^ clkbuf_0_clk/X (sky130_fd_sc_hd__clkbuf_16)
                                                         clknet_0_clk (net)
                      0.079673    0.006654    0.116809 ^ clkbuf_3_7__f_clk/A (sky130_fd_sc_hd__clkbuf_16)
    10    0.031531    0.039597    0.105255    0.222063 ^ clkbuf_3_7__f_clk/X (sky130_fd_sc_hd__clkbuf_16)
                                                         clknet_3_7__leaf_clk (net)
                      0.039659    0.001962    0.224026 ^ dsa[0]._8_/CLK (sky130_fd_sc_hd__dfrtp_1)
     2    0.005599    0.047878    0.213525    0.437551 ^ dsa[0]._8_/Q (sky130_fd_sc_hd__dfrtp_1)
                                                         dsa[0].last_carry (net)
                      0.047878    0.000203    0.437754 ^ dsa[0]._3_/A (sky130_fd_sc_hd__nand3_1)
     2    0.005251    0.042017    0.046261    0.484015 v dsa[0]._3_/Y (sky130_fd_sc_hd__nand3_1)
                                                         dsa[0]._0_ (net)
                      0.042019    0.000349    0.484365 v dsa[0]._7_/B1_N (sky130_fd_sc_hd__a21bo_1)
     1    0.002709    0.024385    0.109851    0.594216 ^ dsa[0]._7_/X (sky130_fd_sc_hd__a21bo_1)
                                                         dsa[0].last_carry_next (net)
                      0.024399    0.000200    0.594416 ^ dsa[0]._8_/D (sky130_fd_sc_hd__dfrtp_1)
                                              0.594416   data arrival time

                                  0.000000    0.000000   clock core_clock (rise edge)
                                  0.000000    0.000000   clock source latency
     1    0.015155    0.000000    0.000000    0.000000 ^ clk (in)
                                                         clk (net)
                      0.001422    0.000711    0.000711 ^ clkbuf_0_clk/A (sky130_fd_sc_hd__clkbuf_16)
     8    0.085401    0.078773    0.109444    0.110155 ^ clkbuf_0_clk/X (sky130_fd_sc_hd__clkbuf_16)
                                                         clknet_0_clk (net)
                      0.079673    0.006654    0.116809 ^ clkbuf_3_7__f_clk/A (sky130_fd_sc_hd__clkbuf_16)
    10    0.031531    0.039597    0.105255    0.222063 ^ clkbuf_3_7__f_clk/X (sky130_fd_sc_hd__clkbuf_16)
                                                         clknet_3_7__leaf_clk (net)
                      0.039659    0.001962    0.224026 ^ dsa[0]._8_/CLK (sky130_fd_sc_hd__dfrtp_1)
                                  0.000000    0.224026   clock reconvergence pessimism
                                 -0.019064    0.204962   library hold time
                                              0.204962   data required time
---------------------------------------------------------------------------------------------
                                              0.204962   data required time
                                             -0.594416   data arrival time
---------------------------------------------------------------------------------------------
                                              0.389454   slack (MET)



