
===========================================================================
report_checks -path_delay max (Setup)
============================================================================
======================= nom_ss_100C_1v60 Corner ===================================

Startpoint: dsa[8]._8_ (rising edge-triggered flip-flop clocked by core_clock)
Endpoint: dsa[8]._8_ (rising edge-triggered flip-flop clocked by core_clock)
Path Group: core_clock
Path Type: max

Fanout         Cap        Slew       Delay        Time   Description
---------------------------------------------------------------------------------------------
                                  0.000000    0.000000   clock core_clock (rise edge)
                                  0.000000    0.000000   clock source latency
     1    0.014766    0.000000    0.000000    0.000000 ^ clk (in)
                                                         clk (net)
                      0.000828    0.000414    0.000414 ^ clkbuf_0_clk/A (sky130_fd_sc_hd__clkbuf_16)
     8    0.082920    0.152432    0.264955    0.265369 ^ clkbuf_0_clk/X (sky130_fd_sc_hd__clkbuf_16)
                                                         clknet_0_clk (net)
                      0.152759    0.004798    0.270167 ^ clkbuf_3_4__f_clk/A (sky130_fd_sc_hd__clkbuf_16)
     9    0.022312    0.070306    0.262757    0.532924 ^ clkbuf_3_4__f_clk/X (sky130_fd_sc_hd__clkbuf_16)
                                                         clknet_3_4__leaf_clk (net)
                      0.070329    0.000421    0.533345 ^ dsa[8]._8_/CLK (sky130_fd_sc_hd__dfrtp_1)
     2    0.005913    0.102574    0.765690    1.299035 v dsa[8]._8_/Q (sky130_fd_sc_hd__dfrtp_1)
                                                         dsa[8].last_carry (net)
                      0.102574    0.000084    1.299119 v dsa[8]._4_/B1 (sky130_fd_sc_hd__a21o_1)
     2    0.007208    0.094306    0.326039    1.625158 v dsa[8]._4_/X (sky130_fd_sc_hd__a21o_1)
                                                         dsa[8]._1_ (net)
                      0.094306    0.000202    1.625360 v dsa[8]._7_/A2 (sky130_fd_sc_hd__a21bo_1)
     1    0.003099    0.064441    0.348389    1.973748 v dsa[8]._7_/X (sky130_fd_sc_hd__a21bo_1)
                                                         dsa[8].last_carry_next (net)
                      0.064441    0.000093    1.973841 v dsa[8]._8_/D (sky130_fd_sc_hd__dfrtp_1)
                                              1.973841   data arrival time

                                 10.000000   10.000000   clock core_clock (rise edge)
                                  0.000000   10.000000   clock source latency
     1    0.014766    0.000000    0.000000   10.000000 ^ clk (in)
                                                         clk (net)
                      0.000828    0.000414   10.000414 ^ clkbuf_0_clk/A (sky130_fd_sc_hd__clkbuf_16)
     8    0.082920    0.152432    0.264955   10.265369 ^ clkbuf_0_clk/X (sky130_fd_sc_hd__clkbuf_16)
                                                         clknet_0_clk (net)
                      0.152759    0.004798   10.270167 ^ clkbuf_3_4__f_clk/A (sky130_fd_sc_hd__clkbuf_16)
     9    0.022312    0.070306    0.262757   10.532924 ^ clkbuf_3_4__f_clk/X (sky130_fd_sc_hd__clkbuf_16)
                                                         clknet_3_4__leaf_clk (net)
                      0.070329    0.000421   10.533345 ^ dsa[8]._8_/CLK (sky130_fd_sc_hd__dfrtp_1)
                                  0.000000   10.533345   clock reconvergence pessimism
                                 -0.274158   10.259187   library setup time
                                             10.259187   data required time
---------------------------------------------------------------------------------------------
                                             10.259187   data required time
                                             -1.973841   data arrival time
---------------------------------------------------------------------------------------------
                                              8.285345   slack (MET)


Startpoint: dsa[3]._8_ (rising edge-triggered flip-flop clocked by core_clock)
Endpoint: dsa[3]._8_ (rising edge-triggered flip-flop clocked by core_clock)
Path Group: core_clock
Path Type: max

Fanout         Cap        Slew       Delay        Time   Description
---------------------------------------------------------------------------------------------
                                  0.000000    0.000000   clock core_clock (rise edge)
                                  0.000000    0.000000   clock source latency
     1    0.014766    0.000000    0.000000    0.000000 ^ clk (in)
                                                         clk (net)
                      0.000828    0.000414    0.000414 ^ clkbuf_0_clk/A (sky130_fd_sc_hd__clkbuf_16)
     8    0.082920    0.152432    0.264955    0.265369 ^ clkbuf_0_clk/X (sky130_fd_sc_hd__clkbuf_16)
                                                         clknet_0_clk (net)
                      0.152642    0.003448    0.268817 ^ clkbuf_3_7__f_clk/A (sky130_fd_sc_hd__clkbuf_16)
    10    0.028860    0.078843    0.271905    0.540722 ^ clkbuf_3_7__f_clk/X (sky130_fd_sc_hd__clkbuf_16)
                                                         clknet_3_7__leaf_clk (net)
                      0.078846    0.000525    0.541247 ^ dsa[3]._8_/CLK (sky130_fd_sc_hd__dfrtp_1)
     2    0.006347    0.106066    0.773669    1.314917 v dsa[3]._8_/Q (sky130_fd_sc_hd__dfrtp_1)
                                                         dsa[3].last_carry (net)
                      0.106066    0.000118    1.315035 v dsa[3]._4_/B1 (sky130_fd_sc_hd__a21o_1)
     2    0.005945    0.084675    0.317751    1.632785 v dsa[3]._4_/X (sky130_fd_sc_hd__a21o_1)
                                                         dsa[3]._1_ (net)
                      0.084675    0.000102    1.632887 v dsa[3]._7_/A2 (sky130_fd_sc_hd__a21bo_1)
     1    0.003021    0.063765    0.343620    1.976507 v dsa[3]._7_/X (sky130_fd_sc_hd__a21bo_1)
                                                         dsa[3].last_carry_next (net)
                      0.063765    0.000071    1.976578 v dsa[3]._8_/D (sky130_fd_sc_hd__dfrtp_1)
                                              1.976578   data arrival time

                                 10.000000   10.000000   clock core_clock (rise edge)
                                  0.000000   10.000000   clock source latency
     1    0.014766    0.000000    0.000000   10.000000 ^ clk (in)
                                                         clk (net)
                      0.000828    0.000414   10.000414 ^ clkbuf_0_clk/A (sky130_fd_sc_hd__clkbuf_16)
     8    0.082920    0.152432    0.264955   10.265369 ^ clkbuf_0_clk/X (sky130_fd_sc_hd__clkbuf_16)
                                                         clknet_0_clk (net)
                      0.152642    0.003448   10.268817 ^ clkbuf_3_7__f_clk/A (sky130_fd_sc_hd__clkbuf_16)
    10    0.028860    0.078843    0.271905   10.540723 ^ clkbuf_3_7__f_clk/X (sky130_fd_sc_hd__clkbuf_16)
                                                         clknet_3_7__leaf_clk (net)
                      0.078846    0.000525   10.541247 ^ dsa[3]._8_/CLK (sky130_fd_sc_hd__dfrtp_1)
                                  0.000000   10.541247   clock reconvergence pessimism
                                 -0.271607   10.269641   library setup time
                                             10.269641   data required time
---------------------------------------------------------------------------------------------
                                             10.269641   data required time
                                             -1.976578   data arrival time
---------------------------------------------------------------------------------------------
                                              8.293062   slack (MET)


Startpoint: dsa[29]._8_ (rising edge-triggered flip-flop clocked by core_clock)
Endpoint: dsa[29]._8_ (rising edge-triggered flip-flop clocked by core_clock)
Path Group: core_clock
Path Type: max

Fanout         Cap        Slew       Delay        Time   Description
---------------------------------------------------------------------------------------------
                                  0.000000    0.000000   clock core_clock (rise edge)
                                  0.000000    0.000000   clock source latency
     1    0.014766    0.000000    0.000000    0.000000 ^ clk (in)
                                                         clk (net)
                      0.000828    0.000414    0.000414 ^ clkbuf_0_clk/A (sky130_fd_sc_hd__clkbuf_16)
     8    0.082920    0.152432    0.264955    0.265369 ^ clkbuf_0_clk/X (sky130_fd_sc_hd__clkbuf_16)
                                                         clknet_0_clk (net)
                      0.152848    0.005603    0.270972 ^ clkbuf_3_0__f_clk/A (sky130_fd_sc_hd__clkbuf_16)
    10    0.031708    0.082731    0.276028    0.547000 ^ clkbuf_3_0__f_clk/X (sky130_fd_sc_hd__clkbuf_16)
                                                         clknet_3_0__leaf_clk (net)
                      0.082734    0.000595    0.547596 ^ dsa[29]._8_/CLK (sky130_fd_sc_hd__dfrtp_1)
     2    0.005322    0.097873    0.766032    1.313627 v dsa[29]._8_/Q (sky130_fd_sc_hd__dfrtp_1)
                                                         dsa[29].last_carry (net)
                      0.097873    0.000117    1.313745 v dsa[29]._4_/B1 (sky130_fd_sc_hd__a21o_1)
     2    0.006600    0.089621    0.319478    1.633223 v dsa[29]._4_/X (sky130_fd_sc_hd__a21o_1)
                                                         dsa[29]._1_ (net)
                      0.089621    0.000139    1.633362 v dsa[29]._7_/A2 (sky130_fd_sc_hd__a21bo_1)
     1    0.003298    0.066202    0.348671    1.982033 v dsa[29]._7_/X (sky130_fd_sc_hd__a21bo_1)
                                                         dsa[29].last_carry_next (net)
                      0.066254    0.000099    1.982132 v dsa[29]._8_/D (sky130_fd_sc_hd__dfrtp_1)
                                              1.982132   data arrival time

                                 10.000000   10.000000   clock core_clock (rise edge)
                                  0.000000   10.000000   clock source latency
     1    0.014766    0.000000    0.000000   10.000000 ^ clk (in)
                                                         clk (net)
                      0.000828    0.000414   10.000414 ^ clkbuf_0_clk/A (sky130_fd_sc_hd__clkbuf_16)
     8    0.082920    0.152432    0.264955   10.265369 ^ clkbuf_0_clk/X (sky130_fd_sc_hd__clkbuf_16)
                                                         clknet_0_clk (net)
                      0.152848    0.005604   10.270973 ^ clkbuf_3_0__f_clk/A (sky130_fd_sc_hd__clkbuf_16)
    10    0.031708    0.082731    0.276027   10.547000 ^ clkbuf_3_0__f_clk/X (sky130_fd_sc_hd__clkbuf_16)
                                                         clknet_3_0__leaf_clk (net)
                      0.082734    0.000596   10.547596 ^ dsa[29]._8_/CLK (sky130_fd_sc_hd__dfrtp_1)
                                  0.000000   10.547596   clock reconvergence pessimism
                                 -0.271609   10.275987   library setup time
                                             10.275987   data required time
---------------------------------------------------------------------------------------------
                                             10.275987   data required time
                                             -1.982132   data arrival time
---------------------------------------------------------------------------------------------
                                              8.293855   slack (MET)


Startpoint: dsa[15]._8_ (rising edge-triggered flip-flop clocked by core_clock)
Endpoint: dsa[15]._8_ (rising edge-triggered flip-flop clocked by core_clock)
Path Group: core_clock
Path Type: max

Fanout         Cap        Slew       Delay        Time   Description
---------------------------------------------------------------------------------------------
                                  0.000000    0.000000   clock core_clock (rise edge)
                                  0.000000    0.000000   clock source latency
     1    0.014766    0.000000    0.000000    0.000000 ^ clk (in)
                                                         clk (net)
                      0.000828    0.000414    0.000414 ^ clkbuf_0_clk/A (sky130_fd_sc_hd__clkbuf_16)
     8    0.082920    0.152432    0.264955    0.265369 ^ clkbuf_0_clk/X (sky130_fd_sc_hd__clkbuf_16)
                                                         clknet_0_clk (net)
                      0.152577    0.002367    0.267736 ^ clkbuf_3_3__f_clk/A (sky130_fd_sc_hd__clkbuf_16)
     9    0.026566    0.075778    0.268666    0.536402 ^ clkbuf_3_3__f_clk/X (sky130_fd_sc_hd__clkbuf_16)
                                                         clknet_3_3__leaf_clk (net)
                      0.075780    0.000466    0.536867 ^ dsa[15]._8_/CLK (sky130_fd_sc_hd__dfrtp_1)
     2    0.006157    0.104533    0.770468    1.307335 v dsa[15]._8_/Q (sky130_fd_sc_hd__dfrtp_1)
                                                         dsa[15].last_carry (net)
                      0.104533    0.000140    1.307475 v dsa[15]._4_/B1 (sky130_fd_sc_hd__a21o_1)
     2    0.005366    0.080423    0.312675    1.620151 v dsa[15]._4_/X (sky130_fd_sc_hd__a21o_1)
                                                         dsa[15]._1_ (net)
                      0.080423    0.000078    1.620229 v dsa[15]._7_/A2 (sky130_fd_sc_hd__a21bo_1)
     1    0.003467    0.067803    0.346772    1.967001 v dsa[15]._7_/X (sky130_fd_sc_hd__a21bo_1)
                                                         dsa[15].last_carry_next (net)
                      0.067803    0.000114    1.967115 v dsa[15]._8_/D (sky130_fd_sc_hd__dfrtp_1)
                                              1.967115   data arrival time

                                 10.000000   10.000000   clock core_clock (rise edge)
                                  0.000000   10.000000   clock source latency
     1    0.014766    0.000000    0.000000   10.000000 ^ clk (in)
                                                         clk (net)
                      0.000828    0.000414   10.000414 ^ clkbuf_0_clk/A (sky130_fd_sc_hd__clkbuf_16)
     8    0.082920    0.152432    0.264955   10.265369 ^ clkbuf_0_clk/X (sky130_fd_sc_hd__clkbuf_16)
                                                         clknet_0_clk (net)
                      0.152577    0.002367   10.267736 ^ clkbuf_3_3__f_clk/A (sky130_fd_sc_hd__clkbuf_16)
     9    0.026566    0.075778    0.268665   10.536402 ^ clkbuf_3_3__f_clk/X (sky130_fd_sc_hd__clkbuf_16)
                                                         clknet_3_3__leaf_clk (net)
                      0.075780    0.000466   10.536868 ^ dsa[15]._8_/CLK (sky130_fd_sc_hd__dfrtp_1)
                                  0.000000   10.536868   clock reconvergence pessimism
                                 -0.274108   10.262760   library setup time
                                             10.262760   data required time
---------------------------------------------------------------------------------------------
                                             10.262760   data required time
                                             -1.967115   data arrival time
---------------------------------------------------------------------------------------------
                                              8.295646   slack (MET)


Startpoint: dsa[23]._8_ (rising edge-triggered flip-flop clocked by core_clock)
Endpoint: dsa[23]._8_ (rising edge-triggered flip-flop clocked by core_clock)
Path Group: core_clock
Path Type: max

Fanout         Cap        Slew       Delay        Time   Description
---------------------------------------------------------------------------------------------
                                  0.000000    0.000000   clock core_clock (rise edge)
                                  0.000000    0.000000   clock source latency
     1    0.014766    0.000000    0.000000    0.000000 ^ clk (in)
                                                         clk (net)
                      0.000828    0.000414    0.000414 ^ clkbuf_0_clk/A (sky130_fd_sc_hd__clkbuf_16)
     8    0.082920    0.152432    0.264955    0.265369 ^ clkbuf_0_clk/X (sky130_fd_sc_hd__clkbuf_16)
                                                         clknet_0_clk (net)
                      0.152585    0.002534    0.267903 ^ clkbuf_3_2__f_clk/A (sky130_fd_sc_hd__clkbuf_16)
    10    0.030659    0.081295    0.274394    0.542297 ^ clkbuf_3_2__f_clk/X (sky130_fd_sc_hd__clkbuf_16)
                                                         clknet_3_2__leaf_clk (net)
                      0.081299    0.000657    0.542954 ^ dsa[23]._8_/CLK (sky130_fd_sc_hd__dfrtp_1)
     2    0.006304    0.105723    0.774396    1.317350 v dsa[23]._8_/Q (sky130_fd_sc_hd__dfrtp_1)
                                                         dsa[23].last_carry (net)
                      0.105723    0.000145    1.317494 v dsa[23]._4_/B1 (sky130_fd_sc_hd__a21o_1)
     2    0.005811    0.083689    0.316557    1.634051 v dsa[23]._4_/X (sky130_fd_sc_hd__a21o_1)
                                                         dsa[23]._1_ (net)
                      0.083689    0.000150    1.634202 v dsa[23]._7_/A2 (sky130_fd_sc_hd__a21bo_1)
     1    0.002797    0.061852    0.340761    1.974963 v dsa[23]._7_/X (sky130_fd_sc_hd__a21bo_1)
                                                         dsa[23].last_carry_next (net)
                      0.061852    0.000063    1.975026 v dsa[23]._8_/D (sky130_fd_sc_hd__dfrtp_1)
                                              1.975026   data arrival time

                                 10.000000   10.000000   clock core_clock (rise edge)
                                  0.000000   10.000000   clock source latency
     1    0.014766    0.000000    0.000000   10.000000 ^ clk (in)
                                                         clk (net)
                      0.000828    0.000414   10.000414 ^ clkbuf_0_clk/A (sky130_fd_sc_hd__clkbuf_16)
     8    0.082920    0.152432    0.264955   10.265369 ^ clkbuf_0_clk/X (sky130_fd_sc_hd__clkbuf_16)
                                                         clknet_0_clk (net)
                      0.152585    0.002534   10.267903 ^ clkbuf_3_2__f_clk/A (sky130_fd_sc_hd__clkbuf_16)
    10    0.030659    0.081295    0.274394   10.542297 ^ clkbuf_3_2__f_clk/X (sky130_fd_sc_hd__clkbuf_16)
                                                         clknet_3_2__leaf_clk (net)
                      0.081299    0.000657   10.542954 ^ dsa[23]._8_/CLK (sky130_fd_sc_hd__dfrtp_1)
                                  0.000000   10.542954   clock reconvergence pessimism
                                 -0.270155   10.272799   library setup time
                                             10.272799   data required time
---------------------------------------------------------------------------------------------
                                             10.272799   data required time
                                             -1.975026   data arrival time
---------------------------------------------------------------------------------------------
                                              8.297773   slack (MET)


Startpoint: dsa[2]._8_ (rising edge-triggered flip-flop clocked by core_clock)
Endpoint: dsa[2]._8_ (rising edge-triggered flip-flop clocked by core_clock)
Path Group: core_clock
Path Type: max

Fanout         Cap        Slew       Delay        Time   Description
---------------------------------------------------------------------------------------------
                                  0.000000    0.000000   clock core_clock (rise edge)
                                  0.000000    0.000000   clock source latency
     1    0.014766    0.000000    0.000000    0.000000 ^ clk (in)
                                                         clk (net)
                      0.000828    0.000414    0.000414 ^ clkbuf_0_clk/A (sky130_fd_sc_hd__clkbuf_16)
     8    0.082920    0.152432    0.264955    0.265369 ^ clkbuf_0_clk/X (sky130_fd_sc_hd__clkbuf_16)
                                                         clknet_0_clk (net)
                      0.152635    0.003344    0.268713 ^ clkbuf_3_6__f_clk/A (sky130_fd_sc_hd__clkbuf_16)
     8    0.026630    0.075859    0.268810    0.537524 ^ clkbuf_3_6__f_clk/X (sky130_fd_sc_hd__clkbuf_16)
                                                         clknet_3_6__leaf_clk (net)
                      0.075864    0.000602    0.538125 ^ dsa[2]._8_/CLK (sky130_fd_sc_hd__dfrtp_1)
     2    0.006331    0.105960    0.772095    1.310221 v dsa[2]._8_/Q (sky130_fd_sc_hd__dfrtp_1)
                                                         dsa[2].last_carry (net)
                      0.105960    0.000175    1.310395 v dsa[2]._4_/B1 (sky130_fd_sc_hd__a21o_1)
     2    0.005929    0.084568    0.317558    1.627953 v dsa[2]._4_/X (sky130_fd_sc_hd__a21o_1)
                                                         dsa[2]._1_ (net)
                      0.084568    0.000151    1.628104 v dsa[2]._7_/A2 (sky130_fd_sc_hd__a21bo_1)
     1    0.002743    0.061403    0.340519    1.968623 v dsa[2]._7_/X (sky130_fd_sc_hd__a21bo_1)
                                                         dsa[2].last_carry_next (net)
                      0.061403    0.000080    1.968704 v dsa[2]._8_/D (sky130_fd_sc_hd__dfrtp_1)
                                              1.968704   data arrival time

                                 10.000000   10.000000   clock core_clock (rise edge)
                                  0.000000   10.000000   clock source latency
     1    0.014766    0.000000    0.000000   10.000000 ^ clk (in)
                                                         clk (net)
                      0.000828    0.000414   10.000414 ^ clkbuf_0_clk/A (sky130_fd_sc_hd__clkbuf_16)
     8    0.082920    0.152432    0.264955   10.265369 ^ clkbuf_0_clk/X (sky130_fd_sc_hd__clkbuf_16)
                                                         clknet_0_clk (net)
                      0.152635    0.003344   10.268713 ^ clkbuf_3_6__f_clk/A (sky130_fd_sc_hd__clkbuf_16)
     8    0.026630    0.075859    0.268811   10.537524 ^ clkbuf_3_6__f_clk/X (sky130_fd_sc_hd__clkbuf_16)
                                                         clknet_3_6__leaf_clk (net)
                      0.075864    0.000601   10.538125 ^ dsa[2]._8_/CLK (sky130_fd_sc_hd__dfrtp_1)
                                  0.000000   10.538125   clock reconvergence pessimism
                                 -0.271417   10.266708   library setup time
                                             10.266708   data required time
---------------------------------------------------------------------------------------------
                                             10.266708   data required time
                                             -1.968704   data arrival time
---------------------------------------------------------------------------------------------
                                              8.298005   slack (MET)


Startpoint: dsa[22]._8_ (rising edge-triggered flip-flop clocked by core_clock)
Endpoint: dsa[22]._8_ (rising edge-triggered flip-flop clocked by core_clock)
Path Group: core_clock
Path Type: max

Fanout         Cap        Slew       Delay        Time   Description
---------------------------------------------------------------------------------------------
                                  0.000000    0.000000   clock core_clock (rise edge)
                                  0.000000    0.000000   clock source latency
     1    0.014766    0.000000    0.000000    0.000000 ^ clk (in)
                                                         clk (net)
                      0.000828    0.000414    0.000414 ^ clkbuf_0_clk/A (sky130_fd_sc_hd__clkbuf_16)
     8    0.082920    0.152432    0.264955    0.265369 ^ clkbuf_0_clk/X (sky130_fd_sc_hd__clkbuf_16)
                                                         clknet_0_clk (net)
                      0.152585    0.002534    0.267903 ^ clkbuf_3_2__f_clk/A (sky130_fd_sc_hd__clkbuf_16)
    10    0.030659    0.081295    0.274394    0.542297 ^ clkbuf_3_2__f_clk/X (sky130_fd_sc_hd__clkbuf_16)
                                                         clknet_3_2__leaf_clk (net)
                      0.081297    0.000490    0.542786 ^ dsa[22]._8_/CLK (sky130_fd_sc_hd__dfrtp_1)
     2    0.005968    0.102982    0.771316    1.314102 v dsa[22]._8_/Q (sky130_fd_sc_hd__dfrtp_1)
                                                         dsa[22].last_carry (net)
                      0.102982    0.000118    1.314221 v dsa[22]._4_/B1 (sky130_fd_sc_hd__a21o_1)
     2    0.005659    0.082564    0.314305    1.628526 v dsa[22]._4_/X (sky130_fd_sc_hd__a21o_1)
                                                         dsa[22]._1_ (net)
                      0.082564    0.000124    1.628649 v dsa[22]._7_/A2 (sky130_fd_sc_hd__a21bo_1)
     1    0.003169    0.065063    0.344382    1.973032 v dsa[22]._7_/X (sky130_fd_sc_hd__a21bo_1)
                                                         dsa[22].last_carry_next (net)
                      0.065063    0.000091    1.973123 v dsa[22]._8_/D (sky130_fd_sc_hd__dfrtp_1)
                                              1.973123   data arrival time

                                 10.000000   10.000000   clock core_clock (rise edge)
                                  0.000000   10.000000   clock source latency
     1    0.014766    0.000000    0.000000   10.000000 ^ clk (in)
                                                         clk (net)
                      0.000828    0.000414   10.000414 ^ clkbuf_0_clk/A (sky130_fd_sc_hd__clkbuf_16)
     8    0.082920    0.152432    0.264955   10.265369 ^ clkbuf_0_clk/X (sky130_fd_sc_hd__clkbuf_16)
                                                         clknet_0_clk (net)
                      0.152585    0.002534   10.267903 ^ clkbuf_3_2__f_clk/A (sky130_fd_sc_hd__clkbuf_16)
    10    0.030659    0.081295    0.274394   10.542297 ^ clkbuf_3_2__f_clk/X (sky130_fd_sc_hd__clkbuf_16)
                                                         clknet_3_2__leaf_clk (net)
                      0.081297    0.000489   10.542787 ^ dsa[22]._8_/CLK (sky130_fd_sc_hd__dfrtp_1)
                                  0.000000   10.542787   clock reconvergence pessimism
                                 -0.271495   10.271291   library setup time
                                             10.271291   data required time
---------------------------------------------------------------------------------------------
                                             10.271291   data required time
                                             -1.973123   data arrival time
---------------------------------------------------------------------------------------------
                                              8.298168   slack (MET)


Startpoint: dsa[25]._8_ (rising edge-triggered flip-flop clocked by core_clock)
Endpoint: dsa[25]._8_ (rising edge-triggered flip-flop clocked by core_clock)
Path Group: core_clock
Path Type: max

Fanout         Cap        Slew       Delay        Time   Description
---------------------------------------------------------------------------------------------
                                  0.000000    0.000000   clock core_clock (rise edge)
                                  0.000000    0.000000   clock source latency
     1    0.014766    0.000000    0.000000    0.000000 ^ clk (in)
                                                         clk (net)
                      0.000828    0.000414    0.000414 ^ clkbuf_0_clk/A (sky130_fd_sc_hd__clkbuf_16)
     8    0.082920    0.152432    0.264955    0.265369 ^ clkbuf_0_clk/X (sky130_fd_sc_hd__clkbuf_16)
                                                         clknet_0_clk (net)
                      0.152585    0.002534    0.267903 ^ clkbuf_3_2__f_clk/A (sky130_fd_sc_hd__clkbuf_16)
    10    0.030659    0.081295    0.274394    0.542297 ^ clkbuf_3_2__f_clk/X (sky130_fd_sc_hd__clkbuf_16)
                                                         clknet_3_2__leaf_clk (net)
                      0.081305    0.000878    0.543175 ^ dsa[25]._8_/CLK (sky130_fd_sc_hd__dfrtp_1)
     2    0.005935    0.102733    0.770986    1.314161 v dsa[25]._8_/Q (sky130_fd_sc_hd__dfrtp_1)
                                                         dsa[25].last_carry (net)
                      0.102733    0.000140    1.314301 v dsa[25]._4_/B1 (sky130_fd_sc_hd__a21o_1)
     2    0.006455    0.088519    0.320335    1.634636 v dsa[25]._4_/X (sky130_fd_sc_hd__a21o_1)
                                                         dsa[25]._1_ (net)
                      0.088519    0.000095    1.634731 v dsa[25]._7_/A2 (sky130_fd_sc_hd__a21bo_1)
     1    0.002584    0.060102    0.340381    1.975112 v dsa[25]._7_/X (sky130_fd_sc_hd__a21bo_1)
                                                         dsa[25].last_carry_next (net)
                      0.060102    0.000073    1.975185 v dsa[25]._8_/D (sky130_fd_sc_hd__dfrtp_1)
                                              1.975185   data arrival time

                                 10.000000   10.000000   clock core_clock (rise edge)
                                  0.000000   10.000000   clock source latency
     1    0.014766    0.000000    0.000000   10.000000 ^ clk (in)
                                                         clk (net)
                      0.000828    0.000414   10.000414 ^ clkbuf_0_clk/A (sky130_fd_sc_hd__clkbuf_16)
     8    0.082920    0.152432    0.264955   10.265369 ^ clkbuf_0_clk/X (sky130_fd_sc_hd__clkbuf_16)
                                                         clknet_0_clk (net)
                      0.152585    0.002534   10.267903 ^ clkbuf_3_2__f_clk/A (sky130_fd_sc_hd__clkbuf_16)
    10    0.030659    0.081295    0.274394   10.542297 ^ clkbuf_3_2__f_clk/X (sky130_fd_sc_hd__clkbuf_16)
                                                         clknet_3_2__leaf_clk (net)
                      0.081305    0.000878   10.543175 ^ dsa[25]._8_/CLK (sky130_fd_sc_hd__dfrtp_1)
                                  0.000000   10.543175   clock reconvergence pessimism
                                 -0.269424   10.273750   library setup time
                                             10.273750   data required time
---------------------------------------------------------------------------------------------
                                             10.273750   data required time
                                             -1.975185   data arrival time
---------------------------------------------------------------------------------------------
                                              8.298565   slack (MET)


Startpoint: dsa[5]._8_ (rising edge-triggered flip-flop clocked by core_clock)
Endpoint: dsa[5]._8_ (rising edge-triggered flip-flop clocked by core_clock)
Path Group: core_clock
Path Type: max

Fanout         Cap        Slew       Delay        Time   Description
---------------------------------------------------------------------------------------------
                                  0.000000    0.000000   clock core_clock (rise edge)
                                  0.000000    0.000000   clock source latency
     1    0.014766    0.000000    0.000000    0.000000 ^ clk (in)
                                                         clk (net)
                      0.000828    0.000414    0.000414 ^ clkbuf_0_clk/A (sky130_fd_sc_hd__clkbuf_16)
     8    0.082920    0.152432    0.264955    0.265369 ^ clkbuf_0_clk/X (sky130_fd_sc_hd__clkbuf_16)
                                                         clknet_0_clk (net)
                      0.152768    0.004883    0.270252 ^ clkbuf_3_5__f_clk/A (sky130_fd_sc_hd__clkbuf_16)
     8    0.028940    0.078948    0.272087    0.542339 ^ clkbuf_3_5__f_clk/X (sky130_fd_sc_hd__clkbuf_16)
                                                         clknet_3_5__leaf_clk (net)
                      0.078953    0.000665    0.543004 ^ dsa[5]._8_/CLK (sky130_fd_sc_hd__dfrtp_1)
     2    0.006012    0.103344    0.770626    1.313630 v dsa[5]._8_/Q (sky130_fd_sc_hd__dfrtp_1)
                                                         dsa[5].last_carry (net)
                      0.103344    0.000129    1.313759 v dsa[5]._4_/B1 (sky130_fd_sc_hd__a21o_1)
     2    0.005890    0.084282    0.316203    1.629962 v dsa[5]._4_/X (sky130_fd_sc_hd__a21o_1)
                                                         dsa[5]._1_ (net)
                      0.084282    0.000145    1.630107 v dsa[5]._7_/A2 (sky130_fd_sc_hd__a21bo_1)
     1    0.002889    0.062633    0.342009    1.972116 v dsa[5]._7_/X (sky130_fd_sc_hd__a21bo_1)
                                                         dsa[5].last_carry_next (net)
                      0.062633    0.000066    1.972182 v dsa[5]._8_/D (sky130_fd_sc_hd__dfrtp_1)
                                              1.972182   data arrival time

                                 10.000000   10.000000   clock core_clock (rise edge)
                                  0.000000   10.000000   clock source latency
     1    0.014766    0.000000    0.000000   10.000000 ^ clk (in)
                                                         clk (net)
                      0.000828    0.000414   10.000414 ^ clkbuf_0_clk/A (sky130_fd_sc_hd__clkbuf_16)
     8    0.082920    0.152432    0.264955   10.265369 ^ clkbuf_0_clk/X (sky130_fd_sc_hd__clkbuf_16)
                                                         clknet_0_clk (net)
                      0.152768    0.004883   10.270252 ^ clkbuf_3_5__f_clk/A (sky130_fd_sc_hd__clkbuf_16)
     8    0.028940    0.078948    0.272087   10.542339 ^ clkbuf_3_5__f_clk/X (sky130_fd_sc_hd__clkbuf_16)
                                                         clknet_3_5__leaf_clk (net)
                      0.078953    0.000665   10.543005 ^ dsa[5]._8_/CLK (sky130_fd_sc_hd__dfrtp_1)
                                  0.000000   10.543005   clock reconvergence pessimism
                                 -0.271106   10.271898   library setup time
                                             10.271898   data required time
---------------------------------------------------------------------------------------------
                                             10.271898   data required time
                                             -1.972182   data arrival time
---------------------------------------------------------------------------------------------
                                              8.299716   slack (MET)


Startpoint: dsa[11]._8_ (rising edge-triggered flip-flop clocked by core_clock)
Endpoint: dsa[11]._8_ (rising edge-triggered flip-flop clocked by core_clock)
Path Group: core_clock
Path Type: max

Fanout         Cap        Slew       Delay        Time   Description
---------------------------------------------------------------------------------------------
                                  0.000000    0.000000   clock core_clock (rise edge)
                                  0.000000    0.000000   clock source latency
     1    0.014766    0.000000    0.000000    0.000000 ^ clk (in)
                                                         clk (net)
                      0.000828    0.000414    0.000414 ^ clkbuf_0_clk/A (sky130_fd_sc_hd__clkbuf_16)
     8    0.082920    0.152432    0.264955    0.265369 ^ clkbuf_0_clk/X (sky130_fd_sc_hd__clkbuf_16)
                                                         clknet_0_clk (net)
                      0.152635    0.003344    0.268713 ^ clkbuf_3_6__f_clk/A (sky130_fd_sc_hd__clkbuf_16)
     8    0.026630    0.075859    0.268810    0.537524 ^ clkbuf_3_6__f_clk/X (sky130_fd_sc_hd__clkbuf_16)
                                                         clknet_3_6__leaf_clk (net)
                      0.075861    0.000487    0.538011 ^ dsa[11]._8_/CLK (sky130_fd_sc_hd__dfrtp_1)
     2    0.005563    0.099781    0.765049    1.303059 v dsa[11]._8_/Q (sky130_fd_sc_hd__dfrtp_1)
                                                         dsa[11].last_carry (net)
                      0.099781    0.000145    1.303205 v dsa[11]._4_/B1 (sky130_fd_sc_hd__a21o_1)
     2    0.006678    0.090224    0.320839    1.624044 v dsa[11]._4_/X (sky130_fd_sc_hd__a21o_1)
                                                         dsa[11]._1_ (net)
                      0.090224    0.000168    1.624212 v dsa[11]._7_/A2 (sky130_fd_sc_hd__a21bo_1)
     1    0.002714    0.061152    0.342496    1.966708 v dsa[11]._7_/X (sky130_fd_sc_hd__a21bo_1)
                                                         dsa[11].last_carry_next (net)
                      0.061152    0.000083    1.966791 v dsa[11]._8_/D (sky130_fd_sc_hd__dfrtp_1)
                                              1.966791   data arrival time

                                 10.000000   10.000000   clock core_clock (rise edge)
                                  0.000000   10.000000   clock source latency
     1    0.014766    0.000000    0.000000   10.000000 ^ clk (in)
                                                         clk (net)
                      0.000828    0.000414   10.000414 ^ clkbuf_0_clk/A (sky130_fd_sc_hd__clkbuf_16)
     8    0.082920    0.152432    0.264955   10.265369 ^ clkbuf_0_clk/X (sky130_fd_sc_hd__clkbuf_16)
                                                         clknet_0_clk (net)
                      0.152635    0.003344   10.268713 ^ clkbuf_3_6__f_clk/A (sky130_fd_sc_hd__clkbuf_16)
     8    0.026630    0.075859    0.268811   10.537524 ^ clkbuf_3_6__f_clk/X (sky130_fd_sc_hd__clkbuf_16)
                                                         clknet_3_6__leaf_clk (net)
                      0.075861    0.000487   10.538011 ^ dsa[11]._8_/CLK (sky130_fd_sc_hd__dfrtp_1)
                                  0.000000   10.538011   clock reconvergence pessimism
                                 -0.271313   10.266698   library setup time
                                             10.266698   data required time
---------------------------------------------------------------------------------------------
                                             10.266698   data required time
                                             -1.966791   data arrival time
---------------------------------------------------------------------------------------------
                                              8.299908   slack (MET)


Startpoint: dsa[18]._8_ (rising edge-triggered flip-flop clocked by core_clock)
Endpoint: dsa[18]._8_ (rising edge-triggered flip-flop clocked by core_clock)
Path Group: core_clock
Path Type: max

Fanout         Cap        Slew       Delay        Time   Description
---------------------------------------------------------------------------------------------
                                  0.000000    0.000000   clock core_clock (rise edge)
                                  0.000000    0.000000   clock source latency
     1    0.014766    0.000000    0.000000    0.000000 ^ clk (in)
                                                         clk (net)
                      0.000828    0.000414    0.000414 ^ clkbuf_0_clk/A (sky130_fd_sc_hd__clkbuf_16)
     8    0.082920    0.152432    0.264955    0.265369 ^ clkbuf_0_clk/X (sky130_fd_sc_hd__clkbuf_16)
                                                         clknet_0_clk (net)
                      0.152841    0.005549    0.270918 ^ clkbuf_3_1__f_clk/A (sky130_fd_sc_hd__clkbuf_16)
     7    0.024156    0.072633    0.265409    0.536327 ^ clkbuf_3_1__f_clk/X (sky130_fd_sc_hd__clkbuf_16)
                                                         clknet_3_1__leaf_clk (net)
                      0.072638    0.000288    0.536615 ^ dsa[18]._8_/CLK (sky130_fd_sc_hd__dfrtp_1)
     2    0.005414    0.098613    0.762186    1.298801 v dsa[18]._8_/Q (sky130_fd_sc_hd__dfrtp_1)
                                                         dsa[18].last_carry (net)
                      0.098613    0.000110    1.298912 v dsa[18]._4_/B1 (sky130_fd_sc_hd__a21o_1)
     2    0.005973    0.084903    0.314938    1.613849 v dsa[18]._4_/X (sky130_fd_sc_hd__a21o_1)
                                                         dsa[18]._1_ (net)
                      0.084903    0.000165    1.614015 v dsa[18]._7_/A2 (sky130_fd_sc_hd__a21bo_1)
     1    0.003382    0.067018    0.347671    1.961686 v dsa[18]._7_/X (sky130_fd_sc_hd__a21bo_1)
                                                         dsa[18].last_carry_next (net)
                      0.067018    0.000100    1.961786 v dsa[18]._8_/D (sky130_fd_sc_hd__dfrtp_1)
                                              1.961786   data arrival time

                                 10.000000   10.000000   clock core_clock (rise edge)
                                  0.000000   10.000000   clock source latency
     1    0.014766    0.000000    0.000000   10.000000 ^ clk (in)
                                                         clk (net)
                      0.000828    0.000414   10.000414 ^ clkbuf_0_clk/A (sky130_fd_sc_hd__clkbuf_16)
     8    0.082920    0.152432    0.264955   10.265369 ^ clkbuf_0_clk/X (sky130_fd_sc_hd__clkbuf_16)
                                                         clknet_0_clk (net)
                      0.152841    0.005549   10.270919 ^ clkbuf_3_1__f_clk/A (sky130_fd_sc_hd__clkbuf_16)
     7    0.024156    0.072633    0.265409   10.536327 ^ clkbuf_3_1__f_clk/X (sky130_fd_sc_hd__clkbuf_16)
                                                         clknet_3_1__leaf_clk (net)
                      0.072638    0.000288   10.536615 ^ dsa[18]._8_/CLK (sky130_fd_sc_hd__dfrtp_1)
                                  0.000000   10.536615   clock reconvergence pessimism
                                 -0.274618   10.261998   library setup time
                                             10.261998   data required time
---------------------------------------------------------------------------------------------
                                             10.261998   data required time
                                             -1.961786   data arrival time
---------------------------------------------------------------------------------------------
                                              8.300212   slack (MET)


Startpoint: dsa[19]._8_ (rising edge-triggered flip-flop clocked by core_clock)
Endpoint: dsa[19]._8_ (rising edge-triggered flip-flop clocked by core_clock)
Path Group: core_clock
Path Type: max

Fanout         Cap        Slew       Delay        Time   Description
---------------------------------------------------------------------------------------------
                                  0.000000    0.000000   clock core_clock (rise edge)
                                  0.000000    0.000000   clock source latency
     1    0.014766    0.000000    0.000000    0.000000 ^ clk (in)
                                                         clk (net)
                      0.000828    0.000414    0.000414 ^ clkbuf_0_clk/A (sky130_fd_sc_hd__clkbuf_16)
     8    0.082920    0.152432    0.264955    0.265369 ^ clkbuf_0_clk/X (sky130_fd_sc_hd__clkbuf_16)
                                                         clknet_0_clk (net)
                      0.152848    0.005603    0.270972 ^ clkbuf_3_0__f_clk/A (sky130_fd_sc_hd__clkbuf_16)
    10    0.031708    0.082731    0.276028    0.547000 ^ clkbuf_3_0__f_clk/X (sky130_fd_sc_hd__clkbuf_16)
                                                         clknet_3_0__leaf_clk (net)
                      0.082738    0.000812    0.547812 ^ dsa[19]._8_/CLK (sky130_fd_sc_hd__dfrtp_1)
     2    0.006140    0.104388    0.773551    1.321363 v dsa[19]._8_/Q (sky130_fd_sc_hd__dfrtp_1)
                                                         dsa[19].last_carry (net)
                      0.104388    0.000149    1.321512 v dsa[19]._4_/B1 (sky130_fd_sc_hd__a21o_1)
     2    0.005517    0.081517    0.313777    1.635288 v dsa[19]._4_/X (sky130_fd_sc_hd__a21o_1)
                                                         dsa[19]._1_ (net)
                      0.081517    0.000112    1.635400 v dsa[19]._7_/A2 (sky130_fd_sc_hd__a21bo_1)
     1    0.002935    0.063030    0.341389    1.976789 v dsa[19]._7_/X (sky130_fd_sc_hd__a21bo_1)
                                                         dsa[19].last_carry_next (net)
                      0.063030    0.000068    1.976858 v dsa[19]._8_/D (sky130_fd_sc_hd__dfrtp_1)
                                              1.976858   data arrival time

                                 10.000000   10.000000   clock core_clock (rise edge)
                                  0.000000   10.000000   clock source latency
     1    0.014766    0.000000    0.000000   10.000000 ^ clk (in)
                                                         clk (net)
                      0.000828    0.000414   10.000414 ^ clkbuf_0_clk/A (sky130_fd_sc_hd__clkbuf_16)
     8    0.082920    0.152432    0.264955   10.265369 ^ clkbuf_0_clk/X (sky130_fd_sc_hd__clkbuf_16)
                                                         clknet_0_clk (net)
                      0.152848    0.005604   10.270973 ^ clkbuf_3_0__f_clk/A (sky130_fd_sc_hd__clkbuf_16)
    10    0.031708    0.082731    0.276027   10.547000 ^ clkbuf_3_0__f_clk/X (sky130_fd_sc_hd__clkbuf_16)
                                                         clknet_3_0__leaf_clk (net)
                      0.082738    0.000812   10.547812 ^ dsa[19]._8_/CLK (sky130_fd_sc_hd__dfrtp_1)
                                  0.000000   10.547812   clock reconvergence pessimism
                                 -0.270263   10.277548   library setup time
                                             10.277548   data required time
---------------------------------------------------------------------------------------------
                                             10.277548   data required time
                                             -1.976858   data arrival time
---------------------------------------------------------------------------------------------
                                              8.300690   slack (MET)


Startpoint: dsa[30]._8_ (rising edge-triggered flip-flop clocked by core_clock)
Endpoint: dsa[30]._8_ (rising edge-triggered flip-flop clocked by core_clock)
Path Group: core_clock
Path Type: max

Fanout         Cap        Slew       Delay        Time   Description
---------------------------------------------------------------------------------------------
                                  0.000000    0.000000   clock core_clock (rise edge)
                                  0.000000    0.000000   clock source latency
     1    0.014766    0.000000    0.000000    0.000000 ^ clk (in)
                                                         clk (net)
                      0.000828    0.000414    0.000414 ^ clkbuf_0_clk/A (sky130_fd_sc_hd__clkbuf_16)
     8    0.082920    0.152432    0.264955    0.265369 ^ clkbuf_0_clk/X (sky130_fd_sc_hd__clkbuf_16)
                                                         clknet_0_clk (net)
                      0.152848    0.005603    0.270972 ^ clkbuf_3_0__f_clk/A (sky130_fd_sc_hd__clkbuf_16)
    10    0.031708    0.082731    0.276028    0.547000 ^ clkbuf_3_0__f_clk/X (sky130_fd_sc_hd__clkbuf_16)
                                                         clknet_3_0__leaf_clk (net)
                      0.082742    0.000934    0.547934 ^ dsa[30]._8_/CLK (sky130_fd_sc_hd__dfrtp_1)
     2    0.006339    0.106016    0.775367    1.323302 v dsa[30]._8_/Q (sky130_fd_sc_hd__dfrtp_1)
                                                         dsa[30].last_carry (net)
                      0.106016    0.000178    1.323480 v dsa[30]._4_/B1 (sky130_fd_sc_hd__a21o_1)
     2    0.005597    0.082102    0.315052    1.638532 v dsa[30]._4_/X (sky130_fd_sc_hd__a21o_1)
                                                         dsa[30]._1_ (net)
                      0.082102    0.000087    1.638619 v dsa[30]._7_/A2 (sky130_fd_sc_hd__a21bo_1)
     1    0.002634    0.060514    0.338317    1.976935 v dsa[30]._7_/X (sky130_fd_sc_hd__a21bo_1)
                                                         dsa[30].last_carry_next (net)
                      0.060514    0.000077    1.977013 v dsa[30]._8_/D (sky130_fd_sc_hd__dfrtp_1)
                                              1.977013   data arrival time

                                 10.000000   10.000000   clock core_clock (rise edge)
                                  0.000000   10.000000   clock source latency
     1    0.014766    0.000000    0.000000   10.000000 ^ clk (in)
                                                         clk (net)
                      0.000828    0.000414   10.000414 ^ clkbuf_0_clk/A (sky130_fd_sc_hd__clkbuf_16)
     8    0.082920    0.152432    0.264955   10.265369 ^ clkbuf_0_clk/X (sky130_fd_sc_hd__clkbuf_16)
                                                         clknet_0_clk (net)
                      0.152848    0.005604   10.270973 ^ clkbuf_3_0__f_clk/A (sky130_fd_sc_hd__clkbuf_16)
    10    0.031708    0.082731    0.276027   10.547000 ^ clkbuf_3_0__f_clk/X (sky130_fd_sc_hd__clkbuf_16)
                                                         clknet_3_0__leaf_clk (net)
                      0.082742    0.000934   10.547935 ^ dsa[30]._8_/CLK (sky130_fd_sc_hd__dfrtp_1)
                                  0.000000   10.547935   clock reconvergence pessimism
                                 -0.269213   10.278721   library setup time
                                             10.278721   data required time
---------------------------------------------------------------------------------------------
                                             10.278721   data required time
                                             -1.977013   data arrival time
---------------------------------------------------------------------------------------------
                                              8.301709   slack (MET)


Startpoint: dsa[26]._8_ (rising edge-triggered flip-flop clocked by core_clock)
Endpoint: dsa[26]._8_ (rising edge-triggered flip-flop clocked by core_clock)
Path Group: core_clock
Path Type: max

Fanout         Cap        Slew       Delay        Time   Description
---------------------------------------------------------------------------------------------
                                  0.000000    0.000000   clock core_clock (rise edge)
                                  0.000000    0.000000   clock source latency
     1    0.014766    0.000000    0.000000    0.000000 ^ clk (in)
                                                         clk (net)
                      0.000828    0.000414    0.000414 ^ clkbuf_0_clk/A (sky130_fd_sc_hd__clkbuf_16)
     8    0.082920    0.152432    0.264955    0.265369 ^ clkbuf_0_clk/X (sky130_fd_sc_hd__clkbuf_16)
                                                         clknet_0_clk (net)
                      0.152585    0.002534    0.267903 ^ clkbuf_3_2__f_clk/A (sky130_fd_sc_hd__clkbuf_16)
    10    0.030659    0.081295    0.274394    0.542297 ^ clkbuf_3_2__f_clk/X (sky130_fd_sc_hd__clkbuf_16)
                                                         clknet_3_2__leaf_clk (net)
                      0.081306    0.000912    0.543209 ^ dsa[26]._8_/CLK (sky130_fd_sc_hd__dfrtp_1)
     2    0.005975    0.103053    0.771378    1.314586 v dsa[26]._8_/Q (sky130_fd_sc_hd__dfrtp_1)
                                                         dsa[26].last_carry (net)
                      0.103053    0.000131    1.314717 v dsa[26]._4_/B1 (sky130_fd_sc_hd__a21o_1)
     2    0.006423    0.088288    0.320193    1.634910 v dsa[26]._4_/X (sky130_fd_sc_hd__a21o_1)
                                                         dsa[26]._1_ (net)
                      0.088288    0.000170    1.635080 v dsa[26]._7_/A2 (sky130_fd_sc_hd__a21bo_1)
     1    0.002273    0.057649    0.336862    1.971941 v dsa[26]._7_/X (sky130_fd_sc_hd__a21bo_1)
                                                         dsa[26].last_carry_next (net)
                      0.057649    0.000064    1.972005 v dsa[26]._8_/D (sky130_fd_sc_hd__dfrtp_1)
                                              1.972005   data arrival time

                                 10.000000   10.000000   clock core_clock (rise edge)
                                  0.000000   10.000000   clock source latency
     1    0.014766    0.000000    0.000000   10.000000 ^ clk (in)
                                                         clk (net)
                      0.000828    0.000414   10.000414 ^ clkbuf_0_clk/A (sky130_fd_sc_hd__clkbuf_16)
     8    0.082920    0.152432    0.264955   10.265369 ^ clkbuf_0_clk/X (sky130_fd_sc_hd__clkbuf_16)
                                                         clknet_0_clk (net)
                      0.152585    0.002534   10.267903 ^ clkbuf_3_2__f_clk/A (sky130_fd_sc_hd__clkbuf_16)
    10    0.030659    0.081295    0.274394   10.542297 ^ clkbuf_3_2__f_clk/X (sky130_fd_sc_hd__clkbuf_16)
                                                         clknet_3_2__leaf_clk (net)
                      0.081306    0.000911   10.543208 ^ dsa[26]._8_/CLK (sky130_fd_sc_hd__dfrtp_1)
                                  0.000000   10.543208   clock reconvergence pessimism
                                 -0.268401   10.274807   library setup time
                                             10.274807   data required time
---------------------------------------------------------------------------------------------
                                             10.274807   data required time
                                             -1.972005   data arrival time
---------------------------------------------------------------------------------------------
                                              8.302802   slack (MET)


Startpoint: dsa[16]._8_ (rising edge-triggered flip-flop clocked by core_clock)
Endpoint: dsa[16]._8_ (rising edge-triggered flip-flop clocked by core_clock)
Path Group: core_clock
Path Type: max

Fanout         Cap        Slew       Delay        Time   Description
---------------------------------------------------------------------------------------------
                                  0.000000    0.000000   clock core_clock (rise edge)
                                  0.000000    0.000000   clock source latency
     1    0.014766    0.000000    0.000000    0.000000 ^ clk (in)
                                                         clk (net)
                      0.000828    0.000414    0.000414 ^ clkbuf_0_clk/A (sky130_fd_sc_hd__clkbuf_16)
     8    0.082920    0.152432    0.264955    0.265369 ^ clkbuf_0_clk/X (sky130_fd_sc_hd__clkbuf_16)
                                                         clknet_0_clk (net)
                      0.152841    0.005549    0.270918 ^ clkbuf_3_1__f_clk/A (sky130_fd_sc_hd__clkbuf_16)
     7    0.024156    0.072633    0.265409    0.536327 ^ clkbuf_3_1__f_clk/X (sky130_fd_sc_hd__clkbuf_16)
                                                         clknet_3_1__leaf_clk (net)
                      0.072646    0.000511    0.536839 ^ dsa[16]._8_/CLK (sky130_fd_sc_hd__dfrtp_1)
     2    0.005972    0.103045    0.767316    1.304155 v dsa[16]._8_/Q (sky130_fd_sc_hd__dfrtp_1)
                                                         dsa[16].last_carry (net)
                      0.103045    0.000118    1.304272 v dsa[16]._4_/B1 (sky130_fd_sc_hd__a21o_1)
     2    0.005763    0.083336    0.315119    1.619392 v dsa[16]._4_/X (sky130_fd_sc_hd__a21o_1)
                                                         dsa[16]._1_ (net)
                      0.083336    0.000127    1.619518 v dsa[16]._7_/A2 (sky130_fd_sc_hd__a21bo_1)
     1    0.002812    0.061971    0.340777    1.960295 v dsa[16]._7_/X (sky130_fd_sc_hd__a21bo_1)
                                                         dsa[16].last_carry_next (net)
                      0.061971    0.000060    1.960355 v dsa[16]._8_/D (sky130_fd_sc_hd__dfrtp_1)
                                              1.960355   data arrival time

                                 10.000000   10.000000   clock core_clock (rise edge)
                                  0.000000   10.000000   clock source latency
     1    0.014766    0.000000    0.000000   10.000000 ^ clk (in)
                                                         clk (net)
                      0.000828    0.000414   10.000414 ^ clkbuf_0_clk/A (sky130_fd_sc_hd__clkbuf_16)
     8    0.082920    0.152432    0.264955   10.265369 ^ clkbuf_0_clk/X (sky130_fd_sc_hd__clkbuf_16)
                                                         clknet_0_clk (net)
                      0.152841    0.005549   10.270919 ^ clkbuf_3_1__f_clk/A (sky130_fd_sc_hd__clkbuf_16)
     7    0.024156    0.072633    0.265409   10.536327 ^ clkbuf_3_1__f_clk/X (sky130_fd_sc_hd__clkbuf_16)
                                                         clknet_3_1__leaf_clk (net)
                      0.072646    0.000512   10.536839 ^ dsa[16]._8_/CLK (sky130_fd_sc_hd__dfrtp_1)
                                  0.000000   10.536839   clock reconvergence pessimism
                                 -0.272511   10.264328   library setup time
                                             10.264328   data required time
---------------------------------------------------------------------------------------------
                                             10.264328   data required time
                                             -1.960355   data arrival time
---------------------------------------------------------------------------------------------
                                              8.303973   slack (MET)


Startpoint: dsa[6]._8_ (rising edge-triggered flip-flop clocked by core_clock)
Endpoint: dsa[6]._8_ (rising edge-triggered flip-flop clocked by core_clock)
Path Group: core_clock
Path Type: max

Fanout         Cap        Slew       Delay        Time   Description
---------------------------------------------------------------------------------------------
                                  0.000000    0.000000   clock core_clock (rise edge)
                                  0.000000    0.000000   clock source latency
     1    0.014766    0.000000    0.000000    0.000000 ^ clk (in)
                                                         clk (net)
                      0.000828    0.000414    0.000414 ^ clkbuf_0_clk/A (sky130_fd_sc_hd__clkbuf_16)
     8    0.082920    0.152432    0.264955    0.265369 ^ clkbuf_0_clk/X (sky130_fd_sc_hd__clkbuf_16)
                                                         clknet_0_clk (net)
                      0.152768    0.004883    0.270252 ^ clkbuf_3_5__f_clk/A (sky130_fd_sc_hd__clkbuf_16)
     8    0.028940    0.078948    0.272087    0.542339 ^ clkbuf_3_5__f_clk/X (sky130_fd_sc_hd__clkbuf_16)
                                                         clknet_3_5__leaf_clk (net)
                      0.078954    0.000694    0.543034 ^ dsa[6]._8_/CLK (sky130_fd_sc_hd__dfrtp_1)
     2    0.005954    0.102874    0.770091    1.313124 v dsa[6]._8_/Q (sky130_fd_sc_hd__dfrtp_1)
                                                         dsa[6].last_carry (net)
                      0.102874    0.000129    1.313253 v dsa[6]._4_/B1 (sky130_fd_sc_hd__a21o_1)
     2    0.006183    0.086460    0.318292    1.631545 v dsa[6]._4_/X (sky130_fd_sc_hd__a21o_1)
                                                         dsa[6]._1_ (net)
                      0.086460    0.000146    1.631691 v dsa[6]._7_/A2 (sky130_fd_sc_hd__a21bo_1)
     1    0.002381    0.058512    0.337308    1.968999 v dsa[6]._7_/X (sky130_fd_sc_hd__a21bo_1)
                                                         dsa[6].last_carry_next (net)
                      0.058512    0.000070    1.969069 v dsa[6]._8_/D (sky130_fd_sc_hd__dfrtp_1)
                                              1.969069   data arrival time

                                 10.000000   10.000000   clock core_clock (rise edge)
                                  0.000000   10.000000   clock source latency
     1    0.014766    0.000000    0.000000   10.000000 ^ clk (in)
                                                         clk (net)
                      0.000828    0.000414   10.000414 ^ clkbuf_0_clk/A (sky130_fd_sc_hd__clkbuf_16)
     8    0.082920    0.152432    0.264955   10.265369 ^ clkbuf_0_clk/X (sky130_fd_sc_hd__clkbuf_16)
                                                         clknet_0_clk (net)
                      0.152768    0.004883   10.270252 ^ clkbuf_3_5__f_clk/A (sky130_fd_sc_hd__clkbuf_16)
     8    0.028940    0.078948    0.272087   10.542339 ^ clkbuf_3_5__f_clk/X (sky130_fd_sc_hd__clkbuf_16)
                                                         clknet_3_5__leaf_clk (net)
                      0.078954    0.000694   10.543034 ^ dsa[6]._8_/CLK (sky130_fd_sc_hd__dfrtp_1)
                                  0.000000   10.543034   clock reconvergence pessimism
                                 -0.269388   10.273645   library setup time
                                             10.273645   data required time
---------------------------------------------------------------------------------------------
                                             10.273645   data required time
                                             -1.969069   data arrival time
---------------------------------------------------------------------------------------------
                                              8.304577   slack (MET)


Startpoint: dsa[28]._8_ (rising edge-triggered flip-flop clocked by core_clock)
Endpoint: dsa[28]._8_ (rising edge-triggered flip-flop clocked by core_clock)
Path Group: core_clock
Path Type: max

Fanout         Cap        Slew       Delay        Time   Description
---------------------------------------------------------------------------------------------
                                  0.000000    0.000000   clock core_clock (rise edge)
                                  0.000000    0.000000   clock source latency
     1    0.014766    0.000000    0.000000    0.000000 ^ clk (in)
                                                         clk (net)
                      0.000828    0.000414    0.000414 ^ clkbuf_0_clk/A (sky130_fd_sc_hd__clkbuf_16)
     8    0.082920    0.152432    0.264955    0.265369 ^ clkbuf_0_clk/X (sky130_fd_sc_hd__clkbuf_16)
                                                         clknet_0_clk (net)
                      0.152585    0.002534    0.267903 ^ clkbuf_3_2__f_clk/A (sky130_fd_sc_hd__clkbuf_16)
    10    0.030659    0.081295    0.274394    0.542297 ^ clkbuf_3_2__f_clk/X (sky130_fd_sc_hd__clkbuf_16)
                                                         clknet_3_2__leaf_clk (net)
                      0.081304    0.000839    0.543136 ^ dsa[28]._8_/CLK (sky130_fd_sc_hd__dfrtp_1)
     2    0.005981    0.103097    0.771427    1.314563 v dsa[28]._8_/Q (sky130_fd_sc_hd__dfrtp_1)
                                                         dsa[28].last_carry (net)
                      0.103097    0.000132    1.314696 v dsa[28]._4_/B1 (sky130_fd_sc_hd__a21o_1)
     2    0.005994    0.085050    0.316915    1.631611 v dsa[28]._4_/X (sky130_fd_sc_hd__a21o_1)
                                                         dsa[28]._1_ (net)
                      0.085050    0.000148    1.631759 v dsa[28]._7_/A2 (sky130_fd_sc_hd__a21bo_1)
     1    0.002464    0.059156    0.337640    1.969399 v dsa[28]._7_/X (sky130_fd_sc_hd__a21bo_1)
                                                         dsa[28].last_carry_next (net)
                      0.059156    0.000071    1.969470 v dsa[28]._8_/D (sky130_fd_sc_hd__dfrtp_1)
                                              1.969470   data arrival time

                                 10.000000   10.000000   clock core_clock (rise edge)
                                  0.000000   10.000000   clock source latency
     1    0.014766    0.000000    0.000000   10.000000 ^ clk (in)
                                                         clk (net)
                      0.000828    0.000414   10.000414 ^ clkbuf_0_clk/A (sky130_fd_sc_hd__clkbuf_16)
     8    0.082920    0.152432    0.264955   10.265369 ^ clkbuf_0_clk/X (sky130_fd_sc_hd__clkbuf_16)
                                                         clknet_0_clk (net)
                      0.152585    0.002534   10.267903 ^ clkbuf_3_2__f_clk/A (sky130_fd_sc_hd__clkbuf_16)
    10    0.030659    0.081295    0.274394   10.542297 ^ clkbuf_3_2__f_clk/X (sky130_fd_sc_hd__clkbuf_16)
                                                         clknet_3_2__leaf_clk (net)
                      0.081304    0.000839   10.543137 ^ dsa[28]._8_/CLK (sky130_fd_sc_hd__dfrtp_1)
                                  0.000000   10.543137   clock reconvergence pessimism
                                 -0.269030   10.274106   library setup time
                                             10.274106   data required time
---------------------------------------------------------------------------------------------
                                             10.274106   data required time
                                             -1.969470   data arrival time
---------------------------------------------------------------------------------------------
                                              8.304635   slack (MET)


Startpoint: dsa[20]._8_ (rising edge-triggered flip-flop clocked by core_clock)
Endpoint: dsa[20]._8_ (rising edge-triggered flip-flop clocked by core_clock)
Path Group: core_clock
Path Type: max

Fanout         Cap        Slew       Delay        Time   Description
---------------------------------------------------------------------------------------------
                                  0.000000    0.000000   clock core_clock (rise edge)
                                  0.000000    0.000000   clock source latency
     1    0.014766    0.000000    0.000000    0.000000 ^ clk (in)
                                                         clk (net)
                      0.000828    0.000414    0.000414 ^ clkbuf_0_clk/A (sky130_fd_sc_hd__clkbuf_16)
     8    0.082920    0.152432    0.264955    0.265369 ^ clkbuf_0_clk/X (sky130_fd_sc_hd__clkbuf_16)
                                                         clknet_0_clk (net)
                      0.152841    0.005549    0.270918 ^ clkbuf_3_1__f_clk/A (sky130_fd_sc_hd__clkbuf_16)
     7    0.024156    0.072633    0.265409    0.536327 ^ clkbuf_3_1__f_clk/X (sky130_fd_sc_hd__clkbuf_16)
                                                         clknet_3_1__leaf_clk (net)
                      0.072644    0.000447    0.536774 ^ dsa[20]._8_/CLK (sky130_fd_sc_hd__dfrtp_1)
     2    0.005838    0.101980    0.766067    1.302841 v dsa[20]._8_/Q (sky130_fd_sc_hd__dfrtp_1)
                                                         dsa[20].last_carry (net)
                      0.101980    0.000156    1.302997 v dsa[20]._4_/B1 (sky130_fd_sc_hd__a21o_1)
     2    0.005459    0.081095    0.312359    1.615357 v dsa[20]._4_/X (sky130_fd_sc_hd__a21o_1)
                                                         dsa[20]._1_ (net)
                      0.081095    0.000089    1.615446 v dsa[20]._7_/A2 (sky130_fd_sc_hd__a21bo_1)
     1    0.002971    0.063338    0.341599    1.957045 v dsa[20]._7_/X (sky130_fd_sc_hd__a21bo_1)
                                                         dsa[20].last_carry_next (net)
                      0.063338    0.000088    1.957134 v dsa[20]._8_/D (sky130_fd_sc_hd__dfrtp_1)
                                              1.957134   data arrival time

                                 10.000000   10.000000   clock core_clock (rise edge)
                                  0.000000   10.000000   clock source latency
     1    0.014766    0.000000    0.000000   10.000000 ^ clk (in)
                                                         clk (net)
                      0.000828    0.000414   10.000414 ^ clkbuf_0_clk/A (sky130_fd_sc_hd__clkbuf_16)
     8    0.082920    0.152432    0.264955   10.265369 ^ clkbuf_0_clk/X (sky130_fd_sc_hd__clkbuf_16)
                                                         clknet_0_clk (net)
                      0.152841    0.005549   10.270919 ^ clkbuf_3_1__f_clk/A (sky130_fd_sc_hd__clkbuf_16)
     7    0.024156    0.072633    0.265409   10.536327 ^ clkbuf_3_1__f_clk/X (sky130_fd_sc_hd__clkbuf_16)
                                                         clknet_3_1__leaf_clk (net)
                      0.072644    0.000447   10.536775 ^ dsa[20]._8_/CLK (sky130_fd_sc_hd__dfrtp_1)
                                  0.000000   10.536775   clock reconvergence pessimism
                                 -0.273081   10.263693   library setup time
                                             10.263693   data required time
---------------------------------------------------------------------------------------------
                                             10.263693   data required time
                                             -1.957134   data arrival time
---------------------------------------------------------------------------------------------
                                              8.306560   slack (MET)


Startpoint: dsa[1]._8_ (rising edge-triggered flip-flop clocked by core_clock)
Endpoint: dsa[1]._8_ (rising edge-triggered flip-flop clocked by core_clock)
Path Group: core_clock
Path Type: max

Fanout         Cap        Slew       Delay        Time   Description
---------------------------------------------------------------------------------------------
                                  0.000000    0.000000   clock core_clock (rise edge)
                                  0.000000    0.000000   clock source latency
     1    0.014766    0.000000    0.000000    0.000000 ^ clk (in)
                                                         clk (net)
                      0.000828    0.000414    0.000414 ^ clkbuf_0_clk/A (sky130_fd_sc_hd__clkbuf_16)
     8    0.082920    0.152432    0.264955    0.265369 ^ clkbuf_0_clk/X (sky130_fd_sc_hd__clkbuf_16)
                                                         clknet_0_clk (net)
                      0.152642    0.003448    0.268817 ^ clkbuf_3_7__f_clk/A (sky130_fd_sc_hd__clkbuf_16)
    10    0.028860    0.078843    0.271905    0.540722 ^ clkbuf_3_7__f_clk/X (sky130_fd_sc_hd__clkbuf_16)
                                                         clknet_3_7__leaf_clk (net)
                      0.078854    0.000876    0.541598 ^ dsa[1]._8_/CLK (sky130_fd_sc_hd__dfrtp_1)
     2    0.006121    0.104221    0.771587    1.313186 v dsa[1]._8_/Q (sky130_fd_sc_hd__dfrtp_1)
                                                         dsa[1].last_carry (net)
                      0.104221    0.000120    1.313305 v dsa[1]._4_/B1 (sky130_fd_sc_hd__a21o_1)
     2    0.005501    0.081406    0.313572    1.626877 v dsa[1]._4_/X (sky130_fd_sc_hd__a21o_1)
                                                         dsa[1]._1_ (net)
                      0.081406    0.000129    1.627006 v dsa[1]._7_/A2 (sky130_fd_sc_hd__a21bo_1)
     1    0.002566    0.059973    0.337289    1.964295 v dsa[1]._7_/X (sky130_fd_sc_hd__a21bo_1)
                                                         dsa[1].last_carry_next (net)
                      0.059973    0.000072    1.964367 v dsa[1]._8_/D (sky130_fd_sc_hd__dfrtp_1)
                                              1.964367   data arrival time

                                 10.000000   10.000000   clock core_clock (rise edge)
                                  0.000000   10.000000   clock source latency
     1    0.014766    0.000000    0.000000   10.000000 ^ clk (in)
                                                         clk (net)
                      0.000828    0.000414   10.000414 ^ clkbuf_0_clk/A (sky130_fd_sc_hd__clkbuf_16)
     8    0.082920    0.152432    0.264955   10.265369 ^ clkbuf_0_clk/X (sky130_fd_sc_hd__clkbuf_16)
                                                         clknet_0_clk (net)
                      0.152642    0.003448   10.268817 ^ clkbuf_3_7__f_clk/A (sky130_fd_sc_hd__clkbuf_16)
    10    0.028860    0.078843    0.271905   10.540723 ^ clkbuf_3_7__f_clk/X (sky130_fd_sc_hd__clkbuf_16)
                                                         clknet_3_7__leaf_clk (net)
                      0.078854    0.000876   10.541598 ^ dsa[1]._8_/CLK (sky130_fd_sc_hd__dfrtp_1)
                                  0.000000   10.541598   clock reconvergence pessimism
                                 -0.270024   10.271574   library setup time
                                             10.271574   data required time
---------------------------------------------------------------------------------------------
                                             10.271574   data required time
                                             -1.964367   data arrival time
---------------------------------------------------------------------------------------------
                                              8.307208   slack (MET)


Startpoint: dsa[10]._8_ (rising edge-triggered flip-flop clocked by core_clock)
Endpoint: dsa[10]._8_ (rising edge-triggered flip-flop clocked by core_clock)
Path Group: core_clock
Path Type: max

Fanout         Cap        Slew       Delay        Time   Description
---------------------------------------------------------------------------------------------
                                  0.000000    0.000000   clock core_clock (rise edge)
                                  0.000000    0.000000   clock source latency
     1    0.014766    0.000000    0.000000    0.000000 ^ clk (in)
                                                         clk (net)
                      0.000828    0.000414    0.000414 ^ clkbuf_0_clk/A (sky130_fd_sc_hd__clkbuf_16)
     8    0.082920    0.152432    0.264955    0.265369 ^ clkbuf_0_clk/X (sky130_fd_sc_hd__clkbuf_16)
                                                         clknet_0_clk (net)
                      0.152635    0.003344    0.268713 ^ clkbuf_3_6__f_clk/A (sky130_fd_sc_hd__clkbuf_16)
     8    0.026630    0.075859    0.268810    0.537524 ^ clkbuf_3_6__f_clk/X (sky130_fd_sc_hd__clkbuf_16)
                                                         clknet_3_6__leaf_clk (net)
                      0.075864    0.000595    0.538119 ^ dsa[10]._8_/CLK (sky130_fd_sc_hd__dfrtp_1)
     2    0.005712    0.100955    0.766418    1.304537 v dsa[10]._8_/Q (sky130_fd_sc_hd__dfrtp_1)
                                                         dsa[10].last_carry (net)
                      0.100955    0.000146    1.304683 v dsa[10]._4_/B1 (sky130_fd_sc_hd__a21o_1)
     2    0.005337    0.080215    0.310984    1.615668 v dsa[10]._4_/X (sky130_fd_sc_hd__a21o_1)
                                                         dsa[10]._1_ (net)
                      0.080215    0.000138    1.615806 v dsa[10]._7_/A2 (sky130_fd_sc_hd__a21bo_1)
     1    0.003065    0.064157    0.342284    1.958089 v dsa[10]._7_/X (sky130_fd_sc_hd__a21bo_1)
                                                         dsa[10].last_carry_next (net)
                      0.064157    0.000088    1.958177 v dsa[10]._8_/D (sky130_fd_sc_hd__dfrtp_1)
                                              1.958177   data arrival time

                                 10.000000   10.000000   clock core_clock (rise edge)
                                  0.000000   10.000000   clock source latency
     1    0.014766    0.000000    0.000000   10.000000 ^ clk (in)
                                                         clk (net)
                      0.000828    0.000414   10.000414 ^ clkbuf_0_clk/A (sky130_fd_sc_hd__clkbuf_16)
     8    0.082920    0.152432    0.264955   10.265369 ^ clkbuf_0_clk/X (sky130_fd_sc_hd__clkbuf_16)
                                                         clknet_0_clk (net)
                      0.152635    0.003344   10.268713 ^ clkbuf_3_6__f_clk/A (sky130_fd_sc_hd__clkbuf_16)
     8    0.026630    0.075859    0.268811   10.537524 ^ clkbuf_3_6__f_clk/X (sky130_fd_sc_hd__clkbuf_16)
                                                         clknet_3_6__leaf_clk (net)
                      0.075864    0.000595   10.538119 ^ dsa[10]._8_/CLK (sky130_fd_sc_hd__dfrtp_1)
                                  0.000000   10.538119   clock reconvergence pessimism
                                 -0.272565   10.265554   library setup time
                                             10.265554   data required time
---------------------------------------------------------------------------------------------
                                             10.265554   data required time
                                             -1.958177   data arrival time
---------------------------------------------------------------------------------------------
                                              8.307377   slack (MET)


Startpoint: dsa[27]._8_ (rising edge-triggered flip-flop clocked by core_clock)
Endpoint: dsa[27]._8_ (rising edge-triggered flip-flop clocked by core_clock)
Path Group: core_clock
Path Type: max

Fanout         Cap        Slew       Delay        Time   Description
---------------------------------------------------------------------------------------------
                                  0.000000    0.000000   clock core_clock (rise edge)
                                  0.000000    0.000000   clock source latency
     1    0.014766    0.000000    0.000000    0.000000 ^ clk (in)
                                                         clk (net)
                      0.000828    0.000414    0.000414 ^ clkbuf_0_clk/A (sky130_fd_sc_hd__clkbuf_16)
     8    0.082920    0.152432    0.264955    0.265369 ^ clkbuf_0_clk/X (sky130_fd_sc_hd__clkbuf_16)
                                                         clknet_0_clk (net)
                      0.152585    0.002534    0.267903 ^ clkbuf_3_2__f_clk/A (sky130_fd_sc_hd__clkbuf_16)
    10    0.030659    0.081295    0.274394    0.542297 ^ clkbuf_3_2__f_clk/X (sky130_fd_sc_hd__clkbuf_16)
                                                         clknet_3_2__leaf_clk (net)
                      0.081303    0.000804    0.543101 ^ dsa[27]._8_/CLK (sky130_fd_sc_hd__dfrtp_1)
     2    0.005956    0.102900    0.771202    1.314303 v dsa[27]._8_/Q (sky130_fd_sc_hd__dfrtp_1)
                                                         dsa[27].last_carry (net)
                      0.102900    0.000143    1.314445 v dsa[27]._4_/B1 (sky130_fd_sc_hd__a21o_1)
     2    0.005820    0.083749    0.315518    1.629963 v dsa[27]._4_/X (sky130_fd_sc_hd__a21o_1)
                                                         dsa[27]._1_ (net)
                      0.083749    0.000087    1.630050 v dsa[27]._7_/A2 (sky130_fd_sc_hd__a21bo_1)
     1    0.002333    0.058165    0.335672    1.965722 v dsa[27]._7_/X (sky130_fd_sc_hd__a21bo_1)
                                                         dsa[27].last_carry_next (net)
                      0.058165    0.000066    1.965788 v dsa[27]._8_/D (sky130_fd_sc_hd__dfrtp_1)
                                              1.965788   data arrival time

                                 10.000000   10.000000   clock core_clock (rise edge)
                                  0.000000   10.000000   clock source latency
     1    0.014766    0.000000    0.000000   10.000000 ^ clk (in)
                                                         clk (net)
                      0.000828    0.000414   10.000414 ^ clkbuf_0_clk/A (sky130_fd_sc_hd__clkbuf_16)
     8    0.082920    0.152432    0.264955   10.265369 ^ clkbuf_0_clk/X (sky130_fd_sc_hd__clkbuf_16)
                                                         clknet_0_clk (net)
                      0.152585    0.002534   10.267903 ^ clkbuf_3_2__f_clk/A (sky130_fd_sc_hd__clkbuf_16)
    10    0.030659    0.081295    0.274394   10.542297 ^ clkbuf_3_2__f_clk/X (sky130_fd_sc_hd__clkbuf_16)
                                                         clknet_3_2__leaf_clk (net)
                      0.081303    0.000804   10.543101 ^ dsa[27]._8_/CLK (sky130_fd_sc_hd__dfrtp_1)
                                  0.000000   10.543101   clock reconvergence pessimism
                                 -0.268618   10.274484   library setup time
                                             10.274484   data required time
---------------------------------------------------------------------------------------------
                                             10.274484   data required time
                                             -1.965788   data arrival time
---------------------------------------------------------------------------------------------
                                              8.308696   slack (MET)


Startpoint: dsa[21]._8_ (rising edge-triggered flip-flop clocked by core_clock)
Endpoint: dsa[21]._8_ (rising edge-triggered flip-flop clocked by core_clock)
Path Group: core_clock
Path Type: max

Fanout         Cap        Slew       Delay        Time   Description
---------------------------------------------------------------------------------------------
                                  0.000000    0.000000   clock core_clock (rise edge)
                                  0.000000    0.000000   clock source latency
     1    0.014766    0.000000    0.000000    0.000000 ^ clk (in)
                                                         clk (net)
                      0.000828    0.000414    0.000414 ^ clkbuf_0_clk/A (sky130_fd_sc_hd__clkbuf_16)
     8    0.082920    0.152432    0.264955    0.265369 ^ clkbuf_0_clk/X (sky130_fd_sc_hd__clkbuf_16)
                                                         clknet_0_clk (net)
                      0.152848    0.005603    0.270972 ^ clkbuf_3_0__f_clk/A (sky130_fd_sc_hd__clkbuf_16)
    10    0.031708    0.082731    0.276028    0.547000 ^ clkbuf_3_0__f_clk/X (sky130_fd_sc_hd__clkbuf_16)
                                                         clknet_3_0__leaf_clk (net)
                      0.082733    0.000539    0.547539 ^ dsa[21]._8_/CLK (sky130_fd_sc_hd__dfrtp_1)
     2    0.005319    0.097849    0.766002    1.313541 v dsa[21]._8_/Q (sky130_fd_sc_hd__dfrtp_1)
                                                         dsa[21].last_carry (net)
                      0.097849    0.000115    1.313655 v dsa[21]._4_/B1 (sky130_fd_sc_hd__a21o_1)
     2    0.005879    0.084201    0.313903    1.627558 v dsa[21]._4_/X (sky130_fd_sc_hd__a21o_1)
                                                         dsa[21]._1_ (net)
                      0.084201    0.000140    1.627698 v dsa[21]._7_/A2 (sky130_fd_sc_hd__a21bo_1)
     1    0.002773    0.061648    0.340703    1.968401 v dsa[21]._7_/X (sky130_fd_sc_hd__a21bo_1)
                                                         dsa[21].last_carry_next (net)
                      0.061648    0.000062    1.968463 v dsa[21]._8_/D (sky130_fd_sc_hd__dfrtp_1)
                                              1.968463   data arrival time

                                 10.000000   10.000000   clock core_clock (rise edge)
                                  0.000000   10.000000   clock source latency
     1    0.014766    0.000000    0.000000   10.000000 ^ clk (in)
                                                         clk (net)
                      0.000828    0.000414   10.000414 ^ clkbuf_0_clk/A (sky130_fd_sc_hd__clkbuf_16)
     8    0.082920    0.152432    0.264955   10.265369 ^ clkbuf_0_clk/X (sky130_fd_sc_hd__clkbuf_16)
                                                         clknet_0_clk (net)
                      0.152848    0.005604   10.270973 ^ clkbuf_3_0__f_clk/A (sky130_fd_sc_hd__clkbuf_16)
    10    0.031708    0.082731    0.276027   10.547000 ^ clkbuf_3_0__f_clk/X (sky130_fd_sc_hd__clkbuf_16)
                                                         clknet_3_0__leaf_clk (net)
                      0.082733    0.000539   10.547539 ^ dsa[21]._8_/CLK (sky130_fd_sc_hd__dfrtp_1)
                                  0.000000   10.547539   clock reconvergence pessimism
                                 -0.269689   10.277851   library setup time
                                             10.277851   data required time
---------------------------------------------------------------------------------------------
                                             10.277851   data required time
                                             -1.968463   data arrival time
---------------------------------------------------------------------------------------------
                                              8.309388   slack (MET)


Startpoint: dsa[14]._8_ (rising edge-triggered flip-flop clocked by core_clock)
Endpoint: dsa[14]._8_ (rising edge-triggered flip-flop clocked by core_clock)
Path Group: core_clock
Path Type: max

Fanout         Cap        Slew       Delay        Time   Description
---------------------------------------------------------------------------------------------
                                  0.000000    0.000000   clock core_clock (rise edge)
                                  0.000000    0.000000   clock source latency
     1    0.014766    0.000000    0.000000    0.000000 ^ clk (in)
                                                         clk (net)
                      0.000828    0.000414    0.000414 ^ clkbuf_0_clk/A (sky130_fd_sc_hd__clkbuf_16)
     8    0.082920    0.152432    0.264955    0.265369 ^ clkbuf_0_clk/X (sky130_fd_sc_hd__clkbuf_16)
                                                         clknet_0_clk (net)
                      0.152577    0.002367    0.267736 ^ clkbuf_3_3__f_clk/A (sky130_fd_sc_hd__clkbuf_16)
     9    0.026566    0.075778    0.268666    0.536402 ^ clkbuf_3_3__f_clk/X (sky130_fd_sc_hd__clkbuf_16)
                                                         clknet_3_3__leaf_clk (net)
                      0.075782    0.000586    0.536987 ^ dsa[14]._8_/CLK (sky130_fd_sc_hd__dfrtp_1)
     2    0.005735    0.101145    0.766584    1.303571 v dsa[14]._8_/Q (sky130_fd_sc_hd__dfrtp_1)
                                                         dsa[14].last_carry (net)
                      0.101145    0.000140    1.303711 v dsa[14]._4_/B1 (sky130_fd_sc_hd__a21o_1)
     2    0.005352    0.080324    0.311185    1.614897 v dsa[14]._4_/X (sky130_fd_sc_hd__a21o_1)
                                                         dsa[14]._1_ (net)
                      0.080324    0.000118    1.615014 v dsa[14]._7_/A2 (sky130_fd_sc_hd__a21bo_1)
     1    0.002842    0.062233    0.339884    1.954898 v dsa[14]._7_/X (sky130_fd_sc_hd__a21bo_1)
                                                         dsa[14].last_carry_next (net)
                      0.062233    0.000064    1.954962 v dsa[14]._8_/D (sky130_fd_sc_hd__dfrtp_1)
                                              1.954962   data arrival time

                                 10.000000   10.000000   clock core_clock (rise edge)
                                  0.000000   10.000000   clock source latency
     1    0.014766    0.000000    0.000000   10.000000 ^ clk (in)
                                                         clk (net)
                      0.000828    0.000414   10.000414 ^ clkbuf_0_clk/A (sky130_fd_sc_hd__clkbuf_16)
     8    0.082920    0.152432    0.264955   10.265369 ^ clkbuf_0_clk/X (sky130_fd_sc_hd__clkbuf_16)
                                                         clknet_0_clk (net)
                      0.152577    0.002367   10.267736 ^ clkbuf_3_3__f_clk/A (sky130_fd_sc_hd__clkbuf_16)
     9    0.026566    0.075778    0.268665   10.536402 ^ clkbuf_3_3__f_clk/X (sky130_fd_sc_hd__clkbuf_16)
                                                         clknet_3_3__leaf_clk (net)
                      0.075782    0.000586   10.536987 ^ dsa[14]._8_/CLK (sky130_fd_sc_hd__dfrtp_1)
                                  0.000000   10.536987   clock reconvergence pessimism
                                 -0.271785   10.265203   library setup time
                                             10.265203   data required time
---------------------------------------------------------------------------------------------
                                             10.265203   data required time
                                             -1.954962   data arrival time
---------------------------------------------------------------------------------------------
                                              8.310242   slack (MET)


Startpoint: dsa[17]._8_ (rising edge-triggered flip-flop clocked by core_clock)
Endpoint: dsa[17]._8_ (rising edge-triggered flip-flop clocked by core_clock)
Path Group: core_clock
Path Type: max

Fanout         Cap        Slew       Delay        Time   Description
---------------------------------------------------------------------------------------------
                                  0.000000    0.000000   clock core_clock (rise edge)
                                  0.000000    0.000000   clock source latency
     1    0.014766    0.000000    0.000000    0.000000 ^ clk (in)
                                                         clk (net)
                      0.000828    0.000414    0.000414 ^ clkbuf_0_clk/A (sky130_fd_sc_hd__clkbuf_16)
     8    0.082920    0.152432    0.264955    0.265369 ^ clkbuf_0_clk/X (sky130_fd_sc_hd__clkbuf_16)
                                                         clknet_0_clk (net)
                      0.152841    0.005549    0.270918 ^ clkbuf_3_1__f_clk/A (sky130_fd_sc_hd__clkbuf_16)
     7    0.024156    0.072633    0.265409    0.536327 ^ clkbuf_3_1__f_clk/X (sky130_fd_sc_hd__clkbuf_16)
                                                         clknet_3_1__leaf_clk (net)
                      0.072646    0.000511    0.536838 ^ dsa[17]._8_/CLK (sky130_fd_sc_hd__dfrtp_1)
     2    0.006405    0.106578    0.771286    1.308124 v dsa[17]._8_/Q (sky130_fd_sc_hd__dfrtp_1)
                                                         dsa[17].last_carry (net)
                      0.106578    0.000141    1.308265 v dsa[17]._4_/B1 (sky130_fd_sc_hd__a21o_1)
     2    0.005560    0.081834    0.315004    1.623269 v dsa[17]._4_/X (sky130_fd_sc_hd__a21o_1)
                                                         dsa[17]._1_ (net)
                      0.081834    0.000094    1.623363 v dsa[17]._7_/A2 (sky130_fd_sc_hd__a21bo_1)
     1    0.002124    0.056491    0.332599    1.955963 v dsa[17]._7_/X (sky130_fd_sc_hd__a21bo_1)
                                                         dsa[17].last_carry_next (net)
                      0.056491    0.000059    1.956022 v dsa[17]._8_/D (sky130_fd_sc_hd__dfrtp_1)
                                              1.956022   data arrival time

                                 10.000000   10.000000   clock core_clock (rise edge)
                                  0.000000   10.000000   clock source latency
     1    0.014766    0.000000    0.000000   10.000000 ^ clk (in)
                                                         clk (net)
                      0.000828    0.000414   10.000414 ^ clkbuf_0_clk/A (sky130_fd_sc_hd__clkbuf_16)
     8    0.082920    0.152432    0.264955   10.265369 ^ clkbuf_0_clk/X (sky130_fd_sc_hd__clkbuf_16)
                                                         clknet_0_clk (net)
                      0.152841    0.005549   10.270919 ^ clkbuf_3_1__f_clk/A (sky130_fd_sc_hd__clkbuf_16)
     7    0.024156    0.072633    0.265409   10.536327 ^ clkbuf_3_1__f_clk/X (sky130_fd_sc_hd__clkbuf_16)
                                                         clknet_3_1__leaf_clk (net)
                      0.072646    0.000511   10.536839 ^ dsa[17]._8_/CLK (sky130_fd_sc_hd__dfrtp_1)
                                  0.000000   10.536839   clock reconvergence pessimism
                                 -0.270225   10.266613   library setup time
                                             10.266613   data required time
---------------------------------------------------------------------------------------------
                                             10.266613   data required time
                                             -1.956022   data arrival time
---------------------------------------------------------------------------------------------
                                              8.310592   slack (MET)


Startpoint: dsa[12]._8_ (rising edge-triggered flip-flop clocked by core_clock)
Endpoint: dsa[12]._8_ (rising edge-triggered flip-flop clocked by core_clock)
Path Group: core_clock
Path Type: max

Fanout         Cap        Slew       Delay        Time   Description
---------------------------------------------------------------------------------------------
                                  0.000000    0.000000   clock core_clock (rise edge)
                                  0.000000    0.000000   clock source latency
     1    0.014766    0.000000    0.000000    0.000000 ^ clk (in)
                                                         clk (net)
                      0.000828    0.000414    0.000414 ^ clkbuf_0_clk/A (sky130_fd_sc_hd__clkbuf_16)
     8    0.082920    0.152432    0.264955    0.265369 ^ clkbuf_0_clk/X (sky130_fd_sc_hd__clkbuf_16)
                                                         clknet_0_clk (net)
                      0.152635    0.003344    0.268713 ^ clkbuf_3_6__f_clk/A (sky130_fd_sc_hd__clkbuf_16)
     8    0.026630    0.075859    0.268810    0.537524 ^ clkbuf_3_6__f_clk/X (sky130_fd_sc_hd__clkbuf_16)
                                                         clknet_3_6__leaf_clk (net)
                      0.075862    0.000521    0.538044 ^ dsa[12]._8_/CLK (sky130_fd_sc_hd__dfrtp_1)
     2    0.005508    0.099345    0.764538    1.302582 v dsa[12]._8_/Q (sky130_fd_sc_hd__dfrtp_1)
                                                         dsa[12].last_carry (net)
                      0.099345    0.000133    1.302715 v dsa[12]._4_/B1 (sky130_fd_sc_hd__a21o_1)
     2    0.006117    0.085968    0.316359    1.619074 v dsa[12]._4_/X (sky130_fd_sc_hd__a21o_1)
                                                         dsa[12]._1_ (net)
                      0.085968    0.000092    1.619166 v dsa[12]._7_/A2 (sky130_fd_sc_hd__a21bo_1)
     1    0.002422    0.058827    0.337558    1.956723 v dsa[12]._7_/X (sky130_fd_sc_hd__a21bo_1)
                                                         dsa[12].last_carry_next (net)
                      0.058827    0.000070    1.956793 v dsa[12]._8_/D (sky130_fd_sc_hd__dfrtp_1)
                                              1.956793   data arrival time

                                 10.000000   10.000000   clock core_clock (rise edge)
                                  0.000000   10.000000   clock source latency
     1    0.014766    0.000000    0.000000   10.000000 ^ clk (in)
                                                         clk (net)
                      0.000828    0.000414   10.000414 ^ clkbuf_0_clk/A (sky130_fd_sc_hd__clkbuf_16)
     8    0.082920    0.152432    0.264955   10.265369 ^ clkbuf_0_clk/X (sky130_fd_sc_hd__clkbuf_16)
                                                         clknet_0_clk (net)
                      0.152635    0.003344   10.268713 ^ clkbuf_3_6__f_clk/A (sky130_fd_sc_hd__clkbuf_16)
     8    0.026630    0.075859    0.268811   10.537524 ^ clkbuf_3_6__f_clk/X (sky130_fd_sc_hd__clkbuf_16)
                                                         clknet_3_6__leaf_clk (net)
                      0.075862    0.000520   10.538045 ^ dsa[12]._8_/CLK (sky130_fd_sc_hd__dfrtp_1)
                                  0.000000   10.538045   clock reconvergence pessimism
                                 -0.270343   10.267702   library setup time
                                             10.267702   data required time
---------------------------------------------------------------------------------------------
                                             10.267702   data required time
                                             -1.956793   data arrival time
---------------------------------------------------------------------------------------------
                                              8.310907   slack (MET)


Startpoint: dsa[9]._8_ (rising edge-triggered flip-flop clocked by core_clock)
Endpoint: dsa[9]._8_ (rising edge-triggered flip-flop clocked by core_clock)
Path Group: core_clock
Path Type: max

Fanout         Cap        Slew       Delay        Time   Description
---------------------------------------------------------------------------------------------
                                  0.000000    0.000000   clock core_clock (rise edge)
                                  0.000000    0.000000   clock source latency
     1    0.014766    0.000000    0.000000    0.000000 ^ clk (in)
                                                         clk (net)
                      0.000828    0.000414    0.000414 ^ clkbuf_0_clk/A (sky130_fd_sc_hd__clkbuf_16)
     8    0.082920    0.152432    0.264955    0.265369 ^ clkbuf_0_clk/X (sky130_fd_sc_hd__clkbuf_16)
                                                         clknet_0_clk (net)
                      0.152635    0.003344    0.268713 ^ clkbuf_3_6__f_clk/A (sky130_fd_sc_hd__clkbuf_16)
     8    0.026630    0.075859    0.268810    0.537524 ^ clkbuf_3_6__f_clk/X (sky130_fd_sc_hd__clkbuf_16)
                                                         clknet_3_6__leaf_clk (net)
                      0.075864    0.000613    0.538136 ^ dsa[9]._8_/CLK (sky130_fd_sc_hd__dfrtp_1)
     2    0.005457    0.098941    0.764076    1.302212 v dsa[9]._8_/Q (sky130_fd_sc_hd__dfrtp_1)
                                                         dsa[9].last_carry (net)
                      0.098941    0.000124    1.302337 v dsa[9]._4_/B1 (sky130_fd_sc_hd__a21o_1)
     2    0.005617    0.082261    0.312327    1.614664 v dsa[9]._4_/X (sky130_fd_sc_hd__a21o_1)
                                                         dsa[9]._1_ (net)
                      0.082261    0.000140    1.614804 v dsa[9]._7_/A2 (sky130_fd_sc_hd__a21bo_1)
     1    0.002759    0.061534    0.339758    1.954562 v dsa[9]._7_/X (sky130_fd_sc_hd__a21bo_1)
                                                         dsa[9].last_carry_next (net)
                      0.061534    0.000061    1.954623 v dsa[9]._8_/D (sky130_fd_sc_hd__dfrtp_1)
                                              1.954623   data arrival time

                                 10.000000   10.000000   clock core_clock (rise edge)
                                  0.000000   10.000000   clock source latency
     1    0.014766    0.000000    0.000000   10.000000 ^ clk (in)
                                                         clk (net)
                      0.000828    0.000414   10.000414 ^ clkbuf_0_clk/A (sky130_fd_sc_hd__clkbuf_16)
     8    0.082920    0.152432    0.264955   10.265369 ^ clkbuf_0_clk/X (sky130_fd_sc_hd__clkbuf_16)
                                                         clknet_0_clk (net)
                      0.152635    0.003344   10.268713 ^ clkbuf_3_6__f_clk/A (sky130_fd_sc_hd__clkbuf_16)
     8    0.026630    0.075859    0.268811   10.537524 ^ clkbuf_3_6__f_clk/X (sky130_fd_sc_hd__clkbuf_16)
                                                         clknet_3_6__leaf_clk (net)
                      0.075864    0.000612   10.538136 ^ dsa[9]._8_/CLK (sky130_fd_sc_hd__dfrtp_1)
                                  0.000000   10.538136   clock reconvergence pessimism
                                 -0.271471   10.266665   library setup time
                                             10.266665   data required time
---------------------------------------------------------------------------------------------
                                             10.266665   data required time
                                             -1.954623   data arrival time
---------------------------------------------------------------------------------------------
                                              8.312042   slack (MET)


Startpoint: dsa[31]._8_ (rising edge-triggered flip-flop clocked by core_clock)
Endpoint: dsa[31]._8_ (rising edge-triggered flip-flop clocked by core_clock)
Path Group: core_clock
Path Type: max

Fanout         Cap        Slew       Delay        Time   Description
---------------------------------------------------------------------------------------------
                                  0.000000    0.000000   clock core_clock (rise edge)
                                  0.000000    0.000000   clock source latency
     1    0.014766    0.000000    0.000000    0.000000 ^ clk (in)
                                                         clk (net)
                      0.000828    0.000414    0.000414 ^ clkbuf_0_clk/A (sky130_fd_sc_hd__clkbuf_16)
     8    0.082920    0.152432    0.264955    0.265369 ^ clkbuf_0_clk/X (sky130_fd_sc_hd__clkbuf_16)
                                                         clknet_0_clk (net)
                      0.152848    0.005603    0.270972 ^ clkbuf_3_0__f_clk/A (sky130_fd_sc_hd__clkbuf_16)
    10    0.031708    0.082731    0.276028    0.547000 ^ clkbuf_3_0__f_clk/X (sky130_fd_sc_hd__clkbuf_16)
                                                         clknet_3_0__leaf_clk (net)
                      0.082741    0.000910    0.547911 ^ dsa[31]._8_/CLK (sky130_fd_sc_hd__dfrtp_1)
     2    0.005436    0.098777    0.767082    1.314993 v dsa[31]._8_/Q (sky130_fd_sc_hd__dfrtp_1)
                                                         dsa[31].last_carry (net)
                      0.098777    0.000117    1.315110 v dsa[31]._4_/B1 (sky130_fd_sc_hd__a21o_1)
     2    0.005894    0.084309    0.314390    1.629500 v dsa[31]._4_/X (sky130_fd_sc_hd__a21o_1)
                                                         dsa[31]._1_ (net)
                      0.084309    0.000162    1.629663 v dsa[31]._7_/A2 (sky130_fd_sc_hd__a21bo_1)
     1    0.002299    0.057864    0.335533    1.965196 v dsa[31]._7_/X (sky130_fd_sc_hd__a21bo_1)
                                                         dsa[31].last_carry_next (net)
                      0.057864    0.000065    1.965261 v dsa[31]._8_/D (sky130_fd_sc_hd__dfrtp_1)
                                              1.965261   data arrival time

                                 10.000000   10.000000   clock core_clock (rise edge)
                                  0.000000   10.000000   clock source latency
     1    0.014766    0.000000    0.000000   10.000000 ^ clk (in)
                                                         clk (net)
                      0.000828    0.000414   10.000414 ^ clkbuf_0_clk/A (sky130_fd_sc_hd__clkbuf_16)
     8    0.082920    0.152432    0.264955   10.265369 ^ clkbuf_0_clk/X (sky130_fd_sc_hd__clkbuf_16)
                                                         clknet_0_clk (net)
                      0.152848    0.005604   10.270973 ^ clkbuf_3_0__f_clk/A (sky130_fd_sc_hd__clkbuf_16)
    10    0.031708    0.082731    0.276027   10.547000 ^ clkbuf_3_0__f_clk/X (sky130_fd_sc_hd__clkbuf_16)
                                                         clknet_3_0__leaf_clk (net)
                      0.082741    0.000911   10.547912 ^ dsa[31]._8_/CLK (sky130_fd_sc_hd__dfrtp_1)
                                  0.000000   10.547912   clock reconvergence pessimism
                                 -0.268109   10.279802   library setup time
                                             10.279802   data required time
---------------------------------------------------------------------------------------------
                                             10.279802   data required time
                                             -1.965261   data arrival time
---------------------------------------------------------------------------------------------
                                              8.314541   slack (MET)


Startpoint: dsa[13]._8_ (rising edge-triggered flip-flop clocked by core_clock)
Endpoint: dsa[13]._8_ (rising edge-triggered flip-flop clocked by core_clock)
Path Group: core_clock
Path Type: max

Fanout         Cap        Slew       Delay        Time   Description
---------------------------------------------------------------------------------------------
                                  0.000000    0.000000   clock core_clock (rise edge)
                                  0.000000    0.000000   clock source latency
     1    0.014766    0.000000    0.000000    0.000000 ^ clk (in)
                                                         clk (net)
                      0.000828    0.000414    0.000414 ^ clkbuf_0_clk/A (sky130_fd_sc_hd__clkbuf_16)
     8    0.082920    0.152432    0.264955    0.265369 ^ clkbuf_0_clk/X (sky130_fd_sc_hd__clkbuf_16)
                                                         clknet_0_clk (net)
                      0.152577    0.002367    0.267736 ^ clkbuf_3_3__f_clk/A (sky130_fd_sc_hd__clkbuf_16)
     9    0.026566    0.075778    0.268666    0.536402 ^ clkbuf_3_3__f_clk/X (sky130_fd_sc_hd__clkbuf_16)
                                                         clknet_3_3__leaf_clk (net)
                      0.075783    0.000651    0.537053 ^ dsa[13]._8_/CLK (sky130_fd_sc_hd__dfrtp_1)
     2    0.005553    0.099697    0.764939    1.301992 v dsa[13]._8_/Q (sky130_fd_sc_hd__dfrtp_1)
                                                         dsa[13].last_carry (net)
                      0.099697    0.000081    1.302074 v dsa[13]._4_/B1 (sky130_fd_sc_hd__a21o_1)
     2    0.005469    0.081177    0.311493    1.613567 v dsa[13]._4_/X (sky130_fd_sc_hd__a21o_1)
                                                         dsa[13]._1_ (net)
                      0.081177    0.000144    1.613711 v dsa[13]._7_/A2 (sky130_fd_sc_hd__a21bo_1)
     1    0.002569    0.059995    0.337226    1.950938 v dsa[13]._7_/X (sky130_fd_sc_hd__a21bo_1)
                                                         dsa[13].last_carry_next (net)
                      0.059995    0.000073    1.951010 v dsa[13]._8_/D (sky130_fd_sc_hd__dfrtp_1)
                                              1.951010   data arrival time

                                 10.000000   10.000000   clock core_clock (rise edge)
                                  0.000000   10.000000   clock source latency
     1    0.014766    0.000000    0.000000   10.000000 ^ clk (in)
                                                         clk (net)
                      0.000828    0.000414   10.000414 ^ clkbuf_0_clk/A (sky130_fd_sc_hd__clkbuf_16)
     8    0.082920    0.152432    0.264955   10.265369 ^ clkbuf_0_clk/X (sky130_fd_sc_hd__clkbuf_16)
                                                         clknet_0_clk (net)
                      0.152577    0.002367   10.267736 ^ clkbuf_3_3__f_clk/A (sky130_fd_sc_hd__clkbuf_16)
     9    0.026566    0.075778    0.268665   10.536402 ^ clkbuf_3_3__f_clk/X (sky130_fd_sc_hd__clkbuf_16)
                                                         clknet_3_3__leaf_clk (net)
                      0.075783    0.000652   10.537053 ^ dsa[13]._8_/CLK (sky130_fd_sc_hd__dfrtp_1)
                                  0.000000   10.537053   clock reconvergence pessimism
                                 -0.270851   10.266202   library setup time
                                             10.266202   data required time
---------------------------------------------------------------------------------------------
                                             10.266202   data required time
                                             -1.951010   data arrival time
---------------------------------------------------------------------------------------------
                                              8.315192   slack (MET)


Startpoint: dsa[24]._8_ (rising edge-triggered flip-flop clocked by core_clock)
Endpoint: dsa[24]._8_ (rising edge-triggered flip-flop clocked by core_clock)
Path Group: core_clock
Path Type: max

Fanout         Cap        Slew       Delay        Time   Description
---------------------------------------------------------------------------------------------
                                  0.000000    0.000000   clock core_clock (rise edge)
                                  0.000000    0.000000   clock source latency
     1    0.014766    0.000000    0.000000    0.000000 ^ clk (in)
                                                         clk (net)
                      0.000828    0.000414    0.000414 ^ clkbuf_0_clk/A (sky130_fd_sc_hd__clkbuf_16)
     8    0.082920    0.152432    0.264955    0.265369 ^ clkbuf_0_clk/X (sky130_fd_sc_hd__clkbuf_16)
                                                         clknet_0_clk (net)
                      0.152585    0.002534    0.267903 ^ clkbuf_3_2__f_clk/A (sky130_fd_sc_hd__clkbuf_16)
    10    0.030659    0.081295    0.274394    0.542297 ^ clkbuf_3_2__f_clk/X (sky130_fd_sc_hd__clkbuf_16)
                                                         clknet_3_2__leaf_clk (net)
                      0.081303    0.000809    0.543106 ^ dsa[24]._8_/CLK (sky130_fd_sc_hd__dfrtp_1)
     2    0.005206    0.096980    0.764301    1.307407 v dsa[24]._8_/Q (sky130_fd_sc_hd__dfrtp_1)
                                                         dsa[24].last_carry (net)
                      0.096980    0.000132    1.307538 v dsa[24]._4_/B1 (sky130_fd_sc_hd__a21o_1)
     2    0.005710    0.082951    0.312250    1.619788 v dsa[24]._4_/X (sky130_fd_sc_hd__a21o_1)
                                                         dsa[24]._1_ (net)
                      0.082951    0.000157    1.619945 v dsa[24]._7_/A2 (sky130_fd_sc_hd__a21bo_1)
     1    0.002550    0.059843    0.337740    1.957686 v dsa[24]._7_/X (sky130_fd_sc_hd__a21bo_1)
                                                         dsa[24].last_carry_next (net)
                      0.059843    0.000071    1.957757 v dsa[24]._8_/D (sky130_fd_sc_hd__dfrtp_1)
                                              1.957757   data arrival time

                                 10.000000   10.000000   clock core_clock (rise edge)
                                  0.000000   10.000000   clock source latency
     1    0.014766    0.000000    0.000000   10.000000 ^ clk (in)
                                                         clk (net)
                      0.000828    0.000414   10.000414 ^ clkbuf_0_clk/A (sky130_fd_sc_hd__clkbuf_16)
     8    0.082920    0.152432    0.264955   10.265369 ^ clkbuf_0_clk/X (sky130_fd_sc_hd__clkbuf_16)
                                                         clknet_0_clk (net)
                      0.152585    0.002534   10.267903 ^ clkbuf_3_2__f_clk/A (sky130_fd_sc_hd__clkbuf_16)
    10    0.030659    0.081295    0.274394   10.542297 ^ clkbuf_3_2__f_clk/X (sky130_fd_sc_hd__clkbuf_16)
                                                         clknet_3_2__leaf_clk (net)
                      0.081303    0.000809   10.543106 ^ dsa[24]._8_/CLK (sky130_fd_sc_hd__dfrtp_1)
                                  0.000000   10.543106   clock reconvergence pessimism
                                 -0.269317   10.273789   library setup time
                                             10.273789   data required time
---------------------------------------------------------------------------------------------
                                             10.273789   data required time
                                             -1.957757   data arrival time
---------------------------------------------------------------------------------------------
                                              8.316032   slack (MET)


Startpoint: dsa[4]._8_ (rising edge-triggered flip-flop clocked by core_clock)
Endpoint: dsa[4]._8_ (rising edge-triggered flip-flop clocked by core_clock)
Path Group: core_clock
Path Type: max

Fanout         Cap        Slew       Delay        Time   Description
---------------------------------------------------------------------------------------------
                                  0.000000    0.000000   clock core_clock (rise edge)
                                  0.000000    0.000000   clock source latency
     1    0.014766    0.000000    0.000000    0.000000 ^ clk (in)
                                                         clk (net)
                      0.000828    0.000414    0.000414 ^ clkbuf_0_clk/A (sky130_fd_sc_hd__clkbuf_16)
     8    0.082920    0.152432    0.264955    0.265369 ^ clkbuf_0_clk/X (sky130_fd_sc_hd__clkbuf_16)
                                                         clknet_0_clk (net)
                      0.152768    0.004883    0.270252 ^ clkbuf_3_5__f_clk/A (sky130_fd_sc_hd__clkbuf_16)
     8    0.028940    0.078948    0.272087    0.542339 ^ clkbuf_3_5__f_clk/X (sky130_fd_sc_hd__clkbuf_16)
                                                         clknet_3_5__leaf_clk (net)
                      0.078955    0.000759    0.543098 ^ dsa[4]._8_/CLK (sky130_fd_sc_hd__dfrtp_1)
     2    0.005454    0.098904    0.765507    1.308604 v dsa[4]._8_/Q (sky130_fd_sc_hd__dfrtp_1)
                                                         dsa[4].last_carry (net)
                      0.098904    0.000080    1.308684 v dsa[4]._4_/B1 (sky130_fd_sc_hd__a21o_1)
     2    0.005705    0.082909    0.312989    1.621673 v dsa[4]._4_/X (sky130_fd_sc_hd__a21o_1)
                                                         dsa[4]._1_ (net)
                      0.082909    0.000155    1.621827 v dsa[4]._7_/A2 (sky130_fd_sc_hd__a21bo_1)
     1    0.002365    0.058383    0.335683    1.957511 v dsa[4]._7_/X (sky130_fd_sc_hd__a21bo_1)
                                                         dsa[4].last_carry_next (net)
                      0.058383    0.000069    1.957579 v dsa[4]._8_/D (sky130_fd_sc_hd__dfrtp_1)
                                              1.957579   data arrival time

                                 10.000000   10.000000   clock core_clock (rise edge)
                                  0.000000   10.000000   clock source latency
     1    0.014766    0.000000    0.000000   10.000000 ^ clk (in)
                                                         clk (net)
                      0.000828    0.000414   10.000414 ^ clkbuf_0_clk/A (sky130_fd_sc_hd__clkbuf_16)
     8    0.082920    0.152432    0.264955   10.265369 ^ clkbuf_0_clk/X (sky130_fd_sc_hd__clkbuf_16)
                                                         clknet_0_clk (net)
                      0.152768    0.004883   10.270252 ^ clkbuf_3_5__f_clk/A (sky130_fd_sc_hd__clkbuf_16)
     8    0.028940    0.078948    0.272087   10.542339 ^ clkbuf_3_5__f_clk/X (sky130_fd_sc_hd__clkbuf_16)
                                                         clknet_3_5__leaf_clk (net)
                      0.078955    0.000759   10.543098 ^ dsa[4]._8_/CLK (sky130_fd_sc_hd__dfrtp_1)
                                  0.000000   10.543098   clock reconvergence pessimism
                                 -0.269334   10.273765   library setup time
                                             10.273765   data required time
---------------------------------------------------------------------------------------------
                                             10.273765   data required time
                                             -1.957579   data arrival time
---------------------------------------------------------------------------------------------
                                              8.316185   slack (MET)


Startpoint: dsa[7]._8_ (rising edge-triggered flip-flop clocked by core_clock)
Endpoint: dsa[7]._8_ (rising edge-triggered flip-flop clocked by core_clock)
Path Group: core_clock
Path Type: max

Fanout         Cap        Slew       Delay        Time   Description
---------------------------------------------------------------------------------------------
                                  0.000000    0.000000   clock core_clock (rise edge)
                                  0.000000    0.000000   clock source latency
     1    0.014766    0.000000    0.000000    0.000000 ^ clk (in)
                                                         clk (net)
                      0.000828    0.000414    0.000414 ^ clkbuf_0_clk/A (sky130_fd_sc_hd__clkbuf_16)
     8    0.082920    0.152432    0.264955    0.265369 ^ clkbuf_0_clk/X (sky130_fd_sc_hd__clkbuf_16)
                                                         clknet_0_clk (net)
                      0.152759    0.004798    0.270167 ^ clkbuf_3_4__f_clk/A (sky130_fd_sc_hd__clkbuf_16)
     9    0.022312    0.070306    0.262757    0.532924 ^ clkbuf_3_4__f_clk/X (sky130_fd_sc_hd__clkbuf_16)
                                                         clknet_3_4__leaf_clk (net)
                      0.070329    0.000463    0.533387 ^ dsa[7]._8_/CLK (sky130_fd_sc_hd__dfrtp_1)
     2    0.005239    0.097249    0.759479    1.292866 v dsa[7]._8_/Q (sky130_fd_sc_hd__dfrtp_1)
                                                         dsa[7].last_carry (net)
                      0.097249    0.000125    1.292991 v dsa[7]._4_/B1 (sky130_fd_sc_hd__a21o_1)
     2    0.005342    0.080246    0.309544    1.602535 v dsa[7]._4_/X (sky130_fd_sc_hd__a21o_1)
                                                         dsa[7]._1_ (net)
                      0.080246    0.000085    1.602620 v dsa[7]._7_/A2 (sky130_fd_sc_hd__a21bo_1)
     1    0.002416    0.058788    0.335161    1.937781 v dsa[7]._7_/X (sky130_fd_sc_hd__a21bo_1)
                                                         dsa[7].last_carry_next (net)
                      0.058788    0.000068    1.937848 v dsa[7]._8_/D (sky130_fd_sc_hd__dfrtp_1)
                                              1.937848   data arrival time

                                 10.000000   10.000000   clock core_clock (rise edge)
                                  0.000000   10.000000   clock source latency
     1    0.014766    0.000000    0.000000   10.000000 ^ clk (in)
                                                         clk (net)
                      0.000828    0.000414   10.000414 ^ clkbuf_0_clk/A (sky130_fd_sc_hd__clkbuf_16)
     8    0.082920    0.152432    0.264955   10.265369 ^ clkbuf_0_clk/X (sky130_fd_sc_hd__clkbuf_16)
                                                         clknet_0_clk (net)
                      0.152759    0.004798   10.270167 ^ clkbuf_3_4__f_clk/A (sky130_fd_sc_hd__clkbuf_16)
     9    0.022312    0.070306    0.262757   10.532924 ^ clkbuf_3_4__f_clk/X (sky130_fd_sc_hd__clkbuf_16)
                                                         clknet_3_4__leaf_clk (net)
                      0.070329    0.000464   10.533388 ^ dsa[7]._8_/CLK (sky130_fd_sc_hd__dfrtp_1)
                                  0.000000   10.533388   clock reconvergence pessimism
                                 -0.271801   10.261587   library setup time
                                             10.261587   data required time
---------------------------------------------------------------------------------------------
                                             10.261587   data required time
                                             -1.937848   data arrival time
---------------------------------------------------------------------------------------------
                                              8.323739   slack (MET)


Startpoint: dsa[21]._8_ (rising edge-triggered flip-flop clocked by core_clock)
Endpoint: dsa[21]._9_ (rising edge-triggered flip-flop clocked by core_clock)
Path Group: core_clock
Path Type: max

Fanout         Cap        Slew       Delay        Time   Description
---------------------------------------------------------------------------------------------
                                  0.000000    0.000000   clock core_clock (rise edge)
                                  0.000000    0.000000   clock source latency
     1    0.014766    0.000000    0.000000    0.000000 ^ clk (in)
                                                         clk (net)
                      0.000828    0.000414    0.000414 ^ clkbuf_0_clk/A (sky130_fd_sc_hd__clkbuf_16)
     8    0.082920    0.152432    0.264955    0.265369 ^ clkbuf_0_clk/X (sky130_fd_sc_hd__clkbuf_16)
                                                         clknet_0_clk (net)
                      0.152848    0.005603    0.270972 ^ clkbuf_3_0__f_clk/A (sky130_fd_sc_hd__clkbuf_16)
    10    0.031708    0.082731    0.276028    0.547000 ^ clkbuf_3_0__f_clk/X (sky130_fd_sc_hd__clkbuf_16)
                                                         clknet_3_0__leaf_clk (net)
                      0.082733    0.000539    0.547539 ^ dsa[21]._8_/CLK (sky130_fd_sc_hd__dfrtp_1)
     2    0.005319    0.097849    0.766002    1.313541 v dsa[21]._8_/Q (sky130_fd_sc_hd__dfrtp_1)
                                                         dsa[21].last_carry (net)
                      0.097849    0.000115    1.313655 v dsa[21]._4_/B1 (sky130_fd_sc_hd__a21o_1)
     2    0.005879    0.084201    0.313903    1.627558 v dsa[21]._4_/X (sky130_fd_sc_hd__a21o_1)
                                                         dsa[21]._1_ (net)
                      0.084201    0.000163    1.627721 v dsa[21]._5_/B (sky130_fd_sc_hd__nand2_1)
     1    0.005517    0.108591    0.133796    1.761516 ^ dsa[21]._5_/Y (sky130_fd_sc_hd__nand2_1)
                                                         dsa[21]._2_ (net)
                      0.108591    0.000171    1.761687 ^ dsa[21]._6_/B (sky130_fd_sc_hd__xnor2_1)
     1    0.003930    0.107162    0.144797    1.906484 v dsa[21]._6_/Y (sky130_fd_sc_hd__xnor2_1)
                                                         dsa[21].y_out_next (net)
                      0.107162    0.000134    1.906618 v dsa[21]._9_/D (sky130_fd_sc_hd__dfrtp_1)
                                              1.906618   data arrival time

                                 10.000000   10.000000   clock core_clock (rise edge)
                                  0.000000   10.000000   clock source latency
     1    0.014766    0.000000    0.000000   10.000000 ^ clk (in)
                                                         clk (net)
                      0.000828    0.000414   10.000414 ^ clkbuf_0_clk/A (sky130_fd_sc_hd__clkbuf_16)
     8    0.082920    0.152432    0.264955   10.265369 ^ clkbuf_0_clk/X (sky130_fd_sc_hd__clkbuf_16)
                                                         clknet_0_clk (net)
                      0.152577    0.002367   10.267736 ^ clkbuf_3_3__f_clk/A (sky130_fd_sc_hd__clkbuf_16)
     9    0.026566    0.075778    0.268665   10.536402 ^ clkbuf_3_3__f_clk/X (sky130_fd_sc_hd__clkbuf_16)
                                                         clknet_3_3__leaf_clk (net)
                      0.075780    0.000461   10.536862 ^ dsa[21]._9_/CLK (sky130_fd_sc_hd__dfrtp_1)
                                  0.000000   10.536862   clock reconvergence pessimism
                                 -0.290521   10.246341   library setup time
                                             10.246341   data required time
---------------------------------------------------------------------------------------------
                                             10.246341   data required time
                                             -1.906618   data arrival time
---------------------------------------------------------------------------------------------
                                              8.339723   slack (MET)


Startpoint: dsa[30]._8_ (rising edge-triggered flip-flop clocked by core_clock)
Endpoint: dsa[30]._9_ (rising edge-triggered flip-flop clocked by core_clock)
Path Group: core_clock
Path Type: max

Fanout         Cap        Slew       Delay        Time   Description
---------------------------------------------------------------------------------------------
                                  0.000000    0.000000   clock core_clock (rise edge)
                                  0.000000    0.000000   clock source latency
     1    0.014766    0.000000    0.000000    0.000000 ^ clk (in)
                                                         clk (net)
                      0.000828    0.000414    0.000414 ^ clkbuf_0_clk/A (sky130_fd_sc_hd__clkbuf_16)
     8    0.082920    0.152432    0.264955    0.265369 ^ clkbuf_0_clk/X (sky130_fd_sc_hd__clkbuf_16)
                                                         clknet_0_clk (net)
                      0.152848    0.005603    0.270972 ^ clkbuf_3_0__f_clk/A (sky130_fd_sc_hd__clkbuf_16)
    10    0.031708    0.082731    0.276028    0.547000 ^ clkbuf_3_0__f_clk/X (sky130_fd_sc_hd__clkbuf_16)
                                                         clknet_3_0__leaf_clk (net)
                      0.082742    0.000934    0.547934 ^ dsa[30]._8_/CLK (sky130_fd_sc_hd__dfrtp_1)
     2    0.006339    0.106016    0.775367    1.323302 v dsa[30]._8_/Q (sky130_fd_sc_hd__dfrtp_1)
                                                         dsa[30].last_carry (net)
                      0.106016    0.000178    1.323480 v dsa[30]._4_/B1 (sky130_fd_sc_hd__a21o_1)
     2    0.005597    0.082102    0.315052    1.638532 v dsa[30]._4_/X (sky130_fd_sc_hd__a21o_1)
                                                         dsa[30]._1_ (net)
                      0.082102    0.000105    1.638636 v dsa[30]._5_/B (sky130_fd_sc_hd__nand2_1)
     1    0.004868    0.099778    0.126339    1.764975 ^ dsa[30]._5_/Y (sky130_fd_sc_hd__nand2_1)
                                                         dsa[30]._2_ (net)
                      0.099778    0.000101    1.765076 ^ dsa[30]._6_/B (sky130_fd_sc_hd__xnor2_1)
     1    0.003476    0.100712    0.136168    1.901244 v dsa[30]._6_/Y (sky130_fd_sc_hd__xnor2_1)
                                                         dsa[30].y_out_next (net)
                      0.100712    0.000105    1.901348 v dsa[30]._9_/D (sky130_fd_sc_hd__dfrtp_1)
                                              1.901348   data arrival time

                                 10.000000   10.000000   clock core_clock (rise edge)
                                  0.000000   10.000000   clock source latency
     1    0.014766    0.000000    0.000000   10.000000 ^ clk (in)
                                                         clk (net)
                      0.000828    0.000414   10.000414 ^ clkbuf_0_clk/A (sky130_fd_sc_hd__clkbuf_16)
     8    0.082920    0.152432    0.264955   10.265369 ^ clkbuf_0_clk/X (sky130_fd_sc_hd__clkbuf_16)
                                                         clknet_0_clk (net)
                      0.152841    0.005549   10.270919 ^ clkbuf_3_1__f_clk/A (sky130_fd_sc_hd__clkbuf_16)
     7    0.024156    0.072633    0.265409   10.536327 ^ clkbuf_3_1__f_clk/X (sky130_fd_sc_hd__clkbuf_16)
                                                         clknet_3_1__leaf_clk (net)
                      0.072644    0.000457   10.536784 ^ dsa[30]._9_/CLK (sky130_fd_sc_hd__dfrtp_1)
                                  0.000000   10.536784   clock reconvergence pessimism
                                 -0.288668   10.248116   library setup time
                                             10.248116   data required time
---------------------------------------------------------------------------------------------
                                             10.248116   data required time
                                             -1.901348   data arrival time
---------------------------------------------------------------------------------------------
                                              8.346768   slack (MET)


Startpoint: dsa[31]._8_ (rising edge-triggered flip-flop clocked by core_clock)
Endpoint: dsa[31]._9_ (rising edge-triggered flip-flop clocked by core_clock)
Path Group: core_clock
Path Type: max

Fanout         Cap        Slew       Delay        Time   Description
---------------------------------------------------------------------------------------------
                                  0.000000    0.000000   clock core_clock (rise edge)
                                  0.000000    0.000000   clock source latency
     1    0.014766    0.000000    0.000000    0.000000 ^ clk (in)
                                                         clk (net)
                      0.000828    0.000414    0.000414 ^ clkbuf_0_clk/A (sky130_fd_sc_hd__clkbuf_16)
     8    0.082920    0.152432    0.264955    0.265369 ^ clkbuf_0_clk/X (sky130_fd_sc_hd__clkbuf_16)
                                                         clknet_0_clk (net)
                      0.152848    0.005603    0.270972 ^ clkbuf_3_0__f_clk/A (sky130_fd_sc_hd__clkbuf_16)
    10    0.031708    0.082731    0.276028    0.547000 ^ clkbuf_3_0__f_clk/X (sky130_fd_sc_hd__clkbuf_16)
                                                         clknet_3_0__leaf_clk (net)
                      0.082741    0.000910    0.547911 ^ dsa[31]._8_/CLK (sky130_fd_sc_hd__dfrtp_1)
     2    0.005436    0.098777    0.767082    1.314993 v dsa[31]._8_/Q (sky130_fd_sc_hd__dfrtp_1)
                                                         dsa[31].last_carry (net)
                      0.098777    0.000117    1.315110 v dsa[31]._4_/B1 (sky130_fd_sc_hd__a21o_1)
     2    0.005894    0.084309    0.314390    1.629500 v dsa[31]._4_/X (sky130_fd_sc_hd__a21o_1)
                                                         dsa[31]._1_ (net)
                      0.084309    0.000142    1.629643 v dsa[31]._5_/B (sky130_fd_sc_hd__nand2_1)
     1    0.004991    0.100030    0.128602    1.758245 ^ dsa[31]._5_/Y (sky130_fd_sc_hd__nand2_1)
                                                         dsa[31]._2_ (net)
                      0.100030    0.000149    1.758394 ^ dsa[31]._6_/B (sky130_fd_sc_hd__xnor2_1)
     1    0.004394    0.113726    0.146946    1.905339 v dsa[31]._6_/Y (sky130_fd_sc_hd__xnor2_1)
                                                         dsa[31].y_out_next (net)
                      0.113726    0.000145    1.905484 v dsa[31]._9_/D (sky130_fd_sc_hd__dfrtp_1)
                                              1.905484   data arrival time

                                 10.000000   10.000000   clock core_clock (rise edge)
                                  0.000000   10.000000   clock source latency
     1    0.014766    0.000000    0.000000   10.000000 ^ clk (in)
                                                         clk (net)
                      0.000828    0.000414   10.000414 ^ clkbuf_0_clk/A (sky130_fd_sc_hd__clkbuf_16)
     8    0.082920    0.152432    0.264955   10.265369 ^ clkbuf_0_clk/X (sky130_fd_sc_hd__clkbuf_16)
                                                         clknet_0_clk (net)
                      0.152848    0.005604   10.270973 ^ clkbuf_3_0__f_clk/A (sky130_fd_sc_hd__clkbuf_16)
    10    0.031708    0.082731    0.276027   10.547000 ^ clkbuf_3_0__f_clk/X (sky130_fd_sc_hd__clkbuf_16)
                                                         clknet_3_0__leaf_clk (net)
                      0.082737    0.000758   10.547758 ^ dsa[31]._9_/CLK (sky130_fd_sc_hd__dfrtp_1)
                                  0.000000   10.547758   clock reconvergence pessimism
                                 -0.291402   10.256356   library setup time
                                             10.256356   data required time
---------------------------------------------------------------------------------------------
                                             10.256356   data required time
                                             -1.905484   data arrival time
---------------------------------------------------------------------------------------------
                                              8.350871   slack (MET)


Startpoint: dsa[19]._8_ (rising edge-triggered flip-flop clocked by core_clock)
Endpoint: dsa[19]._9_ (rising edge-triggered flip-flop clocked by core_clock)
Path Group: core_clock
Path Type: max

Fanout         Cap        Slew       Delay        Time   Description
---------------------------------------------------------------------------------------------
                                  0.000000    0.000000   clock core_clock (rise edge)
                                  0.000000    0.000000   clock source latency
     1    0.014766    0.000000    0.000000    0.000000 ^ clk (in)
                                                         clk (net)
                      0.000828    0.000414    0.000414 ^ clkbuf_0_clk/A (sky130_fd_sc_hd__clkbuf_16)
     8    0.082920    0.152432    0.264955    0.265369 ^ clkbuf_0_clk/X (sky130_fd_sc_hd__clkbuf_16)
                                                         clknet_0_clk (net)
                      0.152848    0.005603    0.270972 ^ clkbuf_3_0__f_clk/A (sky130_fd_sc_hd__clkbuf_16)
    10    0.031708    0.082731    0.276028    0.547000 ^ clkbuf_3_0__f_clk/X (sky130_fd_sc_hd__clkbuf_16)
                                                         clknet_3_0__leaf_clk (net)
                      0.082738    0.000812    0.547812 ^ dsa[19]._8_/CLK (sky130_fd_sc_hd__dfrtp_1)
     2    0.006140    0.104388    0.773551    1.321363 v dsa[19]._8_/Q (sky130_fd_sc_hd__dfrtp_1)
                                                         dsa[19].last_carry (net)
                      0.104388    0.000149    1.321512 v dsa[19]._4_/B1 (sky130_fd_sc_hd__a21o_1)
     2    0.005517    0.081517    0.313777    1.635288 v dsa[19]._4_/X (sky130_fd_sc_hd__a21o_1)
                                                         dsa[19]._1_ (net)
                      0.081517    0.000079    1.635368 v dsa[19]._5_/B (sky130_fd_sc_hd__nand2_1)
     1    0.005737    0.109620    0.134708    1.770075 ^ dsa[19]._5_/Y (sky130_fd_sc_hd__nand2_1)
                                                         dsa[19]._2_ (net)
                      0.109620    0.000189    1.770265 ^ dsa[19]._6_/B (sky130_fd_sc_hd__xnor2_1)
     1    0.003332    0.098697    0.138230    1.908495 v dsa[19]._6_/Y (sky130_fd_sc_hd__xnor2_1)
                                                         dsa[19].y_out_next (net)
                      0.098697    0.000071    1.908566 v dsa[19]._9_/D (sky130_fd_sc_hd__dfrtp_1)
                                              1.908566   data arrival time

                                 10.000000   10.000000   clock core_clock (rise edge)
                                  0.000000   10.000000   clock source latency
     1    0.014766    0.000000    0.000000   10.000000 ^ clk (in)
                                                         clk (net)
                      0.000828    0.000414   10.000414 ^ clkbuf_0_clk/A (sky130_fd_sc_hd__clkbuf_16)
     8    0.082920    0.152432    0.264955   10.265369 ^ clkbuf_0_clk/X (sky130_fd_sc_hd__clkbuf_16)
                                                         clknet_0_clk (net)
                      0.152848    0.005604   10.270973 ^ clkbuf_3_0__f_clk/A (sky130_fd_sc_hd__clkbuf_16)
    10    0.031708    0.082731    0.276027   10.547000 ^ clkbuf_3_0__f_clk/X (sky130_fd_sc_hd__clkbuf_16)
                                                         clknet_3_0__leaf_clk (net)
                      0.082738    0.000800   10.547800 ^ dsa[19]._9_/CLK (sky130_fd_sc_hd__dfrtp_1)
                                  0.000000   10.547800   clock reconvergence pessimism
                                 -0.285135   10.262665   library setup time
                                             10.262665   data required time
---------------------------------------------------------------------------------------------
                                             10.262665   data required time
                                             -1.908566   data arrival time
---------------------------------------------------------------------------------------------
                                              8.354099   slack (MET)


Startpoint: dsa[22]._8_ (rising edge-triggered flip-flop clocked by core_clock)
Endpoint: dsa[22]._9_ (rising edge-triggered flip-flop clocked by core_clock)
Path Group: core_clock
Path Type: max

Fanout         Cap        Slew       Delay        Time   Description
---------------------------------------------------------------------------------------------
                                  0.000000    0.000000   clock core_clock (rise edge)
                                  0.000000    0.000000   clock source latency
     1    0.014766    0.000000    0.000000    0.000000 ^ clk (in)
                                                         clk (net)
                      0.000828    0.000414    0.000414 ^ clkbuf_0_clk/A (sky130_fd_sc_hd__clkbuf_16)
     8    0.082920    0.152432    0.264955    0.265369 ^ clkbuf_0_clk/X (sky130_fd_sc_hd__clkbuf_16)
                                                         clknet_0_clk (net)
                      0.152585    0.002534    0.267903 ^ clkbuf_3_2__f_clk/A (sky130_fd_sc_hd__clkbuf_16)
    10    0.030659    0.081295    0.274394    0.542297 ^ clkbuf_3_2__f_clk/X (sky130_fd_sc_hd__clkbuf_16)
                                                         clknet_3_2__leaf_clk (net)
                      0.081297    0.000490    0.542786 ^ dsa[22]._8_/CLK (sky130_fd_sc_hd__dfrtp_1)
     2    0.005968    0.102982    0.771316    1.314102 v dsa[22]._8_/Q (sky130_fd_sc_hd__dfrtp_1)
                                                         dsa[22].last_carry (net)
                      0.102982    0.000118    1.314221 v dsa[22]._4_/B1 (sky130_fd_sc_hd__a21o_1)
     2    0.005659    0.082564    0.314305    1.628526 v dsa[22]._4_/X (sky130_fd_sc_hd__a21o_1)
                                                         dsa[22]._1_ (net)
                      0.082564    0.000078    1.628604 v dsa[22]._5_/B (sky130_fd_sc_hd__nand2_1)
     1    0.004759    0.097891    0.125453    1.754057 ^ dsa[22]._5_/Y (sky130_fd_sc_hd__nand2_1)
                                                         dsa[22]._2_ (net)
                      0.097891    0.000137    1.754194 ^ dsa[22]._6_/B (sky130_fd_sc_hd__xnor2_1)
     1    0.003497    0.101009    0.135693    1.889887 v dsa[22]._6_/Y (sky130_fd_sc_hd__xnor2_1)
                                                         dsa[22].y_out_next (net)
                      0.101009    0.000113    1.890000 v dsa[22]._9_/D (sky130_fd_sc_hd__dfrtp_1)
                                              1.890000   data arrival time

                                 10.000000   10.000000   clock core_clock (rise edge)
                                  0.000000   10.000000   clock source latency
     1    0.014766    0.000000    0.000000   10.000000 ^ clk (in)
                                                         clk (net)
                      0.000828    0.000414   10.000414 ^ clkbuf_0_clk/A (sky130_fd_sc_hd__clkbuf_16)
     8    0.082920    0.152432    0.264955   10.265369 ^ clkbuf_0_clk/X (sky130_fd_sc_hd__clkbuf_16)
                                                         clknet_0_clk (net)
                      0.152577    0.002367   10.267736 ^ clkbuf_3_3__f_clk/A (sky130_fd_sc_hd__clkbuf_16)
     9    0.026566    0.075778    0.268665   10.536402 ^ clkbuf_3_3__f_clk/X (sky130_fd_sc_hd__clkbuf_16)
                                                         clknet_3_3__leaf_clk (net)
                      0.075781    0.000533   10.536934 ^ dsa[22]._9_/CLK (sky130_fd_sc_hd__dfrtp_1)
                                  0.000000   10.536934   clock reconvergence pessimism
                                 -0.287955   10.248979   library setup time
                                             10.248979   data required time
---------------------------------------------------------------------------------------------
                                             10.248979   data required time
                                             -1.890000   data arrival time
---------------------------------------------------------------------------------------------
                                              8.358978   slack (MET)


Startpoint: dsa[18]._8_ (rising edge-triggered flip-flop clocked by core_clock)
Endpoint: dsa[18]._9_ (rising edge-triggered flip-flop clocked by core_clock)
Path Group: core_clock
Path Type: max

Fanout         Cap        Slew       Delay        Time   Description
---------------------------------------------------------------------------------------------
                                  0.000000    0.000000   clock core_clock (rise edge)
                                  0.000000    0.000000   clock source latency
     1    0.014766    0.000000    0.000000    0.000000 ^ clk (in)
                                                         clk (net)
                      0.000828    0.000414    0.000414 ^ clkbuf_0_clk/A (sky130_fd_sc_hd__clkbuf_16)
     8    0.082920    0.152432    0.264955    0.265369 ^ clkbuf_0_clk/X (sky130_fd_sc_hd__clkbuf_16)
                                                         clknet_0_clk (net)
                      0.152841    0.005549    0.270918 ^ clkbuf_3_1__f_clk/A (sky130_fd_sc_hd__clkbuf_16)
     7    0.024156    0.072633    0.265409    0.536327 ^ clkbuf_3_1__f_clk/X (sky130_fd_sc_hd__clkbuf_16)
                                                         clknet_3_1__leaf_clk (net)
                      0.072638    0.000288    0.536615 ^ dsa[18]._8_/CLK (sky130_fd_sc_hd__dfrtp_1)
     2    0.005414    0.098613    0.762186    1.298801 v dsa[18]._8_/Q (sky130_fd_sc_hd__dfrtp_1)
                                                         dsa[18].last_carry (net)
                      0.098613    0.000110    1.298912 v dsa[18]._4_/B1 (sky130_fd_sc_hd__a21o_1)
     2    0.005973    0.084903    0.314938    1.613849 v dsa[18]._4_/X (sky130_fd_sc_hd__a21o_1)
                                                         dsa[18]._1_ (net)
                      0.084903    0.000154    1.614004 v dsa[18]._5_/B (sky130_fd_sc_hd__nand2_1)
     1    0.005674    0.108739    0.135685    1.749689 ^ dsa[18]._5_/Y (sky130_fd_sc_hd__nand2_1)
                                                         dsa[18]._2_ (net)
                      0.108739    0.000185    1.749874 ^ dsa[18]._6_/B (sky130_fd_sc_hd__xnor2_1)
     1    0.003174    0.096451    0.135924    1.885798 v dsa[18]._6_/Y (sky130_fd_sc_hd__xnor2_1)
                                                         dsa[18].y_out_next (net)
                      0.096451    0.000089    1.885887 v dsa[18]._9_/D (sky130_fd_sc_hd__dfrtp_1)
                                              1.885887   data arrival time

                                 10.000000   10.000000   clock core_clock (rise edge)
                                  0.000000   10.000000   clock source latency
     1    0.014766    0.000000    0.000000   10.000000 ^ clk (in)
                                                         clk (net)
                      0.000828    0.000414   10.000414 ^ clkbuf_0_clk/A (sky130_fd_sc_hd__clkbuf_16)
     8    0.082920    0.152432    0.264955   10.265369 ^ clkbuf_0_clk/X (sky130_fd_sc_hd__clkbuf_16)
                                                         clknet_0_clk (net)
                      0.152759    0.004798   10.270167 ^ clkbuf_3_4__f_clk/A (sky130_fd_sc_hd__clkbuf_16)
     9    0.022312    0.070306    0.262757   10.532924 ^ clkbuf_3_4__f_clk/X (sky130_fd_sc_hd__clkbuf_16)
                                                         clknet_3_4__leaf_clk (net)
                      0.070329    0.000458   10.533382 ^ dsa[18]._9_/CLK (sky130_fd_sc_hd__dfrtp_1)
                                  0.000000   10.533382   clock reconvergence pessimism
                                 -0.287508   10.245874   library setup time
                                             10.245874   data required time
---------------------------------------------------------------------------------------------
                                             10.245874   data required time
                                             -1.885887   data arrival time
---------------------------------------------------------------------------------------------
                                              8.359987   slack (MET)


Startpoint: dsa[26]._8_ (rising edge-triggered flip-flop clocked by core_clock)
Endpoint: dsa[26]._9_ (rising edge-triggered flip-flop clocked by core_clock)
Path Group: core_clock
Path Type: max

Fanout         Cap        Slew       Delay        Time   Description
---------------------------------------------------------------------------------------------
                                  0.000000    0.000000   clock core_clock (rise edge)
                                  0.000000    0.000000   clock source latency
     1    0.014766    0.000000    0.000000    0.000000 ^ clk (in)
                                                         clk (net)
                      0.000828    0.000414    0.000414 ^ clkbuf_0_clk/A (sky130_fd_sc_hd__clkbuf_16)
     8    0.082920    0.152432    0.264955    0.265369 ^ clkbuf_0_clk/X (sky130_fd_sc_hd__clkbuf_16)
                                                         clknet_0_clk (net)
                      0.152585    0.002534    0.267903 ^ clkbuf_3_2__f_clk/A (sky130_fd_sc_hd__clkbuf_16)
    10    0.030659    0.081295    0.274394    0.542297 ^ clkbuf_3_2__f_clk/X (sky130_fd_sc_hd__clkbuf_16)
                                                         clknet_3_2__leaf_clk (net)
                      0.081306    0.000912    0.543209 ^ dsa[26]._8_/CLK (sky130_fd_sc_hd__dfrtp_1)
     2    0.005975    0.103053    0.771378    1.314586 v dsa[26]._8_/Q (sky130_fd_sc_hd__dfrtp_1)
                                                         dsa[26].last_carry (net)
                      0.103053    0.000131    1.314717 v dsa[26]._4_/B1 (sky130_fd_sc_hd__a21o_1)
     2    0.006423    0.088288    0.320193    1.634910 v dsa[26]._4_/X (sky130_fd_sc_hd__a21o_1)
                                                         dsa[26]._1_ (net)
                      0.088288    0.000178    1.635088 v dsa[26]._5_/B (sky130_fd_sc_hd__nand2_1)
     1    0.006077    0.113011    0.141319    1.776407 ^ dsa[26]._5_/Y (sky130_fd_sc_hd__nand2_1)
                                                         dsa[26]._2_ (net)
                      0.113011    0.000216    1.776623 ^ dsa[26]._6_/B (sky130_fd_sc_hd__xnor2_1)
     1    0.002269    0.083614    0.126140    1.902763 v dsa[26]._6_/Y (sky130_fd_sc_hd__xnor2_1)
                                                         dsa[26].y_out_next (net)
                      0.083614    0.000064    1.902827 v dsa[26]._9_/D (sky130_fd_sc_hd__dfrtp_1)
                                              1.902827   data arrival time

                                 10.000000   10.000000   clock core_clock (rise edge)
                                  0.000000   10.000000   clock source latency
     1    0.014766    0.000000    0.000000   10.000000 ^ clk (in)
                                                         clk (net)
                      0.000828    0.000414   10.000414 ^ clkbuf_0_clk/A (sky130_fd_sc_hd__clkbuf_16)
     8    0.082920    0.152432    0.264955   10.265369 ^ clkbuf_0_clk/X (sky130_fd_sc_hd__clkbuf_16)
                                                         clknet_0_clk (net)
                      0.152585    0.002534   10.267903 ^ clkbuf_3_2__f_clk/A (sky130_fd_sc_hd__clkbuf_16)
    10    0.030659    0.081295    0.274394   10.542297 ^ clkbuf_3_2__f_clk/X (sky130_fd_sc_hd__clkbuf_16)
                                                         clknet_3_2__leaf_clk (net)
                      0.081302    0.000787   10.543084 ^ dsa[26]._9_/CLK (sky130_fd_sc_hd__dfrtp_1)
                                  0.000000   10.543084   clock reconvergence pessimism
                                 -0.279229   10.263855   library setup time
                                             10.263855   data required time
---------------------------------------------------------------------------------------------
                                             10.263855   data required time
                                             -1.902827   data arrival time
---------------------------------------------------------------------------------------------
                                              8.361029   slack (MET)


Startpoint: dsa[15]._8_ (rising edge-triggered flip-flop clocked by core_clock)
Endpoint: dsa[15]._9_ (rising edge-triggered flip-flop clocked by core_clock)
Path Group: core_clock
Path Type: max

Fanout         Cap        Slew       Delay        Time   Description
---------------------------------------------------------------------------------------------
                                  0.000000    0.000000   clock core_clock (rise edge)
                                  0.000000    0.000000   clock source latency
     1    0.014766    0.000000    0.000000    0.000000 ^ clk (in)
                                                         clk (net)
                      0.000828    0.000414    0.000414 ^ clkbuf_0_clk/A (sky130_fd_sc_hd__clkbuf_16)
     8    0.082920    0.152432    0.264955    0.265369 ^ clkbuf_0_clk/X (sky130_fd_sc_hd__clkbuf_16)
                                                         clknet_0_clk (net)
                      0.152577    0.002367    0.267736 ^ clkbuf_3_3__f_clk/A (sky130_fd_sc_hd__clkbuf_16)
     9    0.026566    0.075778    0.268666    0.536402 ^ clkbuf_3_3__f_clk/X (sky130_fd_sc_hd__clkbuf_16)
                                                         clknet_3_3__leaf_clk (net)
                      0.075780    0.000466    0.536867 ^ dsa[15]._8_/CLK (sky130_fd_sc_hd__dfrtp_1)
     2    0.006157    0.104533    0.770468    1.307335 v dsa[15]._8_/Q (sky130_fd_sc_hd__dfrtp_1)
                                                         dsa[15].last_carry (net)
                      0.104533    0.000140    1.307475 v dsa[15]._4_/B1 (sky130_fd_sc_hd__a21o_1)
     2    0.005366    0.080423    0.312675    1.620151 v dsa[15]._4_/X (sky130_fd_sc_hd__a21o_1)
                                                         dsa[15]._1_ (net)
                      0.080423    0.000116    1.620267 v dsa[15]._5_/B (sky130_fd_sc_hd__nand2_1)
     1    0.005164    0.101881    0.128474    1.748741 ^ dsa[15]._5_/Y (sky130_fd_sc_hd__nand2_1)
                                                         dsa[15]._2_ (net)
                      0.101881    0.000159    1.748900 ^ dsa[15]._6_/B (sky130_fd_sc_hd__xnor2_1)
     1    0.003272    0.097827    0.134548    1.883448 v dsa[15]._6_/Y (sky130_fd_sc_hd__xnor2_1)
                                                         dsa[15].y_out_next (net)
                      0.097827    0.000097    1.883546 v dsa[15]._9_/D (sky130_fd_sc_hd__dfrtp_1)
                                              1.883546   data arrival time

                                 10.000000   10.000000   clock core_clock (rise edge)
                                  0.000000   10.000000   clock source latency
     1    0.014766    0.000000    0.000000   10.000000 ^ clk (in)
                                                         clk (net)
                      0.000828    0.000414   10.000414 ^ clkbuf_0_clk/A (sky130_fd_sc_hd__clkbuf_16)
     8    0.082920    0.152432    0.264955   10.265369 ^ clkbuf_0_clk/X (sky130_fd_sc_hd__clkbuf_16)
                                                         clknet_0_clk (net)
                      0.152759    0.004798   10.270167 ^ clkbuf_3_4__f_clk/A (sky130_fd_sc_hd__clkbuf_16)
     9    0.022312    0.070306    0.262757   10.532924 ^ clkbuf_3_4__f_clk/X (sky130_fd_sc_hd__clkbuf_16)
                                                         clknet_3_4__leaf_clk (net)
                      0.070330    0.000536   10.533460 ^ dsa[15]._9_/CLK (sky130_fd_sc_hd__dfrtp_1)
                                  0.000000   10.533460   clock reconvergence pessimism
                                 -0.288082   10.245378   library setup time
                                             10.245378   data required time
---------------------------------------------------------------------------------------------
                                             10.245378   data required time
                                             -1.883546   data arrival time
---------------------------------------------------------------------------------------------
                                              8.361833   slack (MET)


Startpoint: dsa[3]._8_ (rising edge-triggered flip-flop clocked by core_clock)
Endpoint: dsa[3]._9_ (rising edge-triggered flip-flop clocked by core_clock)
Path Group: core_clock
Path Type: max

Fanout         Cap        Slew       Delay        Time   Description
---------------------------------------------------------------------------------------------
                                  0.000000    0.000000   clock core_clock (rise edge)
                                  0.000000    0.000000   clock source latency
     1    0.014766    0.000000    0.000000    0.000000 ^ clk (in)
                                                         clk (net)
                      0.000828    0.000414    0.000414 ^ clkbuf_0_clk/A (sky130_fd_sc_hd__clkbuf_16)
     8    0.082920    0.152432    0.264955    0.265369 ^ clkbuf_0_clk/X (sky130_fd_sc_hd__clkbuf_16)
                                                         clknet_0_clk (net)
                      0.152642    0.003448    0.268817 ^ clkbuf_3_7__f_clk/A (sky130_fd_sc_hd__clkbuf_16)
    10    0.028860    0.078843    0.271905    0.540722 ^ clkbuf_3_7__f_clk/X (sky130_fd_sc_hd__clkbuf_16)
                                                         clknet_3_7__leaf_clk (net)
                      0.078846    0.000525    0.541247 ^ dsa[3]._8_/CLK (sky130_fd_sc_hd__dfrtp_1)
     2    0.006347    0.106066    0.773669    1.314917 v dsa[3]._8_/Q (sky130_fd_sc_hd__dfrtp_1)
                                                         dsa[3].last_carry (net)
                      0.106066    0.000118    1.315035 v dsa[3]._4_/B1 (sky130_fd_sc_hd__a21o_1)
     2    0.005945    0.084675    0.317751    1.632785 v dsa[3]._4_/X (sky130_fd_sc_hd__a21o_1)
                                                         dsa[3]._1_ (net)
                      0.084675    0.000114    1.632899 v dsa[3]._5_/B (sky130_fd_sc_hd__nand2_1)
     1    0.004895    0.099489    0.127835    1.760735 ^ dsa[3]._5_/Y (sky130_fd_sc_hd__nand2_1)
                                                         dsa[3]._2_ (net)
                      0.099489    0.000101    1.760835 ^ dsa[3]._6_/B (sky130_fd_sc_hd__xnor2_1)
     1    0.003288    0.098037    0.133830    1.894665 v dsa[3]._6_/Y (sky130_fd_sc_hd__xnor2_1)
                                                         dsa[3].y_out_next (net)
                      0.098037    0.000105    1.894770 v dsa[3]._9_/D (sky130_fd_sc_hd__dfrtp_1)
                                              1.894770   data arrival time

                                 10.000000   10.000000   clock core_clock (rise edge)
                                  0.000000   10.000000   clock source latency
     1    0.014766    0.000000    0.000000   10.000000 ^ clk (in)
                                                         clk (net)
                      0.000828    0.000414   10.000414 ^ clkbuf_0_clk/A (sky130_fd_sc_hd__clkbuf_16)
     8    0.082920    0.152432    0.264955   10.265369 ^ clkbuf_0_clk/X (sky130_fd_sc_hd__clkbuf_16)
                                                         clknet_0_clk (net)
                      0.152768    0.004883   10.270252 ^ clkbuf_3_5__f_clk/A (sky130_fd_sc_hd__clkbuf_16)
     8    0.028940    0.078948    0.272087   10.542339 ^ clkbuf_3_5__f_clk/X (sky130_fd_sc_hd__clkbuf_16)
                                                         clknet_3_5__leaf_clk (net)
                      0.078949    0.000369   10.542708 ^ dsa[3]._9_/CLK (sky130_fd_sc_hd__dfrtp_1)
                                  0.000000   10.542708   clock reconvergence pessimism
                                 -0.285871   10.256838   library setup time
                                             10.256838   data required time
---------------------------------------------------------------------------------------------
                                             10.256838   data required time
                                             -1.894770   data arrival time
---------------------------------------------------------------------------------------------
                                              8.362068   slack (MET)


Startpoint: dsa[29]._8_ (rising edge-triggered flip-flop clocked by core_clock)
Endpoint: dsa[29]._9_ (rising edge-triggered flip-flop clocked by core_clock)
Path Group: core_clock
Path Type: max

Fanout         Cap        Slew       Delay        Time   Description
---------------------------------------------------------------------------------------------
                                  0.000000    0.000000   clock core_clock (rise edge)
                                  0.000000    0.000000   clock source latency
     1    0.014766    0.000000    0.000000    0.000000 ^ clk (in)
                                                         clk (net)
                      0.000828    0.000414    0.000414 ^ clkbuf_0_clk/A (sky130_fd_sc_hd__clkbuf_16)
     8    0.082920    0.152432    0.264955    0.265369 ^ clkbuf_0_clk/X (sky130_fd_sc_hd__clkbuf_16)
                                                         clknet_0_clk (net)
                      0.152848    0.005603    0.270972 ^ clkbuf_3_0__f_clk/A (sky130_fd_sc_hd__clkbuf_16)
    10    0.031708    0.082731    0.276028    0.547000 ^ clkbuf_3_0__f_clk/X (sky130_fd_sc_hd__clkbuf_16)
                                                         clknet_3_0__leaf_clk (net)
                      0.082734    0.000595    0.547596 ^ dsa[29]._8_/CLK (sky130_fd_sc_hd__dfrtp_1)
     2    0.005322    0.097873    0.766032    1.313627 v dsa[29]._8_/Q (sky130_fd_sc_hd__dfrtp_1)
                                                         dsa[29].last_carry (net)
                      0.097873    0.000117    1.313745 v dsa[29]._4_/B1 (sky130_fd_sc_hd__a21o_1)
     2    0.006600    0.089621    0.319478    1.633223 v dsa[29]._4_/X (sky130_fd_sc_hd__a21o_1)
                                                         dsa[29]._1_ (net)
                      0.089621    0.000131    1.633354 v dsa[29]._5_/B (sky130_fd_sc_hd__nand2_1)
     1    0.004760    0.096904    0.128828    1.762182 ^ dsa[29]._5_/Y (sky130_fd_sc_hd__nand2_1)
                                                         dsa[29]._2_ (net)
                      0.096904    0.000138    1.762320 ^ dsa[29]._6_/B (sky130_fd_sc_hd__xnor2_1)
     1    0.002797    0.091045    0.126763    1.889083 v dsa[29]._6_/Y (sky130_fd_sc_hd__xnor2_1)
                                                         dsa[29].y_out_next (net)
                      0.091045    0.000061    1.889144 v dsa[29]._9_/D (sky130_fd_sc_hd__dfrtp_1)
                                              1.889144   data arrival time

                                 10.000000   10.000000   clock core_clock (rise edge)
                                  0.000000   10.000000   clock source latency
     1    0.014766    0.000000    0.000000   10.000000 ^ clk (in)
                                                         clk (net)
                      0.000828    0.000414   10.000414 ^ clkbuf_0_clk/A (sky130_fd_sc_hd__clkbuf_16)
     8    0.082920    0.152432    0.264955   10.265369 ^ clkbuf_0_clk/X (sky130_fd_sc_hd__clkbuf_16)
                                                         clknet_0_clk (net)
                      0.152841    0.005549   10.270919 ^ clkbuf_3_1__f_clk/A (sky130_fd_sc_hd__clkbuf_16)
     7    0.024156    0.072633    0.265409   10.536327 ^ clkbuf_3_1__f_clk/X (sky130_fd_sc_hd__clkbuf_16)
                                                         clknet_3_1__leaf_clk (net)
                      0.072646    0.000512   10.536839 ^ dsa[29]._9_/CLK (sky130_fd_sc_hd__dfrtp_1)
                                  0.000000   10.536839   clock reconvergence pessimism
                                 -0.284636   10.252204   library setup time
                                             10.252204   data required time
---------------------------------------------------------------------------------------------
                                             10.252204   data required time
                                             -1.889144   data arrival time
---------------------------------------------------------------------------------------------
                                              8.363060   slack (MET)


Startpoint: dsa[2]._8_ (rising edge-triggered flip-flop clocked by core_clock)
Endpoint: dsa[2]._9_ (rising edge-triggered flip-flop clocked by core_clock)
Path Group: core_clock
Path Type: max

Fanout         Cap        Slew       Delay        Time   Description
---------------------------------------------------------------------------------------------
                                  0.000000    0.000000   clock core_clock (rise edge)
                                  0.000000    0.000000   clock source latency
     1    0.014766    0.000000    0.000000    0.000000 ^ clk (in)
                                                         clk (net)
                      0.000828    0.000414    0.000414 ^ clkbuf_0_clk/A (sky130_fd_sc_hd__clkbuf_16)
     8    0.082920    0.152432    0.264955    0.265369 ^ clkbuf_0_clk/X (sky130_fd_sc_hd__clkbuf_16)
                                                         clknet_0_clk (net)
                      0.152635    0.003344    0.268713 ^ clkbuf_3_6__f_clk/A (sky130_fd_sc_hd__clkbuf_16)
     8    0.026630    0.075859    0.268810    0.537524 ^ clkbuf_3_6__f_clk/X (sky130_fd_sc_hd__clkbuf_16)
                                                         clknet_3_6__leaf_clk (net)
                      0.075864    0.000602    0.538125 ^ dsa[2]._8_/CLK (sky130_fd_sc_hd__dfrtp_1)
     2    0.006331    0.105960    0.772095    1.310221 v dsa[2]._8_/Q (sky130_fd_sc_hd__dfrtp_1)
                                                         dsa[2].last_carry (net)
                      0.105960    0.000175    1.310395 v dsa[2]._4_/B1 (sky130_fd_sc_hd__a21o_1)
     2    0.005929    0.084568    0.317558    1.627953 v dsa[2]._4_/X (sky130_fd_sc_hd__a21o_1)
                                                         dsa[2]._1_ (net)
                      0.084568    0.000180    1.628133 v dsa[2]._5_/B (sky130_fd_sc_hd__nand2_1)
     1    0.005472    0.107536    0.133521    1.761654 ^ dsa[2]._5_/Y (sky130_fd_sc_hd__nand2_1)
                                                         dsa[2]._2_ (net)
                      0.107536    0.000166    1.761820 ^ dsa[2]._6_/B (sky130_fd_sc_hd__xnor2_1)
     1    0.002878    0.092228    0.131752    1.893571 v dsa[2]._6_/Y (sky130_fd_sc_hd__xnor2_1)
                                                         dsa[2].y_out_next (net)
                      0.092228    0.000091    1.893662 v dsa[2]._9_/D (sky130_fd_sc_hd__dfrtp_1)
                                              1.893662   data arrival time

                                 10.000000   10.000000   clock core_clock (rise edge)
                                  0.000000   10.000000   clock source latency
     1    0.014766    0.000000    0.000000   10.000000 ^ clk (in)
                                                         clk (net)
                      0.000828    0.000414   10.000414 ^ clkbuf_0_clk/A (sky130_fd_sc_hd__clkbuf_16)
     8    0.082920    0.152432    0.264955   10.265369 ^ clkbuf_0_clk/X (sky130_fd_sc_hd__clkbuf_16)
                                                         clknet_0_clk (net)
                      0.152642    0.003448   10.268817 ^ clkbuf_3_7__f_clk/A (sky130_fd_sc_hd__clkbuf_16)
    10    0.028860    0.078843    0.271905   10.540723 ^ clkbuf_3_7__f_clk/X (sky130_fd_sc_hd__clkbuf_16)
                                                         clknet_3_7__leaf_clk (net)
                      0.078846    0.000533   10.541255 ^ dsa[2]._9_/CLK (sky130_fd_sc_hd__dfrtp_1)
                                  0.000000   10.541255   clock reconvergence pessimism
                                 -0.283476   10.257779   library setup time
                                             10.257779   data required time
---------------------------------------------------------------------------------------------
                                             10.257779   data required time
                                             -1.893662   data arrival time
---------------------------------------------------------------------------------------------
                                              8.364117   slack (MET)


Startpoint: dsa[11]._8_ (rising edge-triggered flip-flop clocked by core_clock)
Endpoint: dsa[11]._9_ (rising edge-triggered flip-flop clocked by core_clock)
Path Group: core_clock
Path Type: max

Fanout         Cap        Slew       Delay        Time   Description
---------------------------------------------------------------------------------------------
                                  0.000000    0.000000   clock core_clock (rise edge)
                                  0.000000    0.000000   clock source latency
     1    0.014766    0.000000    0.000000    0.000000 ^ clk (in)
                                                         clk (net)
                      0.000828    0.000414    0.000414 ^ clkbuf_0_clk/A (sky130_fd_sc_hd__clkbuf_16)
     8    0.082920    0.152432    0.264955    0.265369 ^ clkbuf_0_clk/X (sky130_fd_sc_hd__clkbuf_16)
                                                         clknet_0_clk (net)
                      0.152635    0.003344    0.268713 ^ clkbuf_3_6__f_clk/A (sky130_fd_sc_hd__clkbuf_16)
     8    0.026630    0.075859    0.268810    0.537524 ^ clkbuf_3_6__f_clk/X (sky130_fd_sc_hd__clkbuf_16)
                                                         clknet_3_6__leaf_clk (net)
                      0.075861    0.000487    0.538011 ^ dsa[11]._8_/CLK (sky130_fd_sc_hd__dfrtp_1)
     2    0.005563    0.099781    0.765049    1.303059 v dsa[11]._8_/Q (sky130_fd_sc_hd__dfrtp_1)
                                                         dsa[11].last_carry (net)
                      0.099781    0.000145    1.303205 v dsa[11]._4_/B1 (sky130_fd_sc_hd__a21o_1)
     2    0.006678    0.090224    0.320839    1.624044 v dsa[11]._4_/X (sky130_fd_sc_hd__a21o_1)
                                                         dsa[11]._1_ (net)
                      0.090224    0.000162    1.624206 v dsa[11]._5_/B (sky130_fd_sc_hd__nand2_1)
     1    0.004837    0.100684    0.129885    1.754092 ^ dsa[11]._5_/Y (sky130_fd_sc_hd__nand2_1)
                                                         dsa[11]._2_ (net)
                      0.100684    0.000141    1.754233 ^ dsa[11]._6_/B (sky130_fd_sc_hd__xnor2_1)
     1    0.003375    0.099279    0.135339    1.889572 v dsa[11]._6_/Y (sky130_fd_sc_hd__xnor2_1)
                                                         dsa[11].y_out_next (net)
                      0.099279    0.000077    1.889649 v dsa[11]._9_/D (sky130_fd_sc_hd__dfrtp_1)
                                              1.889649   data arrival time

                                 10.000000   10.000000   clock core_clock (rise edge)
                                  0.000000   10.000000   clock source latency
     1    0.014766    0.000000    0.000000   10.000000 ^ clk (in)
                                                         clk (net)
                      0.000828    0.000414   10.000414 ^ clkbuf_0_clk/A (sky130_fd_sc_hd__clkbuf_16)
     8    0.082920    0.152432    0.264955   10.265369 ^ clkbuf_0_clk/X (sky130_fd_sc_hd__clkbuf_16)
                                                         clknet_0_clk (net)
                      0.152642    0.003448   10.268817 ^ clkbuf_3_7__f_clk/A (sky130_fd_sc_hd__clkbuf_16)
    10    0.028860    0.078843    0.271905   10.540723 ^ clkbuf_3_7__f_clk/X (sky130_fd_sc_hd__clkbuf_16)
                                                         clknet_3_7__leaf_clk (net)
                      0.078848    0.000641   10.541364 ^ dsa[11]._9_/CLK (sky130_fd_sc_hd__dfrtp_1)
                                  0.000000   10.541364   clock reconvergence pessimism
                                 -0.286415   10.254949   library setup time
                                             10.254949   data required time
---------------------------------------------------------------------------------------------
                                             10.254949   data required time
                                             -1.889649   data arrival time
---------------------------------------------------------------------------------------------
                                              8.365299   slack (MET)


Startpoint: dsa[24]._8_ (rising edge-triggered flip-flop clocked by core_clock)
Endpoint: dsa[24]._9_ (rising edge-triggered flip-flop clocked by core_clock)
Path Group: core_clock
Path Type: max

Fanout         Cap        Slew       Delay        Time   Description
---------------------------------------------------------------------------------------------
                                  0.000000    0.000000   clock core_clock (rise edge)
                                  0.000000    0.000000   clock source latency
     1    0.014766    0.000000    0.000000    0.000000 ^ clk (in)
                                                         clk (net)
                      0.000828    0.000414    0.000414 ^ clkbuf_0_clk/A (sky130_fd_sc_hd__clkbuf_16)
     8    0.082920    0.152432    0.264955    0.265369 ^ clkbuf_0_clk/X (sky130_fd_sc_hd__clkbuf_16)
                                                         clknet_0_clk (net)
                      0.152585    0.002534    0.267903 ^ clkbuf_3_2__f_clk/A (sky130_fd_sc_hd__clkbuf_16)
    10    0.030659    0.081295    0.274394    0.542297 ^ clkbuf_3_2__f_clk/X (sky130_fd_sc_hd__clkbuf_16)
                                                         clknet_3_2__leaf_clk (net)
                      0.081303    0.000809    0.543106 ^ dsa[24]._8_/CLK (sky130_fd_sc_hd__dfrtp_1)
     2    0.005206    0.096980    0.764301    1.307407 v dsa[24]._8_/Q (sky130_fd_sc_hd__dfrtp_1)
                                                         dsa[24].last_carry (net)
                      0.096980    0.000132    1.307538 v dsa[24]._4_/B1 (sky130_fd_sc_hd__a21o_1)
     2    0.005710    0.082951    0.312250    1.619788 v dsa[24]._4_/X (sky130_fd_sc_hd__a21o_1)
                                                         dsa[24]._1_ (net)
                      0.082951    0.000146    1.619934 v dsa[24]._5_/B (sky130_fd_sc_hd__nand2_1)
     1    0.005200    0.103431    0.130034    1.749968 ^ dsa[24]._5_/Y (sky130_fd_sc_hd__nand2_1)
                                                         dsa[24]._2_ (net)
                      0.103431    0.000157    1.750125 ^ dsa[24]._6_/B (sky130_fd_sc_hd__xnor2_1)
     1    0.003245    0.097441    0.134804    1.884929 v dsa[24]._6_/Y (sky130_fd_sc_hd__xnor2_1)
                                                         dsa[24].y_out_next (net)
                      0.097441    0.000069    1.884998 v dsa[24]._9_/D (sky130_fd_sc_hd__dfrtp_1)
                                              1.884998   data arrival time

                                 10.000000   10.000000   clock core_clock (rise edge)
                                  0.000000   10.000000   clock source latency
     1    0.014766    0.000000    0.000000   10.000000 ^ clk (in)
                                                         clk (net)
                      0.000828    0.000414   10.000414 ^ clkbuf_0_clk/A (sky130_fd_sc_hd__clkbuf_16)
     8    0.082920    0.152432    0.264955   10.265369 ^ clkbuf_0_clk/X (sky130_fd_sc_hd__clkbuf_16)
                                                         clknet_0_clk (net)
                      0.152577    0.002367   10.267736 ^ clkbuf_3_3__f_clk/A (sky130_fd_sc_hd__clkbuf_16)
     9    0.026566    0.075778    0.268665   10.536402 ^ clkbuf_3_3__f_clk/X (sky130_fd_sc_hd__clkbuf_16)
                                                         clknet_3_3__leaf_clk (net)
                      0.075783    0.000653   10.537054 ^ dsa[24]._9_/CLK (sky130_fd_sc_hd__dfrtp_1)
                                  0.000000   10.537054   clock reconvergence pessimism
                                 -0.286466   10.250588   library setup time
                                             10.250588   data required time
---------------------------------------------------------------------------------------------
                                             10.250588   data required time
                                             -1.884998   data arrival time
---------------------------------------------------------------------------------------------
                                              8.365590   slack (MET)


Startpoint: dsa[23]._8_ (rising edge-triggered flip-flop clocked by core_clock)
Endpoint: dsa[23]._9_ (rising edge-triggered flip-flop clocked by core_clock)
Path Group: core_clock
Path Type: max

Fanout         Cap        Slew       Delay        Time   Description
---------------------------------------------------------------------------------------------
                                  0.000000    0.000000   clock core_clock (rise edge)
                                  0.000000    0.000000   clock source latency
     1    0.014766    0.000000    0.000000    0.000000 ^ clk (in)
                                                         clk (net)
                      0.000828    0.000414    0.000414 ^ clkbuf_0_clk/A (sky130_fd_sc_hd__clkbuf_16)
     8    0.082920    0.152432    0.264955    0.265369 ^ clkbuf_0_clk/X (sky130_fd_sc_hd__clkbuf_16)
                                                         clknet_0_clk (net)
                      0.152585    0.002534    0.267903 ^ clkbuf_3_2__f_clk/A (sky130_fd_sc_hd__clkbuf_16)
    10    0.030659    0.081295    0.274394    0.542297 ^ clkbuf_3_2__f_clk/X (sky130_fd_sc_hd__clkbuf_16)
                                                         clknet_3_2__leaf_clk (net)
                      0.081299    0.000657    0.542954 ^ dsa[23]._8_/CLK (sky130_fd_sc_hd__dfrtp_1)
     2    0.006304    0.105723    0.774396    1.317350 v dsa[23]._8_/Q (sky130_fd_sc_hd__dfrtp_1)
                                                         dsa[23].last_carry (net)
                      0.105723    0.000145    1.317494 v dsa[23]._4_/B1 (sky130_fd_sc_hd__a21o_1)
     2    0.005811    0.083689    0.316557    1.634051 v dsa[23]._4_/X (sky130_fd_sc_hd__a21o_1)
                                                         dsa[23]._1_ (net)
                      0.083689    0.000160    1.634211 v dsa[23]._5_/B (sky130_fd_sc_hd__nand2_1)
     1    0.004841    0.098576    0.126833    1.761045 ^ dsa[23]._5_/Y (sky130_fd_sc_hd__nand2_1)
                                                         dsa[23]._2_ (net)
                      0.098576    0.000097    1.761142 ^ dsa[23]._6_/B (sky130_fd_sc_hd__xnor2_1)
     1    0.002704    0.089720    0.126224    1.887366 v dsa[23]._6_/Y (sky130_fd_sc_hd__xnor2_1)
                                                         dsa[23].y_out_next (net)
                      0.089720    0.000078    1.887444 v dsa[23]._9_/D (sky130_fd_sc_hd__dfrtp_1)
                                              1.887444   data arrival time

                                 10.000000   10.000000   clock core_clock (rise edge)
                                  0.000000   10.000000   clock source latency
     1    0.014766    0.000000    0.000000   10.000000 ^ clk (in)
                                                         clk (net)
                      0.000828    0.000414   10.000414 ^ clkbuf_0_clk/A (sky130_fd_sc_hd__clkbuf_16)
     8    0.082920    0.152432    0.264955   10.265369 ^ clkbuf_0_clk/X (sky130_fd_sc_hd__clkbuf_16)
                                                         clknet_0_clk (net)
                      0.152577    0.002367   10.267736 ^ clkbuf_3_3__f_clk/A (sky130_fd_sc_hd__clkbuf_16)
     9    0.026566    0.075778    0.268665   10.536402 ^ clkbuf_3_3__f_clk/X (sky130_fd_sc_hd__clkbuf_16)
                                                         clknet_3_3__leaf_clk (net)
                      0.075782    0.000591   10.536992 ^ dsa[23]._9_/CLK (sky130_fd_sc_hd__dfrtp_1)
                                  0.000000   10.536992   clock reconvergence pessimism
                                 -0.283247   10.253745   library setup time
                                             10.253745   data required time
---------------------------------------------------------------------------------------------
                                             10.253745   data required time
                                             -1.887444   data arrival time
---------------------------------------------------------------------------------------------
                                              8.366301   slack (MET)


Startpoint: dsa[27]._8_ (rising edge-triggered flip-flop clocked by core_clock)
Endpoint: dsa[27]._9_ (rising edge-triggered flip-flop clocked by core_clock)
Path Group: core_clock
Path Type: max

Fanout         Cap        Slew       Delay        Time   Description
---------------------------------------------------------------------------------------------
                                  0.000000    0.000000   clock core_clock (rise edge)
                                  0.000000    0.000000   clock source latency
     1    0.014766    0.000000    0.000000    0.000000 ^ clk (in)
                                                         clk (net)
                      0.000828    0.000414    0.000414 ^ clkbuf_0_clk/A (sky130_fd_sc_hd__clkbuf_16)
     8    0.082920    0.152432    0.264955    0.265369 ^ clkbuf_0_clk/X (sky130_fd_sc_hd__clkbuf_16)
                                                         clknet_0_clk (net)
                      0.152585    0.002534    0.267903 ^ clkbuf_3_2__f_clk/A (sky130_fd_sc_hd__clkbuf_16)
    10    0.030659    0.081295    0.274394    0.542297 ^ clkbuf_3_2__f_clk/X (sky130_fd_sc_hd__clkbuf_16)
                                                         clknet_3_2__leaf_clk (net)
                      0.081303    0.000804    0.543101 ^ dsa[27]._8_/CLK (sky130_fd_sc_hd__dfrtp_1)
     2    0.005956    0.102900    0.771202    1.314303 v dsa[27]._8_/Q (sky130_fd_sc_hd__dfrtp_1)
                                                         dsa[27].last_carry (net)
                      0.102900    0.000143    1.314445 v dsa[27]._4_/B1 (sky130_fd_sc_hd__a21o_1)
     2    0.005820    0.083749    0.315518    1.629963 v dsa[27]._4_/X (sky130_fd_sc_hd__a21o_1)
                                                         dsa[27]._1_ (net)
                      0.083749    0.000099    1.630063 v dsa[27]._5_/B (sky130_fd_sc_hd__nand2_1)
     1    0.004798    0.101272    0.126410    1.756472 ^ dsa[27]._5_/Y (sky130_fd_sc_hd__nand2_1)
                                                         dsa[27]._2_ (net)
                      0.101272    0.000139    1.756611 ^ dsa[27]._6_/B (sky130_fd_sc_hd__xnor2_1)
     1    0.003262    0.097674    0.134188    1.890799 v dsa[27]._6_/Y (sky130_fd_sc_hd__xnor2_1)
                                                         dsa[27].y_out_next (net)
                      0.097674    0.000104    1.890903 v dsa[27]._9_/D (sky130_fd_sc_hd__dfrtp_1)
                                              1.890903   data arrival time

                                 10.000000   10.000000   clock core_clock (rise edge)
                                  0.000000   10.000000   clock source latency
     1    0.014766    0.000000    0.000000   10.000000 ^ clk (in)
                                                         clk (net)
                      0.000828    0.000414   10.000414 ^ clkbuf_0_clk/A (sky130_fd_sc_hd__clkbuf_16)
     8    0.082920    0.152432    0.264955   10.265369 ^ clkbuf_0_clk/X (sky130_fd_sc_hd__clkbuf_16)
                                                         clknet_0_clk (net)
                      0.152585    0.002534   10.267903 ^ clkbuf_3_2__f_clk/A (sky130_fd_sc_hd__clkbuf_16)
    10    0.030659    0.081295    0.274394   10.542297 ^ clkbuf_3_2__f_clk/X (sky130_fd_sc_hd__clkbuf_16)
                                                         clknet_3_2__leaf_clk (net)
                      0.081297    0.000504   10.542802 ^ dsa[27]._9_/CLK (sky130_fd_sc_hd__dfrtp_1)
                                  0.000000   10.542802   clock reconvergence pessimism
                                 -0.285093   10.257709   library setup time
                                             10.257709   data required time
---------------------------------------------------------------------------------------------
                                             10.257709   data required time
                                             -1.890903   data arrival time
---------------------------------------------------------------------------------------------
                                              8.366806   slack (MET)


Startpoint: dsa[16]._8_ (rising edge-triggered flip-flop clocked by core_clock)
Endpoint: dsa[16]._9_ (rising edge-triggered flip-flop clocked by core_clock)
Path Group: core_clock
Path Type: max

Fanout         Cap        Slew       Delay        Time   Description
---------------------------------------------------------------------------------------------
                                  0.000000    0.000000   clock core_clock (rise edge)
                                  0.000000    0.000000   clock source latency
     1    0.014766    0.000000    0.000000    0.000000 ^ clk (in)
                                                         clk (net)
                      0.000828    0.000414    0.000414 ^ clkbuf_0_clk/A (sky130_fd_sc_hd__clkbuf_16)
     8    0.082920    0.152432    0.264955    0.265369 ^ clkbuf_0_clk/X (sky130_fd_sc_hd__clkbuf_16)
                                                         clknet_0_clk (net)
                      0.152841    0.005549    0.270918 ^ clkbuf_3_1__f_clk/A (sky130_fd_sc_hd__clkbuf_16)
     7    0.024156    0.072633    0.265409    0.536327 ^ clkbuf_3_1__f_clk/X (sky130_fd_sc_hd__clkbuf_16)
                                                         clknet_3_1__leaf_clk (net)
                      0.072646    0.000511    0.536839 ^ dsa[16]._8_/CLK (sky130_fd_sc_hd__dfrtp_1)
     2    0.005972    0.103045    0.767316    1.304155 v dsa[16]._8_/Q (sky130_fd_sc_hd__dfrtp_1)
                                                         dsa[16].last_carry (net)
                      0.103045    0.000118    1.304272 v dsa[16]._4_/B1 (sky130_fd_sc_hd__a21o_1)
     2    0.005763    0.083336    0.315119    1.619392 v dsa[16]._4_/X (sky130_fd_sc_hd__a21o_1)
                                                         dsa[16]._1_ (net)
                      0.083336    0.000141    1.619533 v dsa[16]._5_/B (sky130_fd_sc_hd__nand2_1)
     1    0.005004    0.100312    0.128264    1.747797 ^ dsa[16]._5_/Y (sky130_fd_sc_hd__nand2_1)
                                                         dsa[16]._2_ (net)
                      0.100312    0.000147    1.747945 ^ dsa[16]._6_/B (sky130_fd_sc_hd__xnor2_1)
     1    0.003058    0.094772    0.131288    1.879233 v dsa[16]._6_/Y (sky130_fd_sc_hd__xnor2_1)
                                                         dsa[16].y_out_next (net)
                      0.094772    0.000093    1.879325 v dsa[16]._9_/D (sky130_fd_sc_hd__dfrtp_1)
                                              1.879325   data arrival time

                                 10.000000   10.000000   clock core_clock (rise edge)
                                  0.000000   10.000000   clock source latency
     1    0.014766    0.000000    0.000000   10.000000 ^ clk (in)
                                                         clk (net)
                      0.000828    0.000414   10.000414 ^ clkbuf_0_clk/A (sky130_fd_sc_hd__clkbuf_16)
     8    0.082920    0.152432    0.264955   10.265369 ^ clkbuf_0_clk/X (sky130_fd_sc_hd__clkbuf_16)
                                                         clknet_0_clk (net)
                      0.152759    0.004798   10.270167 ^ clkbuf_3_4__f_clk/A (sky130_fd_sc_hd__clkbuf_16)
     9    0.022312    0.070306    0.262757   10.532924 ^ clkbuf_3_4__f_clk/X (sky130_fd_sc_hd__clkbuf_16)
                                                         clknet_3_4__leaf_clk (net)
                      0.070329    0.000423   10.533347 ^ dsa[16]._9_/CLK (sky130_fd_sc_hd__dfrtp_1)
                                  0.000000   10.533347   clock reconvergence pessimism
                                 -0.286808   10.246539   library setup time
                                             10.246539   data required time
---------------------------------------------------------------------------------------------
                                             10.246539   data required time
                                             -1.879325   data arrival time
---------------------------------------------------------------------------------------------
                                              8.367214   slack (MET)


Startpoint: dsa[8]._8_ (rising edge-triggered flip-flop clocked by core_clock)
Endpoint: dsa[8]._9_ (rising edge-triggered flip-flop clocked by core_clock)
Path Group: core_clock
Path Type: max

Fanout         Cap        Slew       Delay        Time   Description
---------------------------------------------------------------------------------------------
                                  0.000000    0.000000   clock core_clock (rise edge)
                                  0.000000    0.000000   clock source latency
     1    0.014766    0.000000    0.000000    0.000000 ^ clk (in)
                                                         clk (net)
                      0.000828    0.000414    0.000414 ^ clkbuf_0_clk/A (sky130_fd_sc_hd__clkbuf_16)
     8    0.082920    0.152432    0.264955    0.265369 ^ clkbuf_0_clk/X (sky130_fd_sc_hd__clkbuf_16)
                                                         clknet_0_clk (net)
                      0.152759    0.004798    0.270167 ^ clkbuf_3_4__f_clk/A (sky130_fd_sc_hd__clkbuf_16)
     9    0.022312    0.070306    0.262757    0.532924 ^ clkbuf_3_4__f_clk/X (sky130_fd_sc_hd__clkbuf_16)
                                                         clknet_3_4__leaf_clk (net)
                      0.070329    0.000421    0.533345 ^ dsa[8]._8_/CLK (sky130_fd_sc_hd__dfrtp_1)
     2    0.005913    0.102574    0.765690    1.299035 v dsa[8]._8_/Q (sky130_fd_sc_hd__dfrtp_1)
                                                         dsa[8].last_carry (net)
                      0.102574    0.000084    1.299119 v dsa[8]._4_/B1 (sky130_fd_sc_hd__a21o_1)
     2    0.007208    0.094306    0.326039    1.625158 v dsa[8]._4_/X (sky130_fd_sc_hd__a21o_1)
                                                         dsa[8]._1_ (net)
                      0.094306    0.000151    1.625309 v dsa[8]._5_/B (sky130_fd_sc_hd__nand2_1)
     1    0.005178    0.105614    0.135225    1.760535 ^ dsa[8]._5_/Y (sky130_fd_sc_hd__nand2_1)
                                                         dsa[8]._2_ (net)
                      0.105614    0.000159    1.760693 ^ dsa[8]._6_/B (sky130_fd_sc_hd__xnor2_1)
     1    0.002108    0.081332    0.121400    1.882093 v dsa[8]._6_/Y (sky130_fd_sc_hd__xnor2_1)
                                                         dsa[8].y_out_next (net)
                      0.081332    0.000059    1.882152 v dsa[8]._9_/D (sky130_fd_sc_hd__dfrtp_1)
                                              1.882152   data arrival time

                                 10.000000   10.000000   clock core_clock (rise edge)
                                  0.000000   10.000000   clock source latency
     1    0.014766    0.000000    0.000000   10.000000 ^ clk (in)
                                                         clk (net)
                      0.000828    0.000414   10.000414 ^ clkbuf_0_clk/A (sky130_fd_sc_hd__clkbuf_16)
     8    0.082920    0.152432    0.264955   10.265369 ^ clkbuf_0_clk/X (sky130_fd_sc_hd__clkbuf_16)
                                                         clknet_0_clk (net)
                      0.152759    0.004798   10.270167 ^ clkbuf_3_4__f_clk/A (sky130_fd_sc_hd__clkbuf_16)
     9    0.022312    0.070306    0.262757   10.532924 ^ clkbuf_3_4__f_clk/X (sky130_fd_sc_hd__clkbuf_16)
                                                         clknet_3_4__leaf_clk (net)
                      0.070330    0.000545   10.533469 ^ dsa[8]._9_/CLK (sky130_fd_sc_hd__dfrtp_1)
                                  0.000000   10.533469   clock reconvergence pessimism
                                 -0.281203   10.252267   library setup time
                                             10.252267   data required time
---------------------------------------------------------------------------------------------
                                             10.252267   data required time
                                             -1.882152   data arrival time
---------------------------------------------------------------------------------------------
                                              8.370114   slack (MET)


Startpoint: dsa[28]._8_ (rising edge-triggered flip-flop clocked by core_clock)
Endpoint: dsa[28]._9_ (rising edge-triggered flip-flop clocked by core_clock)
Path Group: core_clock
Path Type: max

Fanout         Cap        Slew       Delay        Time   Description
---------------------------------------------------------------------------------------------
                                  0.000000    0.000000   clock core_clock (rise edge)
                                  0.000000    0.000000   clock source latency
     1    0.014766    0.000000    0.000000    0.000000 ^ clk (in)
                                                         clk (net)
                      0.000828    0.000414    0.000414 ^ clkbuf_0_clk/A (sky130_fd_sc_hd__clkbuf_16)
     8    0.082920    0.152432    0.264955    0.265369 ^ clkbuf_0_clk/X (sky130_fd_sc_hd__clkbuf_16)
                                                         clknet_0_clk (net)
                      0.152585    0.002534    0.267903 ^ clkbuf_3_2__f_clk/A (sky130_fd_sc_hd__clkbuf_16)
    10    0.030659    0.081295    0.274394    0.542297 ^ clkbuf_3_2__f_clk/X (sky130_fd_sc_hd__clkbuf_16)
                                                         clknet_3_2__leaf_clk (net)
                      0.081304    0.000839    0.543136 ^ dsa[28]._8_/CLK (sky130_fd_sc_hd__dfrtp_1)
     2    0.005981    0.103097    0.771427    1.314563 v dsa[28]._8_/Q (sky130_fd_sc_hd__dfrtp_1)
                                                         dsa[28].last_carry (net)
                      0.103097    0.000132    1.314696 v dsa[28]._4_/B1 (sky130_fd_sc_hd__a21o_1)
     2    0.005994    0.085050    0.316915    1.631611 v dsa[28]._4_/X (sky130_fd_sc_hd__a21o_1)
                                                         dsa[28]._1_ (net)
                      0.085050    0.000129    1.631740 v dsa[28]._5_/B (sky130_fd_sc_hd__nand2_1)
     1    0.004812    0.098355    0.127186    1.758927 ^ dsa[28]._5_/Y (sky130_fd_sc_hd__nand2_1)
                                                         dsa[28]._2_ (net)
                      0.098355    0.000095    1.759022 ^ dsa[28]._6_/B (sky130_fd_sc_hd__xnor2_1)
     1    0.003277    0.097884    0.133271    1.892293 v dsa[28]._6_/Y (sky130_fd_sc_hd__xnor2_1)
                                                         dsa[28].y_out_next (net)
                      0.097884    0.000100    1.892393 v dsa[28]._9_/D (sky130_fd_sc_hd__dfrtp_1)
                                              1.892393   data arrival time

                                 10.000000   10.000000   clock core_clock (rise edge)
                                  0.000000   10.000000   clock source latency
     1    0.014766    0.000000    0.000000   10.000000 ^ clk (in)
                                                         clk (net)
                      0.000828    0.000414   10.000414 ^ clkbuf_0_clk/A (sky130_fd_sc_hd__clkbuf_16)
     8    0.082920    0.152432    0.264955   10.265369 ^ clkbuf_0_clk/X (sky130_fd_sc_hd__clkbuf_16)
                                                         clknet_0_clk (net)
                      0.152848    0.005604   10.270973 ^ clkbuf_3_0__f_clk/A (sky130_fd_sc_hd__clkbuf_16)
    10    0.031708    0.082731    0.276027   10.547000 ^ clkbuf_3_0__f_clk/X (sky130_fd_sc_hd__clkbuf_16)
                                                         clknet_3_0__leaf_clk (net)
                      0.082733    0.000536   10.547537 ^ dsa[28]._9_/CLK (sky130_fd_sc_hd__dfrtp_1)
                                  0.000000   10.547537   clock reconvergence pessimism
                                 -0.284798   10.262738   library setup time
                                             10.262738   data required time
---------------------------------------------------------------------------------------------
                                             10.262738   data required time
                                             -1.892393   data arrival time
---------------------------------------------------------------------------------------------
                                              8.370345   slack (MET)


Startpoint: dsa[5]._8_ (rising edge-triggered flip-flop clocked by core_clock)
Endpoint: dsa[5]._9_ (rising edge-triggered flip-flop clocked by core_clock)
Path Group: core_clock
Path Type: max

Fanout         Cap        Slew       Delay        Time   Description
---------------------------------------------------------------------------------------------
                                  0.000000    0.000000   clock core_clock (rise edge)
                                  0.000000    0.000000   clock source latency
     1    0.014766    0.000000    0.000000    0.000000 ^ clk (in)
                                                         clk (net)
                      0.000828    0.000414    0.000414 ^ clkbuf_0_clk/A (sky130_fd_sc_hd__clkbuf_16)
     8    0.082920    0.152432    0.264955    0.265369 ^ clkbuf_0_clk/X (sky130_fd_sc_hd__clkbuf_16)
                                                         clknet_0_clk (net)
                      0.152768    0.004883    0.270252 ^ clkbuf_3_5__f_clk/A (sky130_fd_sc_hd__clkbuf_16)
     8    0.028940    0.078948    0.272087    0.542339 ^ clkbuf_3_5__f_clk/X (sky130_fd_sc_hd__clkbuf_16)
                                                         clknet_3_5__leaf_clk (net)
                      0.078953    0.000665    0.543004 ^ dsa[5]._8_/CLK (sky130_fd_sc_hd__dfrtp_1)
     2    0.006012    0.103344    0.770626    1.313630 v dsa[5]._8_/Q (sky130_fd_sc_hd__dfrtp_1)
                                                         dsa[5].last_carry (net)
                      0.103344    0.000129    1.313759 v dsa[5]._4_/B1 (sky130_fd_sc_hd__a21o_1)
     2    0.005890    0.084282    0.316203    1.629962 v dsa[5]._4_/X (sky130_fd_sc_hd__a21o_1)
                                                         dsa[5]._1_ (net)
                      0.084282    0.000185    1.630147 v dsa[5]._5_/B (sky130_fd_sc_hd__nand2_1)
     1    0.005155    0.102443    0.130218    1.760365 ^ dsa[5]._5_/Y (sky130_fd_sc_hd__nand2_1)
                                                         dsa[5]._2_ (net)
                      0.102443    0.000159    1.760523 ^ dsa[5]._6_/B (sky130_fd_sc_hd__xnor2_1)
     1    0.002557    0.087644    0.125832    1.886355 v dsa[5]._6_/Y (sky130_fd_sc_hd__xnor2_1)
                                                         dsa[5].y_out_next (net)
                      0.087644    0.000073    1.886428 v dsa[5]._9_/D (sky130_fd_sc_hd__dfrtp_1)
                                              1.886428   data arrival time

                                 10.000000   10.000000   clock core_clock (rise edge)
                                  0.000000   10.000000   clock source latency
     1    0.014766    0.000000    0.000000   10.000000 ^ clk (in)
                                                         clk (net)
                      0.000828    0.000414   10.000414 ^ clkbuf_0_clk/A (sky130_fd_sc_hd__clkbuf_16)
     8    0.082920    0.152432    0.264955   10.265369 ^ clkbuf_0_clk/X (sky130_fd_sc_hd__clkbuf_16)
                                                         clknet_0_clk (net)
                      0.152768    0.004883   10.270252 ^ clkbuf_3_5__f_clk/A (sky130_fd_sc_hd__clkbuf_16)
     8    0.028940    0.078948    0.272087   10.542339 ^ clkbuf_3_5__f_clk/X (sky130_fd_sc_hd__clkbuf_16)
                                                         clknet_3_5__leaf_clk (net)
                      0.078953    0.000649   10.542989 ^ dsa[5]._9_/CLK (sky130_fd_sc_hd__dfrtp_1)
                                  0.000000   10.542989   clock reconvergence pessimism
                                 -0.281536   10.261454   library setup time
                                             10.261454   data required time
---------------------------------------------------------------------------------------------
                                             10.261454   data required time
                                             -1.886428   data arrival time
---------------------------------------------------------------------------------------------
                                              8.375026   slack (MET)


Startpoint: dsa[14]._8_ (rising edge-triggered flip-flop clocked by core_clock)
Endpoint: dsa[14]._9_ (rising edge-triggered flip-flop clocked by core_clock)
Path Group: core_clock
Path Type: max

Fanout         Cap        Slew       Delay        Time   Description
---------------------------------------------------------------------------------------------
                                  0.000000    0.000000   clock core_clock (rise edge)
                                  0.000000    0.000000   clock source latency
     1    0.014766    0.000000    0.000000    0.000000 ^ clk (in)
                                                         clk (net)
                      0.000828    0.000414    0.000414 ^ clkbuf_0_clk/A (sky130_fd_sc_hd__clkbuf_16)
     8    0.082920    0.152432    0.264955    0.265369 ^ clkbuf_0_clk/X (sky130_fd_sc_hd__clkbuf_16)
                                                         clknet_0_clk (net)
                      0.152577    0.002367    0.267736 ^ clkbuf_3_3__f_clk/A (sky130_fd_sc_hd__clkbuf_16)
     9    0.026566    0.075778    0.268666    0.536402 ^ clkbuf_3_3__f_clk/X (sky130_fd_sc_hd__clkbuf_16)
                                                         clknet_3_3__leaf_clk (net)
                      0.075782    0.000586    0.536987 ^ dsa[14]._8_/CLK (sky130_fd_sc_hd__dfrtp_1)
     2    0.005735    0.101145    0.766584    1.303571 v dsa[14]._8_/Q (sky130_fd_sc_hd__dfrtp_1)
                                                         dsa[14].last_carry (net)
                      0.101145    0.000140    1.303711 v dsa[14]._4_/B1 (sky130_fd_sc_hd__a21o_1)
     2    0.005352    0.080324    0.311185    1.614897 v dsa[14]._4_/X (sky130_fd_sc_hd__a21o_1)
                                                         dsa[14]._1_ (net)
                      0.080324    0.000126    1.615023 v dsa[14]._5_/B (sky130_fd_sc_hd__nand2_1)
     1    0.005394    0.105263    0.130717    1.745740 ^ dsa[14]._5_/Y (sky130_fd_sc_hd__nand2_1)
                                                         dsa[14]._2_ (net)
                      0.105263    0.000165    1.745905 ^ dsa[14]._6_/B (sky130_fd_sc_hd__xnor2_1)
     1    0.002911    0.092687    0.131306    1.877211 v dsa[14]._6_/Y (sky130_fd_sc_hd__xnor2_1)
                                                         dsa[14].y_out_next (net)
                      0.092687    0.000090    1.877301 v dsa[14]._9_/D (sky130_fd_sc_hd__dfrtp_1)
                                              1.877301   data arrival time

                                 10.000000   10.000000   clock core_clock (rise edge)
                                  0.000000   10.000000   clock source latency
     1    0.014766    0.000000    0.000000   10.000000 ^ clk (in)
                                                         clk (net)
                      0.000828    0.000414   10.000414 ^ clkbuf_0_clk/A (sky130_fd_sc_hd__clkbuf_16)
     8    0.082920    0.152432    0.264955   10.265369 ^ clkbuf_0_clk/X (sky130_fd_sc_hd__clkbuf_16)
                                                         clknet_0_clk (net)
                      0.152635    0.003344   10.268713 ^ clkbuf_3_6__f_clk/A (sky130_fd_sc_hd__clkbuf_16)
     8    0.026630    0.075859    0.268811   10.537524 ^ clkbuf_3_6__f_clk/X (sky130_fd_sc_hd__clkbuf_16)
                                                         clknet_3_6__leaf_clk (net)
                      0.075862    0.000530   10.538054 ^ dsa[14]._9_/CLK (sky130_fd_sc_hd__dfrtp_1)
                                  0.000000   10.538054   clock reconvergence pessimism
                                 -0.284463   10.253592   library setup time
                                             10.253592   data required time
---------------------------------------------------------------------------------------------
                                             10.253592   data required time
                                             -1.877301   data arrival time
---------------------------------------------------------------------------------------------
                                              8.376290   slack (MET)


Startpoint: dsa[25]._8_ (rising edge-triggered flip-flop clocked by core_clock)
Endpoint: dsa[25]._9_ (rising edge-triggered flip-flop clocked by core_clock)
Path Group: core_clock
Path Type: max

Fanout         Cap        Slew       Delay        Time   Description
---------------------------------------------------------------------------------------------
                                  0.000000    0.000000   clock core_clock (rise edge)
                                  0.000000    0.000000   clock source latency
     1    0.014766    0.000000    0.000000    0.000000 ^ clk (in)
                                                         clk (net)
                      0.000828    0.000414    0.000414 ^ clkbuf_0_clk/A (sky130_fd_sc_hd__clkbuf_16)
     8    0.082920    0.152432    0.264955    0.265369 ^ clkbuf_0_clk/X (sky130_fd_sc_hd__clkbuf_16)
                                                         clknet_0_clk (net)
                      0.152585    0.002534    0.267903 ^ clkbuf_3_2__f_clk/A (sky130_fd_sc_hd__clkbuf_16)
    10    0.030659    0.081295    0.274394    0.542297 ^ clkbuf_3_2__f_clk/X (sky130_fd_sc_hd__clkbuf_16)
                                                         clknet_3_2__leaf_clk (net)
                      0.081305    0.000878    0.543175 ^ dsa[25]._8_/CLK (sky130_fd_sc_hd__dfrtp_1)
     2    0.005935    0.102733    0.770986    1.314161 v dsa[25]._8_/Q (sky130_fd_sc_hd__dfrtp_1)
                                                         dsa[25].last_carry (net)
                      0.102733    0.000140    1.314301 v dsa[25]._4_/B1 (sky130_fd_sc_hd__a21o_1)
     2    0.006455    0.088519    0.320335    1.634636 v dsa[25]._4_/X (sky130_fd_sc_hd__a21o_1)
                                                         dsa[25]._1_ (net)
                      0.088519    0.000149    1.634784 v dsa[25]._5_/B (sky130_fd_sc_hd__nand2_1)
     1    0.004957    0.099862    0.130269    1.765053 ^ dsa[25]._5_/Y (sky130_fd_sc_hd__nand2_1)
                                                         dsa[25]._2_ (net)
                      0.099862    0.000145    1.765199 ^ dsa[25]._6_/B (sky130_fd_sc_hd__xnor2_1)
     1    0.002283    0.083774    0.121469    1.886667 v dsa[25]._6_/Y (sky130_fd_sc_hd__xnor2_1)
                                                         dsa[25].y_out_next (net)
                      0.083774    0.000065    1.886732 v dsa[25]._9_/D (sky130_fd_sc_hd__dfrtp_1)
                                              1.886732   data arrival time

                                 10.000000   10.000000   clock core_clock (rise edge)
                                  0.000000   10.000000   clock source latency
     1    0.014766    0.000000    0.000000   10.000000 ^ clk (in)
                                                         clk (net)
                      0.000828    0.000414   10.000414 ^ clkbuf_0_clk/A (sky130_fd_sc_hd__clkbuf_16)
     8    0.082920    0.152432    0.264955   10.265369 ^ clkbuf_0_clk/X (sky130_fd_sc_hd__clkbuf_16)
                                                         clknet_0_clk (net)
                      0.152585    0.002534   10.267903 ^ clkbuf_3_2__f_clk/A (sky130_fd_sc_hd__clkbuf_16)
    10    0.030659    0.081295    0.274394   10.542297 ^ clkbuf_3_2__f_clk/X (sky130_fd_sc_hd__clkbuf_16)
                                                         clknet_3_2__leaf_clk (net)
                      0.081299    0.000656   10.542953 ^ dsa[25]._9_/CLK (sky130_fd_sc_hd__dfrtp_1)
                                  0.000000   10.542953   clock reconvergence pessimism
                                 -0.279297   10.263657   library setup time
                                             10.263657   data required time
---------------------------------------------------------------------------------------------
                                             10.263657   data required time
                                             -1.886732   data arrival time
---------------------------------------------------------------------------------------------
                                              8.376925   slack (MET)


Startpoint: dsa[17]._8_ (rising edge-triggered flip-flop clocked by core_clock)
Endpoint: dsa[17]._9_ (rising edge-triggered flip-flop clocked by core_clock)
Path Group: core_clock
Path Type: max

Fanout         Cap        Slew       Delay        Time   Description
---------------------------------------------------------------------------------------------
                                  0.000000    0.000000   clock core_clock (rise edge)
                                  0.000000    0.000000   clock source latency
     1    0.014766    0.000000    0.000000    0.000000 ^ clk (in)
                                                         clk (net)
                      0.000828    0.000414    0.000414 ^ clkbuf_0_clk/A (sky130_fd_sc_hd__clkbuf_16)
     8    0.082920    0.152432    0.264955    0.265369 ^ clkbuf_0_clk/X (sky130_fd_sc_hd__clkbuf_16)
                                                         clknet_0_clk (net)
                      0.152841    0.005549    0.270918 ^ clkbuf_3_1__f_clk/A (sky130_fd_sc_hd__clkbuf_16)
     7    0.024156    0.072633    0.265409    0.536327 ^ clkbuf_3_1__f_clk/X (sky130_fd_sc_hd__clkbuf_16)
                                                         clknet_3_1__leaf_clk (net)
                      0.072646    0.000511    0.536838 ^ dsa[17]._8_/CLK (sky130_fd_sc_hd__dfrtp_1)
     2    0.006405    0.106578    0.771286    1.308124 v dsa[17]._8_/Q (sky130_fd_sc_hd__dfrtp_1)
                                                         dsa[17].last_carry (net)
                      0.106578    0.000141    1.308265 v dsa[17]._4_/B1 (sky130_fd_sc_hd__a21o_1)
     2    0.005560    0.081834    0.315004    1.623269 v dsa[17]._4_/X (sky130_fd_sc_hd__a21o_1)
                                                         dsa[17]._1_ (net)
                      0.081834    0.000075    1.623345 v dsa[17]._5_/B (sky130_fd_sc_hd__nand2_1)
     1    0.004944    0.101793    0.126957    1.750302 ^ dsa[17]._5_/Y (sky130_fd_sc_hd__nand2_1)
                                                         dsa[17]._2_ (net)
                      0.101793    0.000145    1.750447 ^ dsa[17]._6_/B (sky130_fd_sc_hd__xnor2_1)
     1    0.002347    0.084677    0.122980    1.873427 v dsa[17]._6_/Y (sky130_fd_sc_hd__xnor2_1)
                                                         dsa[17].y_out_next (net)
                      0.084677    0.000068    1.873495 v dsa[17]._9_/D (sky130_fd_sc_hd__dfrtp_1)
                                              1.873495   data arrival time

                                 10.000000   10.000000   clock core_clock (rise edge)
                                  0.000000   10.000000   clock source latency
     1    0.014766    0.000000    0.000000   10.000000 ^ clk (in)
                                                         clk (net)
                      0.000828    0.000414   10.000414 ^ clkbuf_0_clk/A (sky130_fd_sc_hd__clkbuf_16)
     8    0.082920    0.152432    0.264955   10.265369 ^ clkbuf_0_clk/X (sky130_fd_sc_hd__clkbuf_16)
                                                         clknet_0_clk (net)
                      0.152759    0.004798   10.270167 ^ clkbuf_3_4__f_clk/A (sky130_fd_sc_hd__clkbuf_16)
     9    0.022312    0.070306    0.262757   10.532924 ^ clkbuf_3_4__f_clk/X (sky130_fd_sc_hd__clkbuf_16)
                                                         clknet_3_4__leaf_clk (net)
                      0.070329    0.000438   10.533362 ^ dsa[17]._9_/CLK (sky130_fd_sc_hd__dfrtp_1)
                                  0.000000   10.533362   clock reconvergence pessimism
                                 -0.282598   10.250764   library setup time
                                             10.250764   data required time
---------------------------------------------------------------------------------------------
                                             10.250764   data required time
                                             -1.873495   data arrival time
---------------------------------------------------------------------------------------------
                                              8.377269   slack (MET)


Startpoint: dsa[12]._8_ (rising edge-triggered flip-flop clocked by core_clock)
Endpoint: dsa[12]._9_ (rising edge-triggered flip-flop clocked by core_clock)
Path Group: core_clock
Path Type: max

Fanout         Cap        Slew       Delay        Time   Description
---------------------------------------------------------------------------------------------
                                  0.000000    0.000000   clock core_clock (rise edge)
                                  0.000000    0.000000   clock source latency
     1    0.014766    0.000000    0.000000    0.000000 ^ clk (in)
                                                         clk (net)
                      0.000828    0.000414    0.000414 ^ clkbuf_0_clk/A (sky130_fd_sc_hd__clkbuf_16)
     8    0.082920    0.152432    0.264955    0.265369 ^ clkbuf_0_clk/X (sky130_fd_sc_hd__clkbuf_16)
                                                         clknet_0_clk (net)
                      0.152635    0.003344    0.268713 ^ clkbuf_3_6__f_clk/A (sky130_fd_sc_hd__clkbuf_16)
     8    0.026630    0.075859    0.268810    0.537524 ^ clkbuf_3_6__f_clk/X (sky130_fd_sc_hd__clkbuf_16)
                                                         clknet_3_6__leaf_clk (net)
                      0.075862    0.000521    0.538044 ^ dsa[12]._8_/CLK (sky130_fd_sc_hd__dfrtp_1)
     2    0.005508    0.099345    0.764538    1.302582 v dsa[12]._8_/Q (sky130_fd_sc_hd__dfrtp_1)
                                                         dsa[12].last_carry (net)
                      0.099345    0.000133    1.302715 v dsa[12]._4_/B1 (sky130_fd_sc_hd__a21o_1)
     2    0.006117    0.085968    0.316359    1.619074 v dsa[12]._4_/X (sky130_fd_sc_hd__a21o_1)
                                                         dsa[12]._1_ (net)
                      0.085968    0.000143    1.619217 v dsa[12]._5_/B (sky130_fd_sc_hd__nand2_1)
     1    0.005057    0.102806    0.130051    1.749268 ^ dsa[12]._5_/Y (sky130_fd_sc_hd__nand2_1)
                                                         dsa[12]._2_ (net)
                      0.102806    0.000150    1.749418 ^ dsa[12]._6_/B (sky130_fd_sc_hd__xnor2_1)
     1    0.002860    0.091961    0.129765    1.879183 v dsa[12]._6_/Y (sky130_fd_sc_hd__xnor2_1)
                                                         dsa[12].y_out_next (net)
                      0.091961    0.000064    1.879246 v dsa[12]._9_/D (sky130_fd_sc_hd__dfrtp_1)
                                              1.879246   data arrival time

                                 10.000000   10.000000   clock core_clock (rise edge)
                                  0.000000   10.000000   clock source latency
     1    0.014766    0.000000    0.000000   10.000000 ^ clk (in)
                                                         clk (net)
                      0.000828    0.000414   10.000414 ^ clkbuf_0_clk/A (sky130_fd_sc_hd__clkbuf_16)
     8    0.082920    0.152432    0.264955   10.265369 ^ clkbuf_0_clk/X (sky130_fd_sc_hd__clkbuf_16)
                                                         clknet_0_clk (net)
                      0.152642    0.003448   10.268817 ^ clkbuf_3_7__f_clk/A (sky130_fd_sc_hd__clkbuf_16)
    10    0.028860    0.078843    0.271905   10.540723 ^ clkbuf_3_7__f_clk/X (sky130_fd_sc_hd__clkbuf_16)
                                                         clknet_3_7__leaf_clk (net)
                      0.078852    0.000810   10.541533 ^ dsa[12]._9_/CLK (sky130_fd_sc_hd__dfrtp_1)
                                  0.000000   10.541533   clock reconvergence pessimism
                                 -0.283363   10.258170   library setup time
                                             10.258170   data required time
---------------------------------------------------------------------------------------------
                                             10.258170   data required time
                                             -1.879246   data arrival time
---------------------------------------------------------------------------------------------
                                              8.378923   slack (MET)


Startpoint: dsa[4]._8_ (rising edge-triggered flip-flop clocked by core_clock)
Endpoint: dsa[4]._9_ (rising edge-triggered flip-flop clocked by core_clock)
Path Group: core_clock
Path Type: max

Fanout         Cap        Slew       Delay        Time   Description
---------------------------------------------------------------------------------------------
                                  0.000000    0.000000   clock core_clock (rise edge)
                                  0.000000    0.000000   clock source latency
     1    0.014766    0.000000    0.000000    0.000000 ^ clk (in)
                                                         clk (net)
                      0.000828    0.000414    0.000414 ^ clkbuf_0_clk/A (sky130_fd_sc_hd__clkbuf_16)
     8    0.082920    0.152432    0.264955    0.265369 ^ clkbuf_0_clk/X (sky130_fd_sc_hd__clkbuf_16)
                                                         clknet_0_clk (net)
                      0.152768    0.004883    0.270252 ^ clkbuf_3_5__f_clk/A (sky130_fd_sc_hd__clkbuf_16)
     8    0.028940    0.078948    0.272087    0.542339 ^ clkbuf_3_5__f_clk/X (sky130_fd_sc_hd__clkbuf_16)
                                                         clknet_3_5__leaf_clk (net)
                      0.078955    0.000759    0.543098 ^ dsa[4]._8_/CLK (sky130_fd_sc_hd__dfrtp_1)
     2    0.005454    0.098904    0.765507    1.308604 v dsa[4]._8_/Q (sky130_fd_sc_hd__dfrtp_1)
                                                         dsa[4].last_carry (net)
                      0.098904    0.000080    1.308684 v dsa[4]._4_/B1 (sky130_fd_sc_hd__a21o_1)
     2    0.005705    0.082909    0.312989    1.621673 v dsa[4]._4_/X (sky130_fd_sc_hd__a21o_1)
                                                         dsa[4]._1_ (net)
                      0.082909    0.000138    1.621811 v dsa[4]._5_/B (sky130_fd_sc_hd__nand2_1)
     1    0.005715    0.109309    0.135153    1.756963 ^ dsa[4]._5_/Y (sky130_fd_sc_hd__nand2_1)
                                                         dsa[4]._2_ (net)
                      0.109309    0.000186    1.757149 ^ dsa[4]._6_/B (sky130_fd_sc_hd__xnor2_1)
     1    0.002325    0.084389    0.125480    1.882629 v dsa[4]._6_/Y (sky130_fd_sc_hd__xnor2_1)
                                                         dsa[4].y_out_next (net)
                      0.084389    0.000067    1.882697 v dsa[4]._9_/D (sky130_fd_sc_hd__dfrtp_1)
                                              1.882697   data arrival time

                                 10.000000   10.000000   clock core_clock (rise edge)
                                  0.000000   10.000000   clock source latency
     1    0.014766    0.000000    0.000000   10.000000 ^ clk (in)
                                                         clk (net)
                      0.000828    0.000414   10.000414 ^ clkbuf_0_clk/A (sky130_fd_sc_hd__clkbuf_16)
     8    0.082920    0.152432    0.264955   10.265369 ^ clkbuf_0_clk/X (sky130_fd_sc_hd__clkbuf_16)
                                                         clknet_0_clk (net)
                      0.152768    0.004883   10.270252 ^ clkbuf_3_5__f_clk/A (sky130_fd_sc_hd__clkbuf_16)
     8    0.028940    0.078948    0.272087   10.542339 ^ clkbuf_3_5__f_clk/X (sky130_fd_sc_hd__clkbuf_16)
                                                         clknet_3_5__leaf_clk (net)
                      0.078949    0.000371   10.542711 ^ dsa[4]._9_/CLK (sky130_fd_sc_hd__dfrtp_1)
                                  0.000000   10.542711   clock reconvergence pessimism
                                 -0.280180   10.262531   library setup time
                                             10.262531   data required time
---------------------------------------------------------------------------------------------
                                             10.262531   data required time
                                             -1.882697   data arrival time
---------------------------------------------------------------------------------------------
                                              8.379835   slack (MET)


Startpoint: dsa[9]._8_ (rising edge-triggered flip-flop clocked by core_clock)
Endpoint: dsa[9]._9_ (rising edge-triggered flip-flop clocked by core_clock)
Path Group: core_clock
Path Type: max

Fanout         Cap        Slew       Delay        Time   Description
---------------------------------------------------------------------------------------------
                                  0.000000    0.000000   clock core_clock (rise edge)
                                  0.000000    0.000000   clock source latency
     1    0.014766    0.000000    0.000000    0.000000 ^ clk (in)
                                                         clk (net)
                      0.000828    0.000414    0.000414 ^ clkbuf_0_clk/A (sky130_fd_sc_hd__clkbuf_16)
     8    0.082920    0.152432    0.264955    0.265369 ^ clkbuf_0_clk/X (sky130_fd_sc_hd__clkbuf_16)
                                                         clknet_0_clk (net)
                      0.152635    0.003344    0.268713 ^ clkbuf_3_6__f_clk/A (sky130_fd_sc_hd__clkbuf_16)
     8    0.026630    0.075859    0.268810    0.537524 ^ clkbuf_3_6__f_clk/X (sky130_fd_sc_hd__clkbuf_16)
                                                         clknet_3_6__leaf_clk (net)
                      0.075864    0.000613    0.538136 ^ dsa[9]._8_/CLK (sky130_fd_sc_hd__dfrtp_1)
     2    0.005457    0.098941    0.764076    1.302212 v dsa[9]._8_/Q (sky130_fd_sc_hd__dfrtp_1)
                                                         dsa[9].last_carry (net)
                      0.098941    0.000124    1.302337 v dsa[9]._4_/B1 (sky130_fd_sc_hd__a21o_1)
     2    0.005617    0.082261    0.312327    1.614664 v dsa[9]._4_/X (sky130_fd_sc_hd__a21o_1)
                                                         dsa[9]._1_ (net)
                      0.082261    0.000143    1.614807 v dsa[9]._5_/B (sky130_fd_sc_hd__nand2_1)
     1    0.004852    0.099012    0.126261    1.741068 ^ dsa[9]._5_/Y (sky130_fd_sc_hd__nand2_1)
                                                         dsa[9]._2_ (net)
                      0.099012    0.000097    1.741166 ^ dsa[9]._6_/B (sky130_fd_sc_hd__xnor2_1)
     1    0.003267    0.097739    0.133393    1.874559 v dsa[9]._6_/Y (sky130_fd_sc_hd__xnor2_1)
                                                         dsa[9].y_out_next (net)
                      0.097739    0.000097    1.874655 v dsa[9]._9_/D (sky130_fd_sc_hd__dfrtp_1)
                                              1.874655   data arrival time

                                 10.000000   10.000000   clock core_clock (rise edge)
                                  0.000000   10.000000   clock source latency
     1    0.014766    0.000000    0.000000   10.000000 ^ clk (in)
                                                         clk (net)
                      0.000828    0.000414   10.000414 ^ clkbuf_0_clk/A (sky130_fd_sc_hd__clkbuf_16)
     8    0.082920    0.152432    0.264955   10.265369 ^ clkbuf_0_clk/X (sky130_fd_sc_hd__clkbuf_16)
                                                         clknet_0_clk (net)
                      0.152642    0.003448   10.268817 ^ clkbuf_3_7__f_clk/A (sky130_fd_sc_hd__clkbuf_16)
    10    0.028860    0.078843    0.271905   10.540723 ^ clkbuf_3_7__f_clk/X (sky130_fd_sc_hd__clkbuf_16)
                                                         clknet_3_7__leaf_clk (net)
                      0.078846    0.000529   10.541252 ^ dsa[9]._9_/CLK (sky130_fd_sc_hd__dfrtp_1)
                                  0.000000   10.541252   clock reconvergence pessimism
                                 -0.285774   10.255478   library setup time
                                             10.255478   data required time
---------------------------------------------------------------------------------------------
                                             10.255478   data required time
                                             -1.874655   data arrival time
---------------------------------------------------------------------------------------------
                                              8.380822   slack (MET)


Startpoint: dsa[6]._8_ (rising edge-triggered flip-flop clocked by core_clock)
Endpoint: dsa[6]._9_ (rising edge-triggered flip-flop clocked by core_clock)
Path Group: core_clock
Path Type: max

Fanout         Cap        Slew       Delay        Time   Description
---------------------------------------------------------------------------------------------
                                  0.000000    0.000000   clock core_clock (rise edge)
                                  0.000000    0.000000   clock source latency
     1    0.014766    0.000000    0.000000    0.000000 ^ clk (in)
                                                         clk (net)
                      0.000828    0.000414    0.000414 ^ clkbuf_0_clk/A (sky130_fd_sc_hd__clkbuf_16)
     8    0.082920    0.152432    0.264955    0.265369 ^ clkbuf_0_clk/X (sky130_fd_sc_hd__clkbuf_16)
                                                         clknet_0_clk (net)
                      0.152768    0.004883    0.270252 ^ clkbuf_3_5__f_clk/A (sky130_fd_sc_hd__clkbuf_16)
     8    0.028940    0.078948    0.272087    0.542339 ^ clkbuf_3_5__f_clk/X (sky130_fd_sc_hd__clkbuf_16)
                                                         clknet_3_5__leaf_clk (net)
                      0.078954    0.000694    0.543034 ^ dsa[6]._8_/CLK (sky130_fd_sc_hd__dfrtp_1)
     2    0.005954    0.102874    0.770091    1.313124 v dsa[6]._8_/Q (sky130_fd_sc_hd__dfrtp_1)
                                                         dsa[6].last_carry (net)
                      0.102874    0.000129    1.313253 v dsa[6]._4_/B1 (sky130_fd_sc_hd__a21o_1)
     2    0.006183    0.086460    0.318292    1.631545 v dsa[6]._4_/X (sky130_fd_sc_hd__a21o_1)
                                                         dsa[6]._1_ (net)
                      0.086460    0.000083    1.631628 v dsa[6]._5_/B (sky130_fd_sc_hd__nand2_1)
     1    0.004881    0.100628    0.128524    1.760152 ^ dsa[6]._5_/Y (sky130_fd_sc_hd__nand2_1)
                                                         dsa[6]._2_ (net)
                      0.100628    0.000143    1.760295 ^ dsa[6]._6_/B (sky130_fd_sc_hd__xnor2_1)
     1    0.002218    0.082854    0.120934    1.881229 v dsa[6]._6_/Y (sky130_fd_sc_hd__xnor2_1)
                                                         dsa[6].y_out_next (net)
                      0.082854    0.000061    1.881291 v dsa[6]._9_/D (sky130_fd_sc_hd__dfrtp_1)
                                              1.881291   data arrival time

                                 10.000000   10.000000   clock core_clock (rise edge)
                                  0.000000   10.000000   clock source latency
     1    0.014766    0.000000    0.000000   10.000000 ^ clk (in)
                                                         clk (net)
                      0.000828    0.000414   10.000414 ^ clkbuf_0_clk/A (sky130_fd_sc_hd__clkbuf_16)
     8    0.082920    0.152432    0.264955   10.265369 ^ clkbuf_0_clk/X (sky130_fd_sc_hd__clkbuf_16)
                                                         clknet_0_clk (net)
                      0.152768    0.004883   10.270252 ^ clkbuf_3_5__f_clk/A (sky130_fd_sc_hd__clkbuf_16)
     8    0.028940    0.078948    0.272087   10.542339 ^ clkbuf_3_5__f_clk/X (sky130_fd_sc_hd__clkbuf_16)
                                                         clknet_3_5__leaf_clk (net)
                      0.078953    0.000680   10.543020 ^ dsa[6]._9_/CLK (sky130_fd_sc_hd__dfrtp_1)
                                  0.000000   10.543020   clock reconvergence pessimism
                                 -0.279538   10.263482   library setup time
                                             10.263482   data required time
---------------------------------------------------------------------------------------------
                                             10.263482   data required time
                                             -1.881291   data arrival time
---------------------------------------------------------------------------------------------
                                              8.382191   slack (MET)


Startpoint: dsa[1]._8_ (rising edge-triggered flip-flop clocked by core_clock)
Endpoint: dsa[1]._9_ (rising edge-triggered flip-flop clocked by core_clock)
Path Group: core_clock
Path Type: max

Fanout         Cap        Slew       Delay        Time   Description
---------------------------------------------------------------------------------------------
                                  0.000000    0.000000   clock core_clock (rise edge)
                                  0.000000    0.000000   clock source latency
     1    0.014766    0.000000    0.000000    0.000000 ^ clk (in)
                                                         clk (net)
                      0.000828    0.000414    0.000414 ^ clkbuf_0_clk/A (sky130_fd_sc_hd__clkbuf_16)
     8    0.082920    0.152432    0.264955    0.265369 ^ clkbuf_0_clk/X (sky130_fd_sc_hd__clkbuf_16)
                                                         clknet_0_clk (net)
                      0.152642    0.003448    0.268817 ^ clkbuf_3_7__f_clk/A (sky130_fd_sc_hd__clkbuf_16)
    10    0.028860    0.078843    0.271905    0.540722 ^ clkbuf_3_7__f_clk/X (sky130_fd_sc_hd__clkbuf_16)
                                                         clknet_3_7__leaf_clk (net)
                      0.078854    0.000876    0.541598 ^ dsa[1]._8_/CLK (sky130_fd_sc_hd__dfrtp_1)
     2    0.006121    0.104221    0.771587    1.313186 v dsa[1]._8_/Q (sky130_fd_sc_hd__dfrtp_1)
                                                         dsa[1].last_carry (net)
                      0.104221    0.000120    1.313305 v dsa[1]._4_/B1 (sky130_fd_sc_hd__a21o_1)
     2    0.005501    0.081406    0.313572    1.626877 v dsa[1]._4_/X (sky130_fd_sc_hd__a21o_1)
                                                         dsa[1]._1_ (net)
                      0.081406    0.000137    1.627014 v dsa[1]._5_/B (sky130_fd_sc_hd__nand2_1)
     1    0.004796    0.098326    0.125271    1.752285 ^ dsa[1]._5_/Y (sky130_fd_sc_hd__nand2_1)
                                                         dsa[1]._2_ (net)
                      0.098326    0.000139    1.752425 ^ dsa[1]._6_/B (sky130_fd_sc_hd__xnor2_1)
     1    0.002326    0.084359    0.121425    1.873850 v dsa[1]._6_/Y (sky130_fd_sc_hd__xnor2_1)
                                                         dsa[1].y_out_next (net)
                      0.084359    0.000067    1.873916 v dsa[1]._9_/D (sky130_fd_sc_hd__dfrtp_1)
                                              1.873916   data arrival time

                                 10.000000   10.000000   clock core_clock (rise edge)
                                  0.000000   10.000000   clock source latency
     1    0.014766    0.000000    0.000000   10.000000 ^ clk (in)
                                                         clk (net)
                      0.000828    0.000414   10.000414 ^ clkbuf_0_clk/A (sky130_fd_sc_hd__clkbuf_16)
     8    0.082920    0.152432    0.264955   10.265369 ^ clkbuf_0_clk/X (sky130_fd_sc_hd__clkbuf_16)
                                                         clknet_0_clk (net)
                      0.152642    0.003448   10.268817 ^ clkbuf_3_7__f_clk/A (sky130_fd_sc_hd__clkbuf_16)
    10    0.028860    0.078843    0.271905   10.540723 ^ clkbuf_3_7__f_clk/X (sky130_fd_sc_hd__clkbuf_16)
                                                         clknet_3_7__leaf_clk (net)
                      0.078848    0.000645   10.541368 ^ dsa[1]._9_/CLK (sky130_fd_sc_hd__dfrtp_1)
                                  0.000000   10.541368   clock reconvergence pessimism
                                 -0.280194   10.261173   library setup time
                                             10.261173   data required time
---------------------------------------------------------------------------------------------
                                             10.261173   data required time
                                             -1.873916   data arrival time
---------------------------------------------------------------------------------------------
                                              8.387258   slack (MET)


Startpoint: dsa[10]._8_ (rising edge-triggered flip-flop clocked by core_clock)
Endpoint: dsa[10]._9_ (rising edge-triggered flip-flop clocked by core_clock)
Path Group: core_clock
Path Type: max

Fanout         Cap        Slew       Delay        Time   Description
---------------------------------------------------------------------------------------------
                                  0.000000    0.000000   clock core_clock (rise edge)
                                  0.000000    0.000000   clock source latency
     1    0.014766    0.000000    0.000000    0.000000 ^ clk (in)
                                                         clk (net)
                      0.000828    0.000414    0.000414 ^ clkbuf_0_clk/A (sky130_fd_sc_hd__clkbuf_16)
     8    0.082920    0.152432    0.264955    0.265369 ^ clkbuf_0_clk/X (sky130_fd_sc_hd__clkbuf_16)
                                                         clknet_0_clk (net)
                      0.152635    0.003344    0.268713 ^ clkbuf_3_6__f_clk/A (sky130_fd_sc_hd__clkbuf_16)
     8    0.026630    0.075859    0.268810    0.537524 ^ clkbuf_3_6__f_clk/X (sky130_fd_sc_hd__clkbuf_16)
                                                         clknet_3_6__leaf_clk (net)
                      0.075864    0.000595    0.538119 ^ dsa[10]._8_/CLK (sky130_fd_sc_hd__dfrtp_1)
     2    0.005712    0.100955    0.766418    1.304537 v dsa[10]._8_/Q (sky130_fd_sc_hd__dfrtp_1)
                                                         dsa[10].last_carry (net)
                      0.100955    0.000146    1.304683 v dsa[10]._4_/B1 (sky130_fd_sc_hd__a21o_1)
     2    0.005337    0.080215    0.310984    1.615668 v dsa[10]._4_/X (sky130_fd_sc_hd__a21o_1)
                                                         dsa[10]._1_ (net)
                      0.080215    0.000125    1.615793 v dsa[10]._5_/B (sky130_fd_sc_hd__nand2_1)
     1    0.004809    0.098162    0.124832    1.740625 ^ dsa[10]._5_/Y (sky130_fd_sc_hd__nand2_1)
                                                         dsa[10]._2_ (net)
                      0.098162    0.000140    1.740765 ^ dsa[10]._6_/B (sky130_fd_sc_hd__xnor2_1)
     1    0.002486    0.086629    0.123359    1.864124 v dsa[10]._6_/Y (sky130_fd_sc_hd__xnor2_1)
                                                         dsa[10].y_out_next (net)
                      0.086629    0.000070    1.864194 v dsa[10]._9_/D (sky130_fd_sc_hd__dfrtp_1)
                                              1.864194   data arrival time

                                 10.000000   10.000000   clock core_clock (rise edge)
                                  0.000000   10.000000   clock source latency
     1    0.014766    0.000000    0.000000   10.000000 ^ clk (in)
                                                         clk (net)
                      0.000828    0.000414   10.000414 ^ clkbuf_0_clk/A (sky130_fd_sc_hd__clkbuf_16)
     8    0.082920    0.152432    0.264955   10.265369 ^ clkbuf_0_clk/X (sky130_fd_sc_hd__clkbuf_16)
                                                         clknet_0_clk (net)
                      0.152635    0.003344   10.268713 ^ clkbuf_3_6__f_clk/A (sky130_fd_sc_hd__clkbuf_16)
     8    0.026630    0.075859    0.268811   10.537524 ^ clkbuf_3_6__f_clk/X (sky130_fd_sc_hd__clkbuf_16)
                                                         clknet_3_6__leaf_clk (net)
                      0.075863    0.000560   10.538084 ^ dsa[10]._9_/CLK (sky130_fd_sc_hd__dfrtp_1)
                                  0.000000   10.538084   clock reconvergence pessimism
                                 -0.281936   10.256148   library setup time
                                             10.256148   data required time
---------------------------------------------------------------------------------------------
                                             10.256148   data required time
                                             -1.864194   data arrival time
---------------------------------------------------------------------------------------------
                                              8.391954   slack (MET)


Startpoint: dsa[13]._8_ (rising edge-triggered flip-flop clocked by core_clock)
Endpoint: dsa[13]._9_ (rising edge-triggered flip-flop clocked by core_clock)
Path Group: core_clock
Path Type: max

Fanout         Cap        Slew       Delay        Time   Description
---------------------------------------------------------------------------------------------
                                  0.000000    0.000000   clock core_clock (rise edge)
                                  0.000000    0.000000   clock source latency
     1    0.014766    0.000000    0.000000    0.000000 ^ clk (in)
                                                         clk (net)
                      0.000828    0.000414    0.000414 ^ clkbuf_0_clk/A (sky130_fd_sc_hd__clkbuf_16)
     8    0.082920    0.152432    0.264955    0.265369 ^ clkbuf_0_clk/X (sky130_fd_sc_hd__clkbuf_16)
                                                         clknet_0_clk (net)
                      0.152577    0.002367    0.267736 ^ clkbuf_3_3__f_clk/A (sky130_fd_sc_hd__clkbuf_16)
     9    0.026566    0.075778    0.268666    0.536402 ^ clkbuf_3_3__f_clk/X (sky130_fd_sc_hd__clkbuf_16)
                                                         clknet_3_3__leaf_clk (net)
                      0.075783    0.000651    0.537053 ^ dsa[13]._8_/CLK (sky130_fd_sc_hd__dfrtp_1)
     2    0.005553    0.099697    0.764939    1.301992 v dsa[13]._8_/Q (sky130_fd_sc_hd__dfrtp_1)
                                                         dsa[13].last_carry (net)
                      0.099697    0.000081    1.302074 v dsa[13]._4_/B1 (sky130_fd_sc_hd__a21o_1)
     2    0.005469    0.081177    0.311493    1.613567 v dsa[13]._4_/X (sky130_fd_sc_hd__a21o_1)
                                                         dsa[13]._1_ (net)
                      0.081177    0.000130    1.613697 v dsa[13]._5_/B (sky130_fd_sc_hd__nand2_1)
     1    0.005085    0.101757    0.128043    1.741741 ^ dsa[13]._5_/Y (sky130_fd_sc_hd__nand2_1)
                                                         dsa[13]._2_ (net)
                      0.101757    0.000156    1.741896 ^ dsa[13]._6_/B (sky130_fd_sc_hd__xnor2_1)
     1    0.002231    0.083040    0.121509    1.863406 v dsa[13]._6_/Y (sky130_fd_sc_hd__xnor2_1)
                                                         dsa[13].y_out_next (net)
                      0.083040    0.000063    1.863469 v dsa[13]._9_/D (sky130_fd_sc_hd__dfrtp_1)
                                              1.863469   data arrival time

                                 10.000000   10.000000   clock core_clock (rise edge)
                                  0.000000   10.000000   clock source latency
     1    0.014766    0.000000    0.000000   10.000000 ^ clk (in)
                                                         clk (net)
                      0.000828    0.000414   10.000414 ^ clkbuf_0_clk/A (sky130_fd_sc_hd__clkbuf_16)
     8    0.082920    0.152432    0.264955   10.265369 ^ clkbuf_0_clk/X (sky130_fd_sc_hd__clkbuf_16)
                                                         clknet_0_clk (net)
                      0.152577    0.002367   10.267736 ^ clkbuf_3_3__f_clk/A (sky130_fd_sc_hd__clkbuf_16)
     9    0.026566    0.075778    0.268665   10.536402 ^ clkbuf_3_3__f_clk/X (sky130_fd_sc_hd__clkbuf_16)
                                                         clknet_3_3__leaf_clk (net)
                      0.075784    0.000660   10.537062 ^ dsa[13]._9_/CLK (sky130_fd_sc_hd__dfrtp_1)
                                  0.000000   10.537062   clock reconvergence pessimism
                                 -0.280461   10.256600   library setup time
                                             10.256600   data required time
---------------------------------------------------------------------------------------------
                                             10.256600   data required time
                                             -1.863469   data arrival time
---------------------------------------------------------------------------------------------
                                              8.393132   slack (MET)


Startpoint: dsa[0]._8_ (rising edge-triggered flip-flop clocked by core_clock)
Endpoint: dsa[0]._9_ (rising edge-triggered flip-flop clocked by core_clock)
Path Group: core_clock
Path Type: max

Fanout         Cap        Slew       Delay        Time   Description
---------------------------------------------------------------------------------------------
                                  0.000000    0.000000   clock core_clock (rise edge)
                                  0.000000    0.000000   clock source latency
     1    0.014766    0.000000    0.000000    0.000000 ^ clk (in)
                                                         clk (net)
                      0.000828    0.000414    0.000414 ^ clkbuf_0_clk/A (sky130_fd_sc_hd__clkbuf_16)
     8    0.082920    0.152432    0.264955    0.265369 ^ clkbuf_0_clk/X (sky130_fd_sc_hd__clkbuf_16)
                                                         clknet_0_clk (net)
                      0.152642    0.003448    0.268817 ^ clkbuf_3_7__f_clk/A (sky130_fd_sc_hd__clkbuf_16)
    10    0.028860    0.078843    0.271905    0.540722 ^ clkbuf_3_7__f_clk/X (sky130_fd_sc_hd__clkbuf_16)
                                                         clknet_3_7__leaf_clk (net)
                      0.078853    0.000854    0.541577 ^ dsa[0]._8_/CLK (sky130_fd_sc_hd__dfrtp_1)
     2    0.005134    0.096421    0.762522    1.304099 v dsa[0]._8_/Q (sky130_fd_sc_hd__dfrtp_1)
                                                         dsa[0].last_carry (net)
                      0.096421    0.000077    1.304176 v dsa[0]._4_/B1 (sky130_fd_sc_hd__a21o_1)
     2    0.005626    0.082328    0.311374    1.615550 v dsa[0]._4_/X (sky130_fd_sc_hd__a21o_1)
                                                         dsa[0]._1_ (net)
                      0.082328    0.000137    1.615687 v dsa[0]._5_/B (sky130_fd_sc_hd__nand2_1)
     1    0.005220    0.103625    0.129939    1.745626 ^ dsa[0]._5_/Y (sky130_fd_sc_hd__nand2_1)
                                                         dsa[0]._2_ (net)
                      0.103625    0.000164    1.745791 ^ dsa[0]._6_/B (sky130_fd_sc_hd__xnor2_1)
     1    0.002172    0.082225    0.121467    1.867257 v dsa[0]._6_/Y (sky130_fd_sc_hd__xnor2_1)
                                                         dsa[0].y_out_next (net)
                      0.082225    0.000060    1.867317 v dsa[0]._9_/D (sky130_fd_sc_hd__dfrtp_1)
                                              1.867317   data arrival time

                                 10.000000   10.000000   clock core_clock (rise edge)
                                  0.000000   10.000000   clock source latency
     1    0.014766    0.000000    0.000000   10.000000 ^ clk (in)
                                                         clk (net)
                      0.000828    0.000414   10.000414 ^ clkbuf_0_clk/A (sky130_fd_sc_hd__clkbuf_16)
     8    0.082920    0.152432    0.264955   10.265369 ^ clkbuf_0_clk/X (sky130_fd_sc_hd__clkbuf_16)
                                                         clknet_0_clk (net)
                      0.152642    0.003448   10.268817 ^ clkbuf_3_7__f_clk/A (sky130_fd_sc_hd__clkbuf_16)
    10    0.028860    0.078843    0.271905   10.540723 ^ clkbuf_3_7__f_clk/X (sky130_fd_sc_hd__clkbuf_16)
                                                         clknet_3_7__leaf_clk (net)
                      0.078848    0.000680   10.541403 ^ dsa[0]._9_/CLK (sky130_fd_sc_hd__dfrtp_1)
                                  0.000000   10.541403   clock reconvergence pessimism
                                 -0.279304   10.262099   library setup time
                                             10.262099   data required time
---------------------------------------------------------------------------------------------
                                             10.262099   data required time
                                             -1.867317   data arrival time
---------------------------------------------------------------------------------------------
                                              8.394782   slack (MET)


Startpoint: dsa[7]._8_ (rising edge-triggered flip-flop clocked by core_clock)
Endpoint: dsa[7]._9_ (rising edge-triggered flip-flop clocked by core_clock)
Path Group: core_clock
Path Type: max

Fanout         Cap        Slew       Delay        Time   Description
---------------------------------------------------------------------------------------------
                                  0.000000    0.000000   clock core_clock (rise edge)
                                  0.000000    0.000000   clock source latency
     1    0.014766    0.000000    0.000000    0.000000 ^ clk (in)
                                                         clk (net)
                      0.000828    0.000414    0.000414 ^ clkbuf_0_clk/A (sky130_fd_sc_hd__clkbuf_16)
     8    0.082920    0.152432    0.264955    0.265369 ^ clkbuf_0_clk/X (sky130_fd_sc_hd__clkbuf_16)
                                                         clknet_0_clk (net)
                      0.152759    0.004798    0.270167 ^ clkbuf_3_4__f_clk/A (sky130_fd_sc_hd__clkbuf_16)
     9    0.022312    0.070306    0.262757    0.532924 ^ clkbuf_3_4__f_clk/X (sky130_fd_sc_hd__clkbuf_16)
                                                         clknet_3_4__leaf_clk (net)
                      0.070329    0.000463    0.533387 ^ dsa[7]._8_/CLK (sky130_fd_sc_hd__dfrtp_1)
     2    0.005239    0.097249    0.759479    1.292866 v dsa[7]._8_/Q (sky130_fd_sc_hd__dfrtp_1)
                                                         dsa[7].last_carry (net)
                      0.097249    0.000125    1.292991 v dsa[7]._4_/B1 (sky130_fd_sc_hd__a21o_1)
     2    0.005342    0.080246    0.309544    1.602535 v dsa[7]._4_/X (sky130_fd_sc_hd__a21o_1)
                                                         dsa[7]._1_ (net)
                      0.080246    0.000100    1.602636 v dsa[7]._5_/B (sky130_fd_sc_hd__nand2_1)
     1    0.004680    0.096846    0.123585    1.726220 ^ dsa[7]._5_/Y (sky130_fd_sc_hd__nand2_1)
                                                         dsa[7]._2_ (net)
                      0.096846    0.000092    1.726312 ^ dsa[7]._6_/B (sky130_fd_sc_hd__xnor2_1)
     1    0.002779    0.090846    0.126510    1.852822 v dsa[7]._6_/Y (sky130_fd_sc_hd__xnor2_1)
                                                         dsa[7].y_out_next (net)
                      0.090846    0.000083    1.852905 v dsa[7]._9_/D (sky130_fd_sc_hd__dfrtp_1)
                                              1.852905   data arrival time

                                 10.000000   10.000000   clock core_clock (rise edge)
                                  0.000000   10.000000   clock source latency
     1    0.014766    0.000000    0.000000   10.000000 ^ clk (in)
                                                         clk (net)
                      0.000828    0.000414   10.000414 ^ clkbuf_0_clk/A (sky130_fd_sc_hd__clkbuf_16)
     8    0.082920    0.152432    0.264955   10.265369 ^ clkbuf_0_clk/X (sky130_fd_sc_hd__clkbuf_16)
                                                         clknet_0_clk (net)
                      0.152759    0.004798   10.270167 ^ clkbuf_3_4__f_clk/A (sky130_fd_sc_hd__clkbuf_16)
     9    0.022312    0.070306    0.262757   10.532924 ^ clkbuf_3_4__f_clk/X (sky130_fd_sc_hd__clkbuf_16)
                                                         clknet_3_4__leaf_clk (net)
                      0.070329    0.000415   10.533339 ^ dsa[7]._9_/CLK (sky130_fd_sc_hd__dfrtp_1)
                                  0.000000   10.533339   clock reconvergence pessimism
                                 -0.285171   10.248168   library setup time
                                             10.248168   data required time
---------------------------------------------------------------------------------------------
                                             10.248168   data required time
                                             -1.852905   data arrival time
---------------------------------------------------------------------------------------------
                                              8.395263   slack (MET)


Startpoint: dsa[20]._8_ (rising edge-triggered flip-flop clocked by core_clock)
Endpoint: dsa[20]._9_ (rising edge-triggered flip-flop clocked by core_clock)
Path Group: core_clock
Path Type: max

Fanout         Cap        Slew       Delay        Time   Description
---------------------------------------------------------------------------------------------
                                  0.000000    0.000000   clock core_clock (rise edge)
                                  0.000000    0.000000   clock source latency
     1    0.014766    0.000000    0.000000    0.000000 ^ clk (in)
                                                         clk (net)
                      0.000828    0.000414    0.000414 ^ clkbuf_0_clk/A (sky130_fd_sc_hd__clkbuf_16)
     8    0.082920    0.152432    0.264955    0.265369 ^ clkbuf_0_clk/X (sky130_fd_sc_hd__clkbuf_16)
                                                         clknet_0_clk (net)
                      0.152841    0.005549    0.270918 ^ clkbuf_3_1__f_clk/A (sky130_fd_sc_hd__clkbuf_16)
     7    0.024156    0.072633    0.265409    0.536327 ^ clkbuf_3_1__f_clk/X (sky130_fd_sc_hd__clkbuf_16)
                                                         clknet_3_1__leaf_clk (net)
                      0.072644    0.000447    0.536774 ^ dsa[20]._8_/CLK (sky130_fd_sc_hd__dfrtp_1)
     2    0.005838    0.101980    0.766067    1.302841 v dsa[20]._8_/Q (sky130_fd_sc_hd__dfrtp_1)
                                                         dsa[20].last_carry (net)
                      0.101980    0.000156    1.302997 v dsa[20]._4_/B1 (sky130_fd_sc_hd__a21o_1)
     2    0.005459    0.081095    0.312359    1.615357 v dsa[20]._4_/X (sky130_fd_sc_hd__a21o_1)
                                                         dsa[20]._1_ (net)
                      0.081095    0.000097    1.615453 v dsa[20]._5_/B (sky130_fd_sc_hd__nand2_1)
     1    0.004798    0.099255    0.125144    1.740598 ^ dsa[20]._5_/Y (sky130_fd_sc_hd__nand2_1)
                                                         dsa[20]._2_ (net)
                      0.099255    0.000139    1.740737 ^ dsa[20]._6_/B (sky130_fd_sc_hd__xnor2_1)
     1    0.002328    0.084395    0.121800    1.862537 v dsa[20]._6_/Y (sky130_fd_sc_hd__xnor2_1)
                                                         dsa[20].y_out_next (net)
                      0.084395    0.000065    1.862601 v dsa[20]._9_/D (sky130_fd_sc_hd__dfrtp_1)
                                              1.862601   data arrival time

                                 10.000000   10.000000   clock core_clock (rise edge)
                                  0.000000   10.000000   clock source latency
     1    0.014766    0.000000    0.000000   10.000000 ^ clk (in)
                                                         clk (net)
                      0.000828    0.000414   10.000414 ^ clkbuf_0_clk/A (sky130_fd_sc_hd__clkbuf_16)
     8    0.082920    0.152432    0.264955   10.265369 ^ clkbuf_0_clk/X (sky130_fd_sc_hd__clkbuf_16)
                                                         clknet_0_clk (net)
                      0.152848    0.005604   10.270973 ^ clkbuf_3_0__f_clk/A (sky130_fd_sc_hd__clkbuf_16)
    10    0.031708    0.082731    0.276027   10.547000 ^ clkbuf_3_0__f_clk/X (sky130_fd_sc_hd__clkbuf_16)
                                                         clknet_3_0__leaf_clk (net)
                      0.082733    0.000512   10.547512 ^ dsa[20]._9_/CLK (sky130_fd_sc_hd__dfrtp_1)
                                  0.000000   10.547512   clock reconvergence pessimism
                                 -0.279173   10.268339   library setup time
                                             10.268339   data required time
---------------------------------------------------------------------------------------------
                                             10.268339   data required time
                                             -1.862601   data arrival time
---------------------------------------------------------------------------------------------
                                              8.405738   slack (MET)


Startpoint: dsa[0]._8_ (rising edge-triggered flip-flop clocked by core_clock)
Endpoint: dsa[0]._8_ (rising edge-triggered flip-flop clocked by core_clock)
Path Group: core_clock
Path Type: max

Fanout         Cap        Slew       Delay        Time   Description
---------------------------------------------------------------------------------------------
                                  0.000000    0.000000   clock core_clock (rise edge)
                                  0.000000    0.000000   clock source latency
     1    0.014766    0.000000    0.000000    0.000000 ^ clk (in)
                                                         clk (net)
                      0.000828    0.000414    0.000414 ^ clkbuf_0_clk/A (sky130_fd_sc_hd__clkbuf_16)
     8    0.082920    0.152432    0.264955    0.265369 ^ clkbuf_0_clk/X (sky130_fd_sc_hd__clkbuf_16)
                                                         clknet_0_clk (net)
                      0.152642    0.003448    0.268817 ^ clkbuf_3_7__f_clk/A (sky130_fd_sc_hd__clkbuf_16)
    10    0.028860    0.078843    0.271905    0.540722 ^ clkbuf_3_7__f_clk/X (sky130_fd_sc_hd__clkbuf_16)
                                                         clknet_3_7__leaf_clk (net)
                      0.078853    0.000854    0.541577 ^ dsa[0]._8_/CLK (sky130_fd_sc_hd__dfrtp_1)
     2    0.005134    0.096421    0.762522    1.304099 v dsa[0]._8_/Q (sky130_fd_sc_hd__dfrtp_1)
                                                         dsa[0].last_carry (net)
                      0.096421    0.000083    1.304182 v dsa[0]._3_/A (sky130_fd_sc_hd__nand3_1)
     2    0.005225    0.131131    0.141140    1.445322 ^ dsa[0]._3_/Y (sky130_fd_sc_hd__nand3_1)
                                                         dsa[0]._0_ (net)
                      0.131131    0.000141    1.445463 ^ dsa[0]._7_/B1_N (sky130_fd_sc_hd__a21bo_1)
     1    0.002389    0.058539    0.379130    1.824593 v dsa[0]._7_/X (sky130_fd_sc_hd__a21bo_1)
                                                         dsa[0].last_carry_next (net)
                      0.058539    0.000070    1.824663 v dsa[0]._8_/D (sky130_fd_sc_hd__dfrtp_1)
                                              1.824663   data arrival time

                                 10.000000   10.000000   clock core_clock (rise edge)
                                  0.000000   10.000000   clock source latency
     1    0.014766    0.000000    0.000000   10.000000 ^ clk (in)
                                                         clk (net)
                      0.000828    0.000414   10.000414 ^ clkbuf_0_clk/A (sky130_fd_sc_hd__clkbuf_16)
     8    0.082920    0.152432    0.264955   10.265369 ^ clkbuf_0_clk/X (sky130_fd_sc_hd__clkbuf_16)
                                                         clknet_0_clk (net)
                      0.152642    0.003448   10.268817 ^ clkbuf_3_7__f_clk/A (sky130_fd_sc_hd__clkbuf_16)
    10    0.028860    0.078843    0.271905   10.540723 ^ clkbuf_3_7__f_clk/X (sky130_fd_sc_hd__clkbuf_16)
                                                         clknet_3_7__leaf_clk (net)
                      0.078853    0.000854   10.541576 ^ dsa[0]._8_/CLK (sky130_fd_sc_hd__dfrtp_1)
                                  0.000000   10.541576   clock reconvergence pessimism
                                 -0.269426   10.272151   library setup time
                                             10.272151   data required time
---------------------------------------------------------------------------------------------
                                             10.272151   data required time
                                             -1.824663   data arrival time
---------------------------------------------------------------------------------------------
                                              8.447488   slack (MET)



