
===========================================================================
report_checks -path_delay min (Hold)
============================================================================
======================= nom_ss_100C_1v60 Corner ===================================

Startpoint: dsa[25]._9_ (rising edge-triggered flip-flop clocked by core_clock)
Endpoint: dsa[26]._9_ (rising edge-triggered flip-flop clocked by core_clock)
Path Group: core_clock
Path Type: min

Fanout         Cap        Slew       Delay        Time   Description
---------------------------------------------------------------------------------------------
                                  0.000000    0.000000   clock core_clock (rise edge)
                                  0.000000    0.000000   clock source latency
     1    0.014766    0.000000    0.000000    0.000000 ^ clk (in)
                                                         clk (net)
                      0.000828    0.000414    0.000414 ^ clkbuf_0_clk/A (sky130_fd_sc_hd__clkbuf_16)
     8    0.082920    0.152432    0.264955    0.265369 ^ clkbuf_0_clk/X (sky130_fd_sc_hd__clkbuf_16)
                                                         clknet_0_clk (net)
                      0.152585    0.002534    0.267903 ^ clkbuf_3_2__f_clk/A (sky130_fd_sc_hd__clkbuf_16)
    10    0.030659    0.081295    0.274394    0.542297 ^ clkbuf_3_2__f_clk/X (sky130_fd_sc_hd__clkbuf_16)
                                                         clknet_3_2__leaf_clk (net)
                      0.081299    0.000656    0.542953 ^ dsa[25]._9_/CLK (sky130_fd_sc_hd__dfrtp_1)
     2    0.008254    0.143821    0.703109    1.246062 ^ dsa[25]._9_/Q (sky130_fd_sc_hd__dfrtp_1)
                                                         dsa[25].y_out (net)
                      0.143821    0.000139    1.246201 ^ dsa[26]._6_/A (sky130_fd_sc_hd__xnor2_1)
     1    0.002269    0.065421    0.155931    1.402132 v dsa[26]._6_/Y (sky130_fd_sc_hd__xnor2_1)
                                                         dsa[26].y_out_next (net)
                      0.065421    0.000064    1.402196 v dsa[26]._9_/D (sky130_fd_sc_hd__dfrtp_1)
                                              1.402196   data arrival time

                                  0.000000    0.000000   clock core_clock (rise edge)
                                  0.000000    0.000000   clock source latency
     1    0.014766    0.000000    0.000000    0.000000 ^ clk (in)
                                                         clk (net)
                      0.000828    0.000414    0.000414 ^ clkbuf_0_clk/A (sky130_fd_sc_hd__clkbuf_16)
     8    0.082920    0.152432    0.264955    0.265369 ^ clkbuf_0_clk/X (sky130_fd_sc_hd__clkbuf_16)
                                                         clknet_0_clk (net)
                      0.152585    0.002534    0.267903 ^ clkbuf_3_2__f_clk/A (sky130_fd_sc_hd__clkbuf_16)
    10    0.030659    0.081295    0.274394    0.542297 ^ clkbuf_3_2__f_clk/X (sky130_fd_sc_hd__clkbuf_16)
                                                         clknet_3_2__leaf_clk (net)
                      0.081302    0.000787    0.543084 ^ dsa[26]._9_/CLK (sky130_fd_sc_hd__dfrtp_1)
                                  0.000000    0.543084   clock reconvergence pessimism
                                 -0.092784    0.450299   library hold time
                                              0.450299   data required time
---------------------------------------------------------------------------------------------
                                              0.450299   data required time
                                             -1.402196   data arrival time
---------------------------------------------------------------------------------------------
                                              0.951897   slack (MET)


Startpoint: dsa[0]._9_ (rising edge-triggered flip-flop clocked by core_clock)
Endpoint: dsa[1]._9_ (rising edge-triggered flip-flop clocked by core_clock)
Path Group: core_clock
Path Type: min

Fanout         Cap        Slew       Delay        Time   Description
---------------------------------------------------------------------------------------------
                                  0.000000    0.000000   clock core_clock (rise edge)
                                  0.000000    0.000000   clock source latency
     1    0.014766    0.000000    0.000000    0.000000 ^ clk (in)
                                                         clk (net)
                      0.000828    0.000414    0.000414 ^ clkbuf_0_clk/A (sky130_fd_sc_hd__clkbuf_16)
     8    0.082920    0.152432    0.264955    0.265369 ^ clkbuf_0_clk/X (sky130_fd_sc_hd__clkbuf_16)
                                                         clknet_0_clk (net)
                      0.152642    0.003448    0.268817 ^ clkbuf_3_7__f_clk/A (sky130_fd_sc_hd__clkbuf_16)
    10    0.028860    0.078843    0.271905    0.540722 ^ clkbuf_3_7__f_clk/X (sky130_fd_sc_hd__clkbuf_16)
                                                         clknet_3_7__leaf_clk (net)
                      0.078848    0.000680    0.541403 ^ dsa[0]._9_/CLK (sky130_fd_sc_hd__dfrtp_1)
     2    0.008260    0.143891    0.702022    1.243425 ^ dsa[0]._9_/Q (sky130_fd_sc_hd__dfrtp_1)
                                                         dsa[0].y_out (net)
                      0.143891    0.000142    1.243567 ^ dsa[1]._6_/A (sky130_fd_sc_hd__xnor2_1)
     1    0.002326    0.065395    0.156678    1.400245 v dsa[1]._6_/Y (sky130_fd_sc_hd__xnor2_1)
                                                         dsa[1].y_out_next (net)
                      0.065395    0.000067    1.400312 v dsa[1]._9_/D (sky130_fd_sc_hd__dfrtp_1)
                                              1.400312   data arrival time

                                  0.000000    0.000000   clock core_clock (rise edge)
                                  0.000000    0.000000   clock source latency
     1    0.014766    0.000000    0.000000    0.000000 ^ clk (in)
                                                         clk (net)
                      0.000828    0.000414    0.000414 ^ clkbuf_0_clk/A (sky130_fd_sc_hd__clkbuf_16)
     8    0.082920    0.152432    0.264955    0.265369 ^ clkbuf_0_clk/X (sky130_fd_sc_hd__clkbuf_16)
                                                         clknet_0_clk (net)
                      0.152642    0.003448    0.268817 ^ clkbuf_3_7__f_clk/A (sky130_fd_sc_hd__clkbuf_16)
    10    0.028860    0.078843    0.271905    0.540722 ^ clkbuf_3_7__f_clk/X (sky130_fd_sc_hd__clkbuf_16)
                                                         clknet_3_7__leaf_clk (net)
                      0.078848    0.000645    0.541367 ^ dsa[1]._9_/CLK (sky130_fd_sc_hd__dfrtp_1)
                                  0.000000    0.541367   clock reconvergence pessimism
                                 -0.093372    0.447995   library hold time
                                              0.447995   data required time
---------------------------------------------------------------------------------------------
                                              0.447995   data required time
                                             -1.400312   data arrival time
---------------------------------------------------------------------------------------------
                                              0.952316   slack (MET)


Startpoint: dsa[4]._9_ (rising edge-triggered flip-flop clocked by core_clock)
Endpoint: dsa[5]._9_ (rising edge-triggered flip-flop clocked by core_clock)
Path Group: core_clock
Path Type: min

Fanout         Cap        Slew       Delay        Time   Description
---------------------------------------------------------------------------------------------
                                  0.000000    0.000000   clock core_clock (rise edge)
                                  0.000000    0.000000   clock source latency
     1    0.014766    0.000000    0.000000    0.000000 ^ clk (in)
                                                         clk (net)
                      0.000828    0.000414    0.000414 ^ clkbuf_0_clk/A (sky130_fd_sc_hd__clkbuf_16)
     8    0.082920    0.152432    0.264955    0.265369 ^ clkbuf_0_clk/X (sky130_fd_sc_hd__clkbuf_16)
                                                         clknet_0_clk (net)
                      0.152768    0.004883    0.270252 ^ clkbuf_3_5__f_clk/A (sky130_fd_sc_hd__clkbuf_16)
     8    0.028940    0.078948    0.272087    0.542339 ^ clkbuf_3_5__f_clk/X (sky130_fd_sc_hd__clkbuf_16)
                                                         clknet_3_5__leaf_clk (net)
                      0.078949    0.000372    0.542711 ^ dsa[4]._9_/CLK (sky130_fd_sc_hd__dfrtp_1)
     2    0.008317    0.144613    0.702648    1.245359 ^ dsa[4]._9_/Q (sky130_fd_sc_hd__dfrtp_1)
                                                         dsa[4].y_out (net)
                      0.144613    0.000220    1.245579 ^ dsa[5]._6_/A (sky130_fd_sc_hd__xnor2_1)
     1    0.002557    0.068878    0.159896    1.405475 v dsa[5]._6_/Y (sky130_fd_sc_hd__xnor2_1)
                                                         dsa[5].y_out_next (net)
                      0.068878    0.000073    1.405547 v dsa[5]._9_/D (sky130_fd_sc_hd__dfrtp_1)
                                              1.405547   data arrival time

                                  0.000000    0.000000   clock core_clock (rise edge)
                                  0.000000    0.000000   clock source latency
     1    0.014766    0.000000    0.000000    0.000000 ^ clk (in)
                                                         clk (net)
                      0.000828    0.000414    0.000414 ^ clkbuf_0_clk/A (sky130_fd_sc_hd__clkbuf_16)
     8    0.082920    0.152432    0.264955    0.265369 ^ clkbuf_0_clk/X (sky130_fd_sc_hd__clkbuf_16)
                                                         clknet_0_clk (net)
                      0.152768    0.004883    0.270252 ^ clkbuf_3_5__f_clk/A (sky130_fd_sc_hd__clkbuf_16)
     8    0.028940    0.078948    0.272087    0.542339 ^ clkbuf_3_5__f_clk/X (sky130_fd_sc_hd__clkbuf_16)
                                                         clknet_3_5__leaf_clk (net)
                      0.078953    0.000650    0.542989 ^ dsa[5]._9_/CLK (sky130_fd_sc_hd__dfrtp_1)
                                  0.000000    0.542989   clock reconvergence pessimism
                                 -0.094639    0.448350   library hold time
                                              0.448350   data required time
---------------------------------------------------------------------------------------------
                                              0.448350   data required time
                                             -1.405547   data arrival time
---------------------------------------------------------------------------------------------
                                              0.957198   slack (MET)


Startpoint: dsa[16]._9_ (rising edge-triggered flip-flop clocked by core_clock)
Endpoint: dsa[17]._9_ (rising edge-triggered flip-flop clocked by core_clock)
Path Group: core_clock
Path Type: min

Fanout         Cap        Slew       Delay        Time   Description
---------------------------------------------------------------------------------------------
                                  0.000000    0.000000   clock core_clock (rise edge)
                                  0.000000    0.000000   clock source latency
     1    0.014766    0.000000    0.000000    0.000000 ^ clk (in)
                                                         clk (net)
                      0.000828    0.000414    0.000414 ^ clkbuf_0_clk/A (sky130_fd_sc_hd__clkbuf_16)
     8    0.082920    0.152432    0.264955    0.265369 ^ clkbuf_0_clk/X (sky130_fd_sc_hd__clkbuf_16)
                                                         clknet_0_clk (net)
                      0.152759    0.004798    0.270167 ^ clkbuf_3_4__f_clk/A (sky130_fd_sc_hd__clkbuf_16)
     9    0.022312    0.070306    0.262757    0.532924 ^ clkbuf_3_4__f_clk/X (sky130_fd_sc_hd__clkbuf_16)
                                                         clknet_3_4__leaf_clk (net)
                      0.070329    0.000422    0.533346 ^ dsa[16]._9_/CLK (sky130_fd_sc_hd__dfrtp_1)
     2    0.008879    0.151625    0.704557    1.237904 ^ dsa[16]._9_/Q (sky130_fd_sc_hd__dfrtp_1)
                                                         dsa[16].y_out (net)
                      0.151625    0.000252    1.238156 ^ dsa[17]._6_/A (sky130_fd_sc_hd__xnor2_1)
     1    0.002347    0.065798    0.159921    1.398077 v dsa[17]._6_/Y (sky130_fd_sc_hd__xnor2_1)
                                                         dsa[17].y_out_next (net)
                      0.065798    0.000068    1.398145 v dsa[17]._9_/D (sky130_fd_sc_hd__dfrtp_1)
                                              1.398145   data arrival time

                                  0.000000    0.000000   clock core_clock (rise edge)
                                  0.000000    0.000000   clock source latency
     1    0.014766    0.000000    0.000000    0.000000 ^ clk (in)
                                                         clk (net)
                      0.000828    0.000414    0.000414 ^ clkbuf_0_clk/A (sky130_fd_sc_hd__clkbuf_16)
     8    0.082920    0.152432    0.264955    0.265369 ^ clkbuf_0_clk/X (sky130_fd_sc_hd__clkbuf_16)
                                                         clknet_0_clk (net)
                      0.152759    0.004798    0.270167 ^ clkbuf_3_4__f_clk/A (sky130_fd_sc_hd__clkbuf_16)
     9    0.022312    0.070306    0.262757    0.532924 ^ clkbuf_3_4__f_clk/X (sky130_fd_sc_hd__clkbuf_16)
                                                         clknet_3_4__leaf_clk (net)
                      0.070329    0.000437    0.533361 ^ dsa[17]._9_/CLK (sky130_fd_sc_hd__dfrtp_1)
                                  0.000000    0.533361   clock reconvergence pessimism
                                 -0.095593    0.437768   library hold time
                                              0.437768   data required time
---------------------------------------------------------------------------------------------
                                              0.437768   data required time
                                             -1.398145   data arrival time
---------------------------------------------------------------------------------------------
                                              0.960377   slack (MET)


Startpoint: dsa[19]._9_ (rising edge-triggered flip-flop clocked by core_clock)
Endpoint: dsa[20]._9_ (rising edge-triggered flip-flop clocked by core_clock)
Path Group: core_clock
Path Type: min

Fanout         Cap        Slew       Delay        Time   Description
---------------------------------------------------------------------------------------------
                                  0.000000    0.000000   clock core_clock (rise edge)
                                  0.000000    0.000000   clock source latency
     1    0.014766    0.000000    0.000000    0.000000 ^ clk (in)
                                                         clk (net)
                      0.000828    0.000414    0.000414 ^ clkbuf_0_clk/A (sky130_fd_sc_hd__clkbuf_16)
     8    0.082920    0.152432    0.264955    0.265369 ^ clkbuf_0_clk/X (sky130_fd_sc_hd__clkbuf_16)
                                                         clknet_0_clk (net)
                      0.152848    0.005603    0.270972 ^ clkbuf_3_0__f_clk/A (sky130_fd_sc_hd__clkbuf_16)
    10    0.031708    0.082731    0.276028    0.547000 ^ clkbuf_3_0__f_clk/X (sky130_fd_sc_hd__clkbuf_16)
                                                         clknet_3_0__leaf_clk (net)
                      0.082738    0.000799    0.547800 ^ dsa[19]._9_/CLK (sky130_fd_sc_hd__dfrtp_1)
     2    0.008791    0.150480    0.709388    1.257187 ^ dsa[19]._9_/Q (sky130_fd_sc_hd__dfrtp_1)
                                                         dsa[19].y_out (net)
                      0.150480    0.000282    1.257469 ^ dsa[20]._6_/A (sky130_fd_sc_hd__xnor2_1)
     1    0.002328    0.065430    0.159234    1.416703 v dsa[20]._6_/Y (sky130_fd_sc_hd__xnor2_1)
                                                         dsa[20].y_out_next (net)
                      0.065430    0.000065    1.416768 v dsa[20]._9_/D (sky130_fd_sc_hd__dfrtp_1)
                                              1.416768   data arrival time

                                  0.000000    0.000000   clock core_clock (rise edge)
                                  0.000000    0.000000   clock source latency
     1    0.014766    0.000000    0.000000    0.000000 ^ clk (in)
                                                         clk (net)
                      0.000828    0.000414    0.000414 ^ clkbuf_0_clk/A (sky130_fd_sc_hd__clkbuf_16)
     8    0.082920    0.152432    0.264955    0.265369 ^ clkbuf_0_clk/X (sky130_fd_sc_hd__clkbuf_16)
                                                         clknet_0_clk (net)
                      0.152848    0.005603    0.270972 ^ clkbuf_3_0__f_clk/A (sky130_fd_sc_hd__clkbuf_16)
    10    0.031708    0.082731    0.276028    0.547000 ^ clkbuf_3_0__f_clk/X (sky130_fd_sc_hd__clkbuf_16)
                                                         clknet_3_0__leaf_clk (net)
                      0.082733    0.000512    0.547512 ^ dsa[20]._9_/CLK (sky130_fd_sc_hd__dfrtp_1)
                                  0.000000    0.547512   clock reconvergence pessimism
                                 -0.092440    0.455072   library hold time
                                              0.455072   data required time
---------------------------------------------------------------------------------------------
                                              0.455072   data required time
                                             -1.416768   data arrival time
---------------------------------------------------------------------------------------------
                                              0.961696   slack (MET)


Startpoint: dsa[15]._9_ (rising edge-triggered flip-flop clocked by core_clock)
Endpoint: dsa[16]._9_ (rising edge-triggered flip-flop clocked by core_clock)
Path Group: core_clock
Path Type: min

Fanout         Cap        Slew       Delay        Time   Description
---------------------------------------------------------------------------------------------
                                  0.000000    0.000000   clock core_clock (rise edge)
                                  0.000000    0.000000   clock source latency
     1    0.014766    0.000000    0.000000    0.000000 ^ clk (in)
                                                         clk (net)
                      0.000828    0.000414    0.000414 ^ clkbuf_0_clk/A (sky130_fd_sc_hd__clkbuf_16)
     8    0.082920    0.152432    0.264955    0.265369 ^ clkbuf_0_clk/X (sky130_fd_sc_hd__clkbuf_16)
                                                         clknet_0_clk (net)
                      0.152759    0.004798    0.270167 ^ clkbuf_3_4__f_clk/A (sky130_fd_sc_hd__clkbuf_16)
     9    0.022312    0.070306    0.262757    0.532924 ^ clkbuf_3_4__f_clk/X (sky130_fd_sc_hd__clkbuf_16)
                                                         clknet_3_4__leaf_clk (net)
                      0.070330    0.000535    0.533459 ^ dsa[15]._9_/CLK (sky130_fd_sc_hd__dfrtp_1)
     2    0.008124    0.142288    0.696596    1.230055 ^ dsa[15]._9_/Q (sky130_fd_sc_hd__dfrtp_1)
                                                         dsa[15].y_out (net)
                      0.142288    0.000218    1.230273 ^ dsa[16]._6_/A (sky130_fd_sc_hd__xnor2_1)
     1    0.003058    0.075880    0.165381    1.395655 v dsa[16]._6_/Y (sky130_fd_sc_hd__xnor2_1)
                                                         dsa[16].y_out_next (net)
                      0.075880    0.000093    1.395747 v dsa[16]._9_/D (sky130_fd_sc_hd__dfrtp_1)
                                              1.395747   data arrival time

                                  0.000000    0.000000   clock core_clock (rise edge)
                                  0.000000    0.000000   clock source latency
     1    0.014766    0.000000    0.000000    0.000000 ^ clk (in)
                                                         clk (net)
                      0.000828    0.000414    0.000414 ^ clkbuf_0_clk/A (sky130_fd_sc_hd__clkbuf_16)
     8    0.082920    0.152432    0.264955    0.265369 ^ clkbuf_0_clk/X (sky130_fd_sc_hd__clkbuf_16)
                                                         clknet_0_clk (net)
                      0.152759    0.004798    0.270167 ^ clkbuf_3_4__f_clk/A (sky130_fd_sc_hd__clkbuf_16)
     9    0.022312    0.070306    0.262757    0.532924 ^ clkbuf_3_4__f_clk/X (sky130_fd_sc_hd__clkbuf_16)
                                                         clknet_3_4__leaf_clk (net)
                      0.070329    0.000422    0.533346 ^ dsa[16]._9_/CLK (sky130_fd_sc_hd__dfrtp_1)
                                  0.000000    0.533346   clock reconvergence pessimism
                                 -0.099336    0.434010   library hold time
                                              0.434010   data required time
---------------------------------------------------------------------------------------------
                                              0.434010   data required time
                                             -1.395747   data arrival time
---------------------------------------------------------------------------------------------
                                              0.961737   slack (MET)


Startpoint: dsa[3]._9_ (rising edge-triggered flip-flop clocked by core_clock)
Endpoint: dsa[4]._9_ (rising edge-triggered flip-flop clocked by core_clock)
Path Group: core_clock
Path Type: min

Fanout         Cap        Slew       Delay        Time   Description
---------------------------------------------------------------------------------------------
                                  0.000000    0.000000   clock core_clock (rise edge)
                                  0.000000    0.000000   clock source latency
     1    0.014766    0.000000    0.000000    0.000000 ^ clk (in)
                                                         clk (net)
                      0.000828    0.000414    0.000414 ^ clkbuf_0_clk/A (sky130_fd_sc_hd__clkbuf_16)
     8    0.082920    0.152432    0.264955    0.265369 ^ clkbuf_0_clk/X (sky130_fd_sc_hd__clkbuf_16)
                                                         clknet_0_clk (net)
                      0.152768    0.004883    0.270252 ^ clkbuf_3_5__f_clk/A (sky130_fd_sc_hd__clkbuf_16)
     8    0.028940    0.078948    0.272087    0.542339 ^ clkbuf_3_5__f_clk/X (sky130_fd_sc_hd__clkbuf_16)
                                                         clknet_3_5__leaf_clk (net)
                      0.078949    0.000369    0.542708 ^ dsa[3]._9_/CLK (sky130_fd_sc_hd__dfrtp_1)
     2    0.008966    0.152626    0.709505    1.252213 ^ dsa[3]._9_/Q (sky130_fd_sc_hd__dfrtp_1)
                                                         dsa[3].y_out (net)
                      0.152626    0.000208    1.252422 ^ dsa[4]._6_/A (sky130_fd_sc_hd__xnor2_1)
     1    0.002325    0.065981    0.160020    1.412442 v dsa[4]._6_/Y (sky130_fd_sc_hd__xnor2_1)
                                                         dsa[4].y_out_next (net)
                      0.065981    0.000067    1.412509 v dsa[4]._9_/D (sky130_fd_sc_hd__dfrtp_1)
                                              1.412509   data arrival time

                                  0.000000    0.000000   clock core_clock (rise edge)
                                  0.000000    0.000000   clock source latency
     1    0.014766    0.000000    0.000000    0.000000 ^ clk (in)
                                                         clk (net)
                      0.000828    0.000414    0.000414 ^ clkbuf_0_clk/A (sky130_fd_sc_hd__clkbuf_16)
     8    0.082920    0.152432    0.264955    0.265369 ^ clkbuf_0_clk/X (sky130_fd_sc_hd__clkbuf_16)
                                                         clknet_0_clk (net)
                      0.152768    0.004883    0.270252 ^ clkbuf_3_5__f_clk/A (sky130_fd_sc_hd__clkbuf_16)
     8    0.028940    0.078948    0.272087    0.542339 ^ clkbuf_3_5__f_clk/X (sky130_fd_sc_hd__clkbuf_16)
                                                         clknet_3_5__leaf_clk (net)
                      0.078949    0.000372    0.542711 ^ dsa[4]._9_/CLK (sky130_fd_sc_hd__dfrtp_1)
                                  0.000000    0.542711   clock reconvergence pessimism
                                 -0.093565    0.449146   library hold time
                                              0.449146   data required time
---------------------------------------------------------------------------------------------
                                              0.449146   data required time
                                             -1.412509   data arrival time
---------------------------------------------------------------------------------------------
                                              0.963363   slack (MET)


Startpoint: dsa[22]._9_ (rising edge-triggered flip-flop clocked by core_clock)
Endpoint: dsa[23]._9_ (rising edge-triggered flip-flop clocked by core_clock)
Path Group: core_clock
Path Type: min

Fanout         Cap        Slew       Delay        Time   Description
---------------------------------------------------------------------------------------------
                                  0.000000    0.000000   clock core_clock (rise edge)
                                  0.000000    0.000000   clock source latency
     1    0.014766    0.000000    0.000000    0.000000 ^ clk (in)
                                                         clk (net)
                      0.000828    0.000414    0.000414 ^ clkbuf_0_clk/A (sky130_fd_sc_hd__clkbuf_16)
     8    0.082920    0.152432    0.264955    0.265369 ^ clkbuf_0_clk/X (sky130_fd_sc_hd__clkbuf_16)
                                                         clknet_0_clk (net)
                      0.152577    0.002367    0.267736 ^ clkbuf_3_3__f_clk/A (sky130_fd_sc_hd__clkbuf_16)
     9    0.026566    0.075778    0.268666    0.536402 ^ clkbuf_3_3__f_clk/X (sky130_fd_sc_hd__clkbuf_16)
                                                         clknet_3_3__leaf_clk (net)
                      0.075781    0.000532    0.536934 ^ dsa[22]._9_/CLK (sky130_fd_sc_hd__dfrtp_1)
     2    0.008660    0.148871    0.704792    1.241726 ^ dsa[22]._9_/Q (sky130_fd_sc_hd__dfrtp_1)
                                                         dsa[22].y_out (net)
                      0.148871    0.000214    1.241940 ^ dsa[23]._6_/A (sky130_fd_sc_hd__xnor2_1)
     1    0.002704    0.070767    0.163405    1.405344 v dsa[23]._6_/Y (sky130_fd_sc_hd__xnor2_1)
                                                         dsa[23].y_out_next (net)
                      0.070767    0.000078    1.405422 v dsa[23]._9_/D (sky130_fd_sc_hd__dfrtp_1)
                                              1.405422   data arrival time

                                  0.000000    0.000000   clock core_clock (rise edge)
                                  0.000000    0.000000   clock source latency
     1    0.014766    0.000000    0.000000    0.000000 ^ clk (in)
                                                         clk (net)
                      0.000828    0.000414    0.000414 ^ clkbuf_0_clk/A (sky130_fd_sc_hd__clkbuf_16)
     8    0.082920    0.152432    0.264955    0.265369 ^ clkbuf_0_clk/X (sky130_fd_sc_hd__clkbuf_16)
                                                         clknet_0_clk (net)
                      0.152577    0.002367    0.267736 ^ clkbuf_3_3__f_clk/A (sky130_fd_sc_hd__clkbuf_16)
     9    0.026566    0.075778    0.268666    0.536402 ^ clkbuf_3_3__f_clk/X (sky130_fd_sc_hd__clkbuf_16)
                                                         clknet_3_3__leaf_clk (net)
                      0.075782    0.000590    0.536992 ^ dsa[23]._9_/CLK (sky130_fd_sc_hd__dfrtp_1)
                                  0.000000    0.536992   clock reconvergence pessimism
                                 -0.096112    0.440880   library hold time
                                              0.440880   data required time
---------------------------------------------------------------------------------------------
                                              0.440880   data required time
                                             -1.405422   data arrival time
---------------------------------------------------------------------------------------------
                                              0.964542   slack (MET)


Startpoint: dsa[17]._9_ (rising edge-triggered flip-flop clocked by core_clock)
Endpoint: dsa[18]._9_ (rising edge-triggered flip-flop clocked by core_clock)
Path Group: core_clock
Path Type: min

Fanout         Cap        Slew       Delay        Time   Description
---------------------------------------------------------------------------------------------
                                  0.000000    0.000000   clock core_clock (rise edge)
                                  0.000000    0.000000   clock source latency
     1    0.014766    0.000000    0.000000    0.000000 ^ clk (in)
                                                         clk (net)
                      0.000828    0.000414    0.000414 ^ clkbuf_0_clk/A (sky130_fd_sc_hd__clkbuf_16)
     8    0.082920    0.152432    0.264955    0.265369 ^ clkbuf_0_clk/X (sky130_fd_sc_hd__clkbuf_16)
                                                         clknet_0_clk (net)
                      0.152759    0.004798    0.270167 ^ clkbuf_3_4__f_clk/A (sky130_fd_sc_hd__clkbuf_16)
     9    0.022312    0.070306    0.262757    0.532924 ^ clkbuf_3_4__f_clk/X (sky130_fd_sc_hd__clkbuf_16)
                                                         clknet_3_4__leaf_clk (net)
                      0.070329    0.000437    0.533361 ^ dsa[17]._9_/CLK (sky130_fd_sc_hd__dfrtp_1)
     2    0.008370    0.145326    0.699180    1.232542 ^ dsa[17]._9_/Q (sky130_fd_sc_hd__dfrtp_1)
                                                         dsa[17].y_out (net)
                      0.145326    0.000222    1.232764 ^ dsa[18]._6_/A (sky130_fd_sc_hd__xnor2_1)
     1    0.003174    0.077889    0.168034    1.400798 v dsa[18]._6_/Y (sky130_fd_sc_hd__xnor2_1)
                                                         dsa[18].y_out_next (net)
                      0.077889    0.000089    1.400887 v dsa[18]._9_/D (sky130_fd_sc_hd__dfrtp_1)
                                              1.400887   data arrival time

                                  0.000000    0.000000   clock core_clock (rise edge)
                                  0.000000    0.000000   clock source latency
     1    0.014766    0.000000    0.000000    0.000000 ^ clk (in)
                                                         clk (net)
                      0.000828    0.000414    0.000414 ^ clkbuf_0_clk/A (sky130_fd_sc_hd__clkbuf_16)
     8    0.082920    0.152432    0.264955    0.265369 ^ clkbuf_0_clk/X (sky130_fd_sc_hd__clkbuf_16)
                                                         clknet_0_clk (net)
                      0.152759    0.004798    0.270167 ^ clkbuf_3_4__f_clk/A (sky130_fd_sc_hd__clkbuf_16)
     9    0.022312    0.070306    0.262757    0.532924 ^ clkbuf_3_4__f_clk/X (sky130_fd_sc_hd__clkbuf_16)
                                                         clknet_3_4__leaf_clk (net)
                      0.070329    0.000458    0.533382 ^ dsa[18]._9_/CLK (sky130_fd_sc_hd__dfrtp_1)
                                  0.000000    0.533382   clock reconvergence pessimism
                                 -0.100082    0.433300   library hold time
                                              0.433300   data required time
---------------------------------------------------------------------------------------------
                                              0.433300   data required time
                                             -1.400887   data arrival time
---------------------------------------------------------------------------------------------
                                              0.967587   slack (MET)


Startpoint: dsa[13]._9_ (rising edge-triggered flip-flop clocked by core_clock)
Endpoint: dsa[14]._9_ (rising edge-triggered flip-flop clocked by core_clock)
Path Group: core_clock
Path Type: min

Fanout         Cap        Slew       Delay        Time   Description
---------------------------------------------------------------------------------------------
                                  0.000000    0.000000   clock core_clock (rise edge)
                                  0.000000    0.000000   clock source latency
     1    0.014766    0.000000    0.000000    0.000000 ^ clk (in)
                                                         clk (net)
                      0.000828    0.000414    0.000414 ^ clkbuf_0_clk/A (sky130_fd_sc_hd__clkbuf_16)
     8    0.082920    0.152432    0.264955    0.265369 ^ clkbuf_0_clk/X (sky130_fd_sc_hd__clkbuf_16)
                                                         clknet_0_clk (net)
                      0.152577    0.002367    0.267736 ^ clkbuf_3_3__f_clk/A (sky130_fd_sc_hd__clkbuf_16)
     9    0.026566    0.075778    0.268666    0.536402 ^ clkbuf_3_3__f_clk/X (sky130_fd_sc_hd__clkbuf_16)
                                                         clknet_3_3__leaf_clk (net)
                      0.075784    0.000660    0.537062 ^ dsa[13]._9_/CLK (sky130_fd_sc_hd__dfrtp_1)
     2    0.008717    0.149579    0.705361    1.242423 ^ dsa[13]._9_/Q (sky130_fd_sc_hd__dfrtp_1)
                                                         dsa[13].y_out (net)
                      0.149579    0.000255    1.242678 ^ dsa[14]._6_/A (sky130_fd_sc_hd__xnor2_1)
     1    0.002911    0.073991    0.166311    1.408990 v dsa[14]._6_/Y (sky130_fd_sc_hd__xnor2_1)
                                                         dsa[14].y_out_next (net)
                      0.073992    0.000090    1.409080 v dsa[14]._9_/D (sky130_fd_sc_hd__dfrtp_1)
                                              1.409080   data arrival time

                                  0.000000    0.000000   clock core_clock (rise edge)
                                  0.000000    0.000000   clock source latency
     1    0.014766    0.000000    0.000000    0.000000 ^ clk (in)
                                                         clk (net)
                      0.000828    0.000414    0.000414 ^ clkbuf_0_clk/A (sky130_fd_sc_hd__clkbuf_16)
     8    0.082920    0.152432    0.264955    0.265369 ^ clkbuf_0_clk/X (sky130_fd_sc_hd__clkbuf_16)
                                                         clknet_0_clk (net)
                      0.152635    0.003344    0.268713 ^ clkbuf_3_6__f_clk/A (sky130_fd_sc_hd__clkbuf_16)
     8    0.026630    0.075859    0.268810    0.537524 ^ clkbuf_3_6__f_clk/X (sky130_fd_sc_hd__clkbuf_16)
                                                         clknet_3_6__leaf_clk (net)
                      0.075862    0.000530    0.538054 ^ dsa[14]._9_/CLK (sky130_fd_sc_hd__dfrtp_1)
                                  0.000000    0.538054   clock reconvergence pessimism
                                 -0.097289    0.440765   library hold time
                                              0.440765   data required time
---------------------------------------------------------------------------------------------
                                              0.440765   data required time
                                             -1.409080   data arrival time
---------------------------------------------------------------------------------------------
                                              0.968315   slack (MET)


Startpoint: dsa[21]._9_ (rising edge-triggered flip-flop clocked by core_clock)
Endpoint: dsa[22]._9_ (rising edge-triggered flip-flop clocked by core_clock)
Path Group: core_clock
Path Type: min

Fanout         Cap        Slew       Delay        Time   Description
---------------------------------------------------------------------------------------------
                                  0.000000    0.000000   clock core_clock (rise edge)
                                  0.000000    0.000000   clock source latency
     1    0.014766    0.000000    0.000000    0.000000 ^ clk (in)
                                                         clk (net)
                      0.000828    0.000414    0.000414 ^ clkbuf_0_clk/A (sky130_fd_sc_hd__clkbuf_16)
     8    0.082920    0.152432    0.264955    0.265369 ^ clkbuf_0_clk/X (sky130_fd_sc_hd__clkbuf_16)
                                                         clknet_0_clk (net)
                      0.152577    0.002367    0.267736 ^ clkbuf_3_3__f_clk/A (sky130_fd_sc_hd__clkbuf_16)
     9    0.026566    0.075778    0.268666    0.536402 ^ clkbuf_3_3__f_clk/X (sky130_fd_sc_hd__clkbuf_16)
                                                         clknet_3_3__leaf_clk (net)
                      0.075780    0.000460    0.536862 ^ dsa[21]._9_/CLK (sky130_fd_sc_hd__dfrtp_1)
     2    0.008001    0.140727    0.697853    1.234715 ^ dsa[21]._9_/Q (sky130_fd_sc_hd__dfrtp_1)
                                                         dsa[21].y_out (net)
                      0.140727    0.000199    1.234913 ^ dsa[22]._6_/A (sky130_fd_sc_hd__xnor2_1)
     1    0.003497    0.082023    0.170237    1.405150 v dsa[22]._6_/Y (sky130_fd_sc_hd__xnor2_1)
                                                         dsa[22].y_out_next (net)
                      0.082023    0.000113    1.405262 v dsa[22]._9_/D (sky130_fd_sc_hd__dfrtp_1)
                                              1.405262   data arrival time

                                  0.000000    0.000000   clock core_clock (rise edge)
                                  0.000000    0.000000   clock source latency
     1    0.014766    0.000000    0.000000    0.000000 ^ clk (in)
                                                         clk (net)
                      0.000828    0.000414    0.000414 ^ clkbuf_0_clk/A (sky130_fd_sc_hd__clkbuf_16)
     8    0.082920    0.152432    0.264955    0.265369 ^ clkbuf_0_clk/X (sky130_fd_sc_hd__clkbuf_16)
                                                         clknet_0_clk (net)
                      0.152577    0.002367    0.267736 ^ clkbuf_3_3__f_clk/A (sky130_fd_sc_hd__clkbuf_16)
     9    0.026566    0.075778    0.268666    0.536402 ^ clkbuf_3_3__f_clk/X (sky130_fd_sc_hd__clkbuf_16)
                                                         clknet_3_3__leaf_clk (net)
                      0.075781    0.000532    0.536934 ^ dsa[22]._9_/CLK (sky130_fd_sc_hd__dfrtp_1)
                                  0.000000    0.536934   clock reconvergence pessimism
                                 -0.100291    0.436643   library hold time
                                              0.436643   data required time
---------------------------------------------------------------------------------------------
                                              0.436643   data required time
                                             -1.405262   data arrival time
---------------------------------------------------------------------------------------------
                                              0.968620   slack (MET)


Startpoint: dsa[24]._9_ (rising edge-triggered flip-flop clocked by core_clock)
Endpoint: dsa[25]._9_ (rising edge-triggered flip-flop clocked by core_clock)
Path Group: core_clock
Path Type: min

Fanout         Cap        Slew       Delay        Time   Description
---------------------------------------------------------------------------------------------
                                  0.000000    0.000000   clock core_clock (rise edge)
                                  0.000000    0.000000   clock source latency
     1    0.014766    0.000000    0.000000    0.000000 ^ clk (in)
                                                         clk (net)
                      0.000828    0.000414    0.000414 ^ clkbuf_0_clk/A (sky130_fd_sc_hd__clkbuf_16)
     8    0.082920    0.152432    0.264955    0.265369 ^ clkbuf_0_clk/X (sky130_fd_sc_hd__clkbuf_16)
                                                         clknet_0_clk (net)
                      0.152577    0.002367    0.267736 ^ clkbuf_3_3__f_clk/A (sky130_fd_sc_hd__clkbuf_16)
     9    0.026566    0.075778    0.268666    0.536402 ^ clkbuf_3_3__f_clk/X (sky130_fd_sc_hd__clkbuf_16)
                                                         clknet_3_3__leaf_clk (net)
                      0.075783    0.000652    0.537054 ^ dsa[24]._9_/CLK (sky130_fd_sc_hd__dfrtp_1)
     2    0.009950    0.164920    0.718388    1.255442 ^ dsa[24]._9_/Q (sky130_fd_sc_hd__dfrtp_1)
                                                         dsa[24].y_out (net)
                      0.164920    0.000229    1.255671 ^ dsa[25]._6_/A (sky130_fd_sc_hd__xnor2_1)
     1    0.002283    0.064942    0.164196    1.419866 v dsa[25]._6_/Y (sky130_fd_sc_hd__xnor2_1)
                                                         dsa[25].y_out_next (net)
                      0.064942    0.000065    1.419931 v dsa[25]._9_/D (sky130_fd_sc_hd__dfrtp_1)
                                              1.419931   data arrival time

                                  0.000000    0.000000   clock core_clock (rise edge)
                                  0.000000    0.000000   clock source latency
     1    0.014766    0.000000    0.000000    0.000000 ^ clk (in)
                                                         clk (net)
                      0.000828    0.000414    0.000414 ^ clkbuf_0_clk/A (sky130_fd_sc_hd__clkbuf_16)
     8    0.082920    0.152432    0.264955    0.265369 ^ clkbuf_0_clk/X (sky130_fd_sc_hd__clkbuf_16)
                                                         clknet_0_clk (net)
                      0.152585    0.002534    0.267903 ^ clkbuf_3_2__f_clk/A (sky130_fd_sc_hd__clkbuf_16)
    10    0.030659    0.081295    0.274394    0.542297 ^ clkbuf_3_2__f_clk/X (sky130_fd_sc_hd__clkbuf_16)
                                                         clknet_3_2__leaf_clk (net)
                      0.081299    0.000656    0.542953 ^ dsa[25]._9_/CLK (sky130_fd_sc_hd__dfrtp_1)
                                  0.000000    0.542953   clock reconvergence pessimism
                                 -0.092607    0.450346   library hold time
                                              0.450346   data required time
---------------------------------------------------------------------------------------------
                                              0.450346   data required time
                                             -1.419931   data arrival time
---------------------------------------------------------------------------------------------
                                              0.969585   slack (MET)


Startpoint: dsa[2]._9_ (rising edge-triggered flip-flop clocked by core_clock)
Endpoint: dsa[3]._9_ (rising edge-triggered flip-flop clocked by core_clock)
Path Group: core_clock
Path Type: min

Fanout         Cap        Slew       Delay        Time   Description
---------------------------------------------------------------------------------------------
                                  0.000000    0.000000   clock core_clock (rise edge)
                                  0.000000    0.000000   clock source latency
     1    0.014766    0.000000    0.000000    0.000000 ^ clk (in)
                                                         clk (net)
                      0.000828    0.000414    0.000414 ^ clkbuf_0_clk/A (sky130_fd_sc_hd__clkbuf_16)
     8    0.082920    0.152432    0.264955    0.265369 ^ clkbuf_0_clk/X (sky130_fd_sc_hd__clkbuf_16)
                                                         clknet_0_clk (net)
                      0.152642    0.003448    0.268817 ^ clkbuf_3_7__f_clk/A (sky130_fd_sc_hd__clkbuf_16)
    10    0.028860    0.078843    0.271905    0.540722 ^ clkbuf_3_7__f_clk/X (sky130_fd_sc_hd__clkbuf_16)
                                                         clknet_3_7__leaf_clk (net)
                      0.078846    0.000532    0.541255 ^ dsa[2]._9_/CLK (sky130_fd_sc_hd__dfrtp_1)
     2    0.008591    0.147990    0.705476    1.246731 ^ dsa[2]._9_/Q (sky130_fd_sc_hd__dfrtp_1)
                                                         dsa[2].y_out (net)
                      0.147990    0.000241    1.246972 ^ dsa[3]._6_/A (sky130_fd_sc_hd__xnor2_1)
     1    0.003288    0.079108    0.170497    1.417469 v dsa[3]._6_/Y (sky130_fd_sc_hd__xnor2_1)
                                                         dsa[3].y_out_next (net)
                      0.079108    0.000105    1.417574 v dsa[3]._9_/D (sky130_fd_sc_hd__dfrtp_1)
                                              1.417574   data arrival time

                                  0.000000    0.000000   clock core_clock (rise edge)
                                  0.000000    0.000000   clock source latency
     1    0.014766    0.000000    0.000000    0.000000 ^ clk (in)
                                                         clk (net)
                      0.000828    0.000414    0.000414 ^ clkbuf_0_clk/A (sky130_fd_sc_hd__clkbuf_16)
     8    0.082920    0.152432    0.264955    0.265369 ^ clkbuf_0_clk/X (sky130_fd_sc_hd__clkbuf_16)
                                                         clknet_0_clk (net)
                      0.152768    0.004883    0.270252 ^ clkbuf_3_5__f_clk/A (sky130_fd_sc_hd__clkbuf_16)
     8    0.028940    0.078948    0.272087    0.542339 ^ clkbuf_3_5__f_clk/X (sky130_fd_sc_hd__clkbuf_16)
                                                         clknet_3_5__leaf_clk (net)
                      0.078949    0.000369    0.542708 ^ dsa[3]._9_/CLK (sky130_fd_sc_hd__dfrtp_1)
                                  0.000000    0.542708   clock reconvergence pessimism
                                 -0.098438    0.444270   library hold time
                                              0.444270   data required time
---------------------------------------------------------------------------------------------
                                              0.444270   data required time
                                             -1.417574   data arrival time
---------------------------------------------------------------------------------------------
                                              0.973304   slack (MET)


Startpoint: dsa[12]._9_ (rising edge-triggered flip-flop clocked by core_clock)
Endpoint: dsa[13]._9_ (rising edge-triggered flip-flop clocked by core_clock)
Path Group: core_clock
Path Type: min

Fanout         Cap        Slew       Delay        Time   Description
---------------------------------------------------------------------------------------------
                                  0.000000    0.000000   clock core_clock (rise edge)
                                  0.000000    0.000000   clock source latency
     1    0.014766    0.000000    0.000000    0.000000 ^ clk (in)
                                                         clk (net)
                      0.000828    0.000414    0.000414 ^ clkbuf_0_clk/A (sky130_fd_sc_hd__clkbuf_16)
     8    0.082920    0.152432    0.264955    0.265369 ^ clkbuf_0_clk/X (sky130_fd_sc_hd__clkbuf_16)
                                                         clknet_0_clk (net)
                      0.152642    0.003448    0.268817 ^ clkbuf_3_7__f_clk/A (sky130_fd_sc_hd__clkbuf_16)
    10    0.028860    0.078843    0.271905    0.540722 ^ clkbuf_3_7__f_clk/X (sky130_fd_sc_hd__clkbuf_16)
                                                         clknet_3_7__leaf_clk (net)
                      0.078852    0.000810    0.541532 ^ dsa[12]._9_/CLK (sky130_fd_sc_hd__dfrtp_1)
     2    0.009466    0.158856    0.714707    1.256240 ^ dsa[12]._9_/Q (sky130_fd_sc_hd__dfrtp_1)
                                                         dsa[12].y_out (net)
                      0.158856    0.000244    1.256484 ^ dsa[13]._6_/A (sky130_fd_sc_hd__xnor2_1)
     1    0.002231    0.064266    0.161199    1.417683 v dsa[13]._6_/Y (sky130_fd_sc_hd__xnor2_1)
                                                         dsa[13].y_out_next (net)
                      0.064266    0.000063    1.417746 v dsa[13]._9_/D (sky130_fd_sc_hd__dfrtp_1)
                                              1.417746   data arrival time

                                  0.000000    0.000000   clock core_clock (rise edge)
                                  0.000000    0.000000   clock source latency
     1    0.014766    0.000000    0.000000    0.000000 ^ clk (in)
                                                         clk (net)
                      0.000828    0.000414    0.000414 ^ clkbuf_0_clk/A (sky130_fd_sc_hd__clkbuf_16)
     8    0.082920    0.152432    0.264955    0.265369 ^ clkbuf_0_clk/X (sky130_fd_sc_hd__clkbuf_16)
                                                         clknet_0_clk (net)
                      0.152577    0.002367    0.267736 ^ clkbuf_3_3__f_clk/A (sky130_fd_sc_hd__clkbuf_16)
     9    0.026566    0.075778    0.268666    0.536402 ^ clkbuf_3_3__f_clk/X (sky130_fd_sc_hd__clkbuf_16)
                                                         clknet_3_3__leaf_clk (net)
                      0.075784    0.000660    0.537062 ^ dsa[13]._9_/CLK (sky130_fd_sc_hd__dfrtp_1)
                                  0.000000    0.537062   clock reconvergence pessimism
                                 -0.093698    0.443364   library hold time
                                              0.443364   data required time
---------------------------------------------------------------------------------------------
                                              0.443364   data required time
                                             -1.417746   data arrival time
---------------------------------------------------------------------------------------------
                                              0.974382   slack (MET)


Startpoint: dsa[9]._9_ (rising edge-triggered flip-flop clocked by core_clock)
Endpoint: dsa[10]._9_ (rising edge-triggered flip-flop clocked by core_clock)
Path Group: core_clock
Path Type: min

Fanout         Cap        Slew       Delay        Time   Description
---------------------------------------------------------------------------------------------
                                  0.000000    0.000000   clock core_clock (rise edge)
                                  0.000000    0.000000   clock source latency
     1    0.014766    0.000000    0.000000    0.000000 ^ clk (in)
                                                         clk (net)
                      0.000828    0.000414    0.000414 ^ clkbuf_0_clk/A (sky130_fd_sc_hd__clkbuf_16)
     8    0.082920    0.152432    0.264955    0.265369 ^ clkbuf_0_clk/X (sky130_fd_sc_hd__clkbuf_16)
                                                         clknet_0_clk (net)
                      0.152642    0.003448    0.268817 ^ clkbuf_3_7__f_clk/A (sky130_fd_sc_hd__clkbuf_16)
    10    0.028860    0.078843    0.271905    0.540722 ^ clkbuf_3_7__f_clk/X (sky130_fd_sc_hd__clkbuf_16)
                                                         clknet_3_7__leaf_clk (net)
                      0.078846    0.000529    0.541251 ^ dsa[9]._9_/CLK (sky130_fd_sc_hd__dfrtp_1)
     2    0.009279    0.156536    0.712728    1.253979 ^ dsa[9]._9_/Q (sky130_fd_sc_hd__dfrtp_1)
                                                         dsa[10].y_in (net)
                      0.156536    0.000263    1.254243 ^ dsa[10]._6_/A (sky130_fd_sc_hd__xnor2_1)
     1    0.002486    0.067661    0.163569    1.417812 v dsa[10]._6_/Y (sky130_fd_sc_hd__xnor2_1)
                                                         dsa[10].y_out_next (net)
                      0.067661    0.000070    1.417882 v dsa[10]._9_/D (sky130_fd_sc_hd__dfrtp_1)
                                              1.417882   data arrival time

                                  0.000000    0.000000   clock core_clock (rise edge)
                                  0.000000    0.000000   clock source latency
     1    0.014766    0.000000    0.000000    0.000000 ^ clk (in)
                                                         clk (net)
                      0.000828    0.000414    0.000414 ^ clkbuf_0_clk/A (sky130_fd_sc_hd__clkbuf_16)
     8    0.082920    0.152432    0.264955    0.265369 ^ clkbuf_0_clk/X (sky130_fd_sc_hd__clkbuf_16)
                                                         clknet_0_clk (net)
                      0.152635    0.003344    0.268713 ^ clkbuf_3_6__f_clk/A (sky130_fd_sc_hd__clkbuf_16)
     8    0.026630    0.075859    0.268810    0.537524 ^ clkbuf_3_6__f_clk/X (sky130_fd_sc_hd__clkbuf_16)
                                                         clknet_3_6__leaf_clk (net)
                      0.075863    0.000561    0.538084 ^ dsa[10]._9_/CLK (sky130_fd_sc_hd__dfrtp_1)
                                  0.000000    0.538084   clock reconvergence pessimism
                                 -0.094939    0.443145   library hold time
                                              0.443145   data required time
---------------------------------------------------------------------------------------------
                                              0.443145   data required time
                                             -1.417882   data arrival time
---------------------------------------------------------------------------------------------
                                              0.974736   slack (MET)


Startpoint: dsa[8]._9_ (rising edge-triggered flip-flop clocked by core_clock)
Endpoint: dsa[9]._9_ (rising edge-triggered flip-flop clocked by core_clock)
Path Group: core_clock
Path Type: min

Fanout         Cap        Slew       Delay        Time   Description
---------------------------------------------------------------------------------------------
                                  0.000000    0.000000   clock core_clock (rise edge)
                                  0.000000    0.000000   clock source latency
     1    0.014766    0.000000    0.000000    0.000000 ^ clk (in)
                                                         clk (net)
                      0.000828    0.000414    0.000414 ^ clkbuf_0_clk/A (sky130_fd_sc_hd__clkbuf_16)
     8    0.082920    0.152432    0.264955    0.265369 ^ clkbuf_0_clk/X (sky130_fd_sc_hd__clkbuf_16)
                                                         clknet_0_clk (net)
                      0.152759    0.004798    0.270167 ^ clkbuf_3_4__f_clk/A (sky130_fd_sc_hd__clkbuf_16)
     9    0.022312    0.070306    0.262757    0.532924 ^ clkbuf_3_4__f_clk/X (sky130_fd_sc_hd__clkbuf_16)
                                                         clknet_3_4__leaf_clk (net)
                      0.070330    0.000545    0.533469 ^ dsa[8]._9_/CLK (sky130_fd_sc_hd__dfrtp_1)
     2    0.009412    0.158265    0.710171    1.243640 ^ dsa[8]._9_/Q (sky130_fd_sc_hd__dfrtp_1)
                                                         dsa[8].y_out (net)
                      0.158265    0.000265    1.243905 ^ dsa[9]._6_/A (sky130_fd_sc_hd__xnor2_1)
     1    0.003267    0.078782    0.174203    1.418108 v dsa[9]._6_/Y (sky130_fd_sc_hd__xnor2_1)
                                                         dsa[9].y_out_next (net)
                      0.078782    0.000097    1.418205 v dsa[9]._9_/D (sky130_fd_sc_hd__dfrtp_1)
                                              1.418205   data arrival time

                                  0.000000    0.000000   clock core_clock (rise edge)
                                  0.000000    0.000000   clock source latency
     1    0.014766    0.000000    0.000000    0.000000 ^ clk (in)
                                                         clk (net)
                      0.000828    0.000414    0.000414 ^ clkbuf_0_clk/A (sky130_fd_sc_hd__clkbuf_16)
     8    0.082920    0.152432    0.264955    0.265369 ^ clkbuf_0_clk/X (sky130_fd_sc_hd__clkbuf_16)
                                                         clknet_0_clk (net)
                      0.152642    0.003448    0.268817 ^ clkbuf_3_7__f_clk/A (sky130_fd_sc_hd__clkbuf_16)
    10    0.028860    0.078843    0.271905    0.540722 ^ clkbuf_3_7__f_clk/X (sky130_fd_sc_hd__clkbuf_16)
                                                         clknet_3_7__leaf_clk (net)
                      0.078846    0.000529    0.541251 ^ dsa[9]._9_/CLK (sky130_fd_sc_hd__dfrtp_1)
                                  0.000000    0.541251   clock reconvergence pessimism
                                 -0.098342    0.442909   library hold time
                                              0.442909   data required time
---------------------------------------------------------------------------------------------
                                              0.442909   data required time
                                             -1.418205   data arrival time
---------------------------------------------------------------------------------------------
                                              0.975296   slack (MET)


Startpoint: dsa[28]._9_ (rising edge-triggered flip-flop clocked by core_clock)
Endpoint: dsa[29]._9_ (rising edge-triggered flip-flop clocked by core_clock)
Path Group: core_clock
Path Type: min

Fanout         Cap        Slew       Delay        Time   Description
---------------------------------------------------------------------------------------------
                                  0.000000    0.000000   clock core_clock (rise edge)
                                  0.000000    0.000000   clock source latency
     1    0.014766    0.000000    0.000000    0.000000 ^ clk (in)
                                                         clk (net)
                      0.000828    0.000414    0.000414 ^ clkbuf_0_clk/A (sky130_fd_sc_hd__clkbuf_16)
     8    0.082920    0.152432    0.264955    0.265369 ^ clkbuf_0_clk/X (sky130_fd_sc_hd__clkbuf_16)
                                                         clknet_0_clk (net)
                      0.152848    0.005603    0.270972 ^ clkbuf_3_0__f_clk/A (sky130_fd_sc_hd__clkbuf_16)
    10    0.031708    0.082731    0.276028    0.547000 ^ clkbuf_3_0__f_clk/X (sky130_fd_sc_hd__clkbuf_16)
                                                         clknet_3_0__leaf_clk (net)
                      0.082733    0.000536    0.547536 ^ dsa[28]._9_/CLK (sky130_fd_sc_hd__dfrtp_1)
     2    0.008361    0.145164    0.704866    1.252402 ^ dsa[28]._9_/Q (sky130_fd_sc_hd__dfrtp_1)
                                                         dsa[28].y_out (net)
                      0.145164    0.000234    1.252636 ^ dsa[29]._6_/A (sky130_fd_sc_hd__xnor2_1)
     1    0.002797    0.072060    0.163169    1.415805 v dsa[29]._6_/Y (sky130_fd_sc_hd__xnor2_1)
                                                         dsa[29].y_out_next (net)
                      0.072060    0.000061    1.415866 v dsa[29]._9_/D (sky130_fd_sc_hd__dfrtp_1)
                                              1.415866   data arrival time

                                  0.000000    0.000000   clock core_clock (rise edge)
                                  0.000000    0.000000   clock source latency
     1    0.014766    0.000000    0.000000    0.000000 ^ clk (in)
                                                         clk (net)
                      0.000828    0.000414    0.000414 ^ clkbuf_0_clk/A (sky130_fd_sc_hd__clkbuf_16)
     8    0.082920    0.152432    0.264955    0.265369 ^ clkbuf_0_clk/X (sky130_fd_sc_hd__clkbuf_16)
                                                         clknet_0_clk (net)
                      0.152841    0.005549    0.270918 ^ clkbuf_3_1__f_clk/A (sky130_fd_sc_hd__clkbuf_16)
     7    0.024156    0.072633    0.265409    0.536327 ^ clkbuf_3_1__f_clk/X (sky130_fd_sc_hd__clkbuf_16)
                                                         clknet_3_1__leaf_clk (net)
                      0.072646    0.000511    0.536839 ^ dsa[29]._9_/CLK (sky130_fd_sc_hd__dfrtp_1)
                                  0.000000    0.536839   clock reconvergence pessimism
                                 -0.097354    0.439484   library hold time
                                              0.439484   data required time
---------------------------------------------------------------------------------------------
                                              0.439484   data required time
                                             -1.415866   data arrival time
---------------------------------------------------------------------------------------------
                                              0.976382   slack (MET)


Startpoint: dsa[23]._9_ (rising edge-triggered flip-flop clocked by core_clock)
Endpoint: dsa[24]._9_ (rising edge-triggered flip-flop clocked by core_clock)
Path Group: core_clock
Path Type: min

Fanout         Cap        Slew       Delay        Time   Description
---------------------------------------------------------------------------------------------
                                  0.000000    0.000000   clock core_clock (rise edge)
                                  0.000000    0.000000   clock source latency
     1    0.014766    0.000000    0.000000    0.000000 ^ clk (in)
                                                         clk (net)
                      0.000828    0.000414    0.000414 ^ clkbuf_0_clk/A (sky130_fd_sc_hd__clkbuf_16)
     8    0.082920    0.152432    0.264955    0.265369 ^ clkbuf_0_clk/X (sky130_fd_sc_hd__clkbuf_16)
                                                         clknet_0_clk (net)
                      0.152577    0.002367    0.267736 ^ clkbuf_3_3__f_clk/A (sky130_fd_sc_hd__clkbuf_16)
     9    0.026566    0.075778    0.268666    0.536402 ^ clkbuf_3_3__f_clk/X (sky130_fd_sc_hd__clkbuf_16)
                                                         clknet_3_3__leaf_clk (net)
                      0.075782    0.000590    0.536992 ^ dsa[23]._9_/CLK (sky130_fd_sc_hd__dfrtp_1)
     2    0.008794    0.150530    0.706196    1.243188 ^ dsa[23]._9_/Q (sky130_fd_sc_hd__dfrtp_1)
                                                         dsa[23].y_out (net)
                      0.150530    0.000230    1.243418 ^ dsa[24]._6_/A (sky130_fd_sc_hd__xnor2_1)
     1    0.003245    0.078648    0.170945    1.414363 v dsa[24]._6_/Y (sky130_fd_sc_hd__xnor2_1)
                                                         dsa[24].y_out_next (net)
                      0.078648    0.000069    1.414432 v dsa[24]._9_/D (sky130_fd_sc_hd__dfrtp_1)
                                              1.414432   data arrival time

                                  0.000000    0.000000   clock core_clock (rise edge)
                                  0.000000    0.000000   clock source latency
     1    0.014766    0.000000    0.000000    0.000000 ^ clk (in)
                                                         clk (net)
                      0.000828    0.000414    0.000414 ^ clkbuf_0_clk/A (sky130_fd_sc_hd__clkbuf_16)
     8    0.082920    0.152432    0.264955    0.265369 ^ clkbuf_0_clk/X (sky130_fd_sc_hd__clkbuf_16)
                                                         clknet_0_clk (net)
                      0.152577    0.002367    0.267736 ^ clkbuf_3_3__f_clk/A (sky130_fd_sc_hd__clkbuf_16)
     9    0.026566    0.075778    0.268666    0.536402 ^ clkbuf_3_3__f_clk/X (sky130_fd_sc_hd__clkbuf_16)
                                                         clknet_3_3__leaf_clk (net)
                      0.075783    0.000652    0.537054 ^ dsa[24]._9_/CLK (sky130_fd_sc_hd__dfrtp_1)
                                  0.000000    0.537054   clock reconvergence pessimism
                                 -0.099037    0.438017   library hold time
                                              0.438017   data required time
---------------------------------------------------------------------------------------------
                                              0.438017   data required time
                                             -1.414432   data arrival time
---------------------------------------------------------------------------------------------
                                              0.976415   slack (MET)


Startpoint: dsa[7]._9_ (rising edge-triggered flip-flop clocked by core_clock)
Endpoint: dsa[8]._9_ (rising edge-triggered flip-flop clocked by core_clock)
Path Group: core_clock
Path Type: min

Fanout         Cap        Slew       Delay        Time   Description
---------------------------------------------------------------------------------------------
                                  0.000000    0.000000   clock core_clock (rise edge)
                                  0.000000    0.000000   clock source latency
     1    0.014766    0.000000    0.000000    0.000000 ^ clk (in)
                                                         clk (net)
                      0.000828    0.000414    0.000414 ^ clkbuf_0_clk/A (sky130_fd_sc_hd__clkbuf_16)
     8    0.082920    0.152432    0.264955    0.265369 ^ clkbuf_0_clk/X (sky130_fd_sc_hd__clkbuf_16)
                                                         clknet_0_clk (net)
                      0.152759    0.004798    0.270167 ^ clkbuf_3_4__f_clk/A (sky130_fd_sc_hd__clkbuf_16)
     9    0.022312    0.070306    0.262757    0.532924 ^ clkbuf_3_4__f_clk/X (sky130_fd_sc_hd__clkbuf_16)
                                                         clknet_3_4__leaf_clk (net)
                      0.070329    0.000414    0.533339 ^ dsa[7]._9_/CLK (sky130_fd_sc_hd__dfrtp_1)
     2    0.010228    0.168452    0.718777    1.252115 ^ dsa[7]._9_/Q (sky130_fd_sc_hd__dfrtp_1)
                                                         dsa[7].y_out (net)
                      0.168452    0.000303    1.252419 ^ dsa[8]._6_/A (sky130_fd_sc_hd__xnor2_1)
     1    0.002108    0.062691    0.163305    1.415724 v dsa[8]._6_/Y (sky130_fd_sc_hd__xnor2_1)
                                                         dsa[8].y_out_next (net)
                      0.062691    0.000059    1.415782 v dsa[8]._9_/D (sky130_fd_sc_hd__dfrtp_1)
                                              1.415782   data arrival time

                                  0.000000    0.000000   clock core_clock (rise edge)
                                  0.000000    0.000000   clock source latency
     1    0.014766    0.000000    0.000000    0.000000 ^ clk (in)
                                                         clk (net)
                      0.000828    0.000414    0.000414 ^ clkbuf_0_clk/A (sky130_fd_sc_hd__clkbuf_16)
     8    0.082920    0.152432    0.264955    0.265369 ^ clkbuf_0_clk/X (sky130_fd_sc_hd__clkbuf_16)
                                                         clknet_0_clk (net)
                      0.152759    0.004798    0.270167 ^ clkbuf_3_4__f_clk/A (sky130_fd_sc_hd__clkbuf_16)
     9    0.022312    0.070306    0.262757    0.532924 ^ clkbuf_3_4__f_clk/X (sky130_fd_sc_hd__clkbuf_16)
                                                         clknet_3_4__leaf_clk (net)
                      0.070330    0.000545    0.533469 ^ dsa[8]._9_/CLK (sky130_fd_sc_hd__dfrtp_1)
                                  0.000000    0.533469   clock reconvergence pessimism
                                 -0.094439    0.439030   library hold time
                                              0.439030   data required time
---------------------------------------------------------------------------------------------
                                              0.439030   data required time
                                             -1.415782   data arrival time
---------------------------------------------------------------------------------------------
                                              0.976752   slack (MET)


Startpoint: dsa[27]._9_ (rising edge-triggered flip-flop clocked by core_clock)
Endpoint: dsa[28]._9_ (rising edge-triggered flip-flop clocked by core_clock)
Path Group: core_clock
Path Type: min

Fanout         Cap        Slew       Delay        Time   Description
---------------------------------------------------------------------------------------------
                                  0.000000    0.000000   clock core_clock (rise edge)
                                  0.000000    0.000000   clock source latency
     1    0.014766    0.000000    0.000000    0.000000 ^ clk (in)
                                                         clk (net)
                      0.000828    0.000414    0.000414 ^ clkbuf_0_clk/A (sky130_fd_sc_hd__clkbuf_16)
     8    0.082920    0.152432    0.264955    0.265369 ^ clkbuf_0_clk/X (sky130_fd_sc_hd__clkbuf_16)
                                                         clknet_0_clk (net)
                      0.152585    0.002534    0.267903 ^ clkbuf_3_2__f_clk/A (sky130_fd_sc_hd__clkbuf_16)
    10    0.030659    0.081295    0.274394    0.542297 ^ clkbuf_3_2__f_clk/X (sky130_fd_sc_hd__clkbuf_16)
                                                         clknet_3_2__leaf_clk (net)
                      0.081297    0.000504    0.542801 ^ dsa[27]._9_/CLK (sky130_fd_sc_hd__dfrtp_1)
     2    0.009190    0.155433    0.712910    1.255711 ^ dsa[27]._9_/Q (sky130_fd_sc_hd__dfrtp_1)
                                                         dsa[27].y_out (net)
                      0.155433    0.000261    1.255972 ^ dsa[28]._6_/A (sky130_fd_sc_hd__xnor2_1)
     1    0.003277    0.078919    0.173240    1.429212 v dsa[28]._6_/Y (sky130_fd_sc_hd__xnor2_1)
                                                         dsa[28].y_out_next (net)
                      0.078919    0.000100    1.429312 v dsa[28]._9_/D (sky130_fd_sc_hd__dfrtp_1)
                                              1.429312   data arrival time

                                  0.000000    0.000000   clock core_clock (rise edge)
                                  0.000000    0.000000   clock source latency
     1    0.014766    0.000000    0.000000    0.000000 ^ clk (in)
                                                         clk (net)
                      0.000828    0.000414    0.000414 ^ clkbuf_0_clk/A (sky130_fd_sc_hd__clkbuf_16)
     8    0.082920    0.152432    0.264955    0.265369 ^ clkbuf_0_clk/X (sky130_fd_sc_hd__clkbuf_16)
                                                         clknet_0_clk (net)
                      0.152848    0.005603    0.270972 ^ clkbuf_3_0__f_clk/A (sky130_fd_sc_hd__clkbuf_16)
    10    0.031708    0.082731    0.276028    0.547000 ^ clkbuf_3_0__f_clk/X (sky130_fd_sc_hd__clkbuf_16)
                                                         clknet_3_0__leaf_clk (net)
                      0.082733    0.000536    0.547536 ^ dsa[28]._9_/CLK (sky130_fd_sc_hd__dfrtp_1)
                                  0.000000    0.547536   clock reconvergence pessimism
                                 -0.097448    0.450088   library hold time
                                              0.450088   data required time
---------------------------------------------------------------------------------------------
                                              0.450088   data required time
                                             -1.429312   data arrival time
---------------------------------------------------------------------------------------------
                                              0.979224   slack (MET)


Startpoint: dsa[1]._9_ (rising edge-triggered flip-flop clocked by core_clock)
Endpoint: dsa[2]._9_ (rising edge-triggered flip-flop clocked by core_clock)
Path Group: core_clock
Path Type: min

Fanout         Cap        Slew       Delay        Time   Description
---------------------------------------------------------------------------------------------
                                  0.000000    0.000000   clock core_clock (rise edge)
                                  0.000000    0.000000   clock source latency
     1    0.014766    0.000000    0.000000    0.000000 ^ clk (in)
                                                         clk (net)
                      0.000828    0.000414    0.000414 ^ clkbuf_0_clk/A (sky130_fd_sc_hd__clkbuf_16)
     8    0.082920    0.152432    0.264955    0.265369 ^ clkbuf_0_clk/X (sky130_fd_sc_hd__clkbuf_16)
                                                         clknet_0_clk (net)
                      0.152642    0.003448    0.268817 ^ clkbuf_3_7__f_clk/A (sky130_fd_sc_hd__clkbuf_16)
    10    0.028860    0.078843    0.271905    0.540722 ^ clkbuf_3_7__f_clk/X (sky130_fd_sc_hd__clkbuf_16)
                                                         clknet_3_7__leaf_clk (net)
                      0.078848    0.000645    0.541367 ^ dsa[1]._9_/CLK (sky130_fd_sc_hd__dfrtp_1)
     2    0.009518    0.159515    0.715218    1.256585 ^ dsa[1]._9_/Q (sky130_fd_sc_hd__dfrtp_1)
                                                         dsa[1].y_out (net)
                      0.159515    0.000295    1.256880 ^ dsa[2]._6_/A (sky130_fd_sc_hd__xnor2_1)
     1    0.002878    0.073587    0.169721    1.426602 v dsa[2]._6_/Y (sky130_fd_sc_hd__xnor2_1)
                                                         dsa[2].y_out_next (net)
                      0.073587    0.000091    1.426692 v dsa[2]._9_/D (sky130_fd_sc_hd__dfrtp_1)
                                              1.426692   data arrival time

                                  0.000000    0.000000   clock core_clock (rise edge)
                                  0.000000    0.000000   clock source latency
     1    0.014766    0.000000    0.000000    0.000000 ^ clk (in)
                                                         clk (net)
                      0.000828    0.000414    0.000414 ^ clkbuf_0_clk/A (sky130_fd_sc_hd__clkbuf_16)
     8    0.082920    0.152432    0.264955    0.265369 ^ clkbuf_0_clk/X (sky130_fd_sc_hd__clkbuf_16)
                                                         clknet_0_clk (net)
                      0.152642    0.003448    0.268817 ^ clkbuf_3_7__f_clk/A (sky130_fd_sc_hd__clkbuf_16)
    10    0.028860    0.078843    0.271905    0.540722 ^ clkbuf_3_7__f_clk/X (sky130_fd_sc_hd__clkbuf_16)
                                                         clknet_3_7__leaf_clk (net)
                      0.078846    0.000532    0.541255 ^ dsa[2]._9_/CLK (sky130_fd_sc_hd__dfrtp_1)
                                  0.000000    0.541255   clock reconvergence pessimism
                                 -0.096414    0.444841   library hold time
                                              0.444841   data required time
---------------------------------------------------------------------------------------------
                                              0.444841   data required time
                                             -1.426692   data arrival time
---------------------------------------------------------------------------------------------
                                              0.981851   slack (MET)


Startpoint: dsa[18]._9_ (rising edge-triggered flip-flop clocked by core_clock)
Endpoint: dsa[19]._9_ (rising edge-triggered flip-flop clocked by core_clock)
Path Group: core_clock
Path Type: min

Fanout         Cap        Slew       Delay        Time   Description
---------------------------------------------------------------------------------------------
                                  0.000000    0.000000   clock core_clock (rise edge)
                                  0.000000    0.000000   clock source latency
     1    0.014766    0.000000    0.000000    0.000000 ^ clk (in)
                                                         clk (net)
                      0.000828    0.000414    0.000414 ^ clkbuf_0_clk/A (sky130_fd_sc_hd__clkbuf_16)
     8    0.082920    0.152432    0.264955    0.265369 ^ clkbuf_0_clk/X (sky130_fd_sc_hd__clkbuf_16)
                                                         clknet_0_clk (net)
                      0.152759    0.004798    0.270167 ^ clkbuf_3_4__f_clk/A (sky130_fd_sc_hd__clkbuf_16)
     9    0.022312    0.070306    0.262757    0.532924 ^ clkbuf_3_4__f_clk/X (sky130_fd_sc_hd__clkbuf_16)
                                                         clknet_3_4__leaf_clk (net)
                      0.070329    0.000458    0.533382 ^ dsa[18]._9_/CLK (sky130_fd_sc_hd__dfrtp_1)
     2    0.010416    0.170817    0.720754    1.254137 ^ dsa[18]._9_/Q (sky130_fd_sc_hd__dfrtp_1)
                                                         dsa[18].y_out (net)
                      0.170817    0.000339    1.254475 ^ dsa[19]._6_/A (sky130_fd_sc_hd__xnor2_1)
     1    0.003332    0.080147    0.179885    1.434360 v dsa[19]._6_/Y (sky130_fd_sc_hd__xnor2_1)
                                                         dsa[19].y_out_next (net)
                      0.080147    0.000071    1.434431 v dsa[19]._9_/D (sky130_fd_sc_hd__dfrtp_1)
                                              1.434431   data arrival time

                                  0.000000    0.000000   clock core_clock (rise edge)
                                  0.000000    0.000000   clock source latency
     1    0.014766    0.000000    0.000000    0.000000 ^ clk (in)
                                                         clk (net)
                      0.000828    0.000414    0.000414 ^ clkbuf_0_clk/A (sky130_fd_sc_hd__clkbuf_16)
     8    0.082920    0.152432    0.264955    0.265369 ^ clkbuf_0_clk/X (sky130_fd_sc_hd__clkbuf_16)
                                                         clknet_0_clk (net)
                      0.152848    0.005603    0.270972 ^ clkbuf_3_0__f_clk/A (sky130_fd_sc_hd__clkbuf_16)
    10    0.031708    0.082731    0.276028    0.547000 ^ clkbuf_3_0__f_clk/X (sky130_fd_sc_hd__clkbuf_16)
                                                         clknet_3_0__leaf_clk (net)
                      0.082738    0.000799    0.547800 ^ dsa[19]._9_/CLK (sky130_fd_sc_hd__dfrtp_1)
                                  0.000000    0.547800   clock reconvergence pessimism
                                 -0.097903    0.449897   library hold time
                                              0.449897   data required time
---------------------------------------------------------------------------------------------
                                              0.449897   data required time
                                             -1.434431   data arrival time
---------------------------------------------------------------------------------------------
                                              0.984534   slack (MET)


Startpoint: dsa[5]._9_ (rising edge-triggered flip-flop clocked by core_clock)
Endpoint: dsa[6]._9_ (rising edge-triggered flip-flop clocked by core_clock)
Path Group: core_clock
Path Type: min

Fanout         Cap        Slew       Delay        Time   Description
---------------------------------------------------------------------------------------------
                                  0.000000    0.000000   clock core_clock (rise edge)
                                  0.000000    0.000000   clock source latency
     1    0.014766    0.000000    0.000000    0.000000 ^ clk (in)
                                                         clk (net)
                      0.000828    0.000414    0.000414 ^ clkbuf_0_clk/A (sky130_fd_sc_hd__clkbuf_16)
     8    0.082920    0.152432    0.264955    0.265369 ^ clkbuf_0_clk/X (sky130_fd_sc_hd__clkbuf_16)
                                                         clknet_0_clk (net)
                      0.152768    0.004883    0.270252 ^ clkbuf_3_5__f_clk/A (sky130_fd_sc_hd__clkbuf_16)
     8    0.028940    0.078948    0.272087    0.542339 ^ clkbuf_3_5__f_clk/X (sky130_fd_sc_hd__clkbuf_16)
                                                         clknet_3_5__leaf_clk (net)
                      0.078953    0.000650    0.542989 ^ dsa[5]._9_/CLK (sky130_fd_sc_hd__dfrtp_1)
     2    0.010557    0.172512    0.726195    1.269184 ^ dsa[5]._9_/Q (sky130_fd_sc_hd__dfrtp_1)
                                                         dsa[5].y_out (net)
                      0.172512    0.000325    1.269509 ^ dsa[6]._6_/A (sky130_fd_sc_hd__xnor2_1)
     1    0.002218    0.063976    0.166263    1.435772 v dsa[6]._6_/Y (sky130_fd_sc_hd__xnor2_1)
                                                         dsa[6].y_out_next (net)
                      0.063976    0.000061    1.435833 v dsa[6]._9_/D (sky130_fd_sc_hd__dfrtp_1)
                                              1.435833   data arrival time

                                  0.000000    0.000000   clock core_clock (rise edge)
                                  0.000000    0.000000   clock source latency
     1    0.014766    0.000000    0.000000    0.000000 ^ clk (in)
                                                         clk (net)
                      0.000828    0.000414    0.000414 ^ clkbuf_0_clk/A (sky130_fd_sc_hd__clkbuf_16)
     8    0.082920    0.152432    0.264955    0.265369 ^ clkbuf_0_clk/X (sky130_fd_sc_hd__clkbuf_16)
                                                         clknet_0_clk (net)
                      0.152768    0.004883    0.270252 ^ clkbuf_3_5__f_clk/A (sky130_fd_sc_hd__clkbuf_16)
     8    0.028940    0.078948    0.272087    0.542339 ^ clkbuf_3_5__f_clk/X (sky130_fd_sc_hd__clkbuf_16)
                                                         clknet_3_5__leaf_clk (net)
                      0.078953    0.000681    0.543020 ^ dsa[6]._9_/CLK (sky130_fd_sc_hd__dfrtp_1)
                                  0.000000    0.543020   clock reconvergence pessimism
                                 -0.092819    0.450201   library hold time
                                              0.450201   data required time
---------------------------------------------------------------------------------------------
                                              0.450201   data required time
                                             -1.435833   data arrival time
---------------------------------------------------------------------------------------------
                                              0.985632   slack (MET)


Startpoint: dsa[30]._9_ (rising edge-triggered flip-flop clocked by core_clock)
Endpoint: dsa[31]._9_ (rising edge-triggered flip-flop clocked by core_clock)
Path Group: core_clock
Path Type: min

Fanout         Cap        Slew       Delay        Time   Description
---------------------------------------------------------------------------------------------
                                  0.000000    0.000000   clock core_clock (rise edge)
                                  0.000000    0.000000   clock source latency
     1    0.014766    0.000000    0.000000    0.000000 ^ clk (in)
                                                         clk (net)
                      0.000828    0.000414    0.000414 ^ clkbuf_0_clk/A (sky130_fd_sc_hd__clkbuf_16)
     8    0.082920    0.152432    0.264955    0.265369 ^ clkbuf_0_clk/X (sky130_fd_sc_hd__clkbuf_16)
                                                         clknet_0_clk (net)
                      0.152841    0.005549    0.270918 ^ clkbuf_3_1__f_clk/A (sky130_fd_sc_hd__clkbuf_16)
     7    0.024156    0.072633    0.265409    0.536327 ^ clkbuf_3_1__f_clk/X (sky130_fd_sc_hd__clkbuf_16)
                                                         clknet_3_1__leaf_clk (net)
                      0.072644    0.000457    0.536784 ^ dsa[30]._9_/CLK (sky130_fd_sc_hd__dfrtp_1)
     2    0.009064    0.153909    0.707577    1.244361 ^ dsa[30]._9_/Q (sky130_fd_sc_hd__dfrtp_1)
                                                         dsa[30].y_out (net)
                      0.153909    0.000262    1.244623 ^ dsa[31]._6_/A (sky130_fd_sc_hd__xnor2_1)
     1    0.004394    0.095093    0.186113    1.430736 v dsa[31]._6_/Y (sky130_fd_sc_hd__xnor2_1)
                                                         dsa[31].y_out_next (net)
                      0.095093    0.000146    1.430882 v dsa[31]._9_/D (sky130_fd_sc_hd__dfrtp_1)
                                              1.430882   data arrival time

                                  0.000000    0.000000   clock core_clock (rise edge)
                                  0.000000    0.000000   clock source latency
     1    0.014766    0.000000    0.000000    0.000000 ^ clk (in)
                                                         clk (net)
                      0.000828    0.000414    0.000414 ^ clkbuf_0_clk/A (sky130_fd_sc_hd__clkbuf_16)
     8    0.082920    0.152432    0.264955    0.265369 ^ clkbuf_0_clk/X (sky130_fd_sc_hd__clkbuf_16)
                                                         clknet_0_clk (net)
                      0.152848    0.005603    0.270972 ^ clkbuf_3_0__f_clk/A (sky130_fd_sc_hd__clkbuf_16)
    10    0.031708    0.082731    0.276028    0.547000 ^ clkbuf_3_0__f_clk/X (sky130_fd_sc_hd__clkbuf_16)
                                                         clknet_3_0__leaf_clk (net)
                      0.082737    0.000758    0.547758 ^ dsa[31]._9_/CLK (sky130_fd_sc_hd__dfrtp_1)
                                  0.000000    0.547758   clock reconvergence pessimism
                                 -0.103452    0.444306   library hold time
                                              0.444306   data required time
---------------------------------------------------------------------------------------------
                                              0.444306   data required time
                                             -1.430882   data arrival time
---------------------------------------------------------------------------------------------
                                              0.986576   slack (MET)


Startpoint: dsa[29]._9_ (rising edge-triggered flip-flop clocked by core_clock)
Endpoint: dsa[30]._9_ (rising edge-triggered flip-flop clocked by core_clock)
Path Group: core_clock
Path Type: min

Fanout         Cap        Slew       Delay        Time   Description
---------------------------------------------------------------------------------------------
                                  0.000000    0.000000   clock core_clock (rise edge)
                                  0.000000    0.000000   clock source latency
     1    0.014766    0.000000    0.000000    0.000000 ^ clk (in)
                                                         clk (net)
                      0.000828    0.000414    0.000414 ^ clkbuf_0_clk/A (sky130_fd_sc_hd__clkbuf_16)
     8    0.082920    0.152432    0.264955    0.265369 ^ clkbuf_0_clk/X (sky130_fd_sc_hd__clkbuf_16)
                                                         clknet_0_clk (net)
                      0.152841    0.005549    0.270918 ^ clkbuf_3_1__f_clk/A (sky130_fd_sc_hd__clkbuf_16)
     7    0.024156    0.072633    0.265409    0.536327 ^ clkbuf_3_1__f_clk/X (sky130_fd_sc_hd__clkbuf_16)
                                                         clknet_3_1__leaf_clk (net)
                      0.072646    0.000511    0.536839 ^ dsa[29]._9_/CLK (sky130_fd_sc_hd__dfrtp_1)
     2    0.009320    0.157092    0.710281    1.247119 ^ dsa[29]._9_/Q (sky130_fd_sc_hd__dfrtp_1)
                                                         dsa[29].y_out (net)
                      0.157092    0.000252    1.247371 ^ dsa[30]._6_/A (sky130_fd_sc_hd__xnor2_1)
     1    0.003476    0.081771    0.176310    1.423681 v dsa[30]._6_/Y (sky130_fd_sc_hd__xnor2_1)
                                                         dsa[30].y_out_next (net)
                      0.081771    0.000105    1.423786 v dsa[30]._9_/D (sky130_fd_sc_hd__dfrtp_1)
                                              1.423786   data arrival time

                                  0.000000    0.000000   clock core_clock (rise edge)
                                  0.000000    0.000000   clock source latency
     1    0.014766    0.000000    0.000000    0.000000 ^ clk (in)
                                                         clk (net)
                      0.000828    0.000414    0.000414 ^ clkbuf_0_clk/A (sky130_fd_sc_hd__clkbuf_16)
     8    0.082920    0.152432    0.264955    0.265369 ^ clkbuf_0_clk/X (sky130_fd_sc_hd__clkbuf_16)
                                                         clknet_0_clk (net)
                      0.152841    0.005549    0.270918 ^ clkbuf_3_1__f_clk/A (sky130_fd_sc_hd__clkbuf_16)
     7    0.024156    0.072633    0.265409    0.536327 ^ clkbuf_3_1__f_clk/X (sky130_fd_sc_hd__clkbuf_16)
                                                         clknet_3_1__leaf_clk (net)
                      0.072644    0.000457    0.536784 ^ dsa[30]._9_/CLK (sky130_fd_sc_hd__dfrtp_1)
                                  0.000000    0.536784   clock reconvergence pessimism
                                 -0.100960    0.435824   library hold time
                                              0.435824   data required time
---------------------------------------------------------------------------------------------
                                              0.435824   data required time
                                             -1.423786   data arrival time
---------------------------------------------------------------------------------------------
                                              0.987962   slack (MET)


Startpoint: dsa[26]._9_ (rising edge-triggered flip-flop clocked by core_clock)
Endpoint: dsa[27]._9_ (rising edge-triggered flip-flop clocked by core_clock)
Path Group: core_clock
Path Type: min

Fanout         Cap        Slew       Delay        Time   Description
---------------------------------------------------------------------------------------------
                                  0.000000    0.000000   clock core_clock (rise edge)
                                  0.000000    0.000000   clock source latency
     1    0.014766    0.000000    0.000000    0.000000 ^ clk (in)
                                                         clk (net)
                      0.000828    0.000414    0.000414 ^ clkbuf_0_clk/A (sky130_fd_sc_hd__clkbuf_16)
     8    0.082920    0.152432    0.264955    0.265369 ^ clkbuf_0_clk/X (sky130_fd_sc_hd__clkbuf_16)
                                                         clknet_0_clk (net)
                      0.152585    0.002534    0.267903 ^ clkbuf_3_2__f_clk/A (sky130_fd_sc_hd__clkbuf_16)
    10    0.030659    0.081295    0.274394    0.542297 ^ clkbuf_3_2__f_clk/X (sky130_fd_sc_hd__clkbuf_16)
                                                         clknet_3_2__leaf_clk (net)
                      0.081302    0.000787    0.543084 ^ dsa[26]._9_/CLK (sky130_fd_sc_hd__dfrtp_1)
     2    0.009622    0.160817    0.717453    1.260537 ^ dsa[26]._9_/Q (sky130_fd_sc_hd__dfrtp_1)
                                                         dsa[26].y_out (net)
                      0.160817    0.000287    1.260824 ^ dsa[27]._6_/A (sky130_fd_sc_hd__xnor2_1)
     1    0.003262    0.078693    0.175127    1.435951 v dsa[27]._6_/Y (sky130_fd_sc_hd__xnor2_1)
                                                         dsa[27].y_out_next (net)
                      0.078693    0.000104    1.436054 v dsa[27]._9_/D (sky130_fd_sc_hd__dfrtp_1)
                                              1.436054   data arrival time

                                  0.000000    0.000000   clock core_clock (rise edge)
                                  0.000000    0.000000   clock source latency
     1    0.014766    0.000000    0.000000    0.000000 ^ clk (in)
                                                         clk (net)
                      0.000828    0.000414    0.000414 ^ clkbuf_0_clk/A (sky130_fd_sc_hd__clkbuf_16)
     8    0.082920    0.152432    0.264955    0.265369 ^ clkbuf_0_clk/X (sky130_fd_sc_hd__clkbuf_16)
                                                         clknet_0_clk (net)
                      0.152585    0.002534    0.267903 ^ clkbuf_3_2__f_clk/A (sky130_fd_sc_hd__clkbuf_16)
    10    0.030659    0.081295    0.274394    0.542297 ^ clkbuf_3_2__f_clk/X (sky130_fd_sc_hd__clkbuf_16)
                                                         clknet_3_2__leaf_clk (net)
                      0.081297    0.000504    0.542801 ^ dsa[27]._9_/CLK (sky130_fd_sc_hd__dfrtp_1)
                                  0.000000    0.542801   clock reconvergence pessimism
                                 -0.097713    0.445088   library hold time
                                              0.445088   data required time
---------------------------------------------------------------------------------------------
                                              0.445088   data required time
                                             -1.436054   data arrival time
---------------------------------------------------------------------------------------------
                                              0.990967   slack (MET)


Startpoint: dsa[30]._9_ (rising edge-triggered flip-flop clocked by core_clock)
Endpoint: dsa[31]._8_ (rising edge-triggered flip-flop clocked by core_clock)
Path Group: core_clock
Path Type: min

Fanout         Cap        Slew       Delay        Time   Description
---------------------------------------------------------------------------------------------
                                  0.000000    0.000000   clock core_clock (rise edge)
                                  0.000000    0.000000   clock source latency
     1    0.014766    0.000000    0.000000    0.000000 ^ clk (in)
                                                         clk (net)
                      0.000828    0.000414    0.000414 ^ clkbuf_0_clk/A (sky130_fd_sc_hd__clkbuf_16)
     8    0.082920    0.152432    0.264955    0.265369 ^ clkbuf_0_clk/X (sky130_fd_sc_hd__clkbuf_16)
                                                         clknet_0_clk (net)
                      0.152841    0.005549    0.270918 ^ clkbuf_3_1__f_clk/A (sky130_fd_sc_hd__clkbuf_16)
     7    0.024156    0.072633    0.265409    0.536327 ^ clkbuf_3_1__f_clk/X (sky130_fd_sc_hd__clkbuf_16)
                                                         clknet_3_1__leaf_clk (net)
                      0.072644    0.000457    0.536784 ^ dsa[30]._9_/CLK (sky130_fd_sc_hd__dfrtp_1)
     2    0.009064    0.153909    0.707577    1.244361 ^ dsa[30]._9_/Q (sky130_fd_sc_hd__dfrtp_1)
                                                         dsa[30].y_out (net)
                      0.153909    0.000227    1.244588 ^ dsa[31]._7_/A1 (sky130_fd_sc_hd__a21bo_1)
     1    0.002314    0.055056    0.225504    1.470092 ^ dsa[31]._7_/X (sky130_fd_sc_hd__a21bo_1)
                                                         dsa[31].last_carry_next (net)
                      0.055056    0.000066    1.470158 ^ dsa[31]._8_/D (sky130_fd_sc_hd__dfrtp_1)
                                              1.470158   data arrival time

                                  0.000000    0.000000   clock core_clock (rise edge)
                                  0.000000    0.000000   clock source latency
     1    0.014766    0.000000    0.000000    0.000000 ^ clk (in)
                                                         clk (net)
                      0.000828    0.000414    0.000414 ^ clkbuf_0_clk/A (sky130_fd_sc_hd__clkbuf_16)
     8    0.082920    0.152432    0.264955    0.265369 ^ clkbuf_0_clk/X (sky130_fd_sc_hd__clkbuf_16)
                                                         clknet_0_clk (net)
                      0.152848    0.005603    0.270972 ^ clkbuf_3_0__f_clk/A (sky130_fd_sc_hd__clkbuf_16)
    10    0.031708    0.082731    0.276028    0.547000 ^ clkbuf_3_0__f_clk/X (sky130_fd_sc_hd__clkbuf_16)
                                                         clknet_3_0__leaf_clk (net)
                      0.082741    0.000910    0.547911 ^ dsa[31]._8_/CLK (sky130_fd_sc_hd__dfrtp_1)
                                  0.000000    0.547911   clock reconvergence pessimism
                                 -0.071439    0.476472   library hold time
                                              0.476472   data required time
---------------------------------------------------------------------------------------------
                                              0.476472   data required time
                                             -1.470158   data arrival time
---------------------------------------------------------------------------------------------
                                              0.993686   slack (MET)


Startpoint: dsa[15]._9_ (rising edge-triggered flip-flop clocked by core_clock)
Endpoint: dsa[16]._8_ (rising edge-triggered flip-flop clocked by core_clock)
Path Group: core_clock
Path Type: min

Fanout         Cap        Slew       Delay        Time   Description
---------------------------------------------------------------------------------------------
                                  0.000000    0.000000   clock core_clock (rise edge)
                                  0.000000    0.000000   clock source latency
     1    0.014766    0.000000    0.000000    0.000000 ^ clk (in)
                                                         clk (net)
                      0.000828    0.000414    0.000414 ^ clkbuf_0_clk/A (sky130_fd_sc_hd__clkbuf_16)
     8    0.082920    0.152432    0.264955    0.265369 ^ clkbuf_0_clk/X (sky130_fd_sc_hd__clkbuf_16)
                                                         clknet_0_clk (net)
                      0.152759    0.004798    0.270167 ^ clkbuf_3_4__f_clk/A (sky130_fd_sc_hd__clkbuf_16)
     9    0.022312    0.070306    0.262757    0.532924 ^ clkbuf_3_4__f_clk/X (sky130_fd_sc_hd__clkbuf_16)
                                                         clknet_3_4__leaf_clk (net)
                      0.070330    0.000535    0.533459 ^ dsa[15]._9_/CLK (sky130_fd_sc_hd__dfrtp_1)
     2    0.008124    0.142288    0.696596    1.230055 ^ dsa[15]._9_/Q (sky130_fd_sc_hd__dfrtp_1)
                                                         dsa[15].y_out (net)
                      0.142288    0.000209    1.230265 ^ dsa[16]._7_/A1 (sky130_fd_sc_hd__a21bo_1)
     1    0.002827    0.060442    0.226297    1.456562 ^ dsa[16]._7_/X (sky130_fd_sc_hd__a21bo_1)
                                                         dsa[16].last_carry_next (net)
                      0.060442    0.000061    1.456622 ^ dsa[16]._8_/D (sky130_fd_sc_hd__dfrtp_1)
                                              1.456622   data arrival time

                                  0.000000    0.000000   clock core_clock (rise edge)
                                  0.000000    0.000000   clock source latency
     1    0.014766    0.000000    0.000000    0.000000 ^ clk (in)
                                                         clk (net)
                      0.000828    0.000414    0.000414 ^ clkbuf_0_clk/A (sky130_fd_sc_hd__clkbuf_16)
     8    0.082920    0.152432    0.264955    0.265369 ^ clkbuf_0_clk/X (sky130_fd_sc_hd__clkbuf_16)
                                                         clknet_0_clk (net)
                      0.152841    0.005549    0.270918 ^ clkbuf_3_1__f_clk/A (sky130_fd_sc_hd__clkbuf_16)
     7    0.024156    0.072633    0.265409    0.536327 ^ clkbuf_3_1__f_clk/X (sky130_fd_sc_hd__clkbuf_16)
                                                         clknet_3_1__leaf_clk (net)
                      0.072646    0.000511    0.536839 ^ dsa[16]._8_/CLK (sky130_fd_sc_hd__dfrtp_1)
                                  0.000000    0.536839   clock reconvergence pessimism
                                 -0.074324    0.462514   library hold time
                                              0.462514   data required time
---------------------------------------------------------------------------------------------
                                              0.462514   data required time
                                             -1.456622   data arrival time
---------------------------------------------------------------------------------------------
                                              0.994108   slack (MET)


Startpoint: dsa[21]._9_ (rising edge-triggered flip-flop clocked by core_clock)
Endpoint: dsa[22]._8_ (rising edge-triggered flip-flop clocked by core_clock)
Path Group: core_clock
Path Type: min

Fanout         Cap        Slew       Delay        Time   Description
---------------------------------------------------------------------------------------------
                                  0.000000    0.000000   clock core_clock (rise edge)
                                  0.000000    0.000000   clock source latency
     1    0.014766    0.000000    0.000000    0.000000 ^ clk (in)
                                                         clk (net)
                      0.000828    0.000414    0.000414 ^ clkbuf_0_clk/A (sky130_fd_sc_hd__clkbuf_16)
     8    0.082920    0.152432    0.264955    0.265369 ^ clkbuf_0_clk/X (sky130_fd_sc_hd__clkbuf_16)
                                                         clknet_0_clk (net)
                      0.152577    0.002367    0.267736 ^ clkbuf_3_3__f_clk/A (sky130_fd_sc_hd__clkbuf_16)
     9    0.026566    0.075778    0.268666    0.536402 ^ clkbuf_3_3__f_clk/X (sky130_fd_sc_hd__clkbuf_16)
                                                         clknet_3_3__leaf_clk (net)
                      0.075780    0.000460    0.536862 ^ dsa[21]._9_/CLK (sky130_fd_sc_hd__dfrtp_1)
     2    0.008001    0.140727    0.697853    1.234715 ^ dsa[21]._9_/Q (sky130_fd_sc_hd__dfrtp_1)
                                                         dsa[21].y_out (net)
                      0.140727    0.000127    1.234841 ^ dsa[22]._7_/A1 (sky130_fd_sc_hd__a21bo_1)
     1    0.003184    0.064340    0.229533    1.464374 ^ dsa[22]._7_/X (sky130_fd_sc_hd__a21bo_1)
                                                         dsa[22].last_carry_next (net)
                      0.064340    0.000091    1.464465 ^ dsa[22]._8_/D (sky130_fd_sc_hd__dfrtp_1)
                                              1.464465   data arrival time

                                  0.000000    0.000000   clock core_clock (rise edge)
                                  0.000000    0.000000   clock source latency
     1    0.014766    0.000000    0.000000    0.000000 ^ clk (in)
                                                         clk (net)
                      0.000828    0.000414    0.000414 ^ clkbuf_0_clk/A (sky130_fd_sc_hd__clkbuf_16)
     8    0.082920    0.152432    0.264955    0.265369 ^ clkbuf_0_clk/X (sky130_fd_sc_hd__clkbuf_16)
                                                         clknet_0_clk (net)
                      0.152585    0.002534    0.267903 ^ clkbuf_3_2__f_clk/A (sky130_fd_sc_hd__clkbuf_16)
    10    0.030659    0.081295    0.274394    0.542297 ^ clkbuf_3_2__f_clk/X (sky130_fd_sc_hd__clkbuf_16)
                                                         clknet_3_2__leaf_clk (net)
                      0.081297    0.000490    0.542786 ^ dsa[22]._8_/CLK (sky130_fd_sc_hd__dfrtp_1)
                                  0.000000    0.542786   clock reconvergence pessimism
                                 -0.073795    0.468992   library hold time
                                              0.468992   data required time
---------------------------------------------------------------------------------------------
                                              0.468992   data required time
                                             -1.464465   data arrival time
---------------------------------------------------------------------------------------------
                                              0.995474   slack (MET)


Startpoint: dsa[25]._9_ (rising edge-triggered flip-flop clocked by core_clock)
Endpoint: dsa[26]._8_ (rising edge-triggered flip-flop clocked by core_clock)
Path Group: core_clock
Path Type: min

Fanout         Cap        Slew       Delay        Time   Description
---------------------------------------------------------------------------------------------
                                  0.000000    0.000000   clock core_clock (rise edge)
                                  0.000000    0.000000   clock source latency
     1    0.014766    0.000000    0.000000    0.000000 ^ clk (in)
                                                         clk (net)
                      0.000828    0.000414    0.000414 ^ clkbuf_0_clk/A (sky130_fd_sc_hd__clkbuf_16)
     8    0.082920    0.152432    0.264955    0.265369 ^ clkbuf_0_clk/X (sky130_fd_sc_hd__clkbuf_16)
                                                         clknet_0_clk (net)
                      0.152585    0.002534    0.267903 ^ clkbuf_3_2__f_clk/A (sky130_fd_sc_hd__clkbuf_16)
    10    0.030659    0.081295    0.274394    0.542297 ^ clkbuf_3_2__f_clk/X (sky130_fd_sc_hd__clkbuf_16)
                                                         clknet_3_2__leaf_clk (net)
                      0.081299    0.000656    0.542953 ^ dsa[25]._9_/CLK (sky130_fd_sc_hd__dfrtp_1)
     2    0.008254    0.143821    0.703109    1.246062 ^ dsa[25]._9_/Q (sky130_fd_sc_hd__dfrtp_1)
                                                         dsa[25].y_out (net)
                      0.143821    0.000173    1.246235 ^ dsa[26]._7_/A1 (sky130_fd_sc_hd__a21bo_1)
     1    0.002288    0.054780    0.221062    1.467297 ^ dsa[26]._7_/X (sky130_fd_sc_hd__a21bo_1)
                                                         dsa[26].last_carry_next (net)
                      0.054780    0.000064    1.467361 ^ dsa[26]._8_/D (sky130_fd_sc_hd__dfrtp_1)
                                              1.467361   data arrival time

                                  0.000000    0.000000   clock core_clock (rise edge)
                                  0.000000    0.000000   clock source latency
     1    0.014766    0.000000    0.000000    0.000000 ^ clk (in)
                                                         clk (net)
                      0.000828    0.000414    0.000414 ^ clkbuf_0_clk/A (sky130_fd_sc_hd__clkbuf_16)
     8    0.082920    0.152432    0.264955    0.265369 ^ clkbuf_0_clk/X (sky130_fd_sc_hd__clkbuf_16)
                                                         clknet_0_clk (net)
                      0.152585    0.002534    0.267903 ^ clkbuf_3_2__f_clk/A (sky130_fd_sc_hd__clkbuf_16)
    10    0.030659    0.081295    0.274394    0.542297 ^ clkbuf_3_2__f_clk/X (sky130_fd_sc_hd__clkbuf_16)
                                                         clknet_3_2__leaf_clk (net)
                      0.081306    0.000912    0.543209 ^ dsa[26]._8_/CLK (sky130_fd_sc_hd__dfrtp_1)
                                  0.000000    0.543209   clock reconvergence pessimism
                                 -0.071611    0.471597   library hold time
                                              0.471597   data required time
---------------------------------------------------------------------------------------------
                                              0.471597   data required time
                                             -1.467361   data arrival time
---------------------------------------------------------------------------------------------
                                              0.995764   slack (MET)


Startpoint: dsa[16]._9_ (rising edge-triggered flip-flop clocked by core_clock)
Endpoint: dsa[17]._8_ (rising edge-triggered flip-flop clocked by core_clock)
Path Group: core_clock
Path Type: min

Fanout         Cap        Slew       Delay        Time   Description
---------------------------------------------------------------------------------------------
                                  0.000000    0.000000   clock core_clock (rise edge)
                                  0.000000    0.000000   clock source latency
     1    0.014766    0.000000    0.000000    0.000000 ^ clk (in)
                                                         clk (net)
                      0.000828    0.000414    0.000414 ^ clkbuf_0_clk/A (sky130_fd_sc_hd__clkbuf_16)
     8    0.082920    0.152432    0.264955    0.265369 ^ clkbuf_0_clk/X (sky130_fd_sc_hd__clkbuf_16)
                                                         clknet_0_clk (net)
                      0.152759    0.004798    0.270167 ^ clkbuf_3_4__f_clk/A (sky130_fd_sc_hd__clkbuf_16)
     9    0.022312    0.070306    0.262757    0.532924 ^ clkbuf_3_4__f_clk/X (sky130_fd_sc_hd__clkbuf_16)
                                                         clknet_3_4__leaf_clk (net)
                      0.070329    0.000422    0.533346 ^ dsa[16]._9_/CLK (sky130_fd_sc_hd__dfrtp_1)
     2    0.008879    0.151625    0.704557    1.237904 ^ dsa[16]._9_/Q (sky130_fd_sc_hd__dfrtp_1)
                                                         dsa[16].y_out (net)
                      0.151625    0.000190    1.238093 ^ dsa[17]._7_/A1 (sky130_fd_sc_hd__a21bo_1)
     1    0.002139    0.052907    0.222659    1.460752 ^ dsa[17]._7_/X (sky130_fd_sc_hd__a21bo_1)
                                                         dsa[17].last_carry_next (net)
                      0.052907    0.000059    1.460811 ^ dsa[17]._8_/D (sky130_fd_sc_hd__dfrtp_1)
                                              1.460811   data arrival time

                                  0.000000    0.000000   clock core_clock (rise edge)
                                  0.000000    0.000000   clock source latency
     1    0.014766    0.000000    0.000000    0.000000 ^ clk (in)
                                                         clk (net)
                      0.000828    0.000414    0.000414 ^ clkbuf_0_clk/A (sky130_fd_sc_hd__clkbuf_16)
     8    0.082920    0.152432    0.264955    0.265369 ^ clkbuf_0_clk/X (sky130_fd_sc_hd__clkbuf_16)
                                                         clknet_0_clk (net)
                      0.152841    0.005549    0.270918 ^ clkbuf_3_1__f_clk/A (sky130_fd_sc_hd__clkbuf_16)
     7    0.024156    0.072633    0.265409    0.536327 ^ clkbuf_3_1__f_clk/X (sky130_fd_sc_hd__clkbuf_16)
                                                         clknet_3_1__leaf_clk (net)
                      0.072646    0.000511    0.536838 ^ dsa[17]._8_/CLK (sky130_fd_sc_hd__dfrtp_1)
                                  0.000000    0.536838   clock reconvergence pessimism
                                 -0.072604    0.464234   library hold time
                                              0.464234   data required time
---------------------------------------------------------------------------------------------
                                              0.464234   data required time
                                             -1.460811   data arrival time
---------------------------------------------------------------------------------------------
                                              0.996578   slack (MET)


Startpoint: dsa[10]._9_ (rising edge-triggered flip-flop clocked by core_clock)
Endpoint: dsa[11]._9_ (rising edge-triggered flip-flop clocked by core_clock)
Path Group: core_clock
Path Type: min

Fanout         Cap        Slew       Delay        Time   Description
---------------------------------------------------------------------------------------------
                                  0.000000    0.000000   clock core_clock (rise edge)
                                  0.000000    0.000000   clock source latency
     1    0.014766    0.000000    0.000000    0.000000 ^ clk (in)
                                                         clk (net)
                      0.000828    0.000414    0.000414 ^ clkbuf_0_clk/A (sky130_fd_sc_hd__clkbuf_16)
     8    0.082920    0.152432    0.264955    0.265369 ^ clkbuf_0_clk/X (sky130_fd_sc_hd__clkbuf_16)
                                                         clknet_0_clk (net)
                      0.152635    0.003344    0.268713 ^ clkbuf_3_6__f_clk/A (sky130_fd_sc_hd__clkbuf_16)
     8    0.026630    0.075859    0.268810    0.537524 ^ clkbuf_3_6__f_clk/X (sky130_fd_sc_hd__clkbuf_16)
                                                         clknet_3_6__leaf_clk (net)
                      0.075863    0.000561    0.538084 ^ dsa[10]._9_/CLK (sky130_fd_sc_hd__dfrtp_1)
     2    0.010281    0.169062    0.721895    1.259979 ^ dsa[10]._9_/Q (sky130_fd_sc_hd__dfrtp_1)
                                                         dsa[10].y_out (net)
                      0.169062    0.000306    1.260285 ^ dsa[11]._6_/A (sky130_fd_sc_hd__xnor2_1)
     1    0.003375    0.080343    0.179723    1.440008 v dsa[11]._6_/Y (sky130_fd_sc_hd__xnor2_1)
                                                         dsa[11].y_out_next (net)
                      0.080343    0.000077    1.440086 v dsa[11]._9_/D (sky130_fd_sc_hd__dfrtp_1)
                                              1.440086   data arrival time

                                  0.000000    0.000000   clock core_clock (rise edge)
                                  0.000000    0.000000   clock source latency
     1    0.014766    0.000000    0.000000    0.000000 ^ clk (in)
                                                         clk (net)
                      0.000828    0.000414    0.000414 ^ clkbuf_0_clk/A (sky130_fd_sc_hd__clkbuf_16)
     8    0.082920    0.152432    0.264955    0.265369 ^ clkbuf_0_clk/X (sky130_fd_sc_hd__clkbuf_16)
                                                         clknet_0_clk (net)
                      0.152642    0.003448    0.268817 ^ clkbuf_3_7__f_clk/A (sky130_fd_sc_hd__clkbuf_16)
    10    0.028860    0.078843    0.271905    0.540722 ^ clkbuf_3_7__f_clk/X (sky130_fd_sc_hd__clkbuf_16)
                                                         clknet_3_7__leaf_clk (net)
                      0.078848    0.000641    0.541363 ^ dsa[11]._9_/CLK (sky130_fd_sc_hd__dfrtp_1)
                                  0.000000    0.541363   clock reconvergence pessimism
                                 -0.098921    0.442442   library hold time
                                              0.442442   data required time
---------------------------------------------------------------------------------------------
                                              0.442442   data required time
                                             -1.440086   data arrival time
---------------------------------------------------------------------------------------------
                                              0.997644   slack (MET)


Startpoint: dsa[0]._9_ (rising edge-triggered flip-flop clocked by core_clock)
Endpoint: dsa[1]._8_ (rising edge-triggered flip-flop clocked by core_clock)
Path Group: core_clock
Path Type: min

Fanout         Cap        Slew       Delay        Time   Description
---------------------------------------------------------------------------------------------
                                  0.000000    0.000000   clock core_clock (rise edge)
                                  0.000000    0.000000   clock source latency
     1    0.014766    0.000000    0.000000    0.000000 ^ clk (in)
                                                         clk (net)
                      0.000828    0.000414    0.000414 ^ clkbuf_0_clk/A (sky130_fd_sc_hd__clkbuf_16)
     8    0.082920    0.152432    0.264955    0.265369 ^ clkbuf_0_clk/X (sky130_fd_sc_hd__clkbuf_16)
                                                         clknet_0_clk (net)
                      0.152642    0.003448    0.268817 ^ clkbuf_3_7__f_clk/A (sky130_fd_sc_hd__clkbuf_16)
    10    0.028860    0.078843    0.271905    0.540722 ^ clkbuf_3_7__f_clk/X (sky130_fd_sc_hd__clkbuf_16)
                                                         clknet_3_7__leaf_clk (net)
                      0.078848    0.000680    0.541403 ^ dsa[0]._9_/CLK (sky130_fd_sc_hd__dfrtp_1)
     2    0.008260    0.143891    0.702022    1.243425 ^ dsa[0]._9_/Q (sky130_fd_sc_hd__dfrtp_1)
                                                         dsa[0].y_out (net)
                      0.143891    0.000173    1.243598 ^ dsa[1]._7_/A1 (sky130_fd_sc_hd__a21bo_1)
     1    0.002581    0.057847    0.224284    1.467882 ^ dsa[1]._7_/X (sky130_fd_sc_hd__a21bo_1)
                                                         dsa[1].last_carry_next (net)
                      0.057847    0.000072    1.467954 ^ dsa[1]._8_/D (sky130_fd_sc_hd__dfrtp_1)
                                              1.467954   data arrival time

                                  0.000000    0.000000   clock core_clock (rise edge)
                                  0.000000    0.000000   clock source latency
     1    0.014766    0.000000    0.000000    0.000000 ^ clk (in)
                                                         clk (net)
                      0.000828    0.000414    0.000414 ^ clkbuf_0_clk/A (sky130_fd_sc_hd__clkbuf_16)
     8    0.082920    0.152432    0.264955    0.265369 ^ clkbuf_0_clk/X (sky130_fd_sc_hd__clkbuf_16)
                                                         clknet_0_clk (net)
                      0.152642    0.003448    0.268817 ^ clkbuf_3_7__f_clk/A (sky130_fd_sc_hd__clkbuf_16)
    10    0.028860    0.078843    0.271905    0.540722 ^ clkbuf_3_7__f_clk/X (sky130_fd_sc_hd__clkbuf_16)
                                                         clknet_3_7__leaf_clk (net)
                      0.078854    0.000876    0.541598 ^ dsa[1]._8_/CLK (sky130_fd_sc_hd__dfrtp_1)
                                  0.000000    0.541598   clock reconvergence pessimism
                                 -0.072714    0.468885   library hold time
                                              0.468885   data required time
---------------------------------------------------------------------------------------------
                                              0.468885   data required time
                                             -1.467954   data arrival time
---------------------------------------------------------------------------------------------
                                              0.999070   slack (MET)


Startpoint: dsa[23]._9_ (rising edge-triggered flip-flop clocked by core_clock)
Endpoint: dsa[24]._8_ (rising edge-triggered flip-flop clocked by core_clock)
Path Group: core_clock
Path Type: min

Fanout         Cap        Slew       Delay        Time   Description
---------------------------------------------------------------------------------------------
                                  0.000000    0.000000   clock core_clock (rise edge)
                                  0.000000    0.000000   clock source latency
     1    0.014766    0.000000    0.000000    0.000000 ^ clk (in)
                                                         clk (net)
                      0.000828    0.000414    0.000414 ^ clkbuf_0_clk/A (sky130_fd_sc_hd__clkbuf_16)
     8    0.082920    0.152432    0.264955    0.265369 ^ clkbuf_0_clk/X (sky130_fd_sc_hd__clkbuf_16)
                                                         clknet_0_clk (net)
                      0.152577    0.002367    0.267736 ^ clkbuf_3_3__f_clk/A (sky130_fd_sc_hd__clkbuf_16)
     9    0.026566    0.075778    0.268666    0.536402 ^ clkbuf_3_3__f_clk/X (sky130_fd_sc_hd__clkbuf_16)
                                                         clknet_3_3__leaf_clk (net)
                      0.075782    0.000590    0.536992 ^ dsa[23]._9_/CLK (sky130_fd_sc_hd__dfrtp_1)
     2    0.008794    0.150530    0.706196    1.243188 ^ dsa[23]._9_/Q (sky130_fd_sc_hd__dfrtp_1)
                                                         dsa[23].y_out (net)
                      0.150530    0.000210    1.243398 ^ dsa[24]._7_/A1 (sky130_fd_sc_hd__a21bo_1)
     1    0.002565    0.057678    0.226843    1.470241 ^ dsa[24]._7_/X (sky130_fd_sc_hd__a21bo_1)
                                                         dsa[24].last_carry_next (net)
                      0.057678    0.000072    1.470313 ^ dsa[24]._8_/D (sky130_fd_sc_hd__dfrtp_1)
                                              1.470313   data arrival time

                                  0.000000    0.000000   clock core_clock (rise edge)
                                  0.000000    0.000000   clock source latency
     1    0.014766    0.000000    0.000000    0.000000 ^ clk (in)
                                                         clk (net)
                      0.000828    0.000414    0.000414 ^ clkbuf_0_clk/A (sky130_fd_sc_hd__clkbuf_16)
     8    0.082920    0.152432    0.264955    0.265369 ^ clkbuf_0_clk/X (sky130_fd_sc_hd__clkbuf_16)
                                                         clknet_0_clk (net)
                      0.152585    0.002534    0.267903 ^ clkbuf_3_2__f_clk/A (sky130_fd_sc_hd__clkbuf_16)
    10    0.030659    0.081295    0.274394    0.542297 ^ clkbuf_3_2__f_clk/X (sky130_fd_sc_hd__clkbuf_16)
                                                         clknet_3_2__leaf_clk (net)
                      0.081303    0.000809    0.543106 ^ dsa[24]._8_/CLK (sky130_fd_sc_hd__dfrtp_1)
                                  0.000000    0.543106   clock reconvergence pessimism
                                 -0.072273    0.470833   library hold time
                                              0.470833   data required time
---------------------------------------------------------------------------------------------
                                              0.470833   data required time
                                             -1.470313   data arrival time
---------------------------------------------------------------------------------------------
                                              0.999480   slack (MET)


Startpoint: dsa[11]._9_ (rising edge-triggered flip-flop clocked by core_clock)
Endpoint: dsa[12]._9_ (rising edge-triggered flip-flop clocked by core_clock)
Path Group: core_clock
Path Type: min

Fanout         Cap        Slew       Delay        Time   Description
---------------------------------------------------------------------------------------------
                                  0.000000    0.000000   clock core_clock (rise edge)
                                  0.000000    0.000000   clock source latency
     1    0.014766    0.000000    0.000000    0.000000 ^ clk (in)
                                                         clk (net)
                      0.000828    0.000414    0.000414 ^ clkbuf_0_clk/A (sky130_fd_sc_hd__clkbuf_16)
     8    0.082920    0.152432    0.264955    0.265369 ^ clkbuf_0_clk/X (sky130_fd_sc_hd__clkbuf_16)
                                                         clknet_0_clk (net)
                      0.152642    0.003448    0.268817 ^ clkbuf_3_7__f_clk/A (sky130_fd_sc_hd__clkbuf_16)
    10    0.028860    0.078843    0.271905    0.540722 ^ clkbuf_3_7__f_clk/X (sky130_fd_sc_hd__clkbuf_16)
                                                         clknet_3_7__leaf_clk (net)
                      0.078848    0.000641    0.541363 ^ dsa[11]._9_/CLK (sky130_fd_sc_hd__dfrtp_1)
     2    0.010743    0.174850    0.728112    1.269475 ^ dsa[11]._9_/Q (sky130_fd_sc_hd__dfrtp_1)
                                                         dsa[11].y_out (net)
                      0.174850    0.000365    1.269840 ^ dsa[12]._6_/A (sky130_fd_sc_hd__xnor2_1)
     1    0.002860    0.073111    0.175403    1.445243 v dsa[12]._6_/Y (sky130_fd_sc_hd__xnor2_1)
                                                         dsa[12].y_out_next (net)
                      0.073111    0.000064    1.445307 v dsa[12]._9_/D (sky130_fd_sc_hd__dfrtp_1)
                                              1.445307   data arrival time

                                  0.000000    0.000000   clock core_clock (rise edge)
                                  0.000000    0.000000   clock source latency
     1    0.014766    0.000000    0.000000    0.000000 ^ clk (in)
                                                         clk (net)
                      0.000828    0.000414    0.000414 ^ clkbuf_0_clk/A (sky130_fd_sc_hd__clkbuf_16)
     8    0.082920    0.152432    0.264955    0.265369 ^ clkbuf_0_clk/X (sky130_fd_sc_hd__clkbuf_16)
                                                         clknet_0_clk (net)
                      0.152642    0.003448    0.268817 ^ clkbuf_3_7__f_clk/A (sky130_fd_sc_hd__clkbuf_16)
    10    0.028860    0.078843    0.271905    0.540722 ^ clkbuf_3_7__f_clk/X (sky130_fd_sc_hd__clkbuf_16)
                                                         clknet_3_7__leaf_clk (net)
                      0.078852    0.000810    0.541532 ^ dsa[12]._9_/CLK (sky130_fd_sc_hd__dfrtp_1)
                                  0.000000    0.541532   clock reconvergence pessimism
                                 -0.096235    0.445297   library hold time
                                              0.445297   data required time
---------------------------------------------------------------------------------------------
                                              0.445297   data required time
                                             -1.445307   data arrival time
---------------------------------------------------------------------------------------------
                                              1.000010   slack (MET)


Startpoint: dsa[22]._9_ (rising edge-triggered flip-flop clocked by core_clock)
Endpoint: dsa[23]._8_ (rising edge-triggered flip-flop clocked by core_clock)
Path Group: core_clock
Path Type: min

Fanout         Cap        Slew       Delay        Time   Description
---------------------------------------------------------------------------------------------
                                  0.000000    0.000000   clock core_clock (rise edge)
                                  0.000000    0.000000   clock source latency
     1    0.014766    0.000000    0.000000    0.000000 ^ clk (in)
                                                         clk (net)
                      0.000828    0.000414    0.000414 ^ clkbuf_0_clk/A (sky130_fd_sc_hd__clkbuf_16)
     8    0.082920    0.152432    0.264955    0.265369 ^ clkbuf_0_clk/X (sky130_fd_sc_hd__clkbuf_16)
                                                         clknet_0_clk (net)
                      0.152577    0.002367    0.267736 ^ clkbuf_3_3__f_clk/A (sky130_fd_sc_hd__clkbuf_16)
     9    0.026566    0.075778    0.268666    0.536402 ^ clkbuf_3_3__f_clk/X (sky130_fd_sc_hd__clkbuf_16)
                                                         clknet_3_3__leaf_clk (net)
                      0.075781    0.000532    0.536934 ^ dsa[22]._9_/CLK (sky130_fd_sc_hd__dfrtp_1)
     2    0.008660    0.148871    0.704792    1.241726 ^ dsa[22]._9_/Q (sky130_fd_sc_hd__dfrtp_1)
                                                         dsa[22].y_out (net)
                      0.148871    0.000205    1.241931 ^ dsa[23]._7_/A1 (sky130_fd_sc_hd__a21bo_1)
     1    0.002812    0.060289    0.228850    1.470781 ^ dsa[23]._7_/X (sky130_fd_sc_hd__a21bo_1)
                                                         dsa[23].last_carry_next (net)
                      0.060289    0.000063    1.470844 ^ dsa[23]._8_/D (sky130_fd_sc_hd__dfrtp_1)
                                              1.470844   data arrival time

                                  0.000000    0.000000   clock core_clock (rise edge)
                                  0.000000    0.000000   clock source latency
     1    0.014766    0.000000    0.000000    0.000000 ^ clk (in)
                                                         clk (net)
                      0.000828    0.000414    0.000414 ^ clkbuf_0_clk/A (sky130_fd_sc_hd__clkbuf_16)
     8    0.082920    0.152432    0.264955    0.265369 ^ clkbuf_0_clk/X (sky130_fd_sc_hd__clkbuf_16)
                                                         clknet_0_clk (net)
                      0.152585    0.002534    0.267903 ^ clkbuf_3_2__f_clk/A (sky130_fd_sc_hd__clkbuf_16)
    10    0.030659    0.081295    0.274394    0.542297 ^ clkbuf_3_2__f_clk/X (sky130_fd_sc_hd__clkbuf_16)
                                                         clknet_3_2__leaf_clk (net)
                      0.081299    0.000657    0.542954 ^ dsa[23]._8_/CLK (sky130_fd_sc_hd__dfrtp_1)
                                  0.000000    0.542954   clock reconvergence pessimism
                                 -0.072870    0.470084   library hold time
                                              0.470084   data required time
---------------------------------------------------------------------------------------------
                                              0.470084   data required time
                                             -1.470844   data arrival time
---------------------------------------------------------------------------------------------
                                              1.000759   slack (MET)


Startpoint: dsa[29]._9_ (rising edge-triggered flip-flop clocked by core_clock)
Endpoint: dsa[30]._8_ (rising edge-triggered flip-flop clocked by core_clock)
Path Group: core_clock
Path Type: min

Fanout         Cap        Slew       Delay        Time   Description
---------------------------------------------------------------------------------------------
                                  0.000000    0.000000   clock core_clock (rise edge)
                                  0.000000    0.000000   clock source latency
     1    0.014766    0.000000    0.000000    0.000000 ^ clk (in)
                                                         clk (net)
                      0.000828    0.000414    0.000414 ^ clkbuf_0_clk/A (sky130_fd_sc_hd__clkbuf_16)
     8    0.082920    0.152432    0.264955    0.265369 ^ clkbuf_0_clk/X (sky130_fd_sc_hd__clkbuf_16)
                                                         clknet_0_clk (net)
                      0.152841    0.005549    0.270918 ^ clkbuf_3_1__f_clk/A (sky130_fd_sc_hd__clkbuf_16)
     7    0.024156    0.072633    0.265409    0.536327 ^ clkbuf_3_1__f_clk/X (sky130_fd_sc_hd__clkbuf_16)
                                                         clknet_3_1__leaf_clk (net)
                      0.072646    0.000511    0.536839 ^ dsa[29]._9_/CLK (sky130_fd_sc_hd__dfrtp_1)
     2    0.009320    0.157092    0.710281    1.247119 ^ dsa[29]._9_/Q (sky130_fd_sc_hd__dfrtp_1)
                                                         dsa[29].y_out (net)
                      0.157092    0.000236    1.247356 ^ dsa[30]._7_/A1 (sky130_fd_sc_hd__a21bo_1)
     1    0.002649    0.058556    0.230456    1.477812 ^ dsa[30]._7_/X (sky130_fd_sc_hd__a21bo_1)
                                                         dsa[30].last_carry_next (net)
                      0.058556    0.000078    1.477890 ^ dsa[30]._8_/D (sky130_fd_sc_hd__dfrtp_1)
                                              1.477890   data arrival time

                                  0.000000    0.000000   clock core_clock (rise edge)
                                  0.000000    0.000000   clock source latency
     1    0.014766    0.000000    0.000000    0.000000 ^ clk (in)
                                                         clk (net)
                      0.000828    0.000414    0.000414 ^ clkbuf_0_clk/A (sky130_fd_sc_hd__clkbuf_16)
     8    0.082920    0.152432    0.264955    0.265369 ^ clkbuf_0_clk/X (sky130_fd_sc_hd__clkbuf_16)
                                                         clknet_0_clk (net)
                      0.152848    0.005603    0.270972 ^ clkbuf_3_0__f_clk/A (sky130_fd_sc_hd__clkbuf_16)
    10    0.031708    0.082731    0.276028    0.547000 ^ clkbuf_3_0__f_clk/X (sky130_fd_sc_hd__clkbuf_16)
                                                         clknet_3_0__leaf_clk (net)
                      0.082742    0.000934    0.547934 ^ dsa[30]._8_/CLK (sky130_fd_sc_hd__dfrtp_1)
                                  0.000000    0.547934   clock reconvergence pessimism
                                 -0.072238    0.475697   library hold time
                                              0.475697   data required time
---------------------------------------------------------------------------------------------
                                              0.475697   data required time
                                             -1.477890   data arrival time
---------------------------------------------------------------------------------------------
                                              1.002193   slack (MET)


Startpoint: dsa[4]._9_ (rising edge-triggered flip-flop clocked by core_clock)
Endpoint: dsa[5]._8_ (rising edge-triggered flip-flop clocked by core_clock)
Path Group: core_clock
Path Type: min

Fanout         Cap        Slew       Delay        Time   Description
---------------------------------------------------------------------------------------------
                                  0.000000    0.000000   clock core_clock (rise edge)
                                  0.000000    0.000000   clock source latency
     1    0.014766    0.000000    0.000000    0.000000 ^ clk (in)
                                                         clk (net)
                      0.000828    0.000414    0.000414 ^ clkbuf_0_clk/A (sky130_fd_sc_hd__clkbuf_16)
     8    0.082920    0.152432    0.264955    0.265369 ^ clkbuf_0_clk/X (sky130_fd_sc_hd__clkbuf_16)
                                                         clknet_0_clk (net)
                      0.152768    0.004883    0.270252 ^ clkbuf_3_5__f_clk/A (sky130_fd_sc_hd__clkbuf_16)
     8    0.028940    0.078948    0.272087    0.542339 ^ clkbuf_3_5__f_clk/X (sky130_fd_sc_hd__clkbuf_16)
                                                         clknet_3_5__leaf_clk (net)
                      0.078949    0.000372    0.542711 ^ dsa[4]._9_/CLK (sky130_fd_sc_hd__dfrtp_1)
     2    0.008317    0.144613    0.702648    1.245359 ^ dsa[4]._9_/Q (sky130_fd_sc_hd__dfrtp_1)
                                                         dsa[4].y_out (net)
                      0.144613    0.000169    1.245528 ^ dsa[5]._7_/A1 (sky130_fd_sc_hd__a21bo_1)
     1    0.002904    0.061275    0.228093    1.473621 ^ dsa[5]._7_/X (sky130_fd_sc_hd__a21bo_1)
                                                         dsa[5].last_carry_next (net)
                      0.061275    0.000066    1.473687 ^ dsa[5]._8_/D (sky130_fd_sc_hd__dfrtp_1)
                                              1.473687   data arrival time

                                  0.000000    0.000000   clock core_clock (rise edge)
                                  0.000000    0.000000   clock source latency
     1    0.014766    0.000000    0.000000    0.000000 ^ clk (in)
                                                         clk (net)
                      0.000828    0.000414    0.000414 ^ clkbuf_0_clk/A (sky130_fd_sc_hd__clkbuf_16)
     8    0.082920    0.152432    0.264955    0.265369 ^ clkbuf_0_clk/X (sky130_fd_sc_hd__clkbuf_16)
                                                         clknet_0_clk (net)
                      0.152768    0.004883    0.270252 ^ clkbuf_3_5__f_clk/A (sky130_fd_sc_hd__clkbuf_16)
     8    0.028940    0.078948    0.272087    0.542339 ^ clkbuf_3_5__f_clk/X (sky130_fd_sc_hd__clkbuf_16)
                                                         clknet_3_5__leaf_clk (net)
                      0.078953    0.000665    0.543004 ^ dsa[5]._8_/CLK (sky130_fd_sc_hd__dfrtp_1)
                                  0.000000    0.543004   clock reconvergence pessimism
                                 -0.073480    0.469525   library hold time
                                              0.469525   data required time
---------------------------------------------------------------------------------------------
                                              0.469525   data required time
                                             -1.473687   data arrival time
---------------------------------------------------------------------------------------------
                                              1.004162   slack (MET)


Startpoint: dsa[17]._9_ (rising edge-triggered flip-flop clocked by core_clock)
Endpoint: dsa[18]._8_ (rising edge-triggered flip-flop clocked by core_clock)
Path Group: core_clock
Path Type: min

Fanout         Cap        Slew       Delay        Time   Description
---------------------------------------------------------------------------------------------
                                  0.000000    0.000000   clock core_clock (rise edge)
                                  0.000000    0.000000   clock source latency
     1    0.014766    0.000000    0.000000    0.000000 ^ clk (in)
                                                         clk (net)
                      0.000828    0.000414    0.000414 ^ clkbuf_0_clk/A (sky130_fd_sc_hd__clkbuf_16)
     8    0.082920    0.152432    0.264955    0.265369 ^ clkbuf_0_clk/X (sky130_fd_sc_hd__clkbuf_16)
                                                         clknet_0_clk (net)
                      0.152759    0.004798    0.270167 ^ clkbuf_3_4__f_clk/A (sky130_fd_sc_hd__clkbuf_16)
     9    0.022312    0.070306    0.262757    0.532924 ^ clkbuf_3_4__f_clk/X (sky130_fd_sc_hd__clkbuf_16)
                                                         clknet_3_4__leaf_clk (net)
                      0.070329    0.000437    0.533361 ^ dsa[17]._9_/CLK (sky130_fd_sc_hd__dfrtp_1)
     2    0.008370    0.145326    0.699180    1.232542 ^ dsa[17]._9_/Q (sky130_fd_sc_hd__dfrtp_1)
                                                         dsa[17].y_out (net)
                      0.145326    0.000250    1.232792 ^ dsa[18]._7_/A1 (sky130_fd_sc_hd__a21bo_1)
     1    0.003397    0.066694    0.233737    1.466529 ^ dsa[18]._7_/X (sky130_fd_sc_hd__a21bo_1)
                                                         dsa[18].last_carry_next (net)
                      0.066694    0.000100    1.466629 ^ dsa[18]._8_/D (sky130_fd_sc_hd__dfrtp_1)
                                              1.466629   data arrival time

                                  0.000000    0.000000   clock core_clock (rise edge)
                                  0.000000    0.000000   clock source latency
     1    0.014766    0.000000    0.000000    0.000000 ^ clk (in)
                                                         clk (net)
                      0.000828    0.000414    0.000414 ^ clkbuf_0_clk/A (sky130_fd_sc_hd__clkbuf_16)
     8    0.082920    0.152432    0.264955    0.265369 ^ clkbuf_0_clk/X (sky130_fd_sc_hd__clkbuf_16)
                                                         clknet_0_clk (net)
                      0.152841    0.005549    0.270918 ^ clkbuf_3_1__f_clk/A (sky130_fd_sc_hd__clkbuf_16)
     7    0.024156    0.072633    0.265409    0.536327 ^ clkbuf_3_1__f_clk/X (sky130_fd_sc_hd__clkbuf_16)
                                                         clknet_3_1__leaf_clk (net)
                      0.072638    0.000288    0.536615 ^ dsa[18]._8_/CLK (sky130_fd_sc_hd__dfrtp_1)
                                  0.000000    0.536615   clock reconvergence pessimism
                                 -0.075752    0.460862   library hold time
                                              0.460862   data required time
---------------------------------------------------------------------------------------------
                                              0.460862   data required time
                                             -1.466629   data arrival time
---------------------------------------------------------------------------------------------
                                              1.005767   slack (MET)


Startpoint: dsa[3]._9_ (rising edge-triggered flip-flop clocked by core_clock)
Endpoint: dsa[4]._8_ (rising edge-triggered flip-flop clocked by core_clock)
Path Group: core_clock
Path Type: min

Fanout         Cap        Slew       Delay        Time   Description
---------------------------------------------------------------------------------------------
                                  0.000000    0.000000   clock core_clock (rise edge)
                                  0.000000    0.000000   clock source latency
     1    0.014766    0.000000    0.000000    0.000000 ^ clk (in)
                                                         clk (net)
                      0.000828    0.000414    0.000414 ^ clkbuf_0_clk/A (sky130_fd_sc_hd__clkbuf_16)
     8    0.082920    0.152432    0.264955    0.265369 ^ clkbuf_0_clk/X (sky130_fd_sc_hd__clkbuf_16)
                                                         clknet_0_clk (net)
                      0.152768    0.004883    0.270252 ^ clkbuf_3_5__f_clk/A (sky130_fd_sc_hd__clkbuf_16)
     8    0.028940    0.078948    0.272087    0.542339 ^ clkbuf_3_5__f_clk/X (sky130_fd_sc_hd__clkbuf_16)
                                                         clknet_3_5__leaf_clk (net)
                      0.078949    0.000369    0.542708 ^ dsa[3]._9_/CLK (sky130_fd_sc_hd__dfrtp_1)
     2    0.008966    0.152626    0.709505    1.252213 ^ dsa[3]._9_/Q (sky130_fd_sc_hd__dfrtp_1)
                                                         dsa[3].y_out (net)
                      0.152626    0.000130    1.252343 ^ dsa[4]._7_/A1 (sky130_fd_sc_hd__a21bo_1)
     1    0.002380    0.055742    0.225688    1.478032 ^ dsa[4]._7_/X (sky130_fd_sc_hd__a21bo_1)
                                                         dsa[4].last_carry_next (net)
                      0.055742    0.000069    1.478101 ^ dsa[4]._8_/D (sky130_fd_sc_hd__dfrtp_1)
                                              1.478101   data arrival time

                                  0.000000    0.000000   clock core_clock (rise edge)
                                  0.000000    0.000000   clock source latency
     1    0.014766    0.000000    0.000000    0.000000 ^ clk (in)
                                                         clk (net)
                      0.000828    0.000414    0.000414 ^ clkbuf_0_clk/A (sky130_fd_sc_hd__clkbuf_16)
     8    0.082920    0.152432    0.264955    0.265369 ^ clkbuf_0_clk/X (sky130_fd_sc_hd__clkbuf_16)
                                                         clknet_0_clk (net)
                      0.152768    0.004883    0.270252 ^ clkbuf_3_5__f_clk/A (sky130_fd_sc_hd__clkbuf_16)
     8    0.028940    0.078948    0.272087    0.542339 ^ clkbuf_3_5__f_clk/X (sky130_fd_sc_hd__clkbuf_16)
                                                         clknet_3_5__leaf_clk (net)
                      0.078955    0.000759    0.543098 ^ dsa[4]._8_/CLK (sky130_fd_sc_hd__dfrtp_1)
                                  0.000000    0.543098   clock reconvergence pessimism
                                 -0.072216    0.470881   library hold time
                                              0.470881   data required time
---------------------------------------------------------------------------------------------
                                              0.470881   data required time
                                             -1.478101   data arrival time
---------------------------------------------------------------------------------------------
                                              1.007219   slack (MET)


Startpoint: dsa[13]._9_ (rising edge-triggered flip-flop clocked by core_clock)
Endpoint: dsa[14]._8_ (rising edge-triggered flip-flop clocked by core_clock)
Path Group: core_clock
Path Type: min

Fanout         Cap        Slew       Delay        Time   Description
---------------------------------------------------------------------------------------------
                                  0.000000    0.000000   clock core_clock (rise edge)
                                  0.000000    0.000000   clock source latency
     1    0.014766    0.000000    0.000000    0.000000 ^ clk (in)
                                                         clk (net)
                      0.000828    0.000414    0.000414 ^ clkbuf_0_clk/A (sky130_fd_sc_hd__clkbuf_16)
     8    0.082920    0.152432    0.264955    0.265369 ^ clkbuf_0_clk/X (sky130_fd_sc_hd__clkbuf_16)
                                                         clknet_0_clk (net)
                      0.152577    0.002367    0.267736 ^ clkbuf_3_3__f_clk/A (sky130_fd_sc_hd__clkbuf_16)
     9    0.026566    0.075778    0.268666    0.536402 ^ clkbuf_3_3__f_clk/X (sky130_fd_sc_hd__clkbuf_16)
                                                         clknet_3_3__leaf_clk (net)
                      0.075784    0.000660    0.537062 ^ dsa[13]._9_/CLK (sky130_fd_sc_hd__dfrtp_1)
     2    0.008717    0.149579    0.705361    1.242423 ^ dsa[13]._9_/Q (sky130_fd_sc_hd__dfrtp_1)
                                                         dsa[13].y_out (net)
                      0.149579    0.000253    1.242676 ^ dsa[14]._7_/A1 (sky130_fd_sc_hd__a21bo_1)
     1    0.002857    0.060771    0.229629    1.472305 ^ dsa[14]._7_/X (sky130_fd_sc_hd__a21bo_1)
                                                         dsa[14].last_carry_next (net)
                      0.060771    0.000065    1.472369 ^ dsa[14]._8_/D (sky130_fd_sc_hd__dfrtp_1)
                                              1.472369   data arrival time

                                  0.000000    0.000000   clock core_clock (rise edge)
                                  0.000000    0.000000   clock source latency
     1    0.014766    0.000000    0.000000    0.000000 ^ clk (in)
                                                         clk (net)
                      0.000828    0.000414    0.000414 ^ clkbuf_0_clk/A (sky130_fd_sc_hd__clkbuf_16)
     8    0.082920    0.152432    0.264955    0.265369 ^ clkbuf_0_clk/X (sky130_fd_sc_hd__clkbuf_16)
                                                         clknet_0_clk (net)
                      0.152577    0.002367    0.267736 ^ clkbuf_3_3__f_clk/A (sky130_fd_sc_hd__clkbuf_16)
     9    0.026566    0.075778    0.268666    0.536402 ^ clkbuf_3_3__f_clk/X (sky130_fd_sc_hd__clkbuf_16)
                                                         clknet_3_3__leaf_clk (net)
                      0.075782    0.000586    0.536987 ^ dsa[14]._8_/CLK (sky130_fd_sc_hd__dfrtp_1)
                                  0.000000    0.536987   clock reconvergence pessimism
                                 -0.073885    0.463102   library hold time
                                              0.463102   data required time
---------------------------------------------------------------------------------------------
                                              0.463102   data required time
                                             -1.472369   data arrival time
---------------------------------------------------------------------------------------------
                                              1.009267   slack (MET)


Startpoint: dsa[14]._9_ (rising edge-triggered flip-flop clocked by core_clock)
Endpoint: dsa[15]._9_ (rising edge-triggered flip-flop clocked by core_clock)
Path Group: core_clock
Path Type: min

Fanout         Cap        Slew       Delay        Time   Description
---------------------------------------------------------------------------------------------
                                  0.000000    0.000000   clock core_clock (rise edge)
                                  0.000000    0.000000   clock source latency
     1    0.014766    0.000000    0.000000    0.000000 ^ clk (in)
                                                         clk (net)
                      0.000828    0.000414    0.000414 ^ clkbuf_0_clk/A (sky130_fd_sc_hd__clkbuf_16)
     8    0.082920    0.152432    0.264955    0.265369 ^ clkbuf_0_clk/X (sky130_fd_sc_hd__clkbuf_16)
                                                         clknet_0_clk (net)
                      0.152635    0.003344    0.268713 ^ clkbuf_3_6__f_clk/A (sky130_fd_sc_hd__clkbuf_16)
     8    0.026630    0.075859    0.268810    0.537524 ^ clkbuf_3_6__f_clk/X (sky130_fd_sc_hd__clkbuf_16)
                                                         clknet_3_6__leaf_clk (net)
                      0.075862    0.000530    0.538054 ^ dsa[14]._9_/CLK (sky130_fd_sc_hd__dfrtp_1)
     2    0.010574    0.172763    0.724940    1.262994 ^ dsa[14]._9_/Q (sky130_fd_sc_hd__dfrtp_1)
                                                         dsa[14].y_out (net)
                      0.172763    0.000397    1.263391 ^ dsa[15]._6_/A (sky130_fd_sc_hd__xnor2_1)
     1    0.003272    0.079013    0.179873    1.443264 v dsa[15]._6_/Y (sky130_fd_sc_hd__xnor2_1)
                                                         dsa[15].y_out_next (net)
                      0.079013    0.000098    1.443361 v dsa[15]._9_/D (sky130_fd_sc_hd__dfrtp_1)
                                              1.443361   data arrival time

                                  0.000000    0.000000   clock core_clock (rise edge)
                                  0.000000    0.000000   clock source latency
     1    0.014766    0.000000    0.000000    0.000000 ^ clk (in)
                                                         clk (net)
                      0.000828    0.000414    0.000414 ^ clkbuf_0_clk/A (sky130_fd_sc_hd__clkbuf_16)
     8    0.082920    0.152432    0.264955    0.265369 ^ clkbuf_0_clk/X (sky130_fd_sc_hd__clkbuf_16)
                                                         clknet_0_clk (net)
                      0.152759    0.004798    0.270167 ^ clkbuf_3_4__f_clk/A (sky130_fd_sc_hd__clkbuf_16)
     9    0.022312    0.070306    0.262757    0.532924 ^ clkbuf_3_4__f_clk/X (sky130_fd_sc_hd__clkbuf_16)
                                                         clknet_3_4__leaf_clk (net)
                      0.070330    0.000535    0.533459 ^ dsa[15]._9_/CLK (sky130_fd_sc_hd__dfrtp_1)
                                  0.000000    0.533459   clock reconvergence pessimism
                                 -0.100499    0.432960   library hold time
                                              0.432960   data required time
---------------------------------------------------------------------------------------------
                                              0.432960   data required time
                                             -1.443361   data arrival time
---------------------------------------------------------------------------------------------
                                              1.010401   slack (MET)


Startpoint: dsa[2]._9_ (rising edge-triggered flip-flop clocked by core_clock)
Endpoint: dsa[3]._8_ (rising edge-triggered flip-flop clocked by core_clock)
Path Group: core_clock
Path Type: min

Fanout         Cap        Slew       Delay        Time   Description
---------------------------------------------------------------------------------------------
                                  0.000000    0.000000   clock core_clock (rise edge)
                                  0.000000    0.000000   clock source latency
     1    0.014766    0.000000    0.000000    0.000000 ^ clk (in)
                                                         clk (net)
                      0.000828    0.000414    0.000414 ^ clkbuf_0_clk/A (sky130_fd_sc_hd__clkbuf_16)
     8    0.082920    0.152432    0.264955    0.265369 ^ clkbuf_0_clk/X (sky130_fd_sc_hd__clkbuf_16)
                                                         clknet_0_clk (net)
                      0.152642    0.003448    0.268817 ^ clkbuf_3_7__f_clk/A (sky130_fd_sc_hd__clkbuf_16)
    10    0.028860    0.078843    0.271905    0.540722 ^ clkbuf_3_7__f_clk/X (sky130_fd_sc_hd__clkbuf_16)
                                                         clknet_3_7__leaf_clk (net)
                      0.078846    0.000532    0.541255 ^ dsa[2]._9_/CLK (sky130_fd_sc_hd__dfrtp_1)
     2    0.008591    0.147990    0.705476    1.246731 ^ dsa[2]._9_/Q (sky130_fd_sc_hd__dfrtp_1)
                                                         dsa[2].y_out (net)
                      0.147990    0.000194    1.246925 ^ dsa[3]._7_/A1 (sky130_fd_sc_hd__a21bo_1)
     1    0.003036    0.062720    0.230919    1.477844 ^ dsa[3]._7_/X (sky130_fd_sc_hd__a21bo_1)
                                                         dsa[3].last_carry_next (net)
                      0.062720    0.000071    1.477915 ^ dsa[3]._8_/D (sky130_fd_sc_hd__dfrtp_1)
                                              1.477915   data arrival time

                                  0.000000    0.000000   clock core_clock (rise edge)
                                  0.000000    0.000000   clock source latency
     1    0.014766    0.000000    0.000000    0.000000 ^ clk (in)
                                                         clk (net)
                      0.000828    0.000414    0.000414 ^ clkbuf_0_clk/A (sky130_fd_sc_hd__clkbuf_16)
     8    0.082920    0.152432    0.264955    0.265369 ^ clkbuf_0_clk/X (sky130_fd_sc_hd__clkbuf_16)
                                                         clknet_0_clk (net)
                      0.152642    0.003448    0.268817 ^ clkbuf_3_7__f_clk/A (sky130_fd_sc_hd__clkbuf_16)
    10    0.028860    0.078843    0.271905    0.540722 ^ clkbuf_3_7__f_clk/X (sky130_fd_sc_hd__clkbuf_16)
                                                         clknet_3_7__leaf_clk (net)
                      0.078846    0.000525    0.541247 ^ dsa[3]._8_/CLK (sky130_fd_sc_hd__dfrtp_1)
                                  0.000000    0.541247   clock reconvergence pessimism
                                 -0.073827    0.467420   library hold time
                                              0.467420   data required time
---------------------------------------------------------------------------------------------
                                              0.467420   data required time
                                             -1.477915   data arrival time
---------------------------------------------------------------------------------------------
                                              1.010495   slack (MET)


Startpoint: dsa[28]._9_ (rising edge-triggered flip-flop clocked by core_clock)
Endpoint: dsa[29]._8_ (rising edge-triggered flip-flop clocked by core_clock)
Path Group: core_clock
Path Type: min

Fanout         Cap        Slew       Delay        Time   Description
---------------------------------------------------------------------------------------------
                                  0.000000    0.000000   clock core_clock (rise edge)
                                  0.000000    0.000000   clock source latency
     1    0.014766    0.000000    0.000000    0.000000 ^ clk (in)
                                                         clk (net)
                      0.000828    0.000414    0.000414 ^ clkbuf_0_clk/A (sky130_fd_sc_hd__clkbuf_16)
     8    0.082920    0.152432    0.264955    0.265369 ^ clkbuf_0_clk/X (sky130_fd_sc_hd__clkbuf_16)
                                                         clknet_0_clk (net)
                      0.152848    0.005603    0.270972 ^ clkbuf_3_0__f_clk/A (sky130_fd_sc_hd__clkbuf_16)
    10    0.031708    0.082731    0.276028    0.547000 ^ clkbuf_3_0__f_clk/X (sky130_fd_sc_hd__clkbuf_16)
                                                         clknet_3_0__leaf_clk (net)
                      0.082733    0.000536    0.547536 ^ dsa[28]._9_/CLK (sky130_fd_sc_hd__dfrtp_1)
     2    0.008361    0.145164    0.704866    1.252402 ^ dsa[28]._9_/Q (sky130_fd_sc_hd__dfrtp_1)
                                                         dsa[28].y_out (net)
                      0.145164    0.000227    1.252630 ^ dsa[29]._7_/A1 (sky130_fd_sc_hd__a21bo_1)
     1    0.003313    0.065764    0.232759    1.485389 ^ dsa[29]._7_/X (sky130_fd_sc_hd__a21bo_1)
                                                         dsa[29].last_carry_next (net)
                      0.065764    0.000099    1.485488 ^ dsa[29]._8_/D (sky130_fd_sc_hd__dfrtp_1)
                                              1.485488   data arrival time

                                  0.000000    0.000000   clock core_clock (rise edge)
                                  0.000000    0.000000   clock source latency
     1    0.014766    0.000000    0.000000    0.000000 ^ clk (in)
                                                         clk (net)
                      0.000828    0.000414    0.000414 ^ clkbuf_0_clk/A (sky130_fd_sc_hd__clkbuf_16)
     8    0.082920    0.152432    0.264955    0.265369 ^ clkbuf_0_clk/X (sky130_fd_sc_hd__clkbuf_16)
                                                         clknet_0_clk (net)
                      0.152848    0.005603    0.270972 ^ clkbuf_3_0__f_clk/A (sky130_fd_sc_hd__clkbuf_16)
    10    0.031708    0.082731    0.276028    0.547000 ^ clkbuf_3_0__f_clk/X (sky130_fd_sc_hd__clkbuf_16)
                                                         clknet_3_0__leaf_clk (net)
                      0.082734    0.000595    0.547596 ^ dsa[29]._8_/CLK (sky130_fd_sc_hd__dfrtp_1)
                                  0.000000    0.547596   clock reconvergence pessimism
                                 -0.073884    0.473712   library hold time
                                              0.473712   data required time
---------------------------------------------------------------------------------------------
                                              0.473712   data required time
                                             -1.485488   data arrival time
---------------------------------------------------------------------------------------------
                                              1.011776   slack (MET)


Startpoint: dsa[8]._9_ (rising edge-triggered flip-flop clocked by core_clock)
Endpoint: dsa[9]._8_ (rising edge-triggered flip-flop clocked by core_clock)
Path Group: core_clock
Path Type: min

Fanout         Cap        Slew       Delay        Time   Description
---------------------------------------------------------------------------------------------
                                  0.000000    0.000000   clock core_clock (rise edge)
                                  0.000000    0.000000   clock source latency
     1    0.014766    0.000000    0.000000    0.000000 ^ clk (in)
                                                         clk (net)
                      0.000828    0.000414    0.000414 ^ clkbuf_0_clk/A (sky130_fd_sc_hd__clkbuf_16)
     8    0.082920    0.152432    0.264955    0.265369 ^ clkbuf_0_clk/X (sky130_fd_sc_hd__clkbuf_16)
                                                         clknet_0_clk (net)
                      0.152759    0.004798    0.270167 ^ clkbuf_3_4__f_clk/A (sky130_fd_sc_hd__clkbuf_16)
     9    0.022312    0.070306    0.262757    0.532924 ^ clkbuf_3_4__f_clk/X (sky130_fd_sc_hd__clkbuf_16)
                                                         clknet_3_4__leaf_clk (net)
                      0.070330    0.000545    0.533469 ^ dsa[8]._9_/CLK (sky130_fd_sc_hd__dfrtp_1)
     2    0.009412    0.158265    0.710171    1.243640 ^ dsa[8]._9_/Q (sky130_fd_sc_hd__dfrtp_1)
                                                         dsa[8].y_out (net)
                      0.158265    0.000261    1.243902 ^ dsa[9]._7_/A1 (sky130_fd_sc_hd__a21bo_1)
     1    0.002774    0.059879    0.232300    1.476202 ^ dsa[9]._7_/X (sky130_fd_sc_hd__a21bo_1)
                                                         dsa[9].last_carry_next (net)
                      0.059879    0.000061    1.476264 ^ dsa[9]._8_/D (sky130_fd_sc_hd__dfrtp_1)
                                              1.476264   data arrival time

                                  0.000000    0.000000   clock core_clock (rise edge)
                                  0.000000    0.000000   clock source latency
     1    0.014766    0.000000    0.000000    0.000000 ^ clk (in)
                                                         clk (net)
                      0.000828    0.000414    0.000414 ^ clkbuf_0_clk/A (sky130_fd_sc_hd__clkbuf_16)
     8    0.082920    0.152432    0.264955    0.265369 ^ clkbuf_0_clk/X (sky130_fd_sc_hd__clkbuf_16)
                                                         clknet_0_clk (net)
                      0.152635    0.003344    0.268713 ^ clkbuf_3_6__f_clk/A (sky130_fd_sc_hd__clkbuf_16)
     8    0.026630    0.075859    0.268810    0.537524 ^ clkbuf_3_6__f_clk/X (sky130_fd_sc_hd__clkbuf_16)
                                                         clknet_3_6__leaf_clk (net)
                      0.075864    0.000613    0.538136 ^ dsa[9]._8_/CLK (sky130_fd_sc_hd__dfrtp_1)
                                  0.000000    0.538136   clock reconvergence pessimism
                                 -0.073668    0.464468   library hold time
                                              0.464468   data required time
---------------------------------------------------------------------------------------------
                                              0.464468   data required time
                                             -1.476264   data arrival time
---------------------------------------------------------------------------------------------
                                              1.011795   slack (MET)


Startpoint: dsa[27]._9_ (rising edge-triggered flip-flop clocked by core_clock)
Endpoint: dsa[28]._8_ (rising edge-triggered flip-flop clocked by core_clock)
Path Group: core_clock
Path Type: min

Fanout         Cap        Slew       Delay        Time   Description
---------------------------------------------------------------------------------------------
                                  0.000000    0.000000   clock core_clock (rise edge)
                                  0.000000    0.000000   clock source latency
     1    0.014766    0.000000    0.000000    0.000000 ^ clk (in)
                                                         clk (net)
                      0.000828    0.000414    0.000414 ^ clkbuf_0_clk/A (sky130_fd_sc_hd__clkbuf_16)
     8    0.082920    0.152432    0.264955    0.265369 ^ clkbuf_0_clk/X (sky130_fd_sc_hd__clkbuf_16)
                                                         clknet_0_clk (net)
                      0.152585    0.002534    0.267903 ^ clkbuf_3_2__f_clk/A (sky130_fd_sc_hd__clkbuf_16)
    10    0.030659    0.081295    0.274394    0.542297 ^ clkbuf_3_2__f_clk/X (sky130_fd_sc_hd__clkbuf_16)
                                                         clknet_3_2__leaf_clk (net)
                      0.081297    0.000504    0.542801 ^ dsa[27]._9_/CLK (sky130_fd_sc_hd__dfrtp_1)
     2    0.009190    0.155433    0.712910    1.255711 ^ dsa[27]._9_/Q (sky130_fd_sc_hd__dfrtp_1)
                                                         dsa[27].y_out (net)
                      0.155433    0.000293    1.256003 ^ dsa[28]._7_/A1 (sky130_fd_sc_hd__a21bo_1)
     1    0.002479    0.056772    0.227917    1.483920 ^ dsa[28]._7_/X (sky130_fd_sc_hd__a21bo_1)
                                                         dsa[28].last_carry_next (net)
                      0.056772    0.000072    1.483992 ^ dsa[28]._8_/D (sky130_fd_sc_hd__dfrtp_1)
                                              1.483992   data arrival time

                                  0.000000    0.000000   clock core_clock (rise edge)
                                  0.000000    0.000000   clock source latency
     1    0.014766    0.000000    0.000000    0.000000 ^ clk (in)
                                                         clk (net)
                      0.000828    0.000414    0.000414 ^ clkbuf_0_clk/A (sky130_fd_sc_hd__clkbuf_16)
     8    0.082920    0.152432    0.264955    0.265369 ^ clkbuf_0_clk/X (sky130_fd_sc_hd__clkbuf_16)
                                                         clknet_0_clk (net)
                      0.152585    0.002534    0.267903 ^ clkbuf_3_2__f_clk/A (sky130_fd_sc_hd__clkbuf_16)
    10    0.030659    0.081295    0.274394    0.542297 ^ clkbuf_3_2__f_clk/X (sky130_fd_sc_hd__clkbuf_16)
                                                         clknet_3_2__leaf_clk (net)
                      0.081304    0.000839    0.543136 ^ dsa[28]._8_/CLK (sky130_fd_sc_hd__dfrtp_1)
                                  0.000000    0.543136   clock reconvergence pessimism
                                 -0.072066    0.471070   library hold time
                                              0.471070   data required time
---------------------------------------------------------------------------------------------
                                              0.471070   data required time
                                             -1.483992   data arrival time
---------------------------------------------------------------------------------------------
                                              1.012923   slack (MET)


Startpoint: dsa[20]._9_ (rising edge-triggered flip-flop clocked by core_clock)
Endpoint: dsa[21]._9_ (rising edge-triggered flip-flop clocked by core_clock)
Path Group: core_clock
Path Type: min

Fanout         Cap        Slew       Delay        Time   Description
---------------------------------------------------------------------------------------------
                                  0.000000    0.000000   clock core_clock (rise edge)
                                  0.000000    0.000000   clock source latency
     1    0.014766    0.000000    0.000000    0.000000 ^ clk (in)
                                                         clk (net)
                      0.000828    0.000414    0.000414 ^ clkbuf_0_clk/A (sky130_fd_sc_hd__clkbuf_16)
     8    0.082920    0.152432    0.264955    0.265369 ^ clkbuf_0_clk/X (sky130_fd_sc_hd__clkbuf_16)
                                                         clknet_0_clk (net)
                      0.152848    0.005603    0.270972 ^ clkbuf_3_0__f_clk/A (sky130_fd_sc_hd__clkbuf_16)
    10    0.031708    0.082731    0.276028    0.547000 ^ clkbuf_3_0__f_clk/X (sky130_fd_sc_hd__clkbuf_16)
                                                         clknet_3_0__leaf_clk (net)
                      0.082733    0.000512    0.547512 ^ dsa[20]._9_/CLK (sky130_fd_sc_hd__dfrtp_1)
     2    0.009508    0.159404    0.716891    1.264404 ^ dsa[20]._9_/Q (sky130_fd_sc_hd__dfrtp_1)
                                                         dsa[20].y_out (net)
                      0.159404    0.000376    1.264779 ^ dsa[21]._6_/A (sky130_fd_sc_hd__xnor2_1)
     1    0.003930    0.088591    0.182655    1.447435 v dsa[21]._6_/Y (sky130_fd_sc_hd__xnor2_1)
                                                         dsa[21].y_out_next (net)
                      0.088591    0.000134    1.447568 v dsa[21]._9_/D (sky130_fd_sc_hd__dfrtp_1)
                                              1.447568   data arrival time

                                  0.000000    0.000000   clock core_clock (rise edge)
                                  0.000000    0.000000   clock source latency
     1    0.014766    0.000000    0.000000    0.000000 ^ clk (in)
                                                         clk (net)
                      0.000828    0.000414    0.000414 ^ clkbuf_0_clk/A (sky130_fd_sc_hd__clkbuf_16)
     8    0.082920    0.152432    0.264955    0.265369 ^ clkbuf_0_clk/X (sky130_fd_sc_hd__clkbuf_16)
                                                         clknet_0_clk (net)
                      0.152577    0.002367    0.267736 ^ clkbuf_3_3__f_clk/A (sky130_fd_sc_hd__clkbuf_16)
     9    0.026566    0.075778    0.268666    0.536402 ^ clkbuf_3_3__f_clk/X (sky130_fd_sc_hd__clkbuf_16)
                                                         clknet_3_3__leaf_clk (net)
                      0.075780    0.000460    0.536862 ^ dsa[21]._9_/CLK (sky130_fd_sc_hd__dfrtp_1)
                                  0.000000    0.536862   clock reconvergence pessimism
                                 -0.102730    0.434132   library hold time
                                              0.434132   data required time
---------------------------------------------------------------------------------------------
                                              0.434132   data required time
                                             -1.447568   data arrival time
---------------------------------------------------------------------------------------------
                                              1.013436   slack (MET)


Startpoint: dsa[24]._9_ (rising edge-triggered flip-flop clocked by core_clock)
Endpoint: dsa[25]._8_ (rising edge-triggered flip-flop clocked by core_clock)
Path Group: core_clock
Path Type: min

Fanout         Cap        Slew       Delay        Time   Description
---------------------------------------------------------------------------------------------
                                  0.000000    0.000000   clock core_clock (rise edge)
                                  0.000000    0.000000   clock source latency
     1    0.014766    0.000000    0.000000    0.000000 ^ clk (in)
                                                         clk (net)
                      0.000828    0.000414    0.000414 ^ clkbuf_0_clk/A (sky130_fd_sc_hd__clkbuf_16)
     8    0.082920    0.152432    0.264955    0.265369 ^ clkbuf_0_clk/X (sky130_fd_sc_hd__clkbuf_16)
                                                         clknet_0_clk (net)
                      0.152577    0.002367    0.267736 ^ clkbuf_3_3__f_clk/A (sky130_fd_sc_hd__clkbuf_16)
     9    0.026566    0.075778    0.268666    0.536402 ^ clkbuf_3_3__f_clk/X (sky130_fd_sc_hd__clkbuf_16)
                                                         clknet_3_3__leaf_clk (net)
                      0.075783    0.000652    0.537054 ^ dsa[24]._9_/CLK (sky130_fd_sc_hd__dfrtp_1)
     2    0.009950    0.164920    0.718388    1.255442 ^ dsa[24]._9_/Q (sky130_fd_sc_hd__dfrtp_1)
                                                         dsa[24].y_out (net)
                      0.164920    0.000275    1.255717 ^ dsa[25]._7_/A1 (sky130_fd_sc_hd__a21bo_1)
     1    0.002599    0.058034    0.233137    1.488854 ^ dsa[25]._7_/X (sky130_fd_sc_hd__a21bo_1)
                                                         dsa[25].last_carry_next (net)
                      0.058034    0.000074    1.488928 ^ dsa[25]._8_/D (sky130_fd_sc_hd__dfrtp_1)
                                              1.488928   data arrival time

                                  0.000000    0.000000   clock core_clock (rise edge)
                                  0.000000    0.000000   clock source latency
     1    0.014766    0.000000    0.000000    0.000000 ^ clk (in)
                                                         clk (net)
                      0.000828    0.000414    0.000414 ^ clkbuf_0_clk/A (sky130_fd_sc_hd__clkbuf_16)
     8    0.082920    0.152432    0.264955    0.265369 ^ clkbuf_0_clk/X (sky130_fd_sc_hd__clkbuf_16)
                                                         clknet_0_clk (net)
                      0.152585    0.002534    0.267903 ^ clkbuf_3_2__f_clk/A (sky130_fd_sc_hd__clkbuf_16)
    10    0.030659    0.081295    0.274394    0.542297 ^ clkbuf_3_2__f_clk/X (sky130_fd_sc_hd__clkbuf_16)
                                                         clknet_3_2__leaf_clk (net)
                      0.081305    0.000878    0.543175 ^ dsa[25]._8_/CLK (sky130_fd_sc_hd__dfrtp_1)
                                  0.000000    0.543175   clock reconvergence pessimism
                                 -0.072354    0.470821   library hold time
                                              0.470821   data required time
---------------------------------------------------------------------------------------------
                                              0.470821   data required time
                                             -1.488928   data arrival time
---------------------------------------------------------------------------------------------
                                              1.018108   slack (MET)


Startpoint: dsa[26]._9_ (rising edge-triggered flip-flop clocked by core_clock)
Endpoint: dsa[27]._8_ (rising edge-triggered flip-flop clocked by core_clock)
Path Group: core_clock
Path Type: min

Fanout         Cap        Slew       Delay        Time   Description
---------------------------------------------------------------------------------------------
                                  0.000000    0.000000   clock core_clock (rise edge)
                                  0.000000    0.000000   clock source latency
     1    0.014766    0.000000    0.000000    0.000000 ^ clk (in)
                                                         clk (net)
                      0.000828    0.000414    0.000414 ^ clkbuf_0_clk/A (sky130_fd_sc_hd__clkbuf_16)
     8    0.082920    0.152432    0.264955    0.265369 ^ clkbuf_0_clk/X (sky130_fd_sc_hd__clkbuf_16)
                                                         clknet_0_clk (net)
                      0.152585    0.002534    0.267903 ^ clkbuf_3_2__f_clk/A (sky130_fd_sc_hd__clkbuf_16)
    10    0.030659    0.081295    0.274394    0.542297 ^ clkbuf_3_2__f_clk/X (sky130_fd_sc_hd__clkbuf_16)
                                                         clknet_3_2__leaf_clk (net)
                      0.081302    0.000787    0.543084 ^ dsa[26]._9_/CLK (sky130_fd_sc_hd__dfrtp_1)
     2    0.009622    0.160817    0.717453    1.260537 ^ dsa[26]._9_/Q (sky130_fd_sc_hd__dfrtp_1)
                                                         dsa[26].y_out (net)
                      0.160817    0.000321    1.260858 ^ dsa[27]._7_/A1 (sky130_fd_sc_hd__a21bo_1)
     1    0.002348    0.055407    0.228712    1.489570 ^ dsa[27]._7_/X (sky130_fd_sc_hd__a21bo_1)
                                                         dsa[27].last_carry_next (net)
                      0.055407    0.000066    1.489637 ^ dsa[27]._8_/D (sky130_fd_sc_hd__dfrtp_1)
                                              1.489637   data arrival time

                                  0.000000    0.000000   clock core_clock (rise edge)
                                  0.000000    0.000000   clock source latency
     1    0.014766    0.000000    0.000000    0.000000 ^ clk (in)
                                                         clk (net)
                      0.000828    0.000414    0.000414 ^ clkbuf_0_clk/A (sky130_fd_sc_hd__clkbuf_16)
     8    0.082920    0.152432    0.264955    0.265369 ^ clkbuf_0_clk/X (sky130_fd_sc_hd__clkbuf_16)
                                                         clknet_0_clk (net)
                      0.152585    0.002534    0.267903 ^ clkbuf_3_2__f_clk/A (sky130_fd_sc_hd__clkbuf_16)
    10    0.030659    0.081295    0.274394    0.542297 ^ clkbuf_3_2__f_clk/X (sky130_fd_sc_hd__clkbuf_16)
                                                         clknet_3_2__leaf_clk (net)
                      0.081303    0.000804    0.543101 ^ dsa[27]._8_/CLK (sky130_fd_sc_hd__dfrtp_1)
                                  0.000000    0.543101   clock reconvergence pessimism
                                 -0.071755    0.471346   library hold time
                                              0.471346   data required time
---------------------------------------------------------------------------------------------
                                              0.471346   data required time
                                             -1.489637   data arrival time
---------------------------------------------------------------------------------------------
                                              1.018291   slack (MET)


Startpoint: dsa[18]._9_ (rising edge-triggered flip-flop clocked by core_clock)
Endpoint: dsa[19]._8_ (rising edge-triggered flip-flop clocked by core_clock)
Path Group: core_clock
Path Type: min

Fanout         Cap        Slew       Delay        Time   Description
---------------------------------------------------------------------------------------------
                                  0.000000    0.000000   clock core_clock (rise edge)
                                  0.000000    0.000000   clock source latency
     1    0.014766    0.000000    0.000000    0.000000 ^ clk (in)
                                                         clk (net)
                      0.000828    0.000414    0.000414 ^ clkbuf_0_clk/A (sky130_fd_sc_hd__clkbuf_16)
     8    0.082920    0.152432    0.264955    0.265369 ^ clkbuf_0_clk/X (sky130_fd_sc_hd__clkbuf_16)
                                                         clknet_0_clk (net)
                      0.152759    0.004798    0.270167 ^ clkbuf_3_4__f_clk/A (sky130_fd_sc_hd__clkbuf_16)
     9    0.022312    0.070306    0.262757    0.532924 ^ clkbuf_3_4__f_clk/X (sky130_fd_sc_hd__clkbuf_16)
                                                         clknet_3_4__leaf_clk (net)
                      0.070329    0.000458    0.533382 ^ dsa[18]._9_/CLK (sky130_fd_sc_hd__dfrtp_1)
     2    0.010416    0.170817    0.720754    1.254137 ^ dsa[18]._9_/Q (sky130_fd_sc_hd__dfrtp_1)
                                                         dsa[18].y_out (net)
                      0.170817    0.000250    1.254386 ^ dsa[19]._7_/A1 (sky130_fd_sc_hd__a21bo_1)
     1    0.002950    0.061773    0.239381    1.493767 ^ dsa[19]._7_/X (sky130_fd_sc_hd__a21bo_1)
                                                         dsa[19].last_carry_next (net)
                      0.061773    0.000069    1.493836 ^ dsa[19]._8_/D (sky130_fd_sc_hd__dfrtp_1)
                                              1.493836   data arrival time

                                  0.000000    0.000000   clock core_clock (rise edge)
                                  0.000000    0.000000   clock source latency
     1    0.014766    0.000000    0.000000    0.000000 ^ clk (in)
                                                         clk (net)
                      0.000828    0.000414    0.000414 ^ clkbuf_0_clk/A (sky130_fd_sc_hd__clkbuf_16)
     8    0.082920    0.152432    0.264955    0.265369 ^ clkbuf_0_clk/X (sky130_fd_sc_hd__clkbuf_16)
                                                         clknet_0_clk (net)
                      0.152848    0.005603    0.270972 ^ clkbuf_3_0__f_clk/A (sky130_fd_sc_hd__clkbuf_16)
    10    0.031708    0.082731    0.276028    0.547000 ^ clkbuf_3_0__f_clk/X (sky130_fd_sc_hd__clkbuf_16)
                                                         clknet_3_0__leaf_clk (net)
                      0.082738    0.000812    0.547812 ^ dsa[19]._8_/CLK (sky130_fd_sc_hd__dfrtp_1)
                                  0.000000    0.547812   clock reconvergence pessimism
                                 -0.072972    0.474840   library hold time
                                              0.474840   data required time
---------------------------------------------------------------------------------------------
                                              0.474840   data required time
                                             -1.493836   data arrival time
---------------------------------------------------------------------------------------------
                                              1.018996   slack (MET)


Startpoint: dsa[20]._9_ (rising edge-triggered flip-flop clocked by core_clock)
Endpoint: dsa[21]._8_ (rising edge-triggered flip-flop clocked by core_clock)
Path Group: core_clock
Path Type: min

Fanout         Cap        Slew       Delay        Time   Description
---------------------------------------------------------------------------------------------
                                  0.000000    0.000000   clock core_clock (rise edge)
                                  0.000000    0.000000   clock source latency
     1    0.014766    0.000000    0.000000    0.000000 ^ clk (in)
                                                         clk (net)
                      0.000828    0.000414    0.000414 ^ clkbuf_0_clk/A (sky130_fd_sc_hd__clkbuf_16)
     8    0.082920    0.152432    0.264955    0.265369 ^ clkbuf_0_clk/X (sky130_fd_sc_hd__clkbuf_16)
                                                         clknet_0_clk (net)
                      0.152848    0.005603    0.270972 ^ clkbuf_3_0__f_clk/A (sky130_fd_sc_hd__clkbuf_16)
    10    0.031708    0.082731    0.276028    0.547000 ^ clkbuf_3_0__f_clk/X (sky130_fd_sc_hd__clkbuf_16)
                                                         clknet_3_0__leaf_clk (net)
                      0.082733    0.000512    0.547512 ^ dsa[20]._9_/CLK (sky130_fd_sc_hd__dfrtp_1)
     2    0.009508    0.159404    0.716891    1.264404 ^ dsa[20]._9_/Q (sky130_fd_sc_hd__dfrtp_1)
                                                         dsa[20].y_out (net)
                      0.159404    0.000298    1.264701 ^ dsa[21]._7_/A1 (sky130_fd_sc_hd__a21bo_1)
     1    0.002788    0.060032    0.232923    1.497624 ^ dsa[21]._7_/X (sky130_fd_sc_hd__a21bo_1)
                                                         dsa[21].last_carry_next (net)
                      0.060032    0.000062    1.497686 ^ dsa[21]._8_/D (sky130_fd_sc_hd__dfrtp_1)
                                              1.497686   data arrival time

                                  0.000000    0.000000   clock core_clock (rise edge)
                                  0.000000    0.000000   clock source latency
     1    0.014766    0.000000    0.000000    0.000000 ^ clk (in)
                                                         clk (net)
                      0.000828    0.000414    0.000414 ^ clkbuf_0_clk/A (sky130_fd_sc_hd__clkbuf_16)
     8    0.082920    0.152432    0.264955    0.265369 ^ clkbuf_0_clk/X (sky130_fd_sc_hd__clkbuf_16)
                                                         clknet_0_clk (net)
                      0.152848    0.005603    0.270972 ^ clkbuf_3_0__f_clk/A (sky130_fd_sc_hd__clkbuf_16)
    10    0.031708    0.082731    0.276028    0.547000 ^ clkbuf_3_0__f_clk/X (sky130_fd_sc_hd__clkbuf_16)
                                                         clknet_3_0__leaf_clk (net)
                      0.082733    0.000539    0.547539 ^ dsa[21]._8_/CLK (sky130_fd_sc_hd__dfrtp_1)
                                  0.000000    0.547539   clock reconvergence pessimism
                                 -0.072576    0.474963   library hold time
                                              0.474963   data required time
---------------------------------------------------------------------------------------------
                                              0.474963   data required time
                                             -1.497686   data arrival time
---------------------------------------------------------------------------------------------
                                              1.022723   slack (MET)


Startpoint: dsa[12]._9_ (rising edge-triggered flip-flop clocked by core_clock)
Endpoint: dsa[13]._8_ (rising edge-triggered flip-flop clocked by core_clock)
Path Group: core_clock
Path Type: min

Fanout         Cap        Slew       Delay        Time   Description
---------------------------------------------------------------------------------------------
                                  0.000000    0.000000   clock core_clock (rise edge)
                                  0.000000    0.000000   clock source latency
     1    0.014766    0.000000    0.000000    0.000000 ^ clk (in)
                                                         clk (net)
                      0.000828    0.000414    0.000414 ^ clkbuf_0_clk/A (sky130_fd_sc_hd__clkbuf_16)
     8    0.082920    0.152432    0.264955    0.265369 ^ clkbuf_0_clk/X (sky130_fd_sc_hd__clkbuf_16)
                                                         clknet_0_clk (net)
                      0.152642    0.003448    0.268817 ^ clkbuf_3_7__f_clk/A (sky130_fd_sc_hd__clkbuf_16)
    10    0.028860    0.078843    0.271905    0.540722 ^ clkbuf_3_7__f_clk/X (sky130_fd_sc_hd__clkbuf_16)
                                                         clknet_3_7__leaf_clk (net)
                      0.078852    0.000810    0.541532 ^ dsa[12]._9_/CLK (sky130_fd_sc_hd__dfrtp_1)
     2    0.009466    0.158856    0.714707    1.256240 ^ dsa[12]._9_/Q (sky130_fd_sc_hd__dfrtp_1)
                                                         dsa[12].y_out (net)
                      0.158856    0.000253    1.256493 ^ dsa[13]._7_/A1 (sky130_fd_sc_hd__a21bo_1)
     1    0.002584    0.057876    0.230477    1.486970 ^ dsa[13]._7_/X (sky130_fd_sc_hd__a21bo_1)
                                                         dsa[13].last_carry_next (net)
                      0.057876    0.000073    1.487043 ^ dsa[13]._8_/D (sky130_fd_sc_hd__dfrtp_1)
                                              1.487043   data arrival time

                                  0.000000    0.000000   clock core_clock (rise edge)
                                  0.000000    0.000000   clock source latency
     1    0.014766    0.000000    0.000000    0.000000 ^ clk (in)
                                                         clk (net)
                      0.000828    0.000414    0.000414 ^ clkbuf_0_clk/A (sky130_fd_sc_hd__clkbuf_16)
     8    0.082920    0.152432    0.264955    0.265369 ^ clkbuf_0_clk/X (sky130_fd_sc_hd__clkbuf_16)
                                                         clknet_0_clk (net)
                      0.152577    0.002367    0.267736 ^ clkbuf_3_3__f_clk/A (sky130_fd_sc_hd__clkbuf_16)
     9    0.026566    0.075778    0.268666    0.536402 ^ clkbuf_3_3__f_clk/X (sky130_fd_sc_hd__clkbuf_16)
                                                         clknet_3_3__leaf_clk (net)
                      0.075783    0.000651    0.537053 ^ dsa[13]._8_/CLK (sky130_fd_sc_hd__dfrtp_1)
                                  0.000000    0.537053   clock reconvergence pessimism
                                 -0.073224    0.463829   library hold time
                                              0.463829   data required time
---------------------------------------------------------------------------------------------
                                              0.463829   data required time
                                             -1.487043   data arrival time
---------------------------------------------------------------------------------------------
                                              1.023214   slack (MET)


Startpoint: dsa[1]._9_ (rising edge-triggered flip-flop clocked by core_clock)
Endpoint: dsa[2]._8_ (rising edge-triggered flip-flop clocked by core_clock)
Path Group: core_clock
Path Type: min

Fanout         Cap        Slew       Delay        Time   Description
---------------------------------------------------------------------------------------------
                                  0.000000    0.000000   clock core_clock (rise edge)
                                  0.000000    0.000000   clock source latency
     1    0.014766    0.000000    0.000000    0.000000 ^ clk (in)
                                                         clk (net)
                      0.000828    0.000414    0.000414 ^ clkbuf_0_clk/A (sky130_fd_sc_hd__clkbuf_16)
     8    0.082920    0.152432    0.264955    0.265369 ^ clkbuf_0_clk/X (sky130_fd_sc_hd__clkbuf_16)
                                                         clknet_0_clk (net)
                      0.152642    0.003448    0.268817 ^ clkbuf_3_7__f_clk/A (sky130_fd_sc_hd__clkbuf_16)
    10    0.028860    0.078843    0.271905    0.540722 ^ clkbuf_3_7__f_clk/X (sky130_fd_sc_hd__clkbuf_16)
                                                         clknet_3_7__leaf_clk (net)
                      0.078848    0.000645    0.541367 ^ dsa[1]._9_/CLK (sky130_fd_sc_hd__dfrtp_1)
     2    0.009518    0.159515    0.715218    1.256585 ^ dsa[1]._9_/Q (sky130_fd_sc_hd__dfrtp_1)
                                                         dsa[1].y_out (net)
                      0.159515    0.000298    1.256883 ^ dsa[2]._7_/A1 (sky130_fd_sc_hd__a21bo_1)
     1    0.002758    0.059713    0.232639    1.489522 ^ dsa[2]._7_/X (sky130_fd_sc_hd__a21bo_1)
                                                         dsa[2].last_carry_next (net)
                      0.059713    0.000081    1.489603 ^ dsa[2]._8_/D (sky130_fd_sc_hd__dfrtp_1)
                                              1.489603   data arrival time

                                  0.000000    0.000000   clock core_clock (rise edge)
                                  0.000000    0.000000   clock source latency
     1    0.014766    0.000000    0.000000    0.000000 ^ clk (in)
                                                         clk (net)
                      0.000828    0.000414    0.000414 ^ clkbuf_0_clk/A (sky130_fd_sc_hd__clkbuf_16)
     8    0.082920    0.152432    0.264955    0.265369 ^ clkbuf_0_clk/X (sky130_fd_sc_hd__clkbuf_16)
                                                         clknet_0_clk (net)
                      0.152635    0.003344    0.268713 ^ clkbuf_3_6__f_clk/A (sky130_fd_sc_hd__clkbuf_16)
     8    0.026630    0.075859    0.268810    0.537524 ^ clkbuf_3_6__f_clk/X (sky130_fd_sc_hd__clkbuf_16)
                                                         clknet_3_6__leaf_clk (net)
                      0.075864    0.000602    0.538125 ^ dsa[2]._8_/CLK (sky130_fd_sc_hd__dfrtp_1)
                                  0.000000    0.538125   clock reconvergence pessimism
                                 -0.073630    0.464495   library hold time
                                              0.464495   data required time
---------------------------------------------------------------------------------------------
                                              0.464495   data required time
                                             -1.489603   data arrival time
---------------------------------------------------------------------------------------------
                                              1.025108   slack (MET)


Startpoint: dsa[9]._9_ (rising edge-triggered flip-flop clocked by core_clock)
Endpoint: dsa[10]._8_ (rising edge-triggered flip-flop clocked by core_clock)
Path Group: core_clock
Path Type: min

Fanout         Cap        Slew       Delay        Time   Description
---------------------------------------------------------------------------------------------
                                  0.000000    0.000000   clock core_clock (rise edge)
                                  0.000000    0.000000   clock source latency
     1    0.014766    0.000000    0.000000    0.000000 ^ clk (in)
                                                         clk (net)
                      0.000828    0.000414    0.000414 ^ clkbuf_0_clk/A (sky130_fd_sc_hd__clkbuf_16)
     8    0.082920    0.152432    0.264955    0.265369 ^ clkbuf_0_clk/X (sky130_fd_sc_hd__clkbuf_16)
                                                         clknet_0_clk (net)
                      0.152642    0.003448    0.268817 ^ clkbuf_3_7__f_clk/A (sky130_fd_sc_hd__clkbuf_16)
    10    0.028860    0.078843    0.271905    0.540722 ^ clkbuf_3_7__f_clk/X (sky130_fd_sc_hd__clkbuf_16)
                                                         clknet_3_7__leaf_clk (net)
                      0.078846    0.000529    0.541251 ^ dsa[9]._9_/CLK (sky130_fd_sc_hd__dfrtp_1)
     2    0.009279    0.156536    0.712728    1.253979 ^ dsa[9]._9_/Q (sky130_fd_sc_hd__dfrtp_1)
                                                         dsa[10].y_in (net)
                      0.156536    0.000235    1.254214 ^ dsa[10]._7_/A1 (sky130_fd_sc_hd__a21bo_1)
     1    0.003080    0.063201    0.234912    1.489126 ^ dsa[10]._7_/X (sky130_fd_sc_hd__a21bo_1)
                                                         dsa[10].last_carry_next (net)
                      0.063201    0.000088    1.489214 ^ dsa[10]._8_/D (sky130_fd_sc_hd__dfrtp_1)
                                              1.489214   data arrival time

                                  0.000000    0.000000   clock core_clock (rise edge)
                                  0.000000    0.000000   clock source latency
     1    0.014766    0.000000    0.000000    0.000000 ^ clk (in)
                                                         clk (net)
                      0.000828    0.000414    0.000414 ^ clkbuf_0_clk/A (sky130_fd_sc_hd__clkbuf_16)
     8    0.082920    0.152432    0.264955    0.265369 ^ clkbuf_0_clk/X (sky130_fd_sc_hd__clkbuf_16)
                                                         clknet_0_clk (net)
                      0.152635    0.003344    0.268713 ^ clkbuf_3_6__f_clk/A (sky130_fd_sc_hd__clkbuf_16)
     8    0.026630    0.075859    0.268810    0.537524 ^ clkbuf_3_6__f_clk/X (sky130_fd_sc_hd__clkbuf_16)
                                                         clknet_3_6__leaf_clk (net)
                      0.075864    0.000595    0.538119 ^ dsa[10]._8_/CLK (sky130_fd_sc_hd__dfrtp_1)
                                  0.000000    0.538119   clock reconvergence pessimism
                                 -0.074426    0.463693   library hold time
                                              0.463693   data required time
---------------------------------------------------------------------------------------------
                                              0.463693   data required time
                                             -1.489214   data arrival time
---------------------------------------------------------------------------------------------
                                              1.025522   slack (MET)


Startpoint: dsa[19]._9_ (rising edge-triggered flip-flop clocked by core_clock)
Endpoint: dsa[20]._8_ (rising edge-triggered flip-flop clocked by core_clock)
Path Group: core_clock
Path Type: min

Fanout         Cap        Slew       Delay        Time   Description
---------------------------------------------------------------------------------------------
                                  0.000000    0.000000   clock core_clock (rise edge)
                                  0.000000    0.000000   clock source latency
     1    0.014766    0.000000    0.000000    0.000000 ^ clk (in)
                                                         clk (net)
                      0.000828    0.000414    0.000414 ^ clkbuf_0_clk/A (sky130_fd_sc_hd__clkbuf_16)
     8    0.082920    0.152432    0.264955    0.265369 ^ clkbuf_0_clk/X (sky130_fd_sc_hd__clkbuf_16)
                                                         clknet_0_clk (net)
                      0.152848    0.005603    0.270972 ^ clkbuf_3_0__f_clk/A (sky130_fd_sc_hd__clkbuf_16)
    10    0.031708    0.082731    0.276028    0.547000 ^ clkbuf_3_0__f_clk/X (sky130_fd_sc_hd__clkbuf_16)
                                                         clknet_3_0__leaf_clk (net)
                      0.082738    0.000799    0.547800 ^ dsa[19]._9_/CLK (sky130_fd_sc_hd__dfrtp_1)
     2    0.008791    0.150480    0.709388    1.257187 ^ dsa[19]._9_/Q (sky130_fd_sc_hd__dfrtp_1)
                                                         dsa[19].y_out (net)
                      0.150480    0.000230    1.257417 ^ dsa[20]._7_/A1 (sky130_fd_sc_hd__a21bo_1)
     1    0.002986    0.062158    0.231387    1.488804 ^ dsa[20]._7_/X (sky130_fd_sc_hd__a21bo_1)
                                                         dsa[20].last_carry_next (net)
                      0.062158    0.000089    1.488893 ^ dsa[20]._8_/D (sky130_fd_sc_hd__dfrtp_1)
                                              1.488893   data arrival time

                                  0.000000    0.000000   clock core_clock (rise edge)
                                  0.000000    0.000000   clock source latency
     1    0.014766    0.000000    0.000000    0.000000 ^ clk (in)
                                                         clk (net)
                      0.000828    0.000414    0.000414 ^ clkbuf_0_clk/A (sky130_fd_sc_hd__clkbuf_16)
     8    0.082920    0.152432    0.264955    0.265369 ^ clkbuf_0_clk/X (sky130_fd_sc_hd__clkbuf_16)
                                                         clknet_0_clk (net)
                      0.152841    0.005549    0.270918 ^ clkbuf_3_1__f_clk/A (sky130_fd_sc_hd__clkbuf_16)
     7    0.024156    0.072633    0.265409    0.536327 ^ clkbuf_3_1__f_clk/X (sky130_fd_sc_hd__clkbuf_16)
                                                         clknet_3_1__leaf_clk (net)
                      0.072644    0.000447    0.536774 ^ dsa[20]._8_/CLK (sky130_fd_sc_hd__dfrtp_1)
                                  0.000000    0.536774   clock reconvergence pessimism
                                 -0.074716    0.462058   library hold time
                                              0.462058   data required time
---------------------------------------------------------------------------------------------
                                              0.462058   data required time
                                             -1.488893   data arrival time
---------------------------------------------------------------------------------------------
                                              1.026835   slack (MET)


Startpoint: dsa[10]._9_ (rising edge-triggered flip-flop clocked by core_clock)
Endpoint: dsa[11]._8_ (rising edge-triggered flip-flop clocked by core_clock)
Path Group: core_clock
Path Type: min

Fanout         Cap        Slew       Delay        Time   Description
---------------------------------------------------------------------------------------------
                                  0.000000    0.000000   clock core_clock (rise edge)
                                  0.000000    0.000000   clock source latency
     1    0.014766    0.000000    0.000000    0.000000 ^ clk (in)
                                                         clk (net)
                      0.000828    0.000414    0.000414 ^ clkbuf_0_clk/A (sky130_fd_sc_hd__clkbuf_16)
     8    0.082920    0.152432    0.264955    0.265369 ^ clkbuf_0_clk/X (sky130_fd_sc_hd__clkbuf_16)
                                                         clknet_0_clk (net)
                      0.152635    0.003344    0.268713 ^ clkbuf_3_6__f_clk/A (sky130_fd_sc_hd__clkbuf_16)
     8    0.026630    0.075859    0.268810    0.537524 ^ clkbuf_3_6__f_clk/X (sky130_fd_sc_hd__clkbuf_16)
                                                         clknet_3_6__leaf_clk (net)
                      0.075863    0.000561    0.538084 ^ dsa[10]._9_/CLK (sky130_fd_sc_hd__dfrtp_1)
     2    0.010281    0.169062    0.721895    1.259979 ^ dsa[10]._9_/Q (sky130_fd_sc_hd__dfrtp_1)
                                                         dsa[10].y_out (net)
                      0.169062    0.000211    1.260190 ^ dsa[11]._7_/A1 (sky130_fd_sc_hd__a21bo_1)
     1    0.002729    0.059401    0.236247    1.496438 ^ dsa[11]._7_/X (sky130_fd_sc_hd__a21bo_1)
                                                         dsa[11].last_carry_next (net)
                      0.059401    0.000083    1.496521 ^ dsa[11]._8_/D (sky130_fd_sc_hd__dfrtp_1)
                                              1.496521   data arrival time

                                  0.000000    0.000000   clock core_clock (rise edge)
                                  0.000000    0.000000   clock source latency
     1    0.014766    0.000000    0.000000    0.000000 ^ clk (in)
                                                         clk (net)
                      0.000828    0.000414    0.000414 ^ clkbuf_0_clk/A (sky130_fd_sc_hd__clkbuf_16)
     8    0.082920    0.152432    0.264955    0.265369 ^ clkbuf_0_clk/X (sky130_fd_sc_hd__clkbuf_16)
                                                         clknet_0_clk (net)
                      0.152635    0.003344    0.268713 ^ clkbuf_3_6__f_clk/A (sky130_fd_sc_hd__clkbuf_16)
     8    0.026630    0.075859    0.268810    0.537524 ^ clkbuf_3_6__f_clk/X (sky130_fd_sc_hd__clkbuf_16)
                                                         clknet_3_6__leaf_clk (net)
                      0.075861    0.000487    0.538011 ^ dsa[11]._8_/CLK (sky130_fd_sc_hd__dfrtp_1)
                                  0.000000    0.538011   clock reconvergence pessimism
                                 -0.073559    0.464451   library hold time
                                              0.464451   data required time
---------------------------------------------------------------------------------------------
                                              0.464451   data required time
                                             -1.496521   data arrival time
---------------------------------------------------------------------------------------------
                                              1.032070   slack (MET)


Startpoint: dsa[5]._9_ (rising edge-triggered flip-flop clocked by core_clock)
Endpoint: dsa[6]._8_ (rising edge-triggered flip-flop clocked by core_clock)
Path Group: core_clock
Path Type: min

Fanout         Cap        Slew       Delay        Time   Description
---------------------------------------------------------------------------------------------
                                  0.000000    0.000000   clock core_clock (rise edge)
                                  0.000000    0.000000   clock source latency
     1    0.014766    0.000000    0.000000    0.000000 ^ clk (in)
                                                         clk (net)
                      0.000828    0.000414    0.000414 ^ clkbuf_0_clk/A (sky130_fd_sc_hd__clkbuf_16)
     8    0.082920    0.152432    0.264955    0.265369 ^ clkbuf_0_clk/X (sky130_fd_sc_hd__clkbuf_16)
                                                         clknet_0_clk (net)
                      0.152768    0.004883    0.270252 ^ clkbuf_3_5__f_clk/A (sky130_fd_sc_hd__clkbuf_16)
     8    0.028940    0.078948    0.272087    0.542339 ^ clkbuf_3_5__f_clk/X (sky130_fd_sc_hd__clkbuf_16)
                                                         clknet_3_5__leaf_clk (net)
                      0.078953    0.000650    0.542989 ^ dsa[5]._9_/CLK (sky130_fd_sc_hd__dfrtp_1)
     2    0.010557    0.172512    0.726195    1.269184 ^ dsa[5]._9_/Q (sky130_fd_sc_hd__dfrtp_1)
                                                         dsa[5].y_out (net)
                      0.172512    0.000375    1.269559 ^ dsa[6]._7_/A1 (sky130_fd_sc_hd__a21bo_1)
     1    0.002396    0.055912    0.234053    1.503612 ^ dsa[6]._7_/X (sky130_fd_sc_hd__a21bo_1)
                                                         dsa[6].last_carry_next (net)
                      0.055912    0.000070    1.503683 ^ dsa[6]._8_/D (sky130_fd_sc_hd__dfrtp_1)
                                              1.503683   data arrival time

                                  0.000000    0.000000   clock core_clock (rise edge)
                                  0.000000    0.000000   clock source latency
     1    0.014766    0.000000    0.000000    0.000000 ^ clk (in)
                                                         clk (net)
                      0.000828    0.000414    0.000414 ^ clkbuf_0_clk/A (sky130_fd_sc_hd__clkbuf_16)
     8    0.082920    0.152432    0.264955    0.265369 ^ clkbuf_0_clk/X (sky130_fd_sc_hd__clkbuf_16)
                                                         clknet_0_clk (net)
                      0.152768    0.004883    0.270252 ^ clkbuf_3_5__f_clk/A (sky130_fd_sc_hd__clkbuf_16)
     8    0.028940    0.078948    0.272087    0.542339 ^ clkbuf_3_5__f_clk/X (sky130_fd_sc_hd__clkbuf_16)
                                                         clknet_3_5__leaf_clk (net)
                      0.078954    0.000694    0.543034 ^ dsa[6]._8_/CLK (sky130_fd_sc_hd__dfrtp_1)
                                  0.000000    0.543034   clock reconvergence pessimism
                                 -0.072256    0.470778   library hold time
                                              0.470778   data required time
---------------------------------------------------------------------------------------------
                                              0.470778   data required time
                                             -1.503683   data arrival time
---------------------------------------------------------------------------------------------
                                              1.032905   slack (MET)


Startpoint: dsa[7]._9_ (rising edge-triggered flip-flop clocked by core_clock)
Endpoint: dsa[8]._8_ (rising edge-triggered flip-flop clocked by core_clock)
Path Group: core_clock
Path Type: min

Fanout         Cap        Slew       Delay        Time   Description
---------------------------------------------------------------------------------------------
                                  0.000000    0.000000   clock core_clock (rise edge)
                                  0.000000    0.000000   clock source latency
     1    0.014766    0.000000    0.000000    0.000000 ^ clk (in)
                                                         clk (net)
                      0.000828    0.000414    0.000414 ^ clkbuf_0_clk/A (sky130_fd_sc_hd__clkbuf_16)
     8    0.082920    0.152432    0.264955    0.265369 ^ clkbuf_0_clk/X (sky130_fd_sc_hd__clkbuf_16)
                                                         clknet_0_clk (net)
                      0.152759    0.004798    0.270167 ^ clkbuf_3_4__f_clk/A (sky130_fd_sc_hd__clkbuf_16)
     9    0.022312    0.070306    0.262757    0.532924 ^ clkbuf_3_4__f_clk/X (sky130_fd_sc_hd__clkbuf_16)
                                                         clknet_3_4__leaf_clk (net)
                      0.070329    0.000414    0.533339 ^ dsa[7]._9_/CLK (sky130_fd_sc_hd__dfrtp_1)
     2    0.010228    0.168452    0.718777    1.252115 ^ dsa[7]._9_/Q (sky130_fd_sc_hd__dfrtp_1)
                                                         dsa[7].y_out (net)
                      0.168452    0.000182    1.252297 ^ dsa[8]._7_/A1 (sky130_fd_sc_hd__a21bo_1)
     1    0.003114    0.063574    0.240179    1.492476 ^ dsa[8]._7_/X (sky130_fd_sc_hd__a21bo_1)
                                                         dsa[8].last_carry_next (net)
                      0.063574    0.000094    1.492570 ^ dsa[8]._8_/D (sky130_fd_sc_hd__dfrtp_1)
                                              1.492570   data arrival time

                                  0.000000    0.000000   clock core_clock (rise edge)
                                  0.000000    0.000000   clock source latency
     1    0.014766    0.000000    0.000000    0.000000 ^ clk (in)
                                                         clk (net)
                      0.000828    0.000414    0.000414 ^ clkbuf_0_clk/A (sky130_fd_sc_hd__clkbuf_16)
     8    0.082920    0.152432    0.264955    0.265369 ^ clkbuf_0_clk/X (sky130_fd_sc_hd__clkbuf_16)
                                                         clknet_0_clk (net)
                      0.152759    0.004798    0.270167 ^ clkbuf_3_4__f_clk/A (sky130_fd_sc_hd__clkbuf_16)
     9    0.022312    0.070306    0.262757    0.532924 ^ clkbuf_3_4__f_clk/X (sky130_fd_sc_hd__clkbuf_16)
                                                         clknet_3_4__leaf_clk (net)
                      0.070329    0.000421    0.533345 ^ dsa[8]._8_/CLK (sky130_fd_sc_hd__dfrtp_1)
                                  0.000000    0.533345   clock reconvergence pessimism
                                 -0.075419    0.457926   library hold time
                                              0.457926   data required time
---------------------------------------------------------------------------------------------
                                              0.457926   data required time
                                             -1.492570   data arrival time
---------------------------------------------------------------------------------------------
                                              1.034644   slack (MET)


Startpoint: dsa[6]._9_ (rising edge-triggered flip-flop clocked by core_clock)
Endpoint: dsa[7]._9_ (rising edge-triggered flip-flop clocked by core_clock)
Path Group: core_clock
Path Type: min

Fanout         Cap        Slew       Delay        Time   Description
---------------------------------------------------------------------------------------------
                                  0.000000    0.000000   clock core_clock (rise edge)
                                  0.000000    0.000000   clock source latency
     1    0.014766    0.000000    0.000000    0.000000 ^ clk (in)
                                                         clk (net)
                      0.000828    0.000414    0.000414 ^ clkbuf_0_clk/A (sky130_fd_sc_hd__clkbuf_16)
     8    0.082920    0.152432    0.264955    0.265369 ^ clkbuf_0_clk/X (sky130_fd_sc_hd__clkbuf_16)
                                                         clknet_0_clk (net)
                      0.152768    0.004883    0.270252 ^ clkbuf_3_5__f_clk/A (sky130_fd_sc_hd__clkbuf_16)
     8    0.028940    0.078948    0.272087    0.542339 ^ clkbuf_3_5__f_clk/X (sky130_fd_sc_hd__clkbuf_16)
                                                         clknet_3_5__leaf_clk (net)
                      0.078953    0.000681    0.543020 ^ dsa[6]._9_/CLK (sky130_fd_sc_hd__dfrtp_1)
     2    0.012614    0.198499    0.747777    1.290797 ^ dsa[6]._9_/Q (sky130_fd_sc_hd__dfrtp_1)
                                                         dsa[6].y_out (net)
                      0.198499    0.000625    1.291423 ^ dsa[7]._6_/A (sky130_fd_sc_hd__xnor2_1)
     1    0.002779    0.071728    0.183447    1.474870 v dsa[7]._6_/Y (sky130_fd_sc_hd__xnor2_1)
                                                         dsa[7].y_out_next (net)
                      0.071728    0.000083    1.474953 v dsa[7]._9_/D (sky130_fd_sc_hd__dfrtp_1)
                                              1.474953   data arrival time

                                  0.000000    0.000000   clock core_clock (rise edge)
                                  0.000000    0.000000   clock source latency
     1    0.014766    0.000000    0.000000    0.000000 ^ clk (in)
                                                         clk (net)
                      0.000828    0.000414    0.000414 ^ clkbuf_0_clk/A (sky130_fd_sc_hd__clkbuf_16)
     8    0.082920    0.152432    0.264955    0.265369 ^ clkbuf_0_clk/X (sky130_fd_sc_hd__clkbuf_16)
                                                         clknet_0_clk (net)
                      0.152759    0.004798    0.270167 ^ clkbuf_3_4__f_clk/A (sky130_fd_sc_hd__clkbuf_16)
     9    0.022312    0.070306    0.262757    0.532924 ^ clkbuf_3_4__f_clk/X (sky130_fd_sc_hd__clkbuf_16)
                                                         clknet_3_4__leaf_clk (net)
                      0.070329    0.000414    0.533339 ^ dsa[7]._9_/CLK (sky130_fd_sc_hd__dfrtp_1)
                                  0.000000    0.533339   clock reconvergence pessimism
                                 -0.097795    0.435544   library hold time
                                              0.435544   data required time
---------------------------------------------------------------------------------------------
                                              0.435544   data required time
                                             -1.474953   data arrival time
---------------------------------------------------------------------------------------------
                                              1.039409   slack (MET)


Startpoint: dsa[11]._9_ (rising edge-triggered flip-flop clocked by core_clock)
Endpoint: dsa[12]._8_ (rising edge-triggered flip-flop clocked by core_clock)
Path Group: core_clock
Path Type: min

Fanout         Cap        Slew       Delay        Time   Description
---------------------------------------------------------------------------------------------
                                  0.000000    0.000000   clock core_clock (rise edge)
                                  0.000000    0.000000   clock source latency
     1    0.014766    0.000000    0.000000    0.000000 ^ clk (in)
                                                         clk (net)
                      0.000828    0.000414    0.000414 ^ clkbuf_0_clk/A (sky130_fd_sc_hd__clkbuf_16)
     8    0.082920    0.152432    0.264955    0.265369 ^ clkbuf_0_clk/X (sky130_fd_sc_hd__clkbuf_16)
                                                         clknet_0_clk (net)
                      0.152642    0.003448    0.268817 ^ clkbuf_3_7__f_clk/A (sky130_fd_sc_hd__clkbuf_16)
    10    0.028860    0.078843    0.271905    0.540722 ^ clkbuf_3_7__f_clk/X (sky130_fd_sc_hd__clkbuf_16)
                                                         clknet_3_7__leaf_clk (net)
                      0.078848    0.000641    0.541363 ^ dsa[11]._9_/CLK (sky130_fd_sc_hd__dfrtp_1)
     2    0.010743    0.174850    0.728112    1.269475 ^ dsa[11]._9_/Q (sky130_fd_sc_hd__dfrtp_1)
                                                         dsa[11].y_out (net)
                      0.174850    0.000358    1.269834 ^ dsa[12]._7_/A1 (sky130_fd_sc_hd__a21bo_1)
     1    0.002437    0.056339    0.235461    1.505295 ^ dsa[12]._7_/X (sky130_fd_sc_hd__a21bo_1)
                                                         dsa[12].last_carry_next (net)
                      0.056339    0.000070    1.505365 ^ dsa[12]._8_/D (sky130_fd_sc_hd__dfrtp_1)
                                              1.505365   data arrival time

                                  0.000000    0.000000   clock core_clock (rise edge)
                                  0.000000    0.000000   clock source latency
     1    0.014766    0.000000    0.000000    0.000000 ^ clk (in)
                                                         clk (net)
                      0.000828    0.000414    0.000414 ^ clkbuf_0_clk/A (sky130_fd_sc_hd__clkbuf_16)
     8    0.082920    0.152432    0.264955    0.265369 ^ clkbuf_0_clk/X (sky130_fd_sc_hd__clkbuf_16)
                                                         clknet_0_clk (net)
                      0.152635    0.003344    0.268713 ^ clkbuf_3_6__f_clk/A (sky130_fd_sc_hd__clkbuf_16)
     8    0.026630    0.075859    0.268810    0.537524 ^ clkbuf_3_6__f_clk/X (sky130_fd_sc_hd__clkbuf_16)
                                                         clknet_3_6__leaf_clk (net)
                      0.075862    0.000521    0.538044 ^ dsa[12]._8_/CLK (sky130_fd_sc_hd__dfrtp_1)
                                  0.000000    0.538044   clock reconvergence pessimism
                                 -0.072860    0.465184   library hold time
                                              0.465184   data required time
---------------------------------------------------------------------------------------------
                                              0.465184   data required time
                                             -1.505365   data arrival time
---------------------------------------------------------------------------------------------
                                              1.040181   slack (MET)


Startpoint: dsa[14]._9_ (rising edge-triggered flip-flop clocked by core_clock)
Endpoint: dsa[15]._8_ (rising edge-triggered flip-flop clocked by core_clock)
Path Group: core_clock
Path Type: min

Fanout         Cap        Slew       Delay        Time   Description
---------------------------------------------------------------------------------------------
                                  0.000000    0.000000   clock core_clock (rise edge)
                                  0.000000    0.000000   clock source latency
     1    0.014766    0.000000    0.000000    0.000000 ^ clk (in)
                                                         clk (net)
                      0.000828    0.000414    0.000414 ^ clkbuf_0_clk/A (sky130_fd_sc_hd__clkbuf_16)
     8    0.082920    0.152432    0.264955    0.265369 ^ clkbuf_0_clk/X (sky130_fd_sc_hd__clkbuf_16)
                                                         clknet_0_clk (net)
                      0.152635    0.003344    0.268713 ^ clkbuf_3_6__f_clk/A (sky130_fd_sc_hd__clkbuf_16)
     8    0.026630    0.075859    0.268810    0.537524 ^ clkbuf_3_6__f_clk/X (sky130_fd_sc_hd__clkbuf_16)
                                                         clknet_3_6__leaf_clk (net)
                      0.075862    0.000530    0.538054 ^ dsa[14]._9_/CLK (sky130_fd_sc_hd__dfrtp_1)
     2    0.010574    0.172763    0.724940    1.262994 ^ dsa[14]._9_/Q (sky130_fd_sc_hd__dfrtp_1)
                                                         dsa[14].y_out (net)
                      0.172763    0.000323    1.263318 ^ dsa[15]._7_/A1 (sky130_fd_sc_hd__a21bo_1)
     1    0.003482    0.067640    0.245945    1.509263 ^ dsa[15]._7_/X (sky130_fd_sc_hd__a21bo_1)
                                                         dsa[15].last_carry_next (net)
                      0.067640    0.000114    1.509377 ^ dsa[15]._8_/D (sky130_fd_sc_hd__dfrtp_1)
                                              1.509377   data arrival time

                                  0.000000    0.000000   clock core_clock (rise edge)
                                  0.000000    0.000000   clock source latency
     1    0.014766    0.000000    0.000000    0.000000 ^ clk (in)
                                                         clk (net)
                      0.000828    0.000414    0.000414 ^ clkbuf_0_clk/A (sky130_fd_sc_hd__clkbuf_16)
     8    0.082920    0.152432    0.264955    0.265369 ^ clkbuf_0_clk/X (sky130_fd_sc_hd__clkbuf_16)
                                                         clknet_0_clk (net)
                      0.152577    0.002367    0.267736 ^ clkbuf_3_3__f_clk/A (sky130_fd_sc_hd__clkbuf_16)
     9    0.026566    0.075778    0.268666    0.536402 ^ clkbuf_3_3__f_clk/X (sky130_fd_sc_hd__clkbuf_16)
                                                         clknet_3_3__leaf_clk (net)
                      0.075780    0.000466    0.536867 ^ dsa[15]._8_/CLK (sky130_fd_sc_hd__dfrtp_1)
                                  0.000000    0.536867   clock reconvergence pessimism
                                 -0.075453    0.461414   library hold time
                                              0.461414   data required time
---------------------------------------------------------------------------------------------
                                              0.461414   data required time
                                             -1.509377   data arrival time
---------------------------------------------------------------------------------------------
                                              1.047963   slack (MET)


Startpoint: dsa[6]._9_ (rising edge-triggered flip-flop clocked by core_clock)
Endpoint: dsa[7]._8_ (rising edge-triggered flip-flop clocked by core_clock)
Path Group: core_clock
Path Type: min

Fanout         Cap        Slew       Delay        Time   Description
---------------------------------------------------------------------------------------------
                                  0.000000    0.000000   clock core_clock (rise edge)
                                  0.000000    0.000000   clock source latency
     1    0.014766    0.000000    0.000000    0.000000 ^ clk (in)
                                                         clk (net)
                      0.000828    0.000414    0.000414 ^ clkbuf_0_clk/A (sky130_fd_sc_hd__clkbuf_16)
     8    0.082920    0.152432    0.264955    0.265369 ^ clkbuf_0_clk/X (sky130_fd_sc_hd__clkbuf_16)
                                                         clknet_0_clk (net)
                      0.152768    0.004883    0.270252 ^ clkbuf_3_5__f_clk/A (sky130_fd_sc_hd__clkbuf_16)
     8    0.028940    0.078948    0.272087    0.542339 ^ clkbuf_3_5__f_clk/X (sky130_fd_sc_hd__clkbuf_16)
                                                         clknet_3_5__leaf_clk (net)
                      0.078953    0.000681    0.543020 ^ dsa[6]._9_/CLK (sky130_fd_sc_hd__dfrtp_1)
     2    0.012614    0.198499    0.747777    1.290797 ^ dsa[6]._9_/Q (sky130_fd_sc_hd__dfrtp_1)
                                                         dsa[6].y_out (net)
                      0.198499    0.000577    1.291374 ^ dsa[7]._7_/A1 (sky130_fd_sc_hd__a21bo_1)
     1    0.002431    0.056273    0.245133    1.536507 ^ dsa[7]._7_/X (sky130_fd_sc_hd__a21bo_1)
                                                         dsa[7].last_carry_next (net)
                      0.056273    0.000068    1.536575 ^ dsa[7]._8_/D (sky130_fd_sc_hd__dfrtp_1)
                                              1.536575   data arrival time

                                  0.000000    0.000000   clock core_clock (rise edge)
                                  0.000000    0.000000   clock source latency
     1    0.014766    0.000000    0.000000    0.000000 ^ clk (in)
                                                         clk (net)
                      0.000828    0.000414    0.000414 ^ clkbuf_0_clk/A (sky130_fd_sc_hd__clkbuf_16)
     8    0.082920    0.152432    0.264955    0.265369 ^ clkbuf_0_clk/X (sky130_fd_sc_hd__clkbuf_16)
                                                         clknet_0_clk (net)
                      0.152759    0.004798    0.270167 ^ clkbuf_3_4__f_clk/A (sky130_fd_sc_hd__clkbuf_16)
     9    0.022312    0.070306    0.262757    0.532924 ^ clkbuf_3_4__f_clk/X (sky130_fd_sc_hd__clkbuf_16)
                                                         clknet_3_4__leaf_clk (net)
                      0.070329    0.000463    0.533387 ^ dsa[7]._8_/CLK (sky130_fd_sc_hd__dfrtp_1)
                                  0.000000    0.533387   clock reconvergence pessimism
                                 -0.073753    0.459634   library hold time
                                              0.459634   data required time
---------------------------------------------------------------------------------------------
                                              0.459634   data required time
                                             -1.536575   data arrival time
---------------------------------------------------------------------------------------------
                                              1.076940   slack (MET)


Startpoint: dsa[0]._8_ (rising edge-triggered flip-flop clocked by core_clock)
Endpoint: dsa[0]._9_ (rising edge-triggered flip-flop clocked by core_clock)
Path Group: core_clock
Path Type: min

Fanout         Cap        Slew       Delay        Time   Description
---------------------------------------------------------------------------------------------
                                  0.000000    0.000000   clock core_clock (rise edge)
                                  0.000000    0.000000   clock source latency
     1    0.014766    0.000000    0.000000    0.000000 ^ clk (in)
                                                         clk (net)
                      0.000828    0.000414    0.000414 ^ clkbuf_0_clk/A (sky130_fd_sc_hd__clkbuf_16)
     8    0.082920    0.152432    0.264955    0.265369 ^ clkbuf_0_clk/X (sky130_fd_sc_hd__clkbuf_16)
                                                         clknet_0_clk (net)
                      0.152642    0.003448    0.268817 ^ clkbuf_3_7__f_clk/A (sky130_fd_sc_hd__clkbuf_16)
    10    0.028860    0.078843    0.271905    0.540722 ^ clkbuf_3_7__f_clk/X (sky130_fd_sc_hd__clkbuf_16)
                                                         clknet_3_7__leaf_clk (net)
                      0.078853    0.000854    0.541577 ^ dsa[0]._8_/CLK (sky130_fd_sc_hd__dfrtp_1)
     2    0.005479    0.110213    0.672716    1.214293 ^ dsa[0]._8_/Q (sky130_fd_sc_hd__dfrtp_1)
                                                         dsa[0].last_carry (net)
                      0.110213    0.000088    1.214381 ^ dsa[0]._3_/A (sky130_fd_sc_hd__nand3_1)
     2    0.005013    0.168588    0.190465    1.404846 v dsa[0]._3_/Y (sky130_fd_sc_hd__nand3_1)
                                                         dsa[0]._0_ (net)
                      0.168588    0.000140    1.404986 v dsa[0]._5_/A (sky130_fd_sc_hd__nand2_1)
     1    0.005220    0.100545    0.159514    1.564499 ^ dsa[0]._5_/Y (sky130_fd_sc_hd__nand2_1)
                                                         dsa[0]._2_ (net)
                      0.100545    0.000164    1.564663 ^ dsa[0]._6_/B (sky130_fd_sc_hd__xnor2_1)
     1    0.002172    0.063551    0.120333    1.684996 v dsa[0]._6_/Y (sky130_fd_sc_hd__xnor2_1)
                                                         dsa[0].y_out_next (net)
                      0.063551    0.000060    1.685056 v dsa[0]._9_/D (sky130_fd_sc_hd__dfrtp_1)
                                              1.685056   data arrival time

                                  0.000000    0.000000   clock core_clock (rise edge)
                                  0.000000    0.000000   clock source latency
     1    0.014766    0.000000    0.000000    0.000000 ^ clk (in)
                                                         clk (net)
                      0.000828    0.000414    0.000414 ^ clkbuf_0_clk/A (sky130_fd_sc_hd__clkbuf_16)
     8    0.082920    0.152432    0.264955    0.265369 ^ clkbuf_0_clk/X (sky130_fd_sc_hd__clkbuf_16)
                                                         clknet_0_clk (net)
                      0.152642    0.003448    0.268817 ^ clkbuf_3_7__f_clk/A (sky130_fd_sc_hd__clkbuf_16)
    10    0.028860    0.078843    0.271905    0.540722 ^ clkbuf_3_7__f_clk/X (sky130_fd_sc_hd__clkbuf_16)
                                                         clknet_3_7__leaf_clk (net)
                      0.078848    0.000680    0.541403 ^ dsa[0]._9_/CLK (sky130_fd_sc_hd__dfrtp_1)
                                  0.000000    0.541403   clock reconvergence pessimism
                                 -0.092687    0.448715   library hold time
                                              0.448715   data required time
---------------------------------------------------------------------------------------------
                                              0.448715   data required time
                                             -1.685056   data arrival time
---------------------------------------------------------------------------------------------
                                              1.236341   slack (MET)


Startpoint: dsa[0]._8_ (rising edge-triggered flip-flop clocked by core_clock)
Endpoint: dsa[0]._8_ (rising edge-triggered flip-flop clocked by core_clock)
Path Group: core_clock
Path Type: min

Fanout         Cap        Slew       Delay        Time   Description
---------------------------------------------------------------------------------------------
                                  0.000000    0.000000   clock core_clock (rise edge)
                                  0.000000    0.000000   clock source latency
     1    0.014766    0.000000    0.000000    0.000000 ^ clk (in)
                                                         clk (net)
                      0.000828    0.000414    0.000414 ^ clkbuf_0_clk/A (sky130_fd_sc_hd__clkbuf_16)
     8    0.082920    0.152432    0.264955    0.265369 ^ clkbuf_0_clk/X (sky130_fd_sc_hd__clkbuf_16)
                                                         clknet_0_clk (net)
                      0.152642    0.003448    0.268817 ^ clkbuf_3_7__f_clk/A (sky130_fd_sc_hd__clkbuf_16)
    10    0.028860    0.078843    0.271905    0.540722 ^ clkbuf_3_7__f_clk/X (sky130_fd_sc_hd__clkbuf_16)
                                                         clknet_3_7__leaf_clk (net)
                      0.078853    0.000854    0.541577 ^ dsa[0]._8_/CLK (sky130_fd_sc_hd__dfrtp_1)
     2    0.005479    0.110213    0.672716    1.214293 ^ dsa[0]._8_/Q (sky130_fd_sc_hd__dfrtp_1)
                                                         dsa[0].last_carry (net)
                      0.110213    0.000088    1.214381 ^ dsa[0]._3_/A (sky130_fd_sc_hd__nand3_1)
     2    0.005013    0.168588    0.190465    1.404846 v dsa[0]._3_/Y (sky130_fd_sc_hd__nand3_1)
                                                         dsa[0]._0_ (net)
                      0.168588    0.000135    1.404981 v dsa[0]._7_/B1_N (sky130_fd_sc_hd__a21bo_1)
     1    0.002404    0.055997    0.376864    1.781845 ^ dsa[0]._7_/X (sky130_fd_sc_hd__a21bo_1)
                                                         dsa[0].last_carry_next (net)
                      0.055997    0.000070    1.781915 ^ dsa[0]._8_/D (sky130_fd_sc_hd__dfrtp_1)
                                              1.781915   data arrival time

                                  0.000000    0.000000   clock core_clock (rise edge)
                                  0.000000    0.000000   clock source latency
     1    0.014766    0.000000    0.000000    0.000000 ^ clk (in)
                                                         clk (net)
                      0.000828    0.000414    0.000414 ^ clkbuf_0_clk/A (sky130_fd_sc_hd__clkbuf_16)
     8    0.082920    0.152432    0.264955    0.265369 ^ clkbuf_0_clk/X (sky130_fd_sc_hd__clkbuf_16)
                                                         clknet_0_clk (net)
                      0.152642    0.003448    0.268817 ^ clkbuf_3_7__f_clk/A (sky130_fd_sc_hd__clkbuf_16)
    10    0.028860    0.078843    0.271905    0.540722 ^ clkbuf_3_7__f_clk/X (sky130_fd_sc_hd__clkbuf_16)
                                                         clknet_3_7__leaf_clk (net)
                      0.078853    0.000854    0.541577 ^ dsa[0]._8_/CLK (sky130_fd_sc_hd__dfrtp_1)
                                  0.000000    0.541577   clock reconvergence pessimism
                                 -0.072292    0.469285   library hold time
                                              0.469285   data required time
---------------------------------------------------------------------------------------------
                                              0.469285   data required time
                                             -1.781915   data arrival time
---------------------------------------------------------------------------------------------
                                              1.312630   slack (MET)



